2022-07-04 10:33:10 +0000  Initial pipeline context: <IDEDistributionProcessingPipelineContext: 0x7f9788b6b870; archive(resolved)="<IDEArchive: 0x7f976022ba10>", distributionTask(resolved)="2", distributionDestination(resolved)="1", distributionMethod(resolved)="<IDEDistributionMethodiOSAppStoreDistribution: 0x7f97c43c5870>", team(resolved)="<IDEProvisioningDisambiguatableBasicTeam: 0x7f97f8660220; teamID='6NR225DSDF', teamName='Shanil Chandra', teamType='Individual', username='shanil@shazcom.net', isFreeProvisioningTeam='0'>">
	Chain (16, self inclusive):
	<IDEDistributionProcessingPipelineContext: 0x7f9788b6b870; archive = "<IDEArchive: 0x7f976022ba10>", distributionMethod="<IDEDistributionMethodiOSAppStoreDistribution: 0x7f97c43c5870>", team="<IDEProvisioningDisambiguatableBasicTeam: 0x7f97f8660220; teamID='6NR225DSDF', teamName='Shanil Chandra', teamType='Individual', username='shanil@shazcom.net', isFreeProvisioningTeam='0'>">
	<IDEDistributionProcessingPipelineContext: 0x7f9760b543c0; archive = "<IDEArchive: 0x7f976022ba10>", distributionMethod="<IDEDistributionMethodiOSAppStoreDistribution: 0x7f97c43c5870>", team="<IDEProvisioningDisambiguatableBasicTeam: 0x7f97f8660220; teamID='6NR225DSDF', teamName='Shanil Chandra', teamType='Individual', username='shanil@shazcom.net', isFreeProvisioningTeam='0'>">
	<IDEDistributionContext: 0x7f974bf94450; archive = "<IDEArchive: 0x7f976022ba10>", distributionMethod="<IDEDistributionMethodiOSAppStoreDistribution: 0x7f97c43c5870>", team="<IDEProvisioningDisambiguatableBasicTeam: 0x7f97f8660220; teamID='6NR225DSDF', teamName='Shanil Chandra', teamType='Individual', username='shanil@shazcom.net', isFreeProvisioningTeam='0'>">
	<IDEDistributionContext: 0x7f975fc98a10; archive = "<IDEArchive: 0x7f976022ba10>", distributionMethod="<IDEDistributionMethodiOSAppStoreDistribution: 0x7f97c43c5870>", team="<IDEProvisioningDisambiguatableBasicTeam: 0x7f97f8660220; teamID='6NR225DSDF', teamName='Shanil Chandra', teamType='Individual', username='shanil@shazcom.net', isFreeProvisioningTeam='0'>">
	<IDEDistributionContext: 0x7f9788bb97d0; archive = "<IDEArchive: 0x7f976022ba10>", distributionMethod="<IDEDistributionMethodiOSAppStoreDistribution: 0x7f97c43c5870>", team="<IDEProvisioningDisambiguatableBasicTeam: 0x7f97f8660220; teamID='6NR225DSDF', teamName='Shanil Chandra', teamType='Individual', username='shanil@shazcom.net', isFreeProvisioningTeam='0'>">
	<IDEDistributionContext: 0x7f975c9eb500; archive = "<IDEArchive: 0x7f976022ba10>", distributionMethod="<IDEDistributionMethodiOSAppStoreDistribution: 0x7f97c43c5870>", team="<IDEProvisioningDisambiguatableBasicTeam: 0x7f97f8660220; teamID='6NR225DSDF', teamName='Shanil Chandra', teamType='Individual', username='shanil@shazcom.net', isFreeProvisioningTeam='0'>">
	<IDEDistributionContext: 0x7f970d55d3c0; archive = "<IDEArchive: 0x7f976022ba10>", distributionMethod="<IDEDistributionMethodiOSAppStoreDistribution: 0x7f97c43c5870>", team="<IDEProvisioningDisambiguatableBasicTeam: 0x7f97f8660220; teamID='6NR225DSDF', teamName='Shanil Chandra', teamType='Individual', username='shanil@shazcom.net', isFreeProvisioningTeam='0'>">
	<IDEDistributionContext: 0x7f9790d1eb40; archive = "<IDEArchive: 0x7f976022ba10>", distributionMethod="<IDEDistributionMethodiOSAppStoreDistribution: 0x7f97c43c5870>", team="<IDEProvisioningDisambiguatableBasicTeam: 0x7f97f8660220; teamID='6NR225DSDF', teamName='Shanil Chandra', teamType='Individual', username='shanil@shazcom.net', isFreeProvisioningTeam='0'>">
	<IDEDistributionContext: 0x7f975c2a26a0; archive = "<IDEArchive: 0x7f976022ba10>", distributionMethod="<IDEDistributionMethodiOSAppStoreDistribution: 0x7f97c43c5870>", team="<IDEProvisioningDisambiguatableBasicTeam: 0x7f97f8660220; teamID='6NR225DSDF', teamName='Shanil Chandra', teamType='Individual', username='shanil@shazcom.net', isFreeProvisioningTeam='0'>">
	<IDEDistributionContext: 0x7f9788c5b130; archive = "<IDEArchive: 0x7f976022ba10>", distributionMethod="<IDEDistributionMethodiOSAppStoreDistribution: 0x7f97c43c5870>", team="<IDEProvisioningDisambiguatableBasicTeam: 0x7f97f8660220; teamID='6NR225DSDF', teamName='Shanil Chandra', teamType='Individual', username='shanil@shazcom.net', isFreeProvisioningTeam='0'>">
	<IDEDistributionContext: 0x7f9760d2d900; archive = "<IDEArchive: 0x7f976022ba10>", distributionMethod="<IDEDistributionMethodiOSAppStoreDistribution: 0x7f97c43c5870>", team="<IDEProvisioningDisambiguatableBasicTeam: 0x7f97f8660220; teamID='6NR225DSDF', teamName='Shanil Chandra', teamType='Individual', username='shanil@shazcom.net', isFreeProvisioningTeam='0'>">
	<IDEDistributionContext: 0x7f974fdf1bb0; archive = "<IDEArchive: 0x7f976022ba10>", distributionMethod="<IDEDistributionMethodiOSAppStoreDistribution: 0x7f97c43c5870>", team="<IDEProvisioningDisambiguatableBasicTeam: 0x7f97f8660220; teamID='6NR225DSDF', teamName='Shanil Chandra', teamType='Individual', username='shanil@shazcom.net', isFreeProvisioningTeam='0'>">
	<IDEDistributionContext: 0x7f97504e8e60; archive = "<IDEArchive: 0x7f976022ba10>", distributionMethod="<IDEDistributionMethodiOSAppStoreDistribution: 0x7f97c43c5870>", team="<IDEProvisioningDisambiguatableBasicTeam: 0x7f97f8660220; teamID='6NR225DSDF', teamName='Shanil Chandra', teamType='Individual', username='shanil@shazcom.net', isFreeProvisioningTeam='0'>">
	<IDEDistributionContext: 0x7f974d93cfb0; archive = "<IDEArchive: 0x7f976022ba10>", distributionMethod="<IDEDistributionMethodiOSAppStoreDistribution: 0x7f97c43c5870>", team="(null)">
	<IDEDistributionContext: 0x7f974b2fc9e0; archive = "<IDEArchive: 0x7f976022ba10>", distributionMethod="<IDEDistributionMethodiOSAppStoreDistribution: 0x7f97c43c5870>", team="(null)">
	<IDEDistributionContext: 0x7f975f866e20; archive = "<IDEArchive: 0x7f976022ba10>", distributionMethod="(null)", team="(null)">
</IDEDistributionProcessingPipelineContext: 0x7f9788b6b870>
2022-07-04 10:33:10 +0000  Processing step: IDEDistributionCreateDestRootStep
2022-07-04 10:33:10 +0000  Processing step: IDEDistributionCopyItemStep
2022-07-04 10:33:10 +0000  Running /usr/bin/ditto '-V' '/Users/cbl-mac-033/Library/Developer/Xcode/Archives/2022-07-04/MyFiji(Prod) 04-07-22, 3.52 PM.xcarchive/Products/Applications/MyFiji.app' '/var/folders/gs/6wh8jtrs5217v33bfm594jbr0000gn/T/XcodeDistPipeline.~~~iVo3xl/Root/Payload/MyFiji.app'
2022-07-04 10:33:10 +0000  >>> Copying /Users/cbl-mac-033/Library/Developer/Xcode/Archives/2022-07-04/MyFiji(Prod) 04-07-22, 3.52 PM.xcarchive/Products/Applications/MyFiji.app 
2022-07-04 10:33:10 +0000  copying file ./_CodeSignature/CodeResources ... 
2022-07-04 10:33:10 +0000  328609 bytes for ./_CodeSignature/CodeResources
2022-07-04 10:33:10 +0000  copying file ./Stripe3DS2.bundle/de.lproj/Localizable.strings ... 
1591 bytes for ./Stripe3DS2.bundle/de.lproj/Localizable.strings
copying file ./Stripe3DS2.bundle/lt-LT.lproj/Localizable.strings ... 
2022-07-04 10:33:10 +0000  1775 bytes for ./Stripe3DS2.bundle/lt-LT.lproj/Localizable.strings
2022-07-04 10:33:10 +0000  copying file ./Stripe3DS2.bundle/zh-Hans.lproj/Localizable.strings ... 
2022-07-04 10:33:10 +0000  1483 bytes for ./Stripe3DS2.bundle/zh-Hans.lproj/Localizable.strings
2022-07-04 10:33:10 +0000  copying file ./Stripe3DS2.bundle/ja.lproj/Localizable.strings ... 
2022-07-04 10:33:10 +0000  1673 bytes for ./Stripe3DS2.bundle/ja.lproj/Localizable.strings
2022-07-04 10:33:10 +0000  copying file ./Stripe3DS2.bundle/error@3x.png ... 
2022-07-04 10:33:10 +0000  2030 bytes for ./Stripe3DS2.bundle/error@3x.png
2022-07-04 10:33:10 +0000  copying file ./Stripe3DS2.bundle/el-GR.lproj/Localizable.strings ... 
2022-07-04 10:33:10 +0000  1775 bytes for ./Stripe3DS2.bundle/el-GR.lproj/Localizable.strings
2022-07-04 10:33:10 +0000  copying file ./Stripe3DS2.bundle/ms-MY.lproj/Localizable.strings ... 
2022-07-04 10:33:10 +0000  1775 bytes for ./Stripe3DS2.bundle/ms-MY.lproj/Localizable.strings
2022-07-04 10:33:10 +0000  copying file ./Stripe3DS2.bundle/en.lproj/Localizable.strings ... 
2022-07-04 10:33:10 +0000  1775 bytes for ./Stripe3DS2.bundle/en.lproj/Localizable.strings
2022-07-04 10:33:10 +0000  copying file ./Stripe3DS2.bundle/zh-HK.lproj/Localizable.strings ... 
2022-07-04 10:33:10 +0000  1470 bytes for ./Stripe3DS2.bundle/zh-HK.lproj/Localizable.strings
2022-07-04 10:33:10 +0000  copying file ./Stripe3DS2.bundle/mt.lproj/Localizable.strings ... 
2022-07-04 10:33:10 +0000  1598 bytes for ./Stripe3DS2.bundle/mt.lproj/Localizable.strings
2022-07-04 10:33:10 +0000  copying file ./Stripe3DS2.bundle/nb.lproj/Localizable.strings ... 
2022-07-04 10:33:10 +0000  1479 bytes for ./Stripe3DS2.bundle/nb.lproj/Localizable.strings
2022-07-04 10:33:10 +0000  copying file ./Stripe3DS2.bundle/ca-ES.lproj/Localizable.strings ... 
2022-07-04 10:33:10 +0000  1775 bytes for ./Stripe3DS2.bundle/ca-ES.lproj/Localizable.strings
2022-07-04 10:33:10 +0000  copying file ./Stripe3DS2.bundle/en-GB.lproj/Localizable.strings ... 
2022-07-04 10:33:10 +0000  1511 bytes for ./Stripe3DS2.bundle/en-GB.lproj/Localizable.strings
2022-07-04 10:33:10 +0000  copying file ./Stripe3DS2.bundle/es.lproj/Localizable.strings ... 
2022-07-04 10:33:10 +0000  1570 bytes for ./Stripe3DS2.bundle/es.lproj/Localizable.strings
2022-07-04 10:33:10 +0000  copying file ./Stripe3DS2.bundle/da.lproj/Localizable.strings ... 
2022-07-04 10:33:10 +0000  1530 bytes for ./Stripe3DS2.bundle/da.lproj/Localizable.strings
2022-07-04 10:33:10 +0000  copying file ./Stripe3DS2.bundle/es-419.lproj/Localizable.strings ... 
2022-07-04 10:33:10 +0000  1570 bytes for ./Stripe3DS2.bundle/es-419.lproj/Localizable.strings
2022-07-04 10:33:10 +0000  copying file ./Stripe3DS2.bundle/cartes-bancaires-logo.png ... 
2022-07-04 10:33:10 +0000  23990 bytes for ./Stripe3DS2.bundle/cartes-bancaires-logo.png
2022-07-04 10:33:10 +0000  copying file ./Stripe3DS2.bundle/it.lproj/Localizable.strings ... 
2022-07-04 10:33:10 +0000  1584 bytes for ./Stripe3DS2.bundle/it.lproj/Localizable.strings
2022-07-04 10:33:10 +0000  copying file ./Stripe3DS2.bundle/nn-NO.lproj/Localizable.strings ... 
2022-07-04 10:33:10 +0000  1483 bytes for ./Stripe3DS2.bundle/nn-NO.lproj/Localizable.strings
2022-07-04 10:33:10 +0000  copying file ./Stripe3DS2.bundle/fr-CA.lproj/Localizable.strings ... 
2022-07-04 10:33:10 +0000  1599 bytes for ./Stripe3DS2.bundle/fr-CA.lproj/Localizable.strings
2022-07-04 10:33:10 +0000  copying file ./Stripe3DS2.bundle/mastercard-logo@3x.png ... 
2022-07-04 10:33:10 +0000  4619 bytes for ./Stripe3DS2.bundle/mastercard-logo@3x.png
2022-07-04 10:33:10 +0000  copying file ./Stripe3DS2.bundle/bg-BG.lproj/Localizable.strings ... 
2022-07-04 10:33:10 +0000  1775 bytes for ./Stripe3DS2.bundle/bg-BG.lproj/Localizable.strings
2022-07-04 10:33:10 +0000  copying file ./Stripe3DS2.bundle/sv.lproj/Localizable.strings ... 
2022-07-04 10:33:10 +0000  1490 bytes for ./Stripe3DS2.bundle/sv.lproj/Localizable.strings
2022-07-04 10:33:10 +0000  copying file ./Stripe3DS2.bundle/visa-white-logo@3x.png ... 
2022-07-04 10:33:10 +0000  5690 bytes for ./Stripe3DS2.bundle/visa-white-logo@3x.png
2022-07-04 10:33:10 +0000  copying file ./Stripe3DS2.bundle/ko.lproj/Localizable.strings ... 
2022-07-04 10:33:10 +0000  1585 bytes for ./Stripe3DS2.bundle/ko.lproj/Localizable.strings
2022-07-04 10:33:10 +0000  copying file ./Stripe3DS2.bundle/fil.lproj/Localizable.strings ... 
2022-07-04 10:33:10 +0000  1775 bytes for ./Stripe3DS2.bundle/fil.lproj/Localizable.strings
copying file ./Stripe3DS2.bundle/discover-logo.png ... 
2022-07-04 10:33:10 +0000  4601 bytes for ./Stripe3DS2.bundle/discover-logo.png
2022-07-04 10:33:10 +0000  copying file ./Stripe3DS2.bundle/zh-Hant.lproj/Localizable.strings ... 
2022-07-04 10:33:10 +0000  1473 bytes for ./Stripe3DS2.bundle/zh-Hant.lproj/Localizable.strings
2022-07-04 10:33:10 +0000  copying file ./Stripe3DS2.bundle/tk.lproj/Localizable.strings ... 
2022-07-04 10:33:10 +0000  1775 bytes for ./Stripe3DS2.bundle/tk.lproj/Localizable.strings
2022-07-04 10:33:10 +0000  copying file ./Stripe3DS2.bundle/Chevron@3x.png ... 
2022-07-04 10:33:10 +0000  699 bytes for ./Stripe3DS2.bundle/Chevron@3x.png
2022-07-04 10:33:10 +0000  copying file ./Stripe3DS2.bundle/ro-RO.lproj/Localizable.strings ... 
2022-07-04 10:33:10 +0000  1775 bytes for ./Stripe3DS2.bundle/ro-RO.lproj/Localizable.strings
2022-07-04 10:33:10 +0000  copying file ./Stripe3DS2.bundle/hu.lproj/Localizable.strings ... 
2022-07-04 10:33:10 +0000  1542 bytes for ./Stripe3DS2.bundle/hu.lproj/Localizable.strings
2022-07-04 10:33:10 +0000  copying file ./Stripe3DS2.bundle/visa-logo@3x.png ... 
2022-07-04 10:33:10 +0000  5103 bytes for ./Stripe3DS2.bundle/visa-logo@3x.png
2022-07-04 10:33:10 +0000  copying file ./Stripe3DS2.bundle/tr.lproj/Localizable.strings ... 
2022-07-04 10:33:10 +0000  1566 bytes for ./Stripe3DS2.bundle/tr.lproj/Localizable.strings
2022-07-04 10:33:10 +0000  copying file ./Stripe3DS2.bundle/et-EE.lproj/Localizable.strings ... 
2022-07-04 10:33:10 +0000  1775 bytes for ./Stripe3DS2.bundle/et-EE.lproj/Localizable.strings
2022-07-04 10:33:10 +0000  copying file ./Stripe3DS2.bundle/pt-BR.lproj/Localizable.strings ... 
2022-07-04 10:33:10 +0000  1564 bytes for ./Stripe3DS2.bundle/pt-BR.lproj/Localizable.strings
2022-07-04 10:33:10 +0000  copying file ./Stripe3DS2.bundle/lv-LV.lproj/Localizable.strings ... 
2022-07-04 10:33:10 +0000  1775 bytes for ./Stripe3DS2.bundle/lv-LV.lproj/Localizable.strings
2022-07-04 10:33:10 +0000  copying file ./Stripe3DS2.bundle/vi.lproj/Localizable.strings ... 
2022-07-04 10:33:10 +0000  1775 bytes for ./Stripe3DS2.bundle/vi.lproj/Localizable.strings
2022-07-04 10:33:10 +0000  copying file ./Stripe3DS2.bundle/ru.lproj/Localizable.strings ... 
2022-07-04 10:33:10 +0000  1956 bytes for ./Stripe3DS2.bundle/ru.lproj/Localizable.strings
2022-07-04 10:33:10 +0000  copying file ./Stripe3DS2.bundle/cs-CZ.lproj/Localizable.strings ... 
2022-07-04 10:33:10 +0000  1775 bytes for ./Stripe3DS2.bundle/cs-CZ.lproj/Localizable.strings
2022-07-04 10:33:10 +0000  copying file ./Stripe3DS2.bundle/sk-SK.lproj/Localizable.strings ... 
2022-07-04 10:33:10 +0000  1775 bytes for ./Stripe3DS2.bundle/sk-SK.lproj/Localizable.strings
2022-07-04 10:33:10 +0000  copying file ./Stripe3DS2.bundle/sl-SI.lproj/Localizable.strings ... 
2022-07-04 10:33:10 +0000  1775 bytes for ./Stripe3DS2.bundle/sl-SI.lproj/Localizable.strings
2022-07-04 10:33:10 +0000  copying file ./Stripe3DS2.bundle/fr.lproj/Localizable.strings ... 
2022-07-04 10:33:10 +0000  1597 bytes for ./Stripe3DS2.bundle/fr.lproj/Localizable.strings
2022-07-04 10:33:10 +0000  copying file ./Stripe3DS2.bundle/fi.lproj/Localizable.strings ... 
2022-07-04 10:33:10 +0000  1589 bytes for ./Stripe3DS2.bundle/fi.lproj/Localizable.strings
2022-07-04 10:33:10 +0000  copying file ./Stripe3DS2.bundle/id.lproj/Localizable.strings ... 
2022-07-04 10:33:10 +0000  1775 bytes for ./Stripe3DS2.bundle/id.lproj/Localizable.strings
2022-07-04 10:33:10 +0000  copying file ./Stripe3DS2.bundle/nl.lproj/Localizable.strings ... 
2022-07-04 10:33:10 +0000  1603 bytes for ./Stripe3DS2.bundle/nl.lproj/Localizable.strings
2022-07-04 10:33:10 +0000  copying file ./Stripe3DS2.bundle/pl-PL.lproj/Localizable.strings ... 
2022-07-04 10:33:10 +0000  1775 bytes for ./Stripe3DS2.bundle/pl-PL.lproj/Localizable.strings
2022-07-04 10:33:10 +0000  copying file ./Stripe3DS2.bundle/amex-logo@3x.png ... 
2022-07-04 10:33:10 +0000  5414 bytes for ./Stripe3DS2.bundle/amex-logo@3x.png
2022-07-04 10:33:10 +0000  copying file ./Stripe3DS2.bundle/pt-PT.lproj/Localizable.strings ... 
2022-07-04 10:33:10 +0000  1592 bytes for ./Stripe3DS2.bundle/pt-PT.lproj/Localizable.strings
2022-07-04 10:33:10 +0000  copying file ./Stripe3DS2.bundle/Info.plist ... 
2022-07-04 10:33:10 +0000  767 bytes for ./Stripe3DS2.bundle/Info.plist
2022-07-04 10:33:10 +0000  copying file ./Stripe3DS2.bundle/hr.lproj/Localizable.strings ... 
2022-07-04 10:33:10 +0000  1775 bytes for ./Stripe3DS2.bundle/hr.lproj/Localizable.strings
2022-07-04 10:33:10 +0000  copying file ./notification.mp3 ... 
2022-07-04 10:33:10 +0000  231549 bytes for ./notification.mp3
2022-07-04 10:33:10 +0000  copying file ./GoogleMaps.bundle/bubble_left@3x.png ... 
2386 bytes for ./GoogleMaps.bundle/bubble_left@3x.png
copying file ./GoogleMaps.bundle/bubble_left.png ... 
2022-07-04 10:33:10 +0000  451 bytes for ./GoogleMaps.bundle/bubble_left.png
2022-07-04 10:33:10 +0000  copying file ./GoogleMaps.bundle/bubble_left@2x.png ... 
2022-07-04 10:33:10 +0000  1055 bytes for ./GoogleMaps.bundle/bubble_left@2x.png
2022-07-04 10:33:10 +0000  copying file ./GoogleMaps.bundle/bubble_right@3x.png ... 
2022-07-04 10:33:10 +0000  2374 bytes for ./GoogleMaps.bundle/bubble_right@3x.png
2022-07-04 10:33:10 +0000  copying file ./GoogleMaps.bundle/ic_error.png ... 
2022-07-04 10:33:10 +0000  236 bytes for ./GoogleMaps.bundle/ic_error.png
copying file ./GoogleMaps.bundle/bubble_right@2x.png ... 
2022-07-04 10:33:10 +0000  1051 bytes for ./GoogleMaps.bundle/bubble_right@2x.png
2022-07-04 10:33:10 +0000  copying file ./GoogleMaps.bundle/GMSCoreResources.bundle/de.lproj/GMSCore.strings ... 
2022-07-04 10:33:10 +0000  3571 bytes for ./GoogleMaps.bundle/GMSCoreResources.bundle/de.lproj/GMSCore.strings
2022-07-04 10:33:10 +0000  copying file ./GoogleMaps.bundle/GMSCoreResources.bundle/he.lproj/GMSCore.strings ... 
2022-07-04 10:33:10 +0000  3684 bytes for ./GoogleMaps.bundle/GMSCoreResources.bundle/he.lproj/GMSCore.strings
2022-07-04 10:33:10 +0000  copying file ./GoogleMaps.bundle/GMSCoreResources.bundle/en_AU.lproj/GMSCore.strings ... 
2022-07-04 10:33:10 +0000  3340 bytes for ./GoogleMaps.bundle/GMSCoreResources.bundle/en_AU.lproj/GMSCore.strings
2022-07-04 10:33:10 +0000  copying file ./GoogleMaps.bundle/GMSCoreResources.bundle/ar.lproj/GMSCore.strings ... 
2022-07-04 10:33:10 +0000  4459 bytes for ./GoogleMaps.bundle/GMSCoreResources.bundle/ar.lproj/GMSCore.strings
2022-07-04 10:33:10 +0000  copying file ./GoogleMaps.bundle/GMSCoreResources.bundle/el.lproj/GMSCore.strings ... 
2022-07-04 10:33:10 +0000  3947 bytes for ./GoogleMaps.bundle/GMSCoreResources.bundle/el.lproj/GMSCore.strings
2022-07-04 10:33:10 +0000  copying file ./GoogleMaps.bundle/GMSCoreResources.bundle/ja.lproj/GMSCore.strings ... 
2022-07-04 10:33:10 +0000  3138 bytes for ./GoogleMaps.bundle/GMSCoreResources.bundle/ja.lproj/GMSCore.strings
2022-07-04 10:33:10 +0000  copying file ./GoogleMaps.bundle/GMSCoreResources.bundle/ic_qu_direction_mylocation@2x.png ... 
2022-07-04 10:33:10 +0000  663 bytes for ./GoogleMaps.bundle/GMSCoreResources.bundle/ic_qu_direction_mylocation@2x.png
2022-07-04 10:33:10 +0000  copying file ./GoogleMaps.bundle/GMSCoreResources.bundle/en.lproj/GMSCore.strings ... 
2022-07-04 10:33:10 +0000  3323 bytes for ./GoogleMaps.bundle/GMSCoreResources.bundle/en.lproj/GMSCore.strings
2022-07-04 10:33:10 +0000  copying file ./GoogleMaps.bundle/GMSCoreResources.bundle/uk.lproj/GMSCore.strings ... 
2022-07-04 10:33:10 +0000  4204 bytes for ./GoogleMaps.bundle/GMSCoreResources.bundle/uk.lproj/GMSCore.strings
2022-07-04 10:33:10 +0000  copying file ./GoogleMaps.bundle/GMSCoreResources.bundle/ic_qu_direction_mylocation.png ... 
2022-07-04 10:33:10 +0000  362 bytes for ./GoogleMaps.bundle/GMSCoreResources.bundle/ic_qu_direction_mylocation.png
2022-07-04 10:33:10 +0000  copying file ./GoogleMaps.bundle/GMSCoreResources.bundle/es_419.lproj/GMSCore.strings ... 
2022-07-04 10:33:10 +0000  3619 bytes for ./GoogleMaps.bundle/GMSCoreResources.bundle/es_419.lproj/GMSCore.strings
2022-07-04 10:33:10 +0000  copying file ./GoogleMaps.bundle/GMSCoreResources.bundle/GMSSprites-0-1x.png ... 
2022-07-04 10:33:10 +0000  10597 bytes for ./GoogleMaps.bundle/GMSCoreResources.bundle/GMSSprites-0-1x.png
2022-07-04 10:33:10 +0000  copying file ./GoogleMaps.bundle/GMSCoreResources.bundle/ic_compass_needle_large@2x.png ... 
2022-07-04 10:33:10 +0000  2446 bytes for ./GoogleMaps.bundle/GMSCoreResources.bundle/ic_compass_needle_large@2x.png
2022-07-04 10:33:10 +0000  copying file ./GoogleMaps.bundle/GMSCoreResources.bundle/ic_compass_needle_large@3x.png ... 
2022-07-04 10:33:10 +0000  3304 bytes for ./GoogleMaps.bundle/GMSCoreResources.bundle/ic_compass_needle_large@3x.png
2022-07-04 10:33:10 +0000  copying file ./GoogleMaps.bundle/GMSCoreResources.bundle/es_MX.lproj/GMSCore.strings ... 
2022-07-04 10:33:10 +0000  3619 bytes for ./GoogleMaps.bundle/GMSCoreResources.bundle/es_MX.lproj/GMSCore.strings
2022-07-04 10:33:10 +0000  copying file ./GoogleMaps.bundle/GMSCoreResources.bundle/ic_compass_needle_large.png ... 
2022-07-04 10:33:10 +0000  1114 bytes for ./GoogleMaps.bundle/GMSCoreResources.bundle/ic_compass_needle_large.png
2022-07-04 10:33:10 +0000  copying file ./GoogleMaps.bundle/GMSCoreResources.bundle/zh_CN.lproj/GMSCore.strings ... 
2022-07-04 10:33:10 +0000  3114 bytes for ./GoogleMaps.bundle/GMSCoreResources.bundle/zh_CN.lproj/GMSCore.strings
2022-07-04 10:33:10 +0000  copying file ./GoogleMaps.bundle/GMSCoreResources.bundle/ic_qu_direction_mylocation@3x.png ... 
2022-07-04 10:33:10 +0000  1240 bytes for ./GoogleMaps.bundle/GMSCoreResources.bundle/ic_qu_direction_mylocation@3x.png
2022-07-04 10:33:10 +0000  copying file ./GoogleMaps.bundle/GMSCoreResources.bundle/DroidSansMerged-Regular.ttf ... 
2022-07-04 10:33:10 +0000  392092 bytes for ./GoogleMaps.bundle/GMSCoreResources.bundle/DroidSansMerged-Regular.ttf
2022-07-04 10:33:10 +0000  copying file ./GoogleMaps.bundle/GMSCoreResources.bundle/nb.lproj/GMSCore.strings ... 
3497 bytes for ./GoogleMaps.bundle/GMSCoreResources.bundle/nb.lproj/GMSCore.strings
copying file ./GoogleMaps.bundle/GMSCoreResources.bundle/es.lproj/GMSCore.strings ... 
2022-07-04 10:33:10 +0000  3620 bytes for ./GoogleMaps.bundle/GMSCoreResources.bundle/es.lproj/GMSCore.strings
2022-07-04 10:33:10 +0000  copying file ./GoogleMaps.bundle/GMSCoreResources.bundle/pt_BR.lproj/GMSCore.strings ... 
2022-07-04 10:33:10 +0000  3668 bytes for ./GoogleMaps.bundle/GMSCoreResources.bundle/pt_BR.lproj/GMSCore.strings
2022-07-04 10:33:10 +0000  copying file ./GoogleMaps.bundle/GMSCoreResources.bundle/da.lproj/GMSCore.strings ... 
2022-07-04 10:33:10 +0000  3584 bytes for ./GoogleMaps.bundle/GMSCoreResources.bundle/da.lproj/GMSCore.strings
2022-07-04 10:33:10 +0000  copying file ./GoogleMaps.bundle/GMSCoreResources.bundle/ic_location_off@3x.png ... 
2022-07-04 10:33:10 +0000  1577 bytes for ./GoogleMaps.bundle/GMSCoreResources.bundle/ic_location_off@3x.png
2022-07-04 10:33:10 +0000  copying file ./GoogleMaps.bundle/GMSCoreResources.bundle/it.lproj/GMSCore.strings ... 
2022-07-04 10:33:10 +0000  3395 bytes for ./GoogleMaps.bundle/GMSCoreResources.bundle/it.lproj/GMSCore.strings
2022-07-04 10:33:10 +0000  copying file ./GoogleMaps.bundle/GMSCoreResources.bundle/sk.lproj/GMSCore.strings ... 
2022-07-04 10:33:10 +0000  3679 bytes for ./GoogleMaps.bundle/GMSCoreResources.bundle/sk.lproj/GMSCore.strings
2022-07-04 10:33:10 +0000  copying file ./GoogleMaps.bundle/GMSCoreResources.bundle/GMSNavSprites-0-3x.png ... 
2022-07-04 10:33:10 +0000  20924 bytes for ./GoogleMaps.bundle/GMSCoreResources.bundle/GMSNavSprites-0-3x.png
2022-07-04 10:33:10 +0000  copying file ./GoogleMaps.bundle/GMSCoreResources.bundle/pt_PT.lproj/GMSCore.strings ... 
2022-07-04 10:33:10 +0000  3651 bytes for ./GoogleMaps.bundle/GMSCoreResources.bundle/pt_PT.lproj/GMSCore.strings
2022-07-04 10:33:10 +0000  copying file ./GoogleMaps.bundle/GMSCoreResources.bundle/button_compass_night.png ... 
2022-07-04 10:33:10 +0000  720 bytes for ./GoogleMaps.bundle/GMSCoreResources.bundle/button_compass_night.png
2022-07-04 10:33:10 +0000  copying file ./GoogleMaps.bundle/GMSCoreResources.bundle/button_my_location.png ... 
2022-07-04 10:33:10 +0000  492 bytes for ./GoogleMaps.bundle/GMSCoreResources.bundle/button_my_location.png
2022-07-04 10:33:10 +0000  copying file ./GoogleMaps.bundle/GMSCoreResources.bundle/road_16-4.png ... 
2022-07-04 10:33:10 +0000  127 bytes for ./GoogleMaps.bundle/GMSCoreResources.bundle/road_16-4.png
2022-07-04 10:33:10 +0000  copying file ./GoogleMaps.bundle/GMSCoreResources.bundle/ms.lproj/GMSCore.strings ... 
2022-07-04 10:33:10 +0000  3279 bytes for ./GoogleMaps.bundle/GMSCoreResources.bundle/ms.lproj/GMSCore.strings
2022-07-04 10:33:10 +0000  copying file ./GoogleMaps.bundle/GMSCoreResources.bundle/road_256-64.png ... 
2022-07-04 10:33:10 +0000  1934 bytes for ./GoogleMaps.bundle/GMSCoreResources.bundle/road_256-64.png
2022-07-04 10:33:10 +0000  copying file ./GoogleMaps.bundle/GMSCoreResources.bundle/button_compass.png ... 
2022-07-04 10:33:10 +0000  631 bytes for ./GoogleMaps.bundle/GMSCoreResources.bundle/button_compass.png
2022-07-04 10:33:10 +0000  copying file ./GoogleMaps.bundle/GMSCoreResources.bundle/sv.lproj/GMSCore.strings ... 
2022-07-04 10:33:10 +0000  3717 bytes for ./GoogleMaps.bundle/GMSCoreResources.bundle/sv.lproj/GMSCore.strings
copying file ./GoogleMaps.bundle/GMSCoreResources.bundle/road_8-2.png ... 
93 bytes for ./GoogleMaps.bundle/GMSCoreResources.bundle/road_8-2.png
copying file ./GoogleMaps.bundle/GMSCoreResources.bundle/cs.lproj/GMSCore.strings ... 
3914 bytes for ./GoogleMaps.bundle/GMSCoreResources.bundle/cs.lproj/GMSCore.strings
copying file ./GoogleMaps.bundle/GMSCoreResources.bundle/button_background.png ... 
2022-07-04 10:33:10 +0000  334 bytes for ./GoogleMaps.bundle/GMSCoreResources.bundle/button_background.png
copying file ./GoogleMaps.bundle/GMSCoreResources.bundle/GMSNavNightModeSprites-0-1x.png ... 
2022-07-04 10:33:10 +0000  3393 bytes for ./GoogleMaps.bundle/GMSCoreResources.bundle/GMSNavNightModeSprites-0-1x.png
copying file ./GoogleMaps.bundle/GMSCoreResources.bundle/button_my_location@2x.png ... 
1229 bytes for ./GoogleMaps.bundle/GMSCoreResources.bundle/button_my_location@2x.png
copying file ./GoogleMaps.bundle/GMSCoreResources.bundle/en_IN.lproj/GMSCore.strings ... 
3340 bytes for ./GoogleMaps.bundle/GMSCoreResources.bundle/en_IN.lproj/GMSCore.strings
copying file ./GoogleMaps.bundle/GMSCoreResources.bundle/ko.lproj/GMSCore.strings ... 
2022-07-04 10:33:10 +0000  3184 bytes for ./GoogleMaps.bundle/GMSCoreResources.bundle/ko.lproj/GMSCore.strings
2022-07-04 10:33:10 +0000  copying file ./GoogleMaps.bundle/GMSCoreResources.bundle/GMSNavSprites-0-2x.png ... 
2022-07-04 10:33:10 +0000  13321 bytes for ./GoogleMaps.bundle/GMSCoreResources.bundle/GMSNavSprites-0-2x.png
copying file ./GoogleMaps.bundle/GMSCoreResources.bundle/ic_location_off@2x.png ... 
2022-07-04 10:33:10 +0000  860 bytes for ./GoogleMaps.bundle/GMSCoreResources.bundle/ic_location_off@2x.png
copying file ./GoogleMaps.bundle/GMSCoreResources.bundle/GMSNavSprites-0-1x.png ... 
2022-07-04 10:33:10 +0000  5684 bytes for ./GoogleMaps.bundle/GMSCoreResources.bundle/GMSNavSprites-0-1x.png
copying file ./GoogleMaps.bundle/GMSCoreResources.bundle/Tharlon-Regular.ttf ... 
2022-07-04 10:33:10 +0000  353228 bytes for ./GoogleMaps.bundle/GMSCoreResources.bundle/Tharlon-Regular.ttf
2022-07-04 10:33:10 +0000  copying file ./GoogleMaps.bundle/GMSCoreResources.bundle/hu.lproj/GMSCore.strings ... 
3454 bytes for ./GoogleMaps.bundle/GMSCoreResources.bundle/hu.lproj/GMSCore.strings
copying file ./GoogleMaps.bundle/GMSCoreResources.bundle/zh_HK.lproj/GMSCore.strings ... 
2022-07-04 10:33:10 +0000  3112 bytes for ./GoogleMaps.bundle/GMSCoreResources.bundle/zh_HK.lproj/GMSCore.strings
copying file ./GoogleMaps.bundle/GMSCoreResources.bundle/road_4-1.png ... 
74 bytes for ./GoogleMaps.bundle/GMSCoreResources.bundle/road_4-1.png
copying file ./GoogleMaps.bundle/GMSCoreResources.bundle/button_background@2x.png ... 
433 bytes for ./GoogleMaps.bundle/GMSCoreResources.bundle/button_background@2x.png
copying file ./GoogleMaps.bundle/GMSCoreResources.bundle/ic_compass_needle@2x.png ... 
992 bytes for ./GoogleMaps.bundle/GMSCoreResources.bundle/ic_compass_needle@2x.png
copying file ./GoogleMaps.bundle/GMSCoreResources.bundle/Assets.car ... 
2022-07-04 10:33:10 +0000  73656 bytes for ./GoogleMaps.bundle/GMSCoreResources.bundle/Assets.car
2022-07-04 10:33:10 +0000  copying file ./GoogleMaps.bundle/GMSCoreResources.bundle/tr.lproj/GMSCore.strings ... 
3455 bytes for ./GoogleMaps.bundle/GMSCoreResources.bundle/tr.lproj/GMSCore.strings
copying file ./GoogleMaps.bundle/GMSCoreResources.bundle/pl.lproj/GMSCore.strings ... 
3745 bytes for ./GoogleMaps.bundle/GMSCoreResources.bundle/pl.lproj/GMSCore.strings
copying file ./GoogleMaps.bundle/GMSCoreResources.bundle/zh_TW.lproj/GMSCore.strings ... 
3137 bytes for ./GoogleMaps.bundle/GMSCoreResources.bundle/zh_TW.lproj/GMSCore.strings
copying file ./GoogleMaps.bundle/GMSCoreResources.bundle/GMSNavNightModeSprites-0-2x.png ... 
2022-07-04 10:33:10 +0000  7660 bytes for ./GoogleMaps.bundle/GMSCoreResources.bundle/GMSNavNightModeSprites-0-2x.png
copying file ./GoogleMaps.bundle/GMSCoreResources.bundle/GMSNavNightModeSprites-0-3x.png ... 
2022-07-04 10:33:10 +0000  12519 bytes for ./GoogleMaps.bundle/GMSCoreResources.bundle/GMSNavNightModeSprites-0-3x.png
2022-07-04 10:33:10 +0000  copying file ./GoogleMaps.bundle/GMSCoreResources.bundle/en_GB.lproj/GMSCore.strings ... 
3340 bytes for ./GoogleMaps.bundle/GMSCoreResources.bundle/en_GB.lproj/GMSCore.strings
copying file ./GoogleMaps.bundle/GMSCoreResources.bundle/dav_one_way_16_256.png ... 
315 bytes for ./GoogleMaps.bundle/GMSCoreResources.bundle/dav_one_way_16_256.png
copying file ./GoogleMaps.bundle/GMSCoreResources.bundle/road_2-1.png ... 
84 bytes for ./GoogleMaps.bundle/GMSCoreResources.bundle/road_2-1.png
2022-07-04 10:33:10 +0000  copying file ./GoogleMaps.bundle/GMSCoreResources.bundle/vi.lproj/GMSCore.strings ... 
3510 bytes for ./GoogleMaps.bundle/GMSCoreResources.bundle/vi.lproj/GMSCore.strings
2022-07-04 10:33:10 +0000  copying file ./GoogleMaps.bundle/GMSCoreResources.bundle/button_background@3x.png ... 
515 bytes for ./GoogleMaps.bundle/GMSCoreResources.bundle/button_background@3x.png
copying file ./GoogleMaps.bundle/GMSCoreResources.bundle/road_32-8.png ... 
223 bytes for ./GoogleMaps.bundle/GMSCoreResources.bundle/road_32-8.png
copying file ./GoogleMaps.bundle/GMSCoreResources.bundle/lv.lproj/GMSCore.strings ... 
3897 bytes for ./GoogleMaps.bundle/GMSCoreResources.bundle/lv.lproj/GMSCore.strings
2022-07-04 10:33:10 +0000  copying file ./GoogleMaps.bundle/GMSCoreResources.bundle/lt.lproj/GMSCore.strings ... 
2022-07-04 10:33:10 +0000  3601 bytes for ./GoogleMaps.bundle/GMSCoreResources.bundle/lt.lproj/GMSCore.strings
copying file ./GoogleMaps.bundle/GMSCoreResources.bundle/ru.lproj/GMSCore.strings ... 
4024 bytes for ./GoogleMaps.bundle/GMSCoreResources.bundle/ru.lproj/GMSCore.strings
copying file ./GoogleMaps.bundle/GMSCoreResources.bundle/polyline_colors_texture_dim.png ... 
2022-07-04 10:33:10 +0000  7485 bytes for ./GoogleMaps.bundle/GMSCoreResources.bundle/polyline_colors_texture_dim.png
copying file ./GoogleMaps.bundle/GMSCoreResources.bundle/fr_CA.lproj/GMSCore.strings ... 
2022-07-04 10:33:10 +0000  3604 bytes for ./GoogleMaps.bundle/GMSCoreResources.bundle/fr_CA.lproj/GMSCore.strings
copying file ./GoogleMaps.bundle/GMSCoreResources.bundle/road_128-32.png ... 
1029 bytes for ./GoogleMaps.bundle/GMSCoreResources.bundle/road_128-32.png
copying file ./GoogleMaps.bundle/GMSCoreResources.bundle/fr.lproj/GMSCore.strings ... 
3895 bytes for ./GoogleMaps.bundle/GMSCoreResources.bundle/fr.lproj/GMSCore.strings
copying file ./GoogleMaps.bundle/GMSCoreResources.bundle/fi.lproj/GMSCore.strings ... 
2022-07-04 10:33:10 +0000  3527 bytes for ./GoogleMaps.bundle/GMSCoreResources.bundle/fi.lproj/GMSCore.strings
2022-07-04 10:33:10 +0000  copying file ./GoogleMaps.bundle/GMSCoreResources.bundle/id.lproj/GMSCore.strings ... 
3261 bytes for ./GoogleMaps.bundle/GMSCoreResources.bundle/id.lproj/GMSCore.strings
copying file ./GoogleMaps.bundle/GMSCoreResources.bundle/nl.lproj/GMSCore.strings ... 
3421 bytes for ./GoogleMaps.bundle/GMSCoreResources.bundle/nl.lproj/GMSCore.strings
copying file ./GoogleMaps.bundle/GMSCoreResources.bundle/th.lproj/GMSCore.strings ... 
2022-07-04 10:33:10 +0000  3458 bytes for ./GoogleMaps.bundle/GMSCoreResources.bundle/th.lproj/GMSCore.strings
copying file ./GoogleMaps.bundle/GMSCoreResources.bundle/road_64-16.png ... 
425 bytes for ./GoogleMaps.bundle/GMSCoreResources.bundle/road_64-16.png
copying file ./GoogleMaps.bundle/GMSCoreResources.bundle/GMSSprites-0-3x.png ... 
2022-07-04 10:33:10 +0000  43676 bytes for ./GoogleMaps.bundle/GMSCoreResources.bundle/GMSSprites-0-3x.png
copying file ./GoogleMaps.bundle/GMSCoreResources.bundle/polyline_colors_texture.png ... 
2022-07-04 10:33:10 +0000  7433 bytes for ./GoogleMaps.bundle/GMSCoreResources.bundle/polyline_colors_texture.png
2022-07-04 10:33:10 +0000  copying file ./GoogleMaps.bundle/GMSCoreResources.bundle/ic_compass_needle.png ... 
483 bytes for ./GoogleMaps.bundle/GMSCoreResources.bundle/ic_compass_needle.png
copying file ./GoogleMaps.bundle/GMSCoreResources.bundle/pt.lproj/GMSCore.strings ... 
2022-07-04 10:33:10 +0000  3668 bytes for ./GoogleMaps.bundle/GMSCoreResources.bundle/pt.lproj/GMSCore.strings
copying file ./GoogleMaps.bundle/GMSCoreResources.bundle/road_1-1.png ... 
95 bytes for ./GoogleMaps.bundle/GMSCoreResources.bundle/road_1-1.png
copying file ./GoogleMaps.bundle/GMSCoreResources.bundle/ic_location_off.png ... 
498 bytes for ./GoogleMaps.bundle/GMSCoreResources.bundle/ic_location_off.png
copying file ./GoogleMaps.bundle/GMSCoreResources.bundle/ro.lproj/GMSCore.strings ... 
3762 bytes for ./GoogleMaps.bundle/GMSCoreResources.bundle/ro.lproj/GMSCore.strings
copying file ./GoogleMaps.bundle/GMSCoreResources.bundle/Info.plist ... 
364 bytes for ./GoogleMaps.bundle/GMSCoreResources.bundle/Info.plist
copying file ./GoogleMaps.bundle/GMSCoreResources.bundle/GMSSprites-0-2x.png ... 
2022-07-04 10:33:10 +0000  24703 bytes for ./GoogleMaps.bundle/GMSCoreResources.bundle/GMSSprites-0-2x.png
2022-07-04 10:33:10 +0000  copying file ./GoogleMaps.bundle/GMSCoreResources.bundle/button_compass_night@2x.png ... 
2022-07-04 10:33:10 +0000  2221 bytes for ./GoogleMaps.bundle/GMSCoreResources.bundle/button_compass_night@2x.png
copying file ./GoogleMaps.bundle/GMSCoreResources.bundle/button_compass@2x.png ... 
2560 bytes for ./GoogleMaps.bundle/GMSCoreResources.bundle/button_compass@2x.png
copying file ./GoogleMaps.bundle/GMSCoreResources.bundle/hr.lproj/GMSCore.strings ... 
3544 bytes for ./GoogleMaps.bundle/GMSCoreResources.bundle/hr.lproj/GMSCore.strings
copying file ./GoogleMaps.bundle/GMSCoreResources.bundle/hi.lproj/GMSCore.strings ... 
3516 bytes for ./GoogleMaps.bundle/GMSCoreResources.bundle/hi.lproj/GMSCore.strings
copying file ./GoogleMaps.bundle/GMSCoreResources.bundle/ca.lproj/GMSCore.strings ... 
3518 bytes for ./GoogleMaps.bundle/GMSCoreResources.bundle/ca.lproj/GMSCore.strings
2022-07-04 10:33:10 +0000  copying file ./GoogleMaps.bundle/default_marker.png ... 
2022-07-04 10:33:10 +0000  1379 bytes for ./GoogleMaps.bundle/default_marker.png
copying file ./GoogleMaps.bundle/ic_error@3x.png ... 
743 bytes for ./GoogleMaps.bundle/ic_error@3x.png
copying file ./GoogleMaps.bundle/oss_licenses_maps.txt.gz ... 
2022-07-04 10:33:10 +0000  51475 bytes for ./GoogleMaps.bundle/oss_licenses_maps.txt.gz
copying file ./GoogleMaps.bundle/bubble_right.png ... 
455 bytes for ./GoogleMaps.bundle/bubble_right.png
copying file ./GoogleMaps.bundle/default_marker@3x.png ... 
2022-07-04 10:33:10 +0000  4275 bytes for ./GoogleMaps.bundle/default_marker@3x.png
copying file ./GoogleMaps.bundle/default_marker@2x.png ... 
2022-07-04 10:33:10 +0000  2815 bytes for ./GoogleMaps.bundle/default_marker@2x.png
copying file ./GoogleMaps.bundle/ic_error@2x.png ... 
454 bytes for ./GoogleMaps.bundle/ic_error@2x.png
copying file ./GoogleMaps.bundle/GMSCacheStorage.momd/Storage.mom ... 
2022-07-04 10:33:10 +0000  4576 bytes for ./GoogleMaps.bundle/GMSCacheStorage.momd/Storage.mom
copying file ./GoogleMaps.bundle/GMSCacheStorage.momd/VersionInfo.plist ... 
2022-07-04 10:33:10 +0000  1197 bytes for ./GoogleMaps.bundle/GMSCacheStorage.momd/VersionInfo.plist
copying file ./GoogleMaps.bundle/GMSCacheStorage.momd/StorageWithTileProto.mom ... 
2022-07-04 10:33:10 +0000  5172 bytes for ./GoogleMaps.bundle/GMSCacheStorage.momd/StorageWithTileProto.mom
copying file ./GoogleMaps.bundle/GMSCacheStorage.momd/StorageWithTileVersionID.mom ... 
2022-07-04 10:33:10 +0000  4682 bytes for ./GoogleMaps.bundle/GMSCacheStorage.momd/StorageWithTileVersionID.mom
copying file ./GoogleMaps.bundle/GMSCacheStorage.momd/StorageWithTileProto.omo ... 
2022-07-04 10:33:10 +0000  11904 bytes for ./GoogleMaps.bundle/GMSCacheStorage.momd/StorageWithTileProto.omo
2022-07-04 10:33:10 +0000  copying file ./GoogleMaps.bundle/Info.plist ... 
366 bytes for ./GoogleMaps.bundle/Info.plist
copying file ./QBImagePicker.bundle/de.lproj/QBImagePicker.strings ... 
686 bytes for ./QBImagePicker.bundle/de.lproj/QBImagePicker.strings
copying file ./QBImagePicker.bundle/zh-Hans.lproj/QBImagePicker.strings ... 
2022-07-04 10:33:10 +0000  738 bytes for ./QBImagePicker.bundle/zh-Hans.lproj/QBImagePicker.strings
2022-07-04 10:33:10 +0000  copying file ./QBImagePicker.bundle/ja.lproj/QBImagePicker.strings ... 
764 bytes for ./QBImagePicker.bundle/ja.lproj/QBImagePicker.strings
copying file ./QBImagePicker.bundle/en.lproj/QBImagePicker.strings ... 
681 bytes for ./QBImagePicker.bundle/en.lproj/QBImagePicker.strings
2022-07-04 10:33:10 +0000  copying file ./QBImagePicker.bundle/QBImagePicker.storyboardc/QiH-NZ-ZGN-view-sD2-zK-ryo.nib/runtime.nib ... 
2022-07-04 10:33:10 +0000  10163 bytes for ./QBImagePicker.bundle/QBImagePicker.storyboardc/QiH-NZ-ZGN-view-sD2-zK-ryo.nib/runtime.nib
copying file ./QBImagePicker.bundle/QBImagePicker.storyboardc/QiH-NZ-ZGN-view-sD2-zK-ryo.nib/objects-12.3+.nib ... 
2022-07-04 10:33:10 +0000  10390 bytes for ./QBImagePicker.bundle/QBImagePicker.storyboardc/QiH-NZ-ZGN-view-sD2-zK-ryo.nib/objects-12.3+.nib
2022-07-04 10:33:10 +0000  copying file ./QBImagePicker.bundle/QBImagePicker.storyboardc/QBAlbumsViewController.nib/runtime.nib ... 
1775 bytes for ./QBImagePicker.bundle/QBImagePicker.storyboardc/QBAlbumsViewController.nib/runtime.nib
copying file ./QBImagePicker.bundle/QBImagePicker.storyboardc/QBAlbumsViewController.nib/objects-12.3+.nib ... 
1775 bytes for ./QBImagePicker.bundle/QBImagePicker.storyboardc/QBAlbumsViewController.nib/objects-12.3+.nib
copying file ./QBImagePicker.bundle/QBImagePicker.storyboardc/QBAssetsViewController.nib/runtime.nib ... 
2022-07-04 10:33:10 +0000  1368 bytes for ./QBImagePicker.bundle/QBImagePicker.storyboardc/QBAssetsViewController.nib/runtime.nib
copying file ./QBImagePicker.bundle/QBImagePicker.storyboardc/QBAssetsViewController.nib/objects-12.3+.nib ... 
2022-07-04 10:33:10 +0000  1368 bytes for ./QBImagePicker.bundle/QBImagePicker.storyboardc/QBAssetsViewController.nib/objects-12.3+.nib
copying file ./QBImagePicker.bundle/QBImagePicker.storyboardc/QL5-wR-LYt-view-66K-TS-Yoc.nib/runtime.nib ... 
2022-07-04 10:33:10 +0000  7159 bytes for ./QBImagePicker.bundle/QBImagePicker.storyboardc/QL5-wR-LYt-view-66K-TS-Yoc.nib/runtime.nib
copying file ./QBImagePicker.bundle/QBImagePicker.storyboardc/QL5-wR-LYt-view-66K-TS-Yoc.nib/objects-12.3+.nib ... 
2022-07-04 10:33:10 +0000  7159 bytes for ./QBImagePicker.bundle/QBImagePicker.storyboardc/QL5-wR-LYt-view-66K-TS-Yoc.nib/objects-12.3+.nib
copying file ./QBImagePicker.bundle/QBImagePicker.storyboardc/QBAlbumsNavigationController.nib/runtime.nib ... 
2592 bytes for ./QBImagePicker.bundle/QBImagePicker.storyboardc/QBAlbumsNavigationController.nib/runtime.nib
copying file ./QBImagePicker.bundle/QBImagePicker.storyboardc/QBAlbumsNavigationController.nib/objects-12.3+.nib ... 
2022-07-04 10:33:10 +0000  2592 bytes for ./QBImagePicker.bundle/QBImagePicker.storyboardc/QBAlbumsNavigationController.nib/objects-12.3+.nib
copying file ./QBImagePicker.bundle/QBImagePicker.storyboardc/Info.plist ... 
2022-07-04 10:33:10 +0000  289 bytes for ./QBImagePicker.bundle/QBImagePicker.storyboardc/Info.plist
copying file ./QBImagePicker.bundle/es.lproj/QBImagePicker.strings ... 
685 bytes for ./QBImagePicker.bundle/es.lproj/QBImagePicker.strings
copying file ./QBImagePicker.bundle/it.lproj/QBImagePicker.strings ... 
2022-07-04 10:33:10 +0000  679 bytes for ./QBImagePicker.bundle/it.lproj/QBImagePicker.strings
2022-07-04 10:33:10 +0000  copying file ./QBImagePicker.bundle/ko.lproj/QBImagePicker.strings ... 
716 bytes for ./QBImagePicker.bundle/ko.lproj/QBImagePicker.strings
copying file ./QBImagePicker.bundle/zh-Hant.lproj/QBImagePicker.strings ... 
737 bytes for ./QBImagePicker.bundle/zh-Hant.lproj/QBImagePicker.strings
2022-07-04 10:33:10 +0000  copying file ./QBImagePicker.bundle/tr.lproj/QBImagePicker.strings ... 
703 bytes for ./QBImagePicker.bundle/tr.lproj/QBImagePicker.strings
copying file ./QBImagePicker.bundle/pl.lproj/QBImagePicker.strings ... 
702 bytes for ./QBImagePicker.bundle/pl.lproj/QBImagePicker.strings
copying file ./QBImagePicker.bundle/ru.lproj/QBImagePicker.strings ... 
772 bytes for ./QBImagePicker.bundle/ru.lproj/QBImagePicker.strings
2022-07-04 10:33:10 +0000  copying file ./QBImagePicker.bundle/fr.lproj/QBImagePicker.strings ... 
2022-07-04 10:33:10 +0000  702 bytes for ./QBImagePicker.bundle/fr.lproj/QBImagePicker.strings
copying file ./QBImagePicker.bundle/pt.lproj/QBImagePicker.strings ... 
686 bytes for ./QBImagePicker.bundle/pt.lproj/QBImagePicker.strings
copying file ./QBImagePicker.bundle/ro.lproj/QBImagePicker.strings ... 
2022-07-04 10:33:10 +0000  680 bytes for ./QBImagePicker.bundle/ro.lproj/QBImagePicker.strings
copying file ./QBImagePicker.bundle/Info.plist ... 
2022-07-04 10:33:10 +0000  724 bytes for ./QBImagePicker.bundle/Info.plist
copying file ./RoyoDriverInfo.plist ... 
1563 bytes for ./RoyoDriverInfo.plist
copying file ./AppIcon60x60@2x.png ... 
7111 bytes for ./AppIcon60x60@2x.png
copying file ./MyFiji(Development).xcconfig ... 
306 bytes for ./MyFiji(Development).xcconfig
copying file ./MyFijiInfo.plist ... 
2022-07-04 10:33:10 +0000  1563 bytes for ./MyFijiInfo.plist
2022-07-04 10:33:10 +0000  copying file ./Stripe.bundle/de.lproj/Localizable.strings ... 
2022-07-04 10:33:10 +0000  19033 bytes for ./Stripe.bundle/de.lproj/Localizable.strings
copying file ./Stripe.bundle/card_unknown_icon_dark@3x.png ... 
2022-07-04 10:33:10 +0000  492 bytes for ./Stripe.bundle/card_unknown_icon_dark@3x.png
copying file ./Stripe.bundle/stp_card_error_amex@3x.png ... 
1597 bytes for ./Stripe.bundle/stp_card_error_amex@3x.png
copying file ./Stripe.bundle/lt-LT.lproj/Localizable.strings ... 
2022-07-04 10:33:10 +0000  19313 bytes for ./Stripe.bundle/lt-LT.lproj/Localizable.strings
copying file ./Stripe.bundle/icon-pm-afterpay@3x.png ... 
2022-07-04 10:33:10 +0000  1059 bytes for ./Stripe.bundle/icon-pm-afterpay@3x.png
copying file ./Stripe.bundle/zh-Hans.lproj/Localizable.strings ... 
2022-07-04 10:33:10 +0000  18107 bytes for ./Stripe.bundle/zh-Hans.lproj/Localizable.strings
2022-07-04 10:33:10 +0000  copying file ./Stripe.bundle/ja.lproj/Localizable.strings ... 
2022-07-04 10:33:10 +0000  19735 bytes for ./Stripe.bundle/ja.lproj/Localizable.strings
copying file ./Stripe.bundle/stp_card_visa_template@3x.png ... 
2022-07-04 10:33:10 +0000  2303 bytes for ./Stripe.bundle/stp_card_visa_template@3x.png
copying file ./Stripe.bundle/icon-pm-giropay@3x.png ... 
1245 bytes for ./Stripe.bundle/icon-pm-giropay@3x.png
copying file ./Stripe.bundle/card_diners@3x.png ... 
3723 bytes for ./Stripe.bundle/card_diners@3x.png
copying file ./Stripe.bundle/el-GR.lproj/Localizable.strings ... 
2022-07-04 10:33:10 +0000  23029 bytes for ./Stripe.bundle/el-GR.lproj/Localizable.strings
copying file ./Stripe.bundle/stp_card_form_back@3x.png ... 
2022-07-04 10:33:10 +0000  10419 bytes for ./Stripe.bundle/stp_card_form_back@3x.png
2022-07-04 10:33:10 +0000  copying file ./Stripe.bundle/stp_card_unknown@3x.png ... 
667 bytes for ./Stripe.bundle/stp_card_unknown@3x.png
2022-07-04 10:33:10 +0000  copying file ./Stripe.bundle/ms-MY.lproj/Localizable.strings ... 
2022-07-04 10:33:10 +0000  18734 bytes for ./Stripe.bundle/ms-MY.lproj/Localizable.strings
2022-07-04 10:33:11 +0000  copying file ./Stripe.bundle/icon_x@3x.png ... 
3637 bytes for ./Stripe.bundle/icon_x@3x.png
copying file ./Stripe.bundle/stp_card_amex@3x.png ... 
1041 bytes for ./Stripe.bundle/stp_card_amex@3x.png
copying file ./Stripe.bundle/en.lproj/Localizable.strings ... 
2022-07-04 10:33:11 +0000  13737 bytes for ./Stripe.bundle/en.lproj/Localizable.strings
2022-07-04 10:33:11 +0000  copying file ./Stripe.bundle/stp_bank_fpx_ocbc@3x.png ... 
3395 bytes for ./Stripe.bundle/stp_bank_fpx_ocbc@3x.png
copying file ./Stripe.bundle/icon-pm-ideal@3x.png ... 
1139 bytes for ./Stripe.bundle/icon-pm-ideal@3x.png
copying file ./Stripe.bundle/icon-pm-bancontact_dark@3x.png ... 
472 bytes for ./Stripe.bundle/icon-pm-bancontact_dark@3x.png
copying file ./Stripe.bundle/zh-HK.lproj/Localizable.strings ... 
2022-07-04 10:33:11 +0000  18035 bytes for ./Stripe.bundle/zh-HK.lproj/Localizable.strings
2022-07-04 10:33:11 +0000  copying file ./Stripe.bundle/icon-pm-bancontact@3x.png ... 
2417 bytes for ./Stripe.bundle/icon-pm-bancontact@3x.png
copying file ./Stripe.bundle/afterpay_icon_info@3x.png ... 
1055 bytes for ./Stripe.bundle/afterpay_icon_info@3x.png
copying file ./Stripe.bundle/stp_card_amex_template@3x.png ... 
870 bytes for ./Stripe.bundle/stp_card_amex_template@3x.png
copying file ./Stripe.bundle/icon-pm-ideal_dark@3x.png ... 
2022-07-04 10:33:11 +0000  585 bytes for ./Stripe.bundle/icon-pm-ideal_dark@3x.png
2022-07-04 10:33:11 +0000  copying file ./Stripe.bundle/stp_card_diners_template@3x.png ... 
1142 bytes for ./Stripe.bundle/stp_card_diners_template@3x.png
copying file ./Stripe.bundle/card_discover_dark@3x.png ... 
2022-07-04 10:33:11 +0000  5658 bytes for ./Stripe.bundle/card_discover_dark@3x.png
copying file ./Stripe.bundle/card_unionpay_dark@3x.png ... 
2022-07-04 10:33:11 +0000  6124 bytes for ./Stripe.bundle/card_unionpay_dark@3x.png
copying file ./Stripe.bundle/mt.lproj/Localizable.strings ... 
2022-07-04 10:33:11 +0000  19425 bytes for ./Stripe.bundle/mt.lproj/Localizable.strings
copying file ./Stripe.bundle/stp_card_diners@3x.png ... 
2022-07-04 10:33:11 +0000  1075 bytes for ./Stripe.bundle/stp_card_diners@3x.png
copying file ./Stripe.bundle/stp_icon_bank@3x.png ... 
875 bytes for ./Stripe.bundle/stp_icon_bank@3x.png
copying file ./Stripe.bundle/nb.lproj/Localizable.strings ... 
2022-07-04 10:33:11 +0000  18357 bytes for ./Stripe.bundle/nb.lproj/Localizable.strings
copying file ./Stripe.bundle/ca-ES.lproj/Localizable.strings ... 
2022-07-04 10:33:11 +0000  19131 bytes for ./Stripe.bundle/ca-ES.lproj/Localizable.strings
2022-07-04 10:33:11 +0000  copying file ./Stripe.bundle/en-GB.lproj/Localizable.strings ... 
2022-07-04 10:33:11 +0000  18342 bytes for ./Stripe.bundle/en-GB.lproj/Localizable.strings
copying file ./Stripe.bundle/es.lproj/Localizable.strings ... 
2022-07-04 10:33:11 +0000  19097 bytes for ./Stripe.bundle/es.lproj/Localizable.strings
2022-07-04 10:33:11 +0000  copying file ./Stripe.bundle/stp_bank_fpx_rhb@3x.png ... 
2432 bytes for ./Stripe.bundle/stp_bank_fpx_rhb@3x.png
copying file ./Stripe.bundle/da.lproj/Localizable.strings ... 
2022-07-04 10:33:11 +0000  18577 bytes for ./Stripe.bundle/da.lproj/Localizable.strings
copying file ./Stripe.bundle/anz@3x.png ... 
2022-07-04 10:33:11 +0000  1701 bytes for ./Stripe.bundle/anz@3x.png
copying file ./Stripe.bundle/card_mastercard_dark@3x.png ... 
2022-07-04 10:33:11 +0000  5500 bytes for ./Stripe.bundle/card_mastercard_dark@3x.png
copying file ./Stripe.bundle/es-419.lproj/Localizable.strings ... 
2022-07-04 10:33:11 +0000  19115 bytes for ./Stripe.bundle/es-419.lproj/Localizable.strings
copying file ./Stripe.bundle/au_becs_bsb.json ... 
2022-07-04 10:33:11 +0000  7696 bytes for ./Stripe.bundle/au_becs_bsb.json
copying file ./Stripe.bundle/stp_bank_fpx_bsn@3x.png ... 
3875 bytes for ./Stripe.bundle/stp_bank_fpx_bsn@3x.png
2022-07-04 10:33:11 +0000  copying file ./Stripe.bundle/it.lproj/Localizable.strings ... 
2022-07-04 10:33:11 +0000  19056 bytes for ./Stripe.bundle/it.lproj/Localizable.strings
2022-07-04 10:33:11 +0000  copying file ./Stripe.bundle/icon-pm-klarna_dark@3x.png ... 
497 bytes for ./Stripe.bundle/icon-pm-klarna_dark@3x.png
copying file ./Stripe.bundle/stp_card_cvc_amex@3x.png ... 
2332 bytes for ./Stripe.bundle/stp_card_cvc_amex@3x.png
copying file ./Stripe.bundle/stp_card_discover@3x.png ... 
1215 bytes for ./Stripe.bundle/stp_card_discover@3x.png
copying file ./Stripe.bundle/stp_card_error@3x.png ... 
1585 bytes for ./Stripe.bundle/stp_card_error@3x.png
2022-07-04 10:33:11 +0000  copying file ./Stripe.bundle/clearpay_mark_dark@3x.png ... 
2022-07-04 10:33:11 +0000  3938 bytes for ./Stripe.bundle/clearpay_mark_dark@3x.png
copying file ./Stripe.bundle/icon-pm-klarna@3x.png ... 
686 bytes for ./Stripe.bundle/icon-pm-klarna@3x.png
copying file ./Stripe.bundle/icon-pm-eps@3x.png ... 
1310 bytes for ./Stripe.bundle/icon-pm-eps@3x.png
copying file ./Stripe.bundle/nab@3x.png ... 
2460 bytes for ./Stripe.bundle/nab@3x.png
copying file ./Stripe.bundle/stgeorges@3x.png ... 
2022-07-04 10:33:11 +0000  3593 bytes for ./Stripe.bundle/stgeorges@3x.png
copying file ./Stripe.bundle/nn-NO.lproj/Localizable.strings ... 
2022-07-04 10:33:11 +0000  18065 bytes for ./Stripe.bundle/nn-NO.lproj/Localizable.strings
2022-07-04 10:33:11 +0000  copying file ./Stripe.bundle/icon-pm-eps_dark@3x.png ... 
830 bytes for ./Stripe.bundle/icon-pm-eps_dark@3x.png
copying file ./Stripe.bundle/fr-CA.lproj/Localizable.strings ... 
2022-07-04 10:33:11 +0000  19525 bytes for ./Stripe.bundle/fr-CA.lproj/Localizable.strings
2022-07-04 10:33:11 +0000  copying file ./Stripe.bundle/icon-pm-paypal@3x.png ... 
989 bytes for ./Stripe.bundle/icon-pm-paypal@3x.png
copying file ./Stripe.bundle/afterpay_mark@3x.png ... 
3493 bytes for ./Stripe.bundle/afterpay_mark@3x.png
copying file ./Stripe.bundle/stp_card_jcb_template@3x.png ... 
1015 bytes for ./Stripe.bundle/stp_card_jcb_template@3x.png
copying file ./Stripe.bundle/westpac@3x.png ... 
1114 bytes for ./Stripe.bundle/westpac@3x.png
2022-07-04 10:33:11 +0000  copying file ./Stripe.bundle/icon-pm-p24_dark@3x.png ... 
2022-07-04 10:33:11 +0000  916 bytes for ./Stripe.bundle/icon-pm-p24_dark@3x.png
copying file ./Stripe.bundle/stp_card_jcb@3x.png ... 
1760 bytes for ./Stripe.bundle/stp_card_jcb@3x.png
copying file ./Stripe.bundle/stp_card_form_amex_cvc@3x.png ... 
2022-07-04 10:33:11 +0000  10360 bytes for ./Stripe.bundle/stp_card_form_amex_cvc@3x.png
copying file ./Stripe.bundle/card_diners_dark@3x.png ... 
2022-07-04 10:33:11 +0000  5555 bytes for ./Stripe.bundle/card_diners_dark@3x.png
2022-07-04 10:33:11 +0000  copying file ./Stripe.bundle/bg-BG.lproj/Localizable.strings ... 
2022-07-04 10:33:11 +0000  22461 bytes for ./Stripe.bundle/bg-BG.lproj/Localizable.strings
2022-07-04 10:33:11 +0000  copying file ./Stripe.bundle/sv.lproj/Localizable.strings ... 
2022-07-04 10:33:11 +0000  18524 bytes for ./Stripe.bundle/sv.lproj/Localizable.strings
copying file ./Stripe.bundle/stp_bank_fpx_hong_leong_bank@3x.png ... 
2022-07-04 10:33:11 +0000  3310 bytes for ./Stripe.bundle/stp_bank_fpx_hong_leong_bank@3x.png
copying file ./Stripe.bundle/stp_card_cvc@3x.png ... 
1985 bytes for ./Stripe.bundle/stp_card_cvc@3x.png
copying file ./Stripe.bundle/card_unionpay@3x.png ... 
2022-07-04 10:33:11 +0000  6068 bytes for ./Stripe.bundle/card_unionpay@3x.png
copying file ./Stripe.bundle/icon-pm-card@3x.png ... 
3650 bytes for ./Stripe.bundle/icon-pm-card@3x.png
copying file ./Stripe.bundle/stp_fpx_logo@3x.png ... 
2022-07-04 10:33:11 +0000  2073 bytes for ./Stripe.bundle/stp_fpx_logo@3x.png
copying file ./Stripe.bundle/stp_bank_fpx_standard_chartered@3x.png ... 
2022-07-04 10:33:11 +0000  3263 bytes for ./Stripe.bundle/stp_bank_fpx_standard_chartered@3x.png
copying file ./Stripe.bundle/ko.lproj/Localizable.strings ... 
2022-07-04 10:33:11 +0000  18869 bytes for ./Stripe.bundle/ko.lproj/Localizable.strings
copying file ./Stripe.bundle/stp_bank_fpx_bank_islam@3x.png ... 
1932 bytes for ./Stripe.bundle/stp_bank_fpx_bank_islam@3x.png
copying file ./Stripe.bundle/stp_fpx_big_logo@3x.png ... 
2022-07-04 10:33:11 +0000  14603 bytes for ./Stripe.bundle/stp_fpx_big_logo@3x.png
2022-07-04 10:33:11 +0000  copying file ./Stripe.bundle/fil.lproj/Localizable.strings ... 
2022-07-04 10:33:11 +0000  19356 bytes for ./Stripe.bundle/fil.lproj/Localizable.strings
copying file ./Stripe.bundle/card_amex@3x.png ... 
2962 bytes for ./Stripe.bundle/card_amex@3x.png
copying file ./Stripe.bundle/bankwest@3x.png ... 
2022-07-04 10:33:11 +0000  3589 bytes for ./Stripe.bundle/bankwest@3x.png
copying file ./Stripe.bundle/suncorpmetway@3x.png ... 
2022-07-04 10:33:11 +0000  3152 bytes for ./Stripe.bundle/suncorpmetway@3x.png
copying file ./Stripe.bundle/card_jcb_dark@3x.png ... 
2022-07-04 10:33:11 +0000  4978 bytes for ./Stripe.bundle/card_jcb_dark@3x.png
copying file ./Stripe.bundle/boq@3x.png ... 
2022-07-04 10:33:11 +0000  2244 bytes for ./Stripe.bundle/boq@3x.png
copying file ./Stripe.bundle/stp_bank_fpx_cimb@3x.png ... 
812 bytes for ./Stripe.bundle/stp_bank_fpx_cimb@3x.png
copying file ./Stripe.bundle/zh-Hant.lproj/Localizable.strings ... 
2022-07-04 10:33:11 +0000  18020 bytes for ./Stripe.bundle/zh-Hant.lproj/Localizable.strings
copying file ./Stripe.bundle/stp_bank_fpx_public_bank@3x.png ... 
2022-07-04 10:33:11 +0000  1521 bytes for ./Stripe.bundle/stp_bank_fpx_public_bank@3x.png
copying file ./Stripe.bundle/bankofmelbourne@3x.png ... 
3187 bytes for ./Stripe.bundle/bankofmelbourne@3x.png
copying file ./Stripe.bundle/icon-pm-p24@3x.png ... 
1500 bytes for ./Stripe.bundle/icon-pm-p24@3x.png
2022-07-04 10:33:11 +0000  copying file ./Stripe.bundle/stp_card_form_front@3x.png ... 
2022-07-04 10:33:11 +0000  7239 bytes for ./Stripe.bundle/stp_card_form_front@3x.png
2022-07-04 10:33:11 +0000  copying file ./Stripe.bundle/card_visa_dark@3x.png ... 
2022-07-04 10:33:11 +0000  5440 bytes for ./Stripe.bundle/card_visa_dark@3x.png
copying file ./Stripe.bundle/stripe@3x.png ... 
1232 bytes for ./Stripe.bundle/stripe@3x.png
copying file ./Stripe.bundle/stp_bank_fpx_alliance_bank@3x.png ... 
2022-07-04 10:33:11 +0000  1394 bytes for ./Stripe.bundle/stp_bank_fpx_alliance_bank@3x.png
copying file ./Stripe.bundle/stp_card_visa@3x.png ... 
1174 bytes for ./Stripe.bundle/stp_card_visa@3x.png
copying file ./Stripe.bundle/tk.lproj/Localizable.strings ... 
2022-07-04 10:33:11 +0000  16854 bytes for ./Stripe.bundle/tk.lproj/Localizable.strings
2022-07-04 10:33:11 +0000  copying file ./Stripe.bundle/ro-RO.lproj/Localizable.strings ... 
2022-07-04 10:33:11 +0000  19442 bytes for ./Stripe.bundle/ro-RO.lproj/Localizable.strings
copying file ./Stripe.bundle/hu.lproj/Localizable.strings ... 
2022-07-04 10:33:11 +0000  19098 bytes for ./Stripe.bundle/hu.lproj/Localizable.strings
2022-07-04 10:33:11 +0000  copying file ./Stripe.bundle/card_unknown_dark@3x.png ... 
4088 bytes for ./Stripe.bundle/card_unknown_dark@3x.png
copying file ./Stripe.bundle/icon_lock@3x.png ... 
3838 bytes for ./Stripe.bundle/icon_lock@3x.png
copying file ./Stripe.bundle/stp_bank_fpx_hsbc@3x.png ... 
1828 bytes for ./Stripe.bundle/stp_bank_fpx_hsbc@3x.png
copying file ./Stripe.bundle/stp_bank_fpx_affin_bank@3x.png ... 
2022-07-04 10:33:11 +0000  2325 bytes for ./Stripe.bundle/stp_bank_fpx_affin_bank@3x.png
copying file ./Stripe.bundle/stp_bank_fpx_maybank2u@3x.png ... 
2022-07-04 10:33:11 +0000  6474 bytes for ./Stripe.bundle/stp_bank_fpx_maybank2u@3x.png
2022-07-04 10:33:11 +0000  copying file ./Stripe.bundle/card_cvc_icon@3x.png ... 
1105 bytes for ./Stripe.bundle/card_cvc_icon@3x.png
copying file ./Stripe.bundle/card_unknown@3x.png ... 
1260 bytes for ./Stripe.bundle/card_unknown@3x.png
copying file ./Stripe.bundle/tr.lproj/Localizable.strings ... 
2022-07-04 10:33:11 +0000  18564 bytes for ./Stripe.bundle/tr.lproj/Localizable.strings
2022-07-04 10:33:11 +0000  copying file ./Stripe.bundle/banksa@3x.png ... 
2704 bytes for ./Stripe.bundle/banksa@3x.png
copying file ./Stripe.bundle/card_jcb@3x.png ... 
3029 bytes for ./Stripe.bundle/card_jcb@3x.png
copying file ./Stripe.bundle/et-EE.lproj/Localizable.strings ... 
2022-07-04 10:33:11 +0000  18332 bytes for ./Stripe.bundle/et-EE.lproj/Localizable.strings
copying file ./Stripe.bundle/card_cvc_icon_dark@3x.png ... 
1031 bytes for ./Stripe.bundle/card_cvc_icon_dark@3x.png
copying file ./Stripe.bundle/form_error_icon_dark@3x.png ... 
2022-07-04 10:33:11 +0000  1004 bytes for ./Stripe.bundle/form_error_icon_dark@3x.png
copying file ./Stripe.bundle/stp_card_applepay@3x.png ... 
2022-07-04 10:33:11 +0000  2724 bytes for ./Stripe.bundle/stp_card_applepay@3x.png
copying file ./Stripe.bundle/icon-pm-afterpay_dark@3x.png ... 
737 bytes for ./Stripe.bundle/icon-pm-afterpay_dark@3x.png
copying file ./Stripe.bundle/card_cvc_amex_icon_dark@3x.png ... 
1297 bytes for ./Stripe.bundle/card_cvc_amex_icon_dark@3x.png
copying file ./Stripe.bundle/stp_card_unionpay_zh@3x.png ... 
2901 bytes for ./Stripe.bundle/stp_card_unionpay_zh@3x.png
copying file ./Stripe.bundle/icon-pm-sepa_dark@3x.png ... 
1100 bytes for ./Stripe.bundle/icon-pm-sepa_dark@3x.png
2022-07-04 10:33:11 +0000  copying file ./Stripe.bundle/pt-BR.lproj/Localizable.strings ... 
2022-07-04 10:33:11 +0000  18649 bytes for ./Stripe.bundle/pt-BR.lproj/Localizable.strings
2022-07-04 10:33:11 +0000  copying file ./Stripe.bundle/lv-LV.lproj/Localizable.strings ... 
2022-07-04 10:33:11 +0000  18930 bytes for ./Stripe.bundle/lv-LV.lproj/Localizable.strings
2022-07-04 10:33:11 +0000  copying file ./Stripe.bundle/vi.lproj/Localizable.strings ... 
2022-07-04 10:33:11 +0000  19997 bytes for ./Stripe.bundle/vi.lproj/Localizable.strings
2022-07-04 10:33:11 +0000  copying file ./Stripe.bundle/ru.lproj/Localizable.strings ... 
2022-07-04 10:33:11 +0000  22234 bytes for ./Stripe.bundle/ru.lproj/Localizable.strings
copying file ./Stripe.bundle/stp_icon_add@3x.png ... 
2022-07-04 10:33:11 +0000  224 bytes for ./Stripe.bundle/stp_icon_add@3x.png
2022-07-04 10:33:11 +0000  copying file ./Stripe.bundle/cs-CZ.lproj/Localizable.strings ... 
2022-07-04 10:33:11 +0000  18672 bytes for ./Stripe.bundle/cs-CZ.lproj/Localizable.strings
2022-07-04 10:33:11 +0000  copying file ./Stripe.bundle/stp_card_unionpay_en@3x.png ... 
2022-07-04 10:33:11 +0000  3053 bytes for ./Stripe.bundle/stp_card_unionpay_en@3x.png
copying file ./Stripe.bundle/stp_bank_fpx_kfh@3x.png ... 
2022-07-04 10:33:11 +0000  4610 bytes for ./Stripe.bundle/stp_bank_fpx_kfh@3x.png
2022-07-04 10:33:11 +0000  copying file ./Stripe.bundle/sk-SK.lproj/Localizable.strings ... 
2022-07-04 10:33:11 +0000  19038 bytes for ./Stripe.bundle/sk-SK.lproj/Localizable.strings
2022-07-04 10:33:11 +0000  copying file ./Stripe.bundle/sl-SI.lproj/Localizable.strings ... 
2022-07-04 10:33:11 +0000  18969 bytes for ./Stripe.bundle/sl-SI.lproj/Localizable.strings
2022-07-04 10:33:11 +0000  copying file ./Stripe.bundle/icon-pm-paypal_dark@3x.png ... 
2022-07-04 10:33:11 +0000  630 bytes for ./Stripe.bundle/icon-pm-paypal_dark@3x.png
2022-07-04 10:33:11 +0000  copying file ./Stripe.bundle/cba@3x.png ... 
2022-07-04 10:33:11 +0000  851 bytes for ./Stripe.bundle/cba@3x.png
2022-07-04 10:33:11 +0000  copying file ./Stripe.bundle/icon-pm-sepa@3x.png ... 
2022-07-04 10:33:11 +0000  1939 bytes for ./Stripe.bundle/icon-pm-sepa@3x.png
2022-07-04 10:33:11 +0000  copying file ./Stripe.bundle/stp_card_mastercard_template@3x.png ... 
2022-07-04 10:33:11 +0000  2401 bytes for ./Stripe.bundle/stp_card_mastercard_template@3x.png
2022-07-04 10:33:11 +0000  copying file ./Stripe.bundle/fr.lproj/Localizable.strings ... 
2022-07-04 10:33:11 +0000  19632 bytes for ./Stripe.bundle/fr.lproj/Localizable.strings
2022-07-04 10:33:11 +0000  copying file ./Stripe.bundle/fi.lproj/Localizable.strings ... 
2022-07-04 10:33:11 +0000  18465 bytes for ./Stripe.bundle/fi.lproj/Localizable.strings
2022-07-04 10:33:11 +0000  copying file ./Stripe.bundle/stp_bank_fpx_bank_muamalat@3x.png ... 
2022-07-04 10:33:11 +0000  3913 bytes for ./Stripe.bundle/stp_bank_fpx_bank_muamalat@3x.png
2022-07-04 10:33:11 +0000  copying file ./Stripe.bundle/stp_bank_fpx_uob@3x.png ... 
2022-07-04 10:33:11 +0000  1086 bytes for ./Stripe.bundle/stp_bank_fpx_uob@3x.png
2022-07-04 10:33:11 +0000  copying file ./Stripe.bundle/id.lproj/Localizable.strings ... 
2022-07-04 10:33:11 +0000  18713 bytes for ./Stripe.bundle/id.lproj/Localizable.strings
2022-07-04 10:33:11 +0000  copying file ./Stripe.bundle/nl.lproj/Localizable.strings ... 
2022-07-04 10:33:11 +0000  18792 bytes for ./Stripe.bundle/nl.lproj/Localizable.strings
2022-07-04 10:33:11 +0000  copying file ./Stripe.bundle/stp_card_unionpay_template_zh@3x.png ... 
2022-07-04 10:33:11 +0000  1092 bytes for ./Stripe.bundle/stp_card_unionpay_template_zh@3x.png
2022-07-04 10:33:11 +0000  copying file ./Stripe.bundle/pl-PL.lproj/Localizable.strings ... 
2022-07-04 10:33:11 +0000  18825 bytes for ./Stripe.bundle/pl-PL.lproj/Localizable.strings
2022-07-04 10:33:11 +0000  copying file ./Stripe.bundle/apple_pay_mark@3x.png ... 
2022-07-04 10:33:11 +0000  10637 bytes for ./Stripe.bundle/apple_pay_mark@3x.png
copying file ./Stripe.bundle/stp_card_unionpay_template_en@3x.png ... 
2022-07-04 10:33:11 +0000  1023 bytes for ./Stripe.bundle/stp_card_unionpay_template_en@3x.png
2022-07-04 10:33:11 +0000  copying file ./Stripe.bundle/card_discover@3x.png ... 
2022-07-04 10:33:11 +0000  3909 bytes for ./Stripe.bundle/card_discover@3x.png
2022-07-04 10:33:11 +0000  copying file ./Stripe.bundle/icon-pm-giropay_dark@3x.png ... 
2022-07-04 10:33:11 +0000  767 bytes for ./Stripe.bundle/icon-pm-giropay_dark@3x.png
copying file ./Stripe.bundle/card_amex_dark@3x.png ... 
2022-07-04 10:33:11 +0000  5094 bytes for ./Stripe.bundle/card_amex_dark@3x.png
copying file ./Stripe.bundle/afterpay_mark_dark@3x.png ... 
2022-07-04 10:33:11 +0000  3489 bytes for ./Stripe.bundle/afterpay_mark_dark@3x.png
2022-07-04 10:33:11 +0000  copying file ./Stripe.bundle/card_mastercard@3x.png ... 
2022-07-04 10:33:11 +0000  3151 bytes for ./Stripe.bundle/card_mastercard@3x.png
2022-07-04 10:33:11 +0000  copying file ./Stripe.bundle/icon_plus@3x.png ... 
2022-07-04 10:33:11 +0000  3618 bytes for ./Stripe.bundle/icon_plus@3x.png
2022-07-04 10:33:11 +0000  copying file ./Stripe.bundle/pt-PT.lproj/Localizable.strings ... 
2022-07-04 10:33:11 +0000  19076 bytes for ./Stripe.bundle/pt-PT.lproj/Localizable.strings
2022-07-04 10:33:11 +0000  copying file ./Stripe.bundle/stp_bank_fpx_ambank@3x.png ... 
2022-07-04 10:33:11 +0000  2075 bytes for ./Stripe.bundle/stp_bank_fpx_ambank@3x.png
2022-07-04 10:33:11 +0000  copying file ./Stripe.bundle/card_visa@3x.png ... 
2022-07-04 10:33:11 +0000  3580 bytes for ./Stripe.bundle/card_visa@3x.png
2022-07-04 10:33:11 +0000  copying file ./Stripe.bundle/stp_icon_checkmark@3x.png ... 
2022-07-04 10:33:11 +0000  994 bytes for ./Stripe.bundle/stp_icon_checkmark@3x.png
2022-07-04 10:33:11 +0000  copying file ./Stripe.bundle/icon_checkmark@3x.png ... 
2022-07-04 10:33:11 +0000  3700 bytes for ./Stripe.bundle/icon_checkmark@3x.png
2022-07-04 10:33:11 +0000  copying file ./Stripe.bundle/stp_card_mastercard@3x.png ... 
2022-07-04 10:33:11 +0000  1129 bytes for ./Stripe.bundle/stp_card_mastercard@3x.png
2022-07-04 10:33:11 +0000  copying file ./Stripe.bundle/stp_shipping_form@3x.png ... 
2022-07-04 10:33:11 +0000  12929 bytes for ./Stripe.bundle/stp_shipping_form@3x.png
2022-07-04 10:33:11 +0000  copying file ./Stripe.bundle/stp_bank_fpx_maybank2e@3x.png ... 
2022-07-04 10:33:11 +0000  6474 bytes for ./Stripe.bundle/stp_bank_fpx_maybank2e@3x.png
2022-07-04 10:33:11 +0000  copying file ./Stripe.bundle/form_error_icon@3x.png ... 
2022-07-04 10:33:11 +0000  993 bytes for ./Stripe.bundle/form_error_icon@3x.png
copying file ./Stripe.bundle/Info.plist ... 
2022-07-04 10:33:11 +0000  759 bytes for ./Stripe.bundle/Info.plist
2022-07-04 10:33:11 +0000  copying file ./Stripe.bundle/stp_card_discover_template@3x.png ... 
2022-07-04 10:33:11 +0000  2319 bytes for ./Stripe.bundle/stp_card_discover_template@3x.png
2022-07-04 10:33:11 +0000  copying file ./Stripe.bundle/card_cvc_amex_icon@3x.png ... 
2022-07-04 10:33:11 +0000  1372 bytes for ./Stripe.bundle/card_cvc_amex_icon@3x.png
2022-07-04 10:33:11 +0000  copying file ./Stripe.bundle/stp_bank_fpx_bank_rakyat@3x.png ... 
2022-07-04 10:33:11 +0000  1988 bytes for ./Stripe.bundle/stp_bank_fpx_bank_rakyat@3x.png
2022-07-04 10:33:11 +0000  copying file ./Stripe.bundle/hr.lproj/Localizable.strings ... 
2022-07-04 10:33:11 +0000  18658 bytes for ./Stripe.bundle/hr.lproj/Localizable.strings
2022-07-04 10:33:11 +0000  copying file ./Stripe.bundle/card_unknown_icon@3x.png ... 
2022-07-04 10:33:11 +0000  498 bytes for ./Stripe.bundle/card_unknown_icon@3x.png
2022-07-04 10:33:11 +0000  copying file ./Stripe.bundle/clearpay_mark@3x.png ... 
2022-07-04 10:33:11 +0000  3880 bytes for ./Stripe.bundle/clearpay_mark@3x.png
2022-07-04 10:33:11 +0000  copying file ./Stripe.bundle/icon_chevron_left@3x.png ... 
2022-07-04 10:33:11 +0000  3677 bytes for ./Stripe.bundle/icon_chevron_left@3x.png
2022-07-04 10:33:11 +0000  copying file ./campton-light.ttf ... 
2022-07-04 10:33:11 +0000  56168 bytes for ./campton-light.ttf
2022-07-04 10:33:11 +0000  copying file ./AccessibilityResources.bundle/en.lproj/Localizable.strings ... 
2022-07-04 10:33:11 +0000  518 bytes for ./AccessibilityResources.bundle/en.lproj/Localizable.strings
2022-07-04 10:33:11 +0000  copying file ./AccessibilityResources.bundle/Info.plist ... 
2022-07-04 10:33:11 +0000  792 bytes for ./AccessibilityResources.bundle/Info.plist
2022-07-04 10:33:11 +0000  copying file ./GoogleService-Info.plist ... 
2022-07-04 10:33:11 +0000  678 bytes for ./GoogleService-Info.plist
2022-07-04 10:33:11 +0000  copying file ./StripeCore.bundle/de.lproj/Localizable.strings ... 
2022-07-04 10:33:11 +0000  1708 bytes for ./StripeCore.bundle/de.lproj/Localizable.strings
2022-07-04 10:33:11 +0000  copying file ./StripeCore.bundle/lt-LT.lproj/Localizable.strings ... 
2022-07-04 10:33:11 +0000  1677 bytes for ./StripeCore.bundle/lt-LT.lproj/Localizable.strings
2022-07-04 10:33:11 +0000  copying file ./StripeCore.bundle/zh-Hans.lproj/Localizable.strings ... 
2022-07-04 10:33:11 +0000  1586 bytes for ./StripeCore.bundle/zh-Hans.lproj/Localizable.strings
2022-07-04 10:33:11 +0000  copying file ./StripeCore.bundle/ja.lproj/Localizable.strings ... 
2022-07-04 10:33:11 +0000  1975 bytes for ./StripeCore.bundle/ja.lproj/Localizable.strings
2022-07-04 10:33:11 +0000  copying file ./StripeCore.bundle/el-GR.lproj/Localizable.strings ... 
2022-07-04 10:33:11 +0000  2178 bytes for ./StripeCore.bundle/el-GR.lproj/Localizable.strings
2022-07-04 10:33:11 +0000  copying file ./StripeCore.bundle/ms-MY.lproj/Localizable.strings ... 
2022-07-04 10:33:11 +0000  1633 bytes for ./StripeCore.bundle/ms-MY.lproj/Localizable.strings
2022-07-04 10:33:11 +0000  copying file ./StripeCore.bundle/en.lproj/Localizable.strings ... 
2022-07-04 10:33:11 +0000  1608 bytes for ./StripeCore.bundle/en.lproj/Localizable.strings
2022-07-04 10:33:11 +0000  copying file ./StripeCore.bundle/zh-HK.lproj/Localizable.strings ... 
2022-07-04 10:33:11 +0000  1566 bytes for ./StripeCore.bundle/zh-HK.lproj/Localizable.strings
2022-07-04 10:33:11 +0000  copying file ./StripeCore.bundle/mt.lproj/Localizable.strings ... 
2022-07-04 10:33:11 +0000  1743 bytes for ./StripeCore.bundle/mt.lproj/Localizable.strings
2022-07-04 10:33:11 +0000  copying file ./StripeCore.bundle/nb.lproj/Localizable.strings ... 
2022-07-04 10:33:11 +0000  1607 bytes for ./StripeCore.bundle/nb.lproj/Localizable.strings
2022-07-04 10:33:11 +0000  copying file ./StripeCore.bundle/ca-ES.lproj/Localizable.strings ... 
2022-07-04 10:33:11 +0000  1720 bytes for ./StripeCore.bundle/ca-ES.lproj/Localizable.strings
2022-07-04 10:33:11 +0000  copying file ./StripeCore.bundle/en-GB.lproj/Localizable.strings ... 
2022-07-04 10:33:11 +0000  1632 bytes for ./StripeCore.bundle/en-GB.lproj/Localizable.strings
2022-07-04 10:33:11 +0000  copying file ./StripeCore.bundle/es.lproj/Localizable.strings ... 
2022-07-04 10:33:11 +0000  1701 bytes for ./StripeCore.bundle/es.lproj/Localizable.strings
2022-07-04 10:33:11 +0000  copying file ./StripeCore.bundle/da.lproj/Localizable.strings ... 
2022-07-04 10:33:11 +0000  1615 bytes for ./StripeCore.bundle/da.lproj/Localizable.strings
2022-07-04 10:33:11 +0000  copying file ./StripeCore.bundle/es-419.lproj/Localizable.strings ... 
2022-07-04 10:33:11 +0000  1707 bytes for ./StripeCore.bundle/es-419.lproj/Localizable.strings
2022-07-04 10:33:11 +0000  copying file ./StripeCore.bundle/it.lproj/Localizable.strings ... 
2022-07-04 10:33:11 +0000  1692 bytes for ./StripeCore.bundle/it.lproj/Localizable.strings
2022-07-04 10:33:11 +0000  copying file ./StripeCore.bundle/nn-NO.lproj/Localizable.strings ... 
2022-07-04 10:33:11 +0000  1547 bytes for ./StripeCore.bundle/nn-NO.lproj/Localizable.strings
2022-07-04 10:33:11 +0000  copying file ./StripeCore.bundle/fr-CA.lproj/Localizable.strings ... 
2022-07-04 10:33:11 +0000  1752 bytes for ./StripeCore.bundle/fr-CA.lproj/Localizable.strings
2022-07-04 10:33:11 +0000  copying file ./StripeCore.bundle/bg-BG.lproj/Localizable.strings ... 
2022-07-04 10:33:11 +0000  2125 bytes for ./StripeCore.bundle/bg-BG.lproj/Localizable.strings
2022-07-04 10:33:11 +0000  copying file ./StripeCore.bundle/sv.lproj/Localizable.strings ... 
2022-07-04 10:33:11 +0000  1614 bytes for ./StripeCore.bundle/sv.lproj/Localizable.strings
2022-07-04 10:33:11 +0000  copying file ./StripeCore.bundle/ko.lproj/Localizable.strings ... 
2022-07-04 10:33:11 +0000  1784 bytes for ./StripeCore.bundle/ko.lproj/Localizable.strings
2022-07-04 10:33:11 +0000  copying file ./StripeCore.bundle/fil.lproj/Localizable.strings ... 
2022-07-04 10:33:11 +0000  1714 bytes for ./StripeCore.bundle/fil.lproj/Localizable.strings
2022-07-04 10:33:11 +0000  copying file ./StripeCore.bundle/zh-Hant.lproj/Localizable.strings ... 
2022-07-04 10:33:11 +0000  1587 bytes for ./StripeCore.bundle/zh-Hant.lproj/Localizable.strings
2022-07-04 10:33:11 +0000  copying file ./StripeCore.bundle/tk.lproj/Localizable.strings ... 
2022-07-04 10:33:11 +0000  248 bytes for ./StripeCore.bundle/tk.lproj/Localizable.strings
2022-07-04 10:33:11 +0000  copying file ./StripeCore.bundle/ro-RO.lproj/Localizable.strings ... 
2022-07-04 10:33:11 +0000  1735 bytes for ./StripeCore.bundle/ro-RO.lproj/Localizable.strings
2022-07-04 10:33:11 +0000  copying file ./StripeCore.bundle/hu.lproj/Localizable.strings ... 
2022-07-04 10:33:11 +0000  1707 bytes for ./StripeCore.bundle/hu.lproj/Localizable.strings
2022-07-04 10:33:11 +0000  copying file ./StripeCore.bundle/tr.lproj/Localizable.strings ... 
2022-07-04 10:33:11 +0000  1645 bytes for ./StripeCore.bundle/tr.lproj/Localizable.strings
2022-07-04 10:33:11 +0000  copying file ./StripeCore.bundle/et-EE.lproj/Localizable.strings ... 
2022-07-04 10:33:11 +0000  1596 bytes for ./StripeCore.bundle/et-EE.lproj/Localizable.strings
2022-07-04 10:33:11 +0000  copying file ./StripeCore.bundle/pt-BR.lproj/Localizable.strings ... 
2022-07-04 10:33:11 +0000  1643 bytes for ./StripeCore.bundle/pt-BR.lproj/Localizable.strings
2022-07-04 10:33:11 +0000  copying file ./StripeCore.bundle/lv-LV.lproj/Localizable.strings ... 
2022-07-04 10:33:11 +0000  1690 bytes for ./StripeCore.bundle/lv-LV.lproj/Localizable.strings
2022-07-04 10:33:11 +0000  copying file ./StripeCore.bundle/vi.lproj/Localizable.strings ... 
2022-07-04 10:33:11 +0000  1680 bytes for ./StripeCore.bundle/vi.lproj/Localizable.strings
2022-07-04 10:33:11 +0000  copying file ./StripeCore.bundle/ru.lproj/Localizable.strings ... 
2022-07-04 10:33:11 +0000  2058 bytes for ./StripeCore.bundle/ru.lproj/Localizable.strings
2022-07-04 10:33:11 +0000  copying file ./StripeCore.bundle/cs-CZ.lproj/Localizable.strings ... 
2022-07-04 10:33:11 +0000  1728 bytes for ./StripeCore.bundle/cs-CZ.lproj/Localizable.strings
2022-07-04 10:33:11 +0000  copying file ./StripeCore.bundle/sk-SK.lproj/Localizable.strings ... 
2022-07-04 10:33:11 +0000  1720 bytes for ./StripeCore.bundle/sk-SK.lproj/Localizable.strings
2022-07-04 10:33:11 +0000  copying file ./StripeCore.bundle/sl-SI.lproj/Localizable.strings ... 
2022-07-04 10:33:11 +0000  1698 bytes for ./StripeCore.bundle/sl-SI.lproj/Localizable.strings
2022-07-04 10:33:11 +0000  copying file ./StripeCore.bundle/fr.lproj/Localizable.strings ... 
2022-07-04 10:33:11 +0000  1774 bytes for ./StripeCore.bundle/fr.lproj/Localizable.strings
2022-07-04 10:33:11 +0000  copying file ./StripeCore.bundle/fi.lproj/Localizable.strings ... 
2022-07-04 10:33:11 +0000  1637 bytes for ./StripeCore.bundle/fi.lproj/Localizable.strings
2022-07-04 10:33:11 +0000  copying file ./StripeCore.bundle/id.lproj/Localizable.strings ... 
2022-07-04 10:33:11 +0000  1649 bytes for ./StripeCore.bundle/id.lproj/Localizable.strings
2022-07-04 10:33:11 +0000  copying file ./StripeCore.bundle/nl.lproj/Localizable.strings ... 
2022-07-04 10:33:11 +0000  1687 bytes for ./StripeCore.bundle/nl.lproj/Localizable.strings
2022-07-04 10:33:11 +0000  copying file ./StripeCore.bundle/pl-PL.lproj/Localizable.strings ... 
2022-07-04 10:33:11 +0000  1736 bytes for ./StripeCore.bundle/pl-PL.lproj/Localizable.strings
2022-07-04 10:33:11 +0000  copying file ./StripeCore.bundle/pt-PT.lproj/Localizable.strings ... 
2022-07-04 10:33:11 +0000  1705 bytes for ./StripeCore.bundle/pt-PT.lproj/Localizable.strings
2022-07-04 10:33:11 +0000  copying file ./StripeCore.bundle/Info.plist ... 
2022-07-04 10:33:11 +0000  767 bytes for ./StripeCore.bundle/Info.plist
2022-07-04 10:33:11 +0000  copying file ./StripeCore.bundle/hr.lproj/Localizable.strings ... 
2022-07-04 10:33:11 +0000  1660 bytes for ./StripeCore.bundle/hr.lproj/Localizable.strings
2022-07-04 10:33:11 +0000  copying file ./campton-book.ttf ... 
2022-07-04 10:33:11 +0000  55836 bytes for ./campton-book.ttf
2022-07-04 10:33:11 +0000  copying file ./Assets.car ... 
2022-07-04 10:33:11 +0000  505167 bytes for ./Assets.car
copying file ./main.jsbundle ... 
2022-07-04 10:33:11 +0000  5180048 bytes for ./main.jsbundle
2022-07-04 10:33:11 +0000  copying file ./MyFiji ... 
2022-07-04 10:33:12 +0000  139893024 bytes for ./MyFiji
2022-07-04 10:33:12 +0000  copying file ./LaunchScreen.storyboardc/01J-lp-oVM-view-Ze5-6b-2t3.nib ... 
2435 bytes for ./LaunchScreen.storyboardc/01J-lp-oVM-view-Ze5-6b-2t3.nib
copying file ./LaunchScreen.storyboardc/UIViewController-01J-lp-oVM.nib ... 
896 bytes for ./LaunchScreen.storyboardc/UIViewController-01J-lp-oVM.nib
copying file ./LaunchScreen.storyboardc/Info.plist ... 
258 bytes for ./LaunchScreen.storyboardc/Info.plist
copying file ./campton-semibold.ttf ... 
2022-07-04 10:33:12 +0000  57036 bytes for ./campton-semibold.ttf
2022-07-04 10:33:12 +0000  copying file ./campton-medium.ttf ... 
2022-07-04 10:33:12 +0000  56508 bytes for ./campton-medium.ttf
2022-07-04 10:33:12 +0000  copying file ./MyFiji(Production).xcconfig ... 
2022-07-04 10:33:12 +0000  308 bytes for ./MyFiji(Production).xcconfig
2022-07-04 10:33:12 +0000  copying file ./StripeUICore.bundle/de.lproj/Localizable.strings ... 
2022-07-04 10:33:12 +0000  2714 bytes for ./StripeUICore.bundle/de.lproj/Localizable.strings
2022-07-04 10:33:12 +0000  copying file ./StripeUICore.bundle/lt-LT.lproj/Localizable.strings ... 
2022-07-04 10:33:12 +0000  2769 bytes for ./StripeUICore.bundle/lt-LT.lproj/Localizable.strings
2022-07-04 10:33:12 +0000  copying file ./StripeUICore.bundle/zh-Hans.lproj/Localizable.strings ... 
2022-07-04 10:33:12 +0000  2666 bytes for ./StripeUICore.bundle/zh-Hans.lproj/Localizable.strings
2022-07-04 10:33:12 +0000  copying file ./StripeUICore.bundle/ja.lproj/Localizable.strings ... 
2022-07-04 10:33:12 +0000  2765 bytes for ./StripeUICore.bundle/ja.lproj/Localizable.strings
2022-07-04 10:33:12 +0000  copying file ./StripeUICore.bundle/el-GR.lproj/Localizable.strings ... 
2022-07-04 10:33:12 +0000  3131 bytes for ./StripeUICore.bundle/el-GR.lproj/Localizable.strings
2022-07-04 10:33:12 +0000  copying file ./StripeUICore.bundle/ms-MY.lproj/Localizable.strings ... 
2687 bytes for ./StripeUICore.bundle/ms-MY.lproj/Localizable.strings
copying file ./StripeUICore.bundle/en.lproj/Localizable.strings ... 
2660 bytes for ./StripeUICore.bundle/en.lproj/Localizable.strings
copying file ./StripeUICore.bundle/zh-HK.lproj/Localizable.strings ... 
2673 bytes for ./StripeUICore.bundle/zh-HK.lproj/Localizable.strings
copying file ./StripeUICore.bundle/mt.lproj/Localizable.strings ... 
2754 bytes for ./StripeUICore.bundle/mt.lproj/Localizable.strings
copying file ./StripeUICore.bundle/nb.lproj/Localizable.strings ... 
2663 bytes for ./StripeUICore.bundle/nb.lproj/Localizable.strings
copying file ./StripeUICore.bundle/ca-ES.lproj/Localizable.strings ... 
2739 bytes for ./StripeUICore.bundle/ca-ES.lproj/Localizable.strings
copying file ./StripeUICore.bundle/en-GB.lproj/Localizable.strings ... 
2656 bytes for ./StripeUICore.bundle/en-GB.lproj/Localizable.strings
copying file ./StripeUICore.bundle/es.lproj/Localizable.strings ... 
2789 bytes for ./StripeUICore.bundle/es.lproj/Localizable.strings
copying file ./StripeUICore.bundle/da.lproj/Localizable.strings ... 
2674 bytes for ./StripeUICore.bundle/da.lproj/Localizable.strings
copying file ./StripeUICore.bundle/es-419.lproj/Localizable.strings ... 
2777 bytes for ./StripeUICore.bundle/es-419.lproj/Localizable.strings
copying file ./StripeUICore.bundle/it.lproj/Localizable.strings ... 
2722 bytes for ./StripeUICore.bundle/it.lproj/Localizable.strings
copying file ./StripeUICore.bundle/nn-NO.lproj/Localizable.strings ... 
2621 bytes for ./StripeUICore.bundle/nn-NO.lproj/Localizable.strings
copying file ./StripeUICore.bundle/fr-CA.lproj/Localizable.strings ... 
2740 bytes for ./StripeUICore.bundle/fr-CA.lproj/Localizable.strings
copying file ./StripeUICore.bundle/bg-BG.lproj/Localizable.strings ... 
2968 bytes for ./StripeUICore.bundle/bg-BG.lproj/Localizable.strings
copying file ./StripeUICore.bundle/sv.lproj/Localizable.strings ... 
2679 bytes for ./StripeUICore.bundle/sv.lproj/Localizable.strings
copying file ./StripeUICore.bundle/ko.lproj/Localizable.strings ... 
2714 bytes for ./StripeUICore.bundle/ko.lproj/Localizable.strings
copying file ./StripeUICore.bundle/fil.lproj/Localizable.strings ... 
2702 bytes for ./StripeUICore.bundle/fil.lproj/Localizable.strings
copying file ./StripeUICore.bundle/zh-Hant.lproj/Localizable.strings ... 
2673 bytes for ./StripeUICore.bundle/zh-Hant.lproj/Localizable.strings
copying file ./StripeUICore.bundle/ro-RO.lproj/Localizable.strings ... 
2763 bytes for ./StripeUICore.bundle/ro-RO.lproj/Localizable.strings
copying file ./StripeUICore.bundle/hu.lproj/Localizable.strings ... 
2736 bytes for ./StripeUICore.bundle/hu.lproj/Localizable.strings
copying file ./StripeUICore.bundle/tr.lproj/Localizable.strings ... 
2354 bytes for ./StripeUICore.bundle/tr.lproj/Localizable.strings
copying file ./StripeUICore.bundle/et-EE.lproj/Localizable.strings ... 
2672 bytes for ./StripeUICore.bundle/et-EE.lproj/Localizable.strings
copying file ./StripeUICore.bundle/pt-BR.lproj/Localizable.strings ... 
2736 bytes for ./StripeUICore.bundle/pt-BR.lproj/Localizable.strings
copying file ./StripeUICore.bundle/lv-LV.lproj/Localizable.strings ... 
2799 bytes for ./StripeUICore.bundle/lv-LV.lproj/Localizable.strings
copying file ./StripeUICore.bundle/vi.lproj/Localizable.strings ... 
2830 bytes for ./StripeUICore.bundle/vi.lproj/Localizable.strings
2022-07-04 10:33:12 +0000  copying file ./StripeUICore.bundle/ru.lproj/Localizable.strings ... 
3104 bytes for ./StripeUICore.bundle/ru.lproj/Localizable.strings
copying file ./StripeUICore.bundle/localized_address_data.json ... 
2022-07-04 10:33:12 +0000  18164 bytes for ./StripeUICore.bundle/localized_address_data.json
2022-07-04 10:33:12 +0000  copying file ./StripeUICore.bundle/cs-CZ.lproj/Localizable.strings ... 
2022-07-04 10:33:12 +0000  2751 bytes for ./StripeUICore.bundle/cs-CZ.lproj/Localizable.strings
2022-07-04 10:33:12 +0000  copying file ./StripeUICore.bundle/sk-SK.lproj/Localizable.strings ... 
2022-07-04 10:33:12 +0000  2700 bytes for ./StripeUICore.bundle/sk-SK.lproj/Localizable.strings
2022-07-04 10:33:12 +0000  copying file ./StripeUICore.bundle/sl-SI.lproj/Localizable.strings ... 
2022-07-04 10:33:12 +0000  2760 bytes for ./StripeUICore.bundle/sl-SI.lproj/Localizable.strings
2022-07-04 10:33:12 +0000  copying file ./StripeUICore.bundle/fr.lproj/Localizable.strings ... 
2022-07-04 10:33:12 +0000  2744 bytes for ./StripeUICore.bundle/fr.lproj/Localizable.strings
2022-07-04 10:33:12 +0000  copying file ./StripeUICore.bundle/fi.lproj/Localizable.strings ... 
2022-07-04 10:33:12 +0000  2717 bytes for ./StripeUICore.bundle/fi.lproj/Localizable.strings
2022-07-04 10:33:12 +0000  copying file ./StripeUICore.bundle/id.lproj/Localizable.strings ... 
2022-07-04 10:33:12 +0000  2699 bytes for ./StripeUICore.bundle/id.lproj/Localizable.strings
2022-07-04 10:33:12 +0000  copying file ./StripeUICore.bundle/nl.lproj/Localizable.strings ... 
2022-07-04 10:33:12 +0000  2698 bytes for ./StripeUICore.bundle/nl.lproj/Localizable.strings
2022-07-04 10:33:12 +0000  copying file ./StripeUICore.bundle/pl-PL.lproj/Localizable.strings ... 
2022-07-04 10:33:12 +0000  2729 bytes for ./StripeUICore.bundle/pl-PL.lproj/Localizable.strings
2022-07-04 10:33:12 +0000  copying file ./StripeUICore.bundle/pt-PT.lproj/Localizable.strings ... 
2757 bytes for ./StripeUICore.bundle/pt-PT.lproj/Localizable.strings
copying file ./StripeUICore.bundle/icon_chevron_down@3x.png ... 
481 bytes for ./StripeUICore.bundle/icon_chevron_down@3x.png
copying file ./StripeUICore.bundle/Info.plist ... 
771 bytes for ./StripeUICore.bundle/Info.plist
copying file ./StripeUICore.bundle/hr.lproj/Localizable.strings ... 
2738 bytes for ./StripeUICore.bundle/hr.lproj/Localizable.strings
copying file ./TOCropViewControllerBundle.bundle/de.lproj/TOCropViewControllerLocalizable.strings ... 
189 bytes for ./TOCropViewControllerBundle.bundle/de.lproj/TOCropViewControllerLocalizable.strings
copying file ./TOCropViewControllerBundle.bundle/ar.lproj/TOCropViewControllerLocalizable.strings ... 
207 bytes for ./TOCropViewControllerBundle.bundle/ar.lproj/TOCropViewControllerLocalizable.strings
copying file ./TOCropViewControllerBundle.bundle/zh-Hans.lproj/TOCropViewControllerLocalizable.strings ... 
172 bytes for ./TOCropViewControllerBundle.bundle/zh-Hans.lproj/TOCropViewControllerLocalizable.strings
copying file ./TOCropViewControllerBundle.bundle/ja.lproj/TOCropViewControllerLocalizable.strings ... 
210 bytes for ./TOCropViewControllerBundle.bundle/ja.lproj/TOCropViewControllerLocalizable.strings
copying file ./TOCropViewControllerBundle.bundle/fa.lproj/TOCropViewControllerLocalizable.strings ... 
210 bytes for ./TOCropViewControllerBundle.bundle/fa.lproj/TOCropViewControllerLocalizable.strings
copying file ./TOCropViewControllerBundle.bundle/en.lproj/TOCropViewControllerLocalizable.strings ... 
168 bytes for ./TOCropViewControllerBundle.bundle/en.lproj/TOCropViewControllerLocalizable.strings
copying file ./TOCropViewControllerBundle.bundle/es.lproj/TOCropViewControllerLocalizable.strings ... 
179 bytes for ./TOCropViewControllerBundle.bundle/es.lproj/TOCropViewControllerLocalizable.strings
copying file ./TOCropViewControllerBundle.bundle/it.lproj/TOCropViewControllerLocalizable.strings ... 
181 bytes for ./TOCropViewControllerBundle.bundle/it.lproj/TOCropViewControllerLocalizable.strings
copying file ./TOCropViewControllerBundle.bundle/sk.lproj/TOCropViewControllerLocalizable.strings ... 
176 bytes for ./TOCropViewControllerBundle.bundle/sk.lproj/TOCropViewControllerLocalizable.strings
copying file ./TOCropViewControllerBundle.bundle/ms.lproj/TOCropViewControllerLocalizable.strings ... 
173 bytes for ./TOCropViewControllerBundle.bundle/ms.lproj/TOCropViewControllerLocalizable.strings
copying file ./TOCropViewControllerBundle.bundle/cs.lproj/TOCropViewControllerLocalizable.strings ... 
173 bytes for ./TOCropViewControllerBundle.bundle/cs.lproj/TOCropViewControllerLocalizable.strings
copying file ./TOCropViewControllerBundle.bundle/ko.lproj/TOCropViewControllerLocalizable.strings ... 
187 bytes for ./TOCropViewControllerBundle.bundle/ko.lproj/TOCropViewControllerLocalizable.strings
copying file ./TOCropViewControllerBundle.bundle/Base.lproj/TOCropViewControllerLocalizable.strings ... 
168 bytes for ./TOCropViewControllerBundle.bundle/Base.lproj/TOCropViewControllerLocalizable.strings
copying file ./TOCropViewControllerBundle.bundle/zh-Hant.lproj/TOCropViewControllerLocalizable.strings ... 
175 bytes for ./TOCropViewControllerBundle.bundle/zh-Hant.lproj/TOCropViewControllerLocalizable.strings
copying file ./TOCropViewControllerBundle.bundle/fa-IR.lproj/TOCropViewControllerLocalizable.strings ... 
210 bytes for ./TOCropViewControllerBundle.bundle/fa-IR.lproj/TOCropViewControllerLocalizable.strings
2022-07-04 10:33:12 +0000  copying file ./TOCropViewControllerBundle.bundle/hu.lproj/TOCropViewControllerLocalizable.strings ... 
194 bytes for ./TOCropViewControllerBundle.bundle/hu.lproj/TOCropViewControllerLocalizable.strings
copying file ./TOCropViewControllerBundle.bundle/da-DK.lproj/TOCropViewControllerLocalizable.strings ... 
174 bytes for ./TOCropViewControllerBundle.bundle/da-DK.lproj/TOCropViewControllerLocalizable.strings
copying file ./TOCropViewControllerBundle.bundle/tr.lproj/TOCropViewControllerLocalizable.strings ... 
183 bytes for ./TOCropViewControllerBundle.bundle/tr.lproj/TOCropViewControllerLocalizable.strings
copying file ./TOCropViewControllerBundle.bundle/pl.lproj/TOCropViewControllerLocalizable.strings ... 
171 bytes for ./TOCropViewControllerBundle.bundle/pl.lproj/TOCropViewControllerLocalizable.strings
copying file ./TOCropViewControllerBundle.bundle/pt-BR.lproj/TOCropViewControllerLocalizable.strings ... 
181 bytes for ./TOCropViewControllerBundle.bundle/pt-BR.lproj/TOCropViewControllerLocalizable.strings
copying file ./TOCropViewControllerBundle.bundle/vi.lproj/TOCropViewControllerLocalizable.strings ... 
178 bytes for ./TOCropViewControllerBundle.bundle/vi.lproj/TOCropViewControllerLocalizable.strings
copying file ./TOCropViewControllerBundle.bundle/ru.lproj/TOCropViewControllerLocalizable.strings ... 
237 bytes for ./TOCropViewControllerBundle.bundle/ru.lproj/TOCropViewControllerLocalizable.strings
copying file ./TOCropViewControllerBundle.bundle/fr.lproj/TOCropViewControllerLocalizable.strings ... 
193 bytes for ./TOCropViewControllerBundle.bundle/fr.lproj/TOCropViewControllerLocalizable.strings
copying file ./TOCropViewControllerBundle.bundle/fi.lproj/TOCropViewControllerLocalizable.strings ... 
179 bytes for ./TOCropViewControllerBundle.bundle/fi.lproj/TOCropViewControllerLocalizable.strings
copying file ./TOCropViewControllerBundle.bundle/id.lproj/TOCropViewControllerLocalizable.strings ... 
178 bytes for ./TOCropViewControllerBundle.bundle/id.lproj/TOCropViewControllerLocalizable.strings
copying file ./TOCropViewControllerBundle.bundle/nl.lproj/TOCropViewControllerLocalizable.strings ... 
178 bytes for ./TOCropViewControllerBundle.bundle/nl.lproj/TOCropViewControllerLocalizable.strings
copying file ./TOCropViewControllerBundle.bundle/pt.lproj/TOCropViewControllerLocalizable.strings ... 
181 bytes for ./TOCropViewControllerBundle.bundle/pt.lproj/TOCropViewControllerLocalizable.strings
copying file ./TOCropViewControllerBundle.bundle/ro.lproj/TOCropViewControllerLocalizable.strings ... 
181 bytes for ./TOCropViewControllerBundle.bundle/ro.lproj/TOCropViewControllerLocalizable.strings
copying file ./TOCropViewControllerBundle.bundle/Info.plist ... 
751 bytes for ./TOCropViewControllerBundle.bundle/Info.plist
copying file ./TOCropViewControllerBundle.bundle/ca.lproj/TOCropViewControllerLocalizable.strings ... 
177 bytes for ./TOCropViewControllerBundle.bundle/ca.lproj/TOCropViewControllerLocalizable.strings
copying file ./Frameworks/libswiftPhotos.dylib ... 
468032 bytes for ./Frameworks/libswiftPhotos.dylib
copying file ./Frameworks/libswiftCoreImage.dylib ... 
466576 bytes for ./Frameworks/libswiftCoreImage.dylib
copying file ./Frameworks/Razorpay.framework/_CodeSignature/CodeResources ... 
5030 bytes for ./Frameworks/Razorpay.framework/_CodeSignature/CodeResources
copying file ./Frameworks/Razorpay.framework/Hash.txt ... 
32 bytes for ./Frameworks/Razorpay.framework/Hash.txt
copying file ./Frameworks/Razorpay.framework/EncryptedOtpelf.js ... 
2022-07-04 10:33:12 +0000  87788 bytes for ./Frameworks/Razorpay.framework/EncryptedOtpelf.js
2022-07-04 10:33:12 +0000  copying file ./Frameworks/Razorpay.framework/Checkout.storyboardc/UINavigationController-ODs-ga-9IN.nib/objects-11.0+.nib ... 
2073 bytes for ./Frameworks/Razorpay.framework/Checkout.storyboardc/UINavigationController-ODs-ga-9IN.nib/objects-11.0+.nib
copying file ./Frameworks/Razorpay.framework/Checkout.storyboardc/UINavigationController-ODs-ga-9IN.nib/runtime.nib ... 
2073 bytes for ./Frameworks/Razorpay.framework/Checkout.storyboardc/UINavigationController-ODs-ga-9IN.nib/runtime.nib
copying file ./Frameworks/Razorpay.framework/Checkout.storyboardc/RazorpayCheckoutVC.nib/objects-11.0+.nib ... 
1418 bytes for ./Frameworks/Razorpay.framework/Checkout.storyboardc/RazorpayCheckoutVC.nib/objects-11.0+.nib
copying file ./Frameworks/Razorpay.framework/Checkout.storyboardc/RazorpayCheckoutVC.nib/runtime.nib ... 
1418 bytes for ./Frameworks/Razorpay.framework/Checkout.storyboardc/RazorpayCheckoutVC.nib/runtime.nib
copying file ./Frameworks/Razorpay.framework/Checkout.storyboardc/RBq-mH-fUs-view-vI7-59-shd.nib/objects-11.0+.nib ... 
2694 bytes for ./Frameworks/Razorpay.framework/Checkout.storyboardc/RBq-mH-fUs-view-vI7-59-shd.nib/objects-11.0+.nib
copying file ./Frameworks/Razorpay.framework/Checkout.storyboardc/RBq-mH-fUs-view-vI7-59-shd.nib/runtime.nib ... 
2811 bytes for ./Frameworks/Razorpay.framework/Checkout.storyboardc/RBq-mH-fUs-view-vI7-59-shd.nib/runtime.nib
copying file ./Frameworks/Razorpay.framework/Checkout.storyboardc/Info.plist ... 
333 bytes for ./Frameworks/Razorpay.framework/Checkout.storyboardc/Info.plist
copying file ./Frameworks/Razorpay.framework/Razorpay ... 
2022-07-04 10:33:13 +0000  3630752 bytes for ./Frameworks/Razorpay.framework/Razorpay
copying file ./Frameworks/Razorpay.framework/Info.plist ... 
715 bytes for ./Frameworks/Razorpay.framework/Info.plist
copying file ./Frameworks/libswiftObjectiveC.dylib ... 
679680 bytes for ./Frameworks/libswiftObjectiveC.dylib
copying file ./Frameworks/libswiftVision.dylib ... 
467840 bytes for ./Frameworks/libswiftVision.dylib
copying file ./Frameworks/libswiftCore.dylib ... 
2022-07-04 10:33:22 +0000  95497584 bytes for ./Frameworks/libswiftCore.dylib
2022-07-04 10:33:22 +0000  copying file ./Frameworks/ChatSDK.framework/_CodeSignature/CodeResources ... 
17346 bytes for ./Frameworks/ChatSDK.framework/_CodeSignature/CodeResources
copying file ./Frameworks/ChatSDK.framework/ChatSDK ... 
2022-07-04 10:33:22 +0000  1991168 bytes for ./Frameworks/ChatSDK.framework/ChatSDK
2022-07-04 10:33:22 +0000  copying file ./Frameworks/ChatSDK.framework/Info.plist ... 
701 bytes for ./Frameworks/ChatSDK.framework/Info.plist
copying file ./Frameworks/ChatSDK.framework/ChatStrings/de.lproj/Localizable.strings ... 
2022-07-04 10:33:22 +0000  4377 bytes for ./Frameworks/ChatSDK.framework/ChatStrings/de.lproj/Localizable.strings
2022-07-04 10:33:22 +0000  copying file ./Frameworks/ChatSDK.framework/ChatStrings/he.lproj/Localizable.strings ... 
2022-07-04 10:33:22 +0000  4688 bytes for ./Frameworks/ChatSDK.framework/ChatStrings/he.lproj/Localizable.strings
2022-07-04 10:33:22 +0000  copying file ./Frameworks/ChatSDK.framework/ChatStrings/ar.lproj/Localizable.strings ... 
2022-07-04 10:33:22 +0000  4909 bytes for ./Frameworks/ChatSDK.framework/ChatStrings/ar.lproj/Localizable.strings
2022-07-04 10:33:22 +0000  copying file ./Frameworks/ChatSDK.framework/ChatStrings/el.lproj/Localizable.strings ... 
2022-07-04 10:33:22 +0000  6085 bytes for ./Frameworks/ChatSDK.framework/ChatStrings/el.lproj/Localizable.strings
2022-07-04 10:33:22 +0000  copying file ./Frameworks/ChatSDK.framework/ChatStrings/zh-Hans.lproj/Localizable.strings ... 
2022-07-04 10:33:22 +0000  4178 bytes for ./Frameworks/ChatSDK.framework/ChatStrings/zh-Hans.lproj/Localizable.strings
2022-07-04 10:33:22 +0000  copying file ./Frameworks/ChatSDK.framework/ChatStrings/ja.lproj/Localizable.strings ... 
2022-07-04 10:33:22 +0000  5196 bytes for ./Frameworks/ChatSDK.framework/ChatStrings/ja.lproj/Localizable.strings
2022-07-04 10:33:22 +0000  copying file ./Frameworks/ChatSDK.framework/ChatStrings/en.lproj/Localizable.strings ... 
2022-07-04 10:33:22 +0000  4125 bytes for ./Frameworks/ChatSDK.framework/ChatStrings/en.lproj/Localizable.strings
2022-07-04 10:33:22 +0000  copying file ./Frameworks/ChatSDK.framework/ChatStrings/nb.lproj/Localizable.strings ... 
2022-07-04 10:33:22 +0000  4242 bytes for ./Frameworks/ChatSDK.framework/ChatStrings/nb.lproj/Localizable.strings
2022-07-04 10:33:22 +0000  copying file ./Frameworks/ChatSDK.framework/ChatStrings/en-GB.lproj/Localizable.strings ... 
2022-07-04 10:33:22 +0000  4125 bytes for ./Frameworks/ChatSDK.framework/ChatStrings/en-GB.lproj/Localizable.strings
2022-07-04 10:33:22 +0000  copying file ./Frameworks/ChatSDK.framework/ChatStrings/es.lproj/Localizable.strings ... 
2022-07-04 10:33:22 +0000  4482 bytes for ./Frameworks/ChatSDK.framework/ChatStrings/es.lproj/Localizable.strings
2022-07-04 10:33:22 +0000  copying file ./Frameworks/ChatSDK.framework/ChatStrings/da.lproj/Localizable.strings ... 
2022-07-04 10:33:22 +0000  4198 bytes for ./Frameworks/ChatSDK.framework/ChatStrings/da.lproj/Localizable.strings
2022-07-04 10:33:22 +0000  copying file ./Frameworks/ChatSDK.framework/ChatStrings/it.lproj/Localizable.strings ... 
2022-07-04 10:33:22 +0000  4326 bytes for ./Frameworks/ChatSDK.framework/ChatStrings/it.lproj/Localizable.strings
2022-07-04 10:33:22 +0000  copying file ./Frameworks/ChatSDK.framework/ChatStrings/bg.lproj/Localizable.strings ... 
2022-07-04 10:33:22 +0000  5375 bytes for ./Frameworks/ChatSDK.framework/ChatStrings/bg.lproj/Localizable.strings
copying file ./Frameworks/ChatSDK.framework/ChatStrings/fr-CA.lproj/Localizable.strings ... 
2022-07-04 10:33:22 +0000  4656 bytes for ./Frameworks/ChatSDK.framework/ChatStrings/fr-CA.lproj/Localizable.strings
2022-07-04 10:33:22 +0000  copying file ./Frameworks/ChatSDK.framework/ChatStrings/ms.lproj/Localizable.strings ... 
2022-07-04 10:33:22 +0000  4370 bytes for ./Frameworks/ChatSDK.framework/ChatStrings/ms.lproj/Localizable.strings
2022-07-04 10:33:22 +0000  copying file ./Frameworks/ChatSDK.framework/ChatStrings/sv.lproj/Localizable.strings ... 
2022-07-04 10:33:22 +0000  4168 bytes for ./Frameworks/ChatSDK.framework/ChatStrings/sv.lproj/Localizable.strings
2022-07-04 10:33:22 +0000  copying file ./Frameworks/ChatSDK.framework/ChatStrings/cs.lproj/Localizable.strings ... 
2022-07-04 10:33:22 +0000  4283 bytes for ./Frameworks/ChatSDK.framework/ChatStrings/cs.lproj/Localizable.strings
2022-07-04 10:33:22 +0000  copying file ./Frameworks/ChatSDK.framework/ChatStrings/ko.lproj/Localizable.strings ... 
2022-07-04 10:33:22 +0000  4668 bytes for ./Frameworks/ChatSDK.framework/ChatStrings/ko.lproj/Localizable.strings
2022-07-04 10:33:22 +0000  copying file ./Frameworks/ChatSDK.framework/ChatStrings/fil.lproj/Localizable.strings ... 
2022-07-04 10:33:22 +0000  4301 bytes for ./Frameworks/ChatSDK.framework/ChatStrings/fil.lproj/Localizable.strings
2022-07-04 10:33:22 +0000  copying file ./Frameworks/ChatSDK.framework/ChatStrings/zh-Hant.lproj/Localizable.strings ... 
2022-07-04 10:33:22 +0000  4102 bytes for ./Frameworks/ChatSDK.framework/ChatStrings/zh-Hant.lproj/Localizable.strings
2022-07-04 10:33:22 +0000  copying file ./Frameworks/ChatSDK.framework/ChatStrings/hu.lproj/Localizable.strings ... 
2022-07-04 10:33:22 +0000  4417 bytes for ./Frameworks/ChatSDK.framework/ChatStrings/hu.lproj/Localizable.strings
2022-07-04 10:33:22 +0000  copying file ./Frameworks/ChatSDK.framework/ChatStrings/tr.lproj/Localizable.strings ... 
2022-07-04 10:33:22 +0000  4367 bytes for ./Frameworks/ChatSDK.framework/ChatStrings/tr.lproj/Localizable.strings
2022-07-04 10:33:22 +0000  copying file ./Frameworks/ChatSDK.framework/ChatStrings/pl.lproj/Localizable.strings ... 
2022-07-04 10:33:22 +0000  4308 bytes for ./Frameworks/ChatSDK.framework/ChatStrings/pl.lproj/Localizable.strings
2022-07-04 10:33:22 +0000  copying file ./Frameworks/ChatSDK.framework/ChatStrings/pt-BR.lproj/Localizable.strings ... 
2022-07-04 10:33:22 +0000  4251 bytes for ./Frameworks/ChatSDK.framework/ChatStrings/pt-BR.lproj/Localizable.strings
copying file ./Frameworks/ChatSDK.framework/ChatStrings/vi.lproj/Localizable.strings ... 
2022-07-04 10:33:22 +0000  4953 bytes for ./Frameworks/ChatSDK.framework/ChatStrings/vi.lproj/Localizable.strings
2022-07-04 10:33:22 +0000  copying file ./Frameworks/ChatSDK.framework/ChatStrings/ru.lproj/Localizable.strings ... 
2022-07-04 10:33:22 +0000  5432 bytes for ./Frameworks/ChatSDK.framework/ChatStrings/ru.lproj/Localizable.strings
2022-07-04 10:33:22 +0000  copying file ./Frameworks/ChatSDK.framework/ChatStrings/fr.lproj/Localizable.strings ... 
2022-07-04 10:33:22 +0000  4558 bytes for ./Frameworks/ChatSDK.framework/ChatStrings/fr.lproj/Localizable.strings
copying file ./Frameworks/ChatSDK.framework/ChatStrings/fi.lproj/Localizable.strings ... 
2022-07-04 10:33:22 +0000  4431 bytes for ./Frameworks/ChatSDK.framework/ChatStrings/fi.lproj/Localizable.strings
2022-07-04 10:33:22 +0000  copying file ./Frameworks/ChatSDK.framework/ChatStrings/id.lproj/Localizable.strings ... 
2022-07-04 10:33:22 +0000  4370 bytes for ./Frameworks/ChatSDK.framework/ChatStrings/id.lproj/Localizable.strings
copying file ./Frameworks/ChatSDK.framework/ChatStrings/nl.lproj/Localizable.strings ... 
2022-07-04 10:33:22 +0000  4257 bytes for ./Frameworks/ChatSDK.framework/ChatStrings/nl.lproj/Localizable.strings
2022-07-04 10:33:22 +0000  copying file ./Frameworks/ChatSDK.framework/ChatStrings/th.lproj/Localizable.strings ... 
2022-07-04 10:33:22 +0000  6604 bytes for ./Frameworks/ChatSDK.framework/ChatStrings/th.lproj/Localizable.strings
copying file ./Frameworks/ChatSDK.framework/ChatStrings/pt.lproj/Localizable.strings ... 
2022-07-04 10:33:22 +0000  4251 bytes for ./Frameworks/ChatSDK.framework/ChatStrings/pt.lproj/Localizable.strings
2022-07-04 10:33:22 +0000  copying file ./Frameworks/ChatSDK.framework/ChatStrings/ro.lproj/Localizable.strings ... 
2022-07-04 10:33:22 +0000  4619 bytes for ./Frameworks/ChatSDK.framework/ChatStrings/ro.lproj/Localizable.strings
copying file ./Frameworks/ChatSDK.framework/ChatStrings/Info.plist ... 
2022-07-04 10:33:22 +0000  784 bytes for ./Frameworks/ChatSDK.framework/ChatStrings/Info.plist
2022-07-04 10:33:22 +0000  copying file ./Frameworks/ChatSDK.framework/ChatStrings/hi.lproj/Localizable.strings ... 
2022-07-04 10:33:22 +0000  6716 bytes for ./Frameworks/ChatSDK.framework/ChatStrings/hi.lproj/Localizable.strings
copying file ./Frameworks/libswiftCoreGraphics.dylib ... 
2022-07-04 10:33:23 +0000  2041040 bytes for ./Frameworks/libswiftCoreGraphics.dylib
copying file ./Frameworks/libswiftUIKit.dylib ... 
1608800 bytes for ./Frameworks/libswiftUIKit.dylib
copying file ./Frameworks/libswiftMetal.dylib ... 
724416 bytes for ./Frameworks/libswiftMetal.dylib
copying file ./Frameworks/libswiftCoreData.dylib ... 
2022-07-04 10:33:23 +0000  994896 bytes for ./Frameworks/libswiftCoreData.dylib
copying file ./Frameworks/CommonUISDK.framework/_CodeSignature/CodeResources ... 
17904 bytes for ./Frameworks/CommonUISDK.framework/_CodeSignature/CodeResources
copying file ./Frameworks/CommonUISDK.framework/CommonUISDK ... 
2022-07-04 10:33:23 +0000  7642640 bytes for ./Frameworks/CommonUISDK.framework/CommonUISDK
copying file ./Frameworks/CommonUISDK.framework/CommonUIStrings/de.lproj/Localizable.strings ... 
1804 bytes for ./Frameworks/CommonUISDK.framework/CommonUIStrings/de.lproj/Localizable.strings
2022-07-04 10:33:23 +0000  copying file ./Frameworks/CommonUISDK.framework/CommonUIStrings/he.lproj/Localizable.strings ... 
1862 bytes for ./Frameworks/CommonUISDK.framework/CommonUIStrings/he.lproj/Localizable.strings
copying file ./Frameworks/CommonUISDK.framework/CommonUIStrings/ar.lproj/Localizable.strings ... 
1939 bytes for ./Frameworks/CommonUISDK.framework/CommonUIStrings/ar.lproj/Localizable.strings
copying file ./Frameworks/CommonUISDK.framework/CommonUIStrings/el.lproj/Localizable.strings ... 
2203 bytes for ./Frameworks/CommonUISDK.framework/CommonUIStrings/el.lproj/Localizable.strings
copying file ./Frameworks/CommonUISDK.framework/CommonUIStrings/zh-Hans.lproj/Localizable.strings ... 
1714 bytes for ./Frameworks/CommonUISDK.framework/CommonUIStrings/zh-Hans.lproj/Localizable.strings
copying file ./Frameworks/CommonUISDK.framework/CommonUIStrings/ja.lproj/Localizable.strings ... 
1915 bytes for ./Frameworks/CommonUISDK.framework/CommonUIStrings/ja.lproj/Localizable.strings
2022-07-04 10:33:23 +0000  copying file ./Frameworks/CommonUISDK.framework/CommonUIStrings/en.lproj/Localizable.strings ... 
2022-07-04 10:33:23 +0000  1668 bytes for ./Frameworks/CommonUISDK.framework/CommonUIStrings/en.lproj/Localizable.strings
copying file ./Frameworks/CommonUISDK.framework/CommonUIStrings/nb.lproj/Localizable.strings ... 
1751 bytes for ./Frameworks/CommonUISDK.framework/CommonUIStrings/nb.lproj/Localizable.strings
copying file ./Frameworks/CommonUISDK.framework/CommonUIStrings/en-GB.lproj/Localizable.strings ... 
2022-07-04 10:33:23 +0000  1669 bytes for ./Frameworks/CommonUISDK.framework/CommonUIStrings/en-GB.lproj/Localizable.strings
2022-07-04 10:33:23 +0000  copying file ./Frameworks/CommonUISDK.framework/CommonUIStrings/es.lproj/Localizable.strings ... 
1812 bytes for ./Frameworks/CommonUISDK.framework/CommonUIStrings/es.lproj/Localizable.strings
copying file ./Frameworks/CommonUISDK.framework/CommonUIStrings/da.lproj/Localizable.strings ... 
2022-07-04 10:33:23 +0000  1764 bytes for ./Frameworks/CommonUISDK.framework/CommonUIStrings/da.lproj/Localizable.strings
copying file ./Frameworks/CommonUISDK.framework/CommonUIStrings/it.lproj/Localizable.strings ... 
2022-07-04 10:33:23 +0000  1722 bytes for ./Frameworks/CommonUISDK.framework/CommonUIStrings/it.lproj/Localizable.strings
copying file ./Frameworks/CommonUISDK.framework/CommonUIStrings/bg.lproj/Localizable.strings ... 
2207 bytes for ./Frameworks/CommonUISDK.framework/CommonUIStrings/bg.lproj/Localizable.strings
copying file ./Frameworks/CommonUISDK.framework/CommonUIStrings/fr-CA.lproj/Localizable.strings ... 
1809 bytes for ./Frameworks/CommonUISDK.framework/CommonUIStrings/fr-CA.lproj/Localizable.strings
2022-07-04 10:33:23 +0000  copying file ./Frameworks/CommonUISDK.framework/CommonUIStrings/ms.lproj/Localizable.strings ... 
2022-07-04 10:33:23 +0000  1745 bytes for ./Frameworks/CommonUISDK.framework/CommonUIStrings/ms.lproj/Localizable.strings
2022-07-04 10:33:23 +0000  copying file ./Frameworks/CommonUISDK.framework/CommonUIStrings/sv.lproj/Localizable.strings ... 
2022-07-04 10:33:23 +0000  1740 bytes for ./Frameworks/CommonUISDK.framework/CommonUIStrings/sv.lproj/Localizable.strings
2022-07-04 10:33:23 +0000  copying file ./Frameworks/CommonUISDK.framework/CommonUIStrings/cs.lproj/Localizable.strings ... 
2022-07-04 10:33:23 +0000  1774 bytes for ./Frameworks/CommonUISDK.framework/CommonUIStrings/cs.lproj/Localizable.strings
2022-07-04 10:33:23 +0000  copying file ./Frameworks/CommonUISDK.framework/CommonUIStrings/ko.lproj/Localizable.strings ... 
2022-07-04 10:33:23 +0000  1856 bytes for ./Frameworks/CommonUISDK.framework/CommonUIStrings/ko.lproj/Localizable.strings
copying file ./Frameworks/CommonUISDK.framework/CommonUIStrings/fil.lproj/Localizable.strings ... 
2022-07-04 10:33:23 +0000  1811 bytes for ./Frameworks/CommonUISDK.framework/CommonUIStrings/fil.lproj/Localizable.strings
2022-07-04 10:33:23 +0000  copying file ./Frameworks/CommonUISDK.framework/CommonUIStrings/zh-Hant.lproj/Localizable.strings ... 
2022-07-04 10:33:23 +0000  1676 bytes for ./Frameworks/CommonUISDK.framework/CommonUIStrings/zh-Hant.lproj/Localizable.strings
2022-07-04 10:33:23 +0000  copying file ./Frameworks/CommonUISDK.framework/CommonUIStrings/hu.lproj/Localizable.strings ... 
2022-07-04 10:33:23 +0000  1768 bytes for ./Frameworks/CommonUISDK.framework/CommonUIStrings/hu.lproj/Localizable.strings
2022-07-04 10:33:23 +0000  copying file ./Frameworks/CommonUISDK.framework/CommonUIStrings/tr.lproj/Localizable.strings ... 
2022-07-04 10:33:23 +0000  1733 bytes for ./Frameworks/CommonUISDK.framework/CommonUIStrings/tr.lproj/Localizable.strings
copying file ./Frameworks/CommonUISDK.framework/CommonUIStrings/pl.lproj/Localizable.strings ... 
2022-07-04 10:33:23 +0000  1769 bytes for ./Frameworks/CommonUISDK.framework/CommonUIStrings/pl.lproj/Localizable.strings
2022-07-04 10:33:23 +0000  copying file ./Frameworks/CommonUISDK.framework/CommonUIStrings/pt-BR.lproj/Localizable.strings ... 
2022-07-04 10:33:23 +0000  1740 bytes for ./Frameworks/CommonUISDK.framework/CommonUIStrings/pt-BR.lproj/Localizable.strings
2022-07-04 10:33:23 +0000  copying file ./Frameworks/CommonUISDK.framework/CommonUIStrings/vi.lproj/Localizable.strings ... 
2022-07-04 10:33:23 +0000  1898 bytes for ./Frameworks/CommonUISDK.framework/CommonUIStrings/vi.lproj/Localizable.strings
2022-07-04 10:33:23 +0000  copying file ./Frameworks/CommonUISDK.framework/CommonUIStrings/ru.lproj/Localizable.strings ... 
2022-07-04 10:33:23 +0000  2164 bytes for ./Frameworks/CommonUISDK.framework/CommonUIStrings/ru.lproj/Localizable.strings
2022-07-04 10:33:23 +0000  copying file ./Frameworks/CommonUISDK.framework/CommonUIStrings/fr.lproj/Localizable.strings ... 
2022-07-04 10:33:23 +0000  1802 bytes for ./Frameworks/CommonUISDK.framework/CommonUIStrings/fr.lproj/Localizable.strings
copying file ./Frameworks/CommonUISDK.framework/CommonUIStrings/fi.lproj/Localizable.strings ... 
2022-07-04 10:33:23 +0000  1783 bytes for ./Frameworks/CommonUISDK.framework/CommonUIStrings/fi.lproj/Localizable.strings
2022-07-04 10:33:23 +0000  copying file ./Frameworks/CommonUISDK.framework/CommonUIStrings/id.lproj/Localizable.strings ... 
2022-07-04 10:33:23 +0000  1736 bytes for ./Frameworks/CommonUISDK.framework/CommonUIStrings/id.lproj/Localizable.strings
2022-07-04 10:33:23 +0000  copying file ./Frameworks/CommonUISDK.framework/CommonUIStrings/nl.lproj/Localizable.strings ... 
2022-07-04 10:33:23 +0000  1779 bytes for ./Frameworks/CommonUISDK.framework/CommonUIStrings/nl.lproj/Localizable.strings
2022-07-04 10:33:23 +0000  copying file ./Frameworks/CommonUISDK.framework/CommonUIStrings/th.lproj/Localizable.strings ... 
2022-07-04 10:33:23 +0000  2300 bytes for ./Frameworks/CommonUISDK.framework/CommonUIStrings/th.lproj/Localizable.strings
copying file ./Frameworks/CommonUISDK.framework/CommonUIStrings/pt.lproj/Localizable.strings ... 
2022-07-04 10:33:23 +0000  1740 bytes for ./Frameworks/CommonUISDK.framework/CommonUIStrings/pt.lproj/Localizable.strings
copying file ./Frameworks/CommonUISDK.framework/CommonUIStrings/ro.lproj/Localizable.strings ... 
2022-07-04 10:33:23 +0000  1788 bytes for ./Frameworks/CommonUISDK.framework/CommonUIStrings/ro.lproj/Localizable.strings
copying file ./Frameworks/CommonUISDK.framework/CommonUIStrings/Info.plist ... 
2022-07-04 10:33:23 +0000  763 bytes for ./Frameworks/CommonUISDK.framework/CommonUIStrings/Info.plist
copying file ./Frameworks/CommonUISDK.framework/CommonUIStrings/hi.lproj/Localizable.strings ... 
2022-07-04 10:33:23 +0000  2663 bytes for ./Frameworks/CommonUISDK.framework/CommonUIStrings/hi.lproj/Localizable.strings
copying file ./Frameworks/CommonUISDK.framework/Assets.car ... 
2022-07-04 10:33:23 +0000  304095 bytes for ./Frameworks/CommonUISDK.framework/Assets.car
copying file ./Frameworks/CommonUISDK.framework/Info.plist ... 
2022-07-04 10:33:23 +0000  713 bytes for ./Frameworks/CommonUISDK.framework/Info.plist
copying file ./Frameworks/libswiftDispatch.dylib ... 
2022-07-04 10:33:23 +0000  4056912 bytes for ./Frameworks/libswiftDispatch.dylib
copying file ./Frameworks/libswiftos.dylib ... 
2022-07-04 10:33:23 +0000  857184 bytes for ./Frameworks/libswiftos.dylib
copying file ./Frameworks/SDKConfigurations.framework/_CodeSignature/CodeResources ... 
1798 bytes for ./Frameworks/SDKConfigurations.framework/_CodeSignature/CodeResources
copying file ./Frameworks/SDKConfigurations.framework/SDKConfigurations ... 
337392 bytes for ./Frameworks/SDKConfigurations.framework/SDKConfigurations
copying file ./Frameworks/SDKConfigurations.framework/Info.plist ... 
728 bytes for ./Frameworks/SDKConfigurations.framework/Info.plist
copying file ./Frameworks/libswiftCoreFoundation.dylib ... 
450384 bytes for ./Frameworks/libswiftCoreFoundation.dylib
copying file ./Frameworks/RegulaCommon.framework/_CodeSignature/CodeResources ... 
1798 bytes for ./Frameworks/RegulaCommon.framework/_CodeSignature/CodeResources
copying file ./Frameworks/RegulaCommon.framework/RegulaCommon ... 
1152288 bytes for ./Frameworks/RegulaCommon.framework/RegulaCommon
copying file ./Frameworks/RegulaCommon.framework/Info.plist ... 
1385 bytes for ./Frameworks/RegulaCommon.framework/Info.plist
copying file ./Frameworks/libswiftDarwin.dylib ... 
2022-07-04 10:33:23 +0000  1091440 bytes for ./Frameworks/libswiftDarwin.dylib
copying file ./Frameworks/libswiftContacts.dylib ... 
660704 bytes for ./Frameworks/libswiftContacts.dylib
copying file ./Frameworks/FaceSDK.framework/_CodeSignature/CodeResources ... 
17651 bytes for ./Frameworks/FaceSDK.framework/_CodeSignature/CodeResources
copying file ./Frameworks/FaceSDK.framework/FaceSDK ... 
2022-07-04 10:33:23 +0000  2684352 bytes for ./Frameworks/FaceSDK.framework/FaceSDK
copying file ./Frameworks/FaceSDK.framework/FaceSDK.bundle/de.lproj/FaceSDK.strings ... 
1820 bytes for ./Frameworks/FaceSDK.framework/FaceSDK.bundle/de.lproj/FaceSDK.strings
copying file ./Frameworks/FaceSDK.framework/FaceSDK.bundle/he.lproj/FaceSDK.strings ... 
1548 bytes for ./Frameworks/FaceSDK.framework/FaceSDK.bundle/he.lproj/FaceSDK.strings
copying file ./Frameworks/FaceSDK.framework/FaceSDK.bundle/ar.lproj/FaceSDK.strings ... 
1682 bytes for ./Frameworks/FaceSDK.framework/FaceSDK.bundle/ar.lproj/FaceSDK.strings
copying file ./Frameworks/FaceSDK.framework/FaceSDK.bundle/el.lproj/FaceSDK.strings ... 
1782 bytes for ./Frameworks/FaceSDK.framework/FaceSDK.bundle/el.lproj/FaceSDK.strings
copying file ./Frameworks/FaceSDK.framework/FaceSDK.bundle/zh-Hans.lproj/FaceSDK.strings ... 
1198 bytes for ./Frameworks/FaceSDK.framework/FaceSDK.bundle/zh-Hans.lproj/FaceSDK.strings
copying file ./Frameworks/FaceSDK.framework/FaceSDK.bundle/ja.lproj/FaceSDK.strings ... 
1418 bytes for ./Frameworks/FaceSDK.framework/FaceSDK.bundle/ja.lproj/FaceSDK.strings
copying file ./Frameworks/FaceSDK.framework/FaceSDK.bundle/torch-off.png ... 
1435 bytes for ./Frameworks/FaceSDK.framework/FaceSDK.bundle/torch-off.png
2022-07-04 10:33:23 +0000  copying file ./Frameworks/FaceSDK.framework/FaceSDK.bundle/en.lproj/FaceSDK.strings ... 
1664 bytes for ./Frameworks/FaceSDK.framework/FaceSDK.bundle/en.lproj/FaceSDK.strings
copying file ./Frameworks/FaceSDK.framework/FaceSDK.bundle/es.lproj/FaceSDK.strings ... 
1748 bytes for ./Frameworks/FaceSDK.framework/FaceSDK.bundle/es.lproj/FaceSDK.strings
copying file ./Frameworks/FaceSDK.framework/FaceSDK.bundle/it.lproj/FaceSDK.strings ... 
1794 bytes for ./Frameworks/FaceSDK.framework/FaceSDK.bundle/it.lproj/FaceSDK.strings
copying file ./Frameworks/FaceSDK.framework/FaceSDK.bundle/ms.lproj/FaceSDK.strings ... 
1704 bytes for ./Frameworks/FaceSDK.framework/FaceSDK.bundle/ms.lproj/FaceSDK.strings
copying file ./Frameworks/FaceSDK.framework/FaceSDK.bundle/torch-on@2x.png ... 
2416 bytes for ./Frameworks/FaceSDK.framework/FaceSDK.bundle/torch-on@2x.png
copying file ./Frameworks/FaceSDK.framework/FaceSDK.bundle/torch-on@3x.png ... 
3222 bytes for ./Frameworks/FaceSDK.framework/FaceSDK.bundle/torch-on@3x.png
copying file ./Frameworks/FaceSDK.framework/FaceSDK.bundle/sv.lproj/FaceSDK.strings ... 
1708 bytes for ./Frameworks/FaceSDK.framework/FaceSDK.bundle/sv.lproj/FaceSDK.strings
copying file ./Frameworks/FaceSDK.framework/FaceSDK.bundle/cs.lproj/FaceSDK.strings ... 
1748 bytes for ./Frameworks/FaceSDK.framework/FaceSDK.bundle/cs.lproj/FaceSDK.strings
copying file ./Frameworks/FaceSDK.framework/FaceSDK.bundle/ko.lproj/FaceSDK.strings ... 
2022-07-04 10:33:23 +0000  1368 bytes for ./Frameworks/FaceSDK.framework/FaceSDK.bundle/ko.lproj/FaceSDK.strings
copying file ./Frameworks/FaceSDK.framework/FaceSDK.bundle/zh-Hant.lproj/FaceSDK.strings ... 
2022-07-04 10:33:23 +0000  1198 bytes for ./Frameworks/FaceSDK.framework/FaceSDK.bundle/zh-Hant.lproj/FaceSDK.strings
2022-07-04 10:33:23 +0000  copying file ./Frameworks/FaceSDK.framework/FaceSDK.bundle/bn-BD.lproj/FaceSDK.strings ... 
2022-07-04 10:33:23 +0000  1732 bytes for ./Frameworks/FaceSDK.framework/FaceSDK.bundle/bn-BD.lproj/FaceSDK.strings
2022-07-04 10:33:23 +0000  copying file ./Frameworks/FaceSDK.framework/FaceSDK.bundle/camera-swap@3x.png ... 
2022-07-04 10:33:23 +0000  5487 bytes for ./Frameworks/FaceSDK.framework/FaceSDK.bundle/camera-swap@3x.png
2022-07-04 10:33:23 +0000  copying file ./Frameworks/FaceSDK.framework/FaceSDK.bundle/bn-IN.lproj/FaceSDK.strings ... 
2022-07-04 10:33:23 +0000  1732 bytes for ./Frameworks/FaceSDK.framework/FaceSDK.bundle/bn-IN.lproj/FaceSDK.strings
2022-07-04 10:33:23 +0000  copying file ./Frameworks/FaceSDK.framework/FaceSDK.bundle/tr.lproj/FaceSDK.strings ... 
1712 bytes for ./Frameworks/FaceSDK.framework/FaceSDK.bundle/tr.lproj/FaceSDK.strings
copying file ./Frameworks/FaceSDK.framework/FaceSDK.bundle/pl.lproj/FaceSDK.strings ... 
2022-07-04 10:33:23 +0000  1742 bytes for ./Frameworks/FaceSDK.framework/FaceSDK.bundle/pl.lproj/FaceSDK.strings
2022-07-04 10:33:23 +0000  copying file ./Frameworks/FaceSDK.framework/FaceSDK.bundle/torch-on.png ... 
2022-07-04 10:33:23 +0000  1346 bytes for ./Frameworks/FaceSDK.framework/FaceSDK.bundle/torch-on.png
copying file ./Frameworks/FaceSDK.framework/FaceSDK.bundle/vi.lproj/FaceSDK.strings ... 
2022-07-04 10:33:23 +0000  1690 bytes for ./Frameworks/FaceSDK.framework/FaceSDK.bundle/vi.lproj/FaceSDK.strings
copying file ./Frameworks/FaceSDK.framework/FaceSDK.bundle/camera-swap@2x.png ... 
2022-07-04 10:33:23 +0000  5487 bytes for ./Frameworks/FaceSDK.framework/FaceSDK.bundle/camera-swap@2x.png
2022-07-04 10:33:23 +0000  copying file ./Frameworks/FaceSDK.framework/FaceSDK.bundle/ru.lproj/FaceSDK.strings ... 
2022-07-04 10:33:23 +0000  1790 bytes for ./Frameworks/FaceSDK.framework/FaceSDK.bundle/ru.lproj/FaceSDK.strings
2022-07-04 10:33:23 +0000  copying file ./Frameworks/FaceSDK.framework/FaceSDK.bundle/fr.lproj/FaceSDK.strings ... 
2022-07-04 10:33:23 +0000  1702 bytes for ./Frameworks/FaceSDK.framework/FaceSDK.bundle/fr.lproj/FaceSDK.strings
2022-07-04 10:33:23 +0000  copying file ./Frameworks/FaceSDK.framework/FaceSDK.bundle/fi.lproj/FaceSDK.strings ... 
2022-07-04 10:33:23 +0000  1692 bytes for ./Frameworks/FaceSDK.framework/FaceSDK.bundle/fi.lproj/FaceSDK.strings
copying file ./Frameworks/FaceSDK.framework/FaceSDK.bundle/torch-off@3x.png ... 
2022-07-04 10:33:23 +0000  3858 bytes for ./Frameworks/FaceSDK.framework/FaceSDK.bundle/torch-off@3x.png
2022-07-04 10:33:23 +0000  copying file ./Frameworks/FaceSDK.framework/FaceSDK.bundle/nl.lproj/FaceSDK.strings ... 
2022-07-04 10:33:23 +0000  1772 bytes for ./Frameworks/FaceSDK.framework/FaceSDK.bundle/nl.lproj/FaceSDK.strings
copying file ./Frameworks/FaceSDK.framework/FaceSDK.bundle/th.lproj/FaceSDK.strings ... 
2022-07-04 10:33:23 +0000  1660 bytes for ./Frameworks/FaceSDK.framework/FaceSDK.bundle/th.lproj/FaceSDK.strings
2022-07-04 10:33:23 +0000  copying file ./Frameworks/FaceSDK.framework/FaceSDK.bundle/pt.lproj/FaceSDK.strings ... 
2022-07-04 10:33:23 +0000  1728 bytes for ./Frameworks/FaceSDK.framework/FaceSDK.bundle/pt.lproj/FaceSDK.strings
2022-07-04 10:33:23 +0000  copying file ./Frameworks/FaceSDK.framework/FaceSDK.bundle/bn.lproj/FaceSDK.strings ... 
2022-07-04 10:33:23 +0000  1732 bytes for ./Frameworks/FaceSDK.framework/FaceSDK.bundle/bn.lproj/FaceSDK.strings
copying file ./Frameworks/FaceSDK.framework/FaceSDK.bundle/close@3x.png ... 
2022-07-04 10:33:23 +0000  1802 bytes for ./Frameworks/FaceSDK.framework/FaceSDK.bundle/close@3x.png
copying file ./Frameworks/FaceSDK.framework/FaceSDK.bundle/close@2x.png ... 
2022-07-04 10:33:23 +0000  1350 bytes for ./Frameworks/FaceSDK.framework/FaceSDK.bundle/close@2x.png
2022-07-04 10:33:23 +0000  copying file ./Frameworks/FaceSDK.framework/FaceSDK.bundle/camera-swap.png ... 
2022-07-04 10:33:23 +0000  5487 bytes for ./Frameworks/FaceSDK.framework/FaceSDK.bundle/camera-swap.png
2022-07-04 10:33:23 +0000  copying file ./Frameworks/FaceSDK.framework/FaceSDK.bundle/torch-off@2x.png ... 
2022-07-04 10:33:23 +0000  2686 bytes for ./Frameworks/FaceSDK.framework/FaceSDK.bundle/torch-off@2x.png
copying file ./Frameworks/FaceSDK.framework/FaceSDK.bundle/hi.lproj/FaceSDK.strings ... 
2022-07-04 10:33:23 +0000  1676 bytes for ./Frameworks/FaceSDK.framework/FaceSDK.bundle/hi.lproj/FaceSDK.strings
2022-07-04 10:33:23 +0000  copying file ./Frameworks/FaceSDK.framework/FaceSDK.bundle/close.png ... 
2022-07-04 10:33:23 +0000  799 bytes for ./Frameworks/FaceSDK.framework/FaceSDK.bundle/close.png
copying file ./Frameworks/FaceSDK.framework/Info.plist ... 
2022-07-04 10:33:23 +0000  1371 bytes for ./Frameworks/FaceSDK.framework/Info.plist
copying file ./Frameworks/libswiftQuartzCore.dylib ... 
2022-07-04 10:33:23 +0000  486352 bytes for ./Frameworks/libswiftQuartzCore.dylib
copying file ./Frameworks/libswiftCoreAudio.dylib ... 
2022-07-04 10:33:23 +0000  836048 bytes for ./Frameworks/libswiftCoreAudio.dylib
2022-07-04 10:33:23 +0000  copying file ./Frameworks/MessagingAPI.framework/_CodeSignature/CodeResources ... 
2022-07-04 10:33:23 +0000  1798 bytes for ./Frameworks/MessagingAPI.framework/_CodeSignature/CodeResources
2022-07-04 10:33:23 +0000  copying file ./Frameworks/MessagingAPI.framework/MessagingAPI ... 
2022-07-04 10:33:23 +0000  1423440 bytes for ./Frameworks/MessagingAPI.framework/MessagingAPI
2022-07-04 10:33:23 +0000  copying file ./Frameworks/MessagingAPI.framework/Info.plist ... 
715 bytes for ./Frameworks/MessagingAPI.framework/Info.plist
copying file ./Frameworks/libswiftAVFoundation.dylib ... 
2022-07-04 10:33:23 +0000  1652096 bytes for ./Frameworks/libswiftAVFoundation.dylib
2022-07-04 10:33:23 +0000  copying file ./Frameworks/MessagingSDK.framework/_CodeSignature/CodeResources ... 
18184 bytes for ./Frameworks/MessagingSDK.framework/_CodeSignature/CodeResources
copying file ./Frameworks/MessagingSDK.framework/MessagingSDK ... 
1339872 bytes for ./Frameworks/MessagingSDK.framework/MessagingSDK
copying file ./Frameworks/MessagingSDK.framework/Assets.car ... 
2022-07-04 10:33:23 +0000  46495 bytes for ./Frameworks/MessagingSDK.framework/Assets.car
copying file ./Frameworks/MessagingSDK.framework/Info.plist ... 
2022-07-04 10:33:23 +0000  715 bytes for ./Frameworks/MessagingSDK.framework/Info.plist
2022-07-04 10:33:23 +0000  copying file ./Frameworks/MessagingSDK.framework/MessagingSDKStrings/de.lproj/Localizable.strings ... 
2022-07-04 10:33:23 +0000  359 bytes for ./Frameworks/MessagingSDK.framework/MessagingSDKStrings/de.lproj/Localizable.strings
copying file ./Frameworks/MessagingSDK.framework/MessagingSDKStrings/he.lproj/Localizable.strings ... 
2022-07-04 10:33:23 +0000  389 bytes for ./Frameworks/MessagingSDK.framework/MessagingSDKStrings/he.lproj/Localizable.strings
2022-07-04 10:33:23 +0000  copying file ./Frameworks/MessagingSDK.framework/MessagingSDKStrings/ar.lproj/Localizable.strings ... 
2022-07-04 10:33:23 +0000  362 bytes for ./Frameworks/MessagingSDK.framework/MessagingSDKStrings/ar.lproj/Localizable.strings
2022-07-04 10:33:23 +0000  copying file ./Frameworks/MessagingSDK.framework/MessagingSDKStrings/el.lproj/Localizable.strings ... 
2022-07-04 10:33:23 +0000  429 bytes for ./Frameworks/MessagingSDK.framework/MessagingSDKStrings/el.lproj/Localizable.strings
2022-07-04 10:33:23 +0000  copying file ./Frameworks/MessagingSDK.framework/MessagingSDKStrings/zh-Hans.lproj/Localizable.strings ... 
2022-07-04 10:33:23 +0000  335 bytes for ./Frameworks/MessagingSDK.framework/MessagingSDKStrings/zh-Hans.lproj/Localizable.strings
copying file ./Frameworks/MessagingSDK.framework/MessagingSDKStrings/ja.lproj/Localizable.strings ... 
2022-07-04 10:33:23 +0000  395 bytes for ./Frameworks/MessagingSDK.framework/MessagingSDKStrings/ja.lproj/Localizable.strings
2022-07-04 10:33:23 +0000  copying file ./Frameworks/MessagingSDK.framework/MessagingSDKStrings/en.lproj/Localizable.strings ... 
2022-07-04 10:33:23 +0000  325 bytes for ./Frameworks/MessagingSDK.framework/MessagingSDKStrings/en.lproj/Localizable.strings
2022-07-04 10:33:23 +0000  copying file ./Frameworks/MessagingSDK.framework/MessagingSDKStrings/nb.lproj/Localizable.strings ... 
2022-07-04 10:33:23 +0000  334 bytes for ./Frameworks/MessagingSDK.framework/MessagingSDKStrings/nb.lproj/Localizable.strings
2022-07-04 10:33:23 +0000  copying file ./Frameworks/MessagingSDK.framework/MessagingSDKStrings/en-GB.lproj/Localizable.strings ... 
2022-07-04 10:33:23 +0000  325 bytes for ./Frameworks/MessagingSDK.framework/MessagingSDKStrings/en-GB.lproj/Localizable.strings
2022-07-04 10:33:23 +0000  copying file ./Frameworks/MessagingSDK.framework/MessagingSDKStrings/es.lproj/Localizable.strings ... 
2022-07-04 10:33:23 +0000  346 bytes for ./Frameworks/MessagingSDK.framework/MessagingSDKStrings/es.lproj/Localizable.strings
copying file ./Frameworks/MessagingSDK.framework/MessagingSDKStrings/da.lproj/Localizable.strings ... 
2022-07-04 10:33:23 +0000  328 bytes for ./Frameworks/MessagingSDK.framework/MessagingSDKStrings/da.lproj/Localizable.strings
2022-07-04 10:33:23 +0000  copying file ./Frameworks/MessagingSDK.framework/MessagingSDKStrings/it.lproj/Localizable.strings ... 
2022-07-04 10:33:23 +0000  354 bytes for ./Frameworks/MessagingSDK.framework/MessagingSDKStrings/it.lproj/Localizable.strings
copying file ./Frameworks/MessagingSDK.framework/MessagingSDKStrings/bg.lproj/Localizable.strings ... 
2022-07-04 10:33:23 +0000  394 bytes for ./Frameworks/MessagingSDK.framework/MessagingSDKStrings/bg.lproj/Localizable.strings
2022-07-04 10:33:23 +0000  copying file ./Frameworks/MessagingSDK.framework/MessagingSDKStrings/fr-CA.lproj/Localizable.strings ... 
2022-07-04 10:33:23 +0000  357 bytes for ./Frameworks/MessagingSDK.framework/MessagingSDKStrings/fr-CA.lproj/Localizable.strings
copying file ./Frameworks/MessagingSDK.framework/MessagingSDKStrings/ms.lproj/Localizable.strings ... 
2022-07-04 10:33:23 +0000  338 bytes for ./Frameworks/MessagingSDK.framework/MessagingSDKStrings/ms.lproj/Localizable.strings
2022-07-04 10:33:23 +0000  copying file ./Frameworks/MessagingSDK.framework/MessagingSDKStrings/sv.lproj/Localizable.strings ... 
2022-07-04 10:33:23 +0000  345 bytes for ./Frameworks/MessagingSDK.framework/MessagingSDKStrings/sv.lproj/Localizable.strings
2022-07-04 10:33:23 +0000  copying file ./Frameworks/MessagingSDK.framework/MessagingSDKStrings/cs.lproj/Localizable.strings ... 
2022-07-04 10:33:23 +0000  349 bytes for ./Frameworks/MessagingSDK.framework/MessagingSDKStrings/cs.lproj/Localizable.strings
2022-07-04 10:33:23 +0000  copying file ./Frameworks/MessagingSDK.framework/MessagingSDKStrings/ko.lproj/Localizable.strings ... 
2022-07-04 10:33:23 +0000  382 bytes for ./Frameworks/MessagingSDK.framework/MessagingSDKStrings/ko.lproj/Localizable.strings
2022-07-04 10:33:23 +0000  copying file ./Frameworks/MessagingSDK.framework/MessagingSDKStrings/fil.lproj/Localizable.strings ... 
2022-07-04 10:33:23 +0000  351 bytes for ./Frameworks/MessagingSDK.framework/MessagingSDKStrings/fil.lproj/Localizable.strings
copying file ./Frameworks/MessagingSDK.framework/MessagingSDKStrings/zh-Hant.lproj/Localizable.strings ... 
2022-07-04 10:33:23 +0000  331 bytes for ./Frameworks/MessagingSDK.framework/MessagingSDKStrings/zh-Hant.lproj/Localizable.strings
2022-07-04 10:33:23 +0000  copying file ./Frameworks/MessagingSDK.framework/MessagingSDKStrings/hu.lproj/Localizable.strings ... 
2022-07-04 10:33:23 +0000  375 bytes for ./Frameworks/MessagingSDK.framework/MessagingSDKStrings/hu.lproj/Localizable.strings
2022-07-04 10:33:23 +0000  copying file ./Frameworks/MessagingSDK.framework/MessagingSDKStrings/tr.lproj/Localizable.strings ... 
2022-07-04 10:33:23 +0000  341 bytes for ./Frameworks/MessagingSDK.framework/MessagingSDKStrings/tr.lproj/Localizable.strings
2022-07-04 10:33:23 +0000  copying file ./Frameworks/MessagingSDK.framework/MessagingSDKStrings/pl.lproj/Localizable.strings ... 
2022-07-04 10:33:23 +0000  359 bytes for ./Frameworks/MessagingSDK.framework/MessagingSDKStrings/pl.lproj/Localizable.strings
copying file ./Frameworks/MessagingSDK.framework/MessagingSDKStrings/pt-BR.lproj/Localizable.strings ... 
330 bytes for ./Frameworks/MessagingSDK.framework/MessagingSDKStrings/pt-BR.lproj/Localizable.strings
2022-07-04 10:33:23 +0000  copying file ./Frameworks/MessagingSDK.framework/MessagingSDKStrings/vi.lproj/Localizable.strings ... 
367 bytes for ./Frameworks/MessagingSDK.framework/MessagingSDKStrings/vi.lproj/Localizable.strings
copying file ./Frameworks/MessagingSDK.framework/MessagingSDKStrings/ru.lproj/Localizable.strings ... 
2022-07-04 10:33:23 +0000  445 bytes for ./Frameworks/MessagingSDK.framework/MessagingSDKStrings/ru.lproj/Localizable.strings
copying file ./Frameworks/MessagingSDK.framework/MessagingSDKStrings/fr.lproj/Localizable.strings ... 
357 bytes for ./Frameworks/MessagingSDK.framework/MessagingSDKStrings/fr.lproj/Localizable.strings
copying file ./Frameworks/MessagingSDK.framework/MessagingSDKStrings/fi.lproj/Localizable.strings ... 
350 bytes for ./Frameworks/MessagingSDK.framework/MessagingSDKStrings/fi.lproj/Localizable.strings
copying file ./Frameworks/MessagingSDK.framework/MessagingSDKStrings/id.lproj/Localizable.strings ... 
2022-07-04 10:33:23 +0000  331 bytes for ./Frameworks/MessagingSDK.framework/MessagingSDKStrings/id.lproj/Localizable.strings
2022-07-04 10:33:23 +0000  copying file ./Frameworks/MessagingSDK.framework/MessagingSDKStrings/nl.lproj/Localizable.strings ... 
358 bytes for ./Frameworks/MessagingSDK.framework/MessagingSDKStrings/nl.lproj/Localizable.strings
copying file ./Frameworks/MessagingSDK.framework/MessagingSDKStrings/th.lproj/Localizable.strings ... 
430 bytes for ./Frameworks/MessagingSDK.framework/MessagingSDKStrings/th.lproj/Localizable.strings
copying file ./Frameworks/MessagingSDK.framework/MessagingSDKStrings/pt.lproj/Localizable.strings ... 
2022-07-04 10:33:23 +0000  330 bytes for ./Frameworks/MessagingSDK.framework/MessagingSDKStrings/pt.lproj/Localizable.strings
2022-07-04 10:33:23 +0000  copying file ./Frameworks/MessagingSDK.framework/MessagingSDKStrings/ro.lproj/Localizable.strings ... 
346 bytes for ./Frameworks/MessagingSDK.framework/MessagingSDKStrings/ro.lproj/Localizable.strings
copying file ./Frameworks/MessagingSDK.framework/MessagingSDKStrings/Info.plist ... 
784 bytes for ./Frameworks/MessagingSDK.framework/MessagingSDKStrings/Info.plist
copying file ./Frameworks/MessagingSDK.framework/MessagingSDKStrings/hi.lproj/Localizable.strings ... 
2022-07-04 10:33:23 +0000  423 bytes for ./Frameworks/MessagingSDK.framework/MessagingSDKStrings/hi.lproj/Localizable.strings
2022-07-04 10:33:23 +0000  copying file ./Frameworks/ChatProvidersSDK.framework/_CodeSignature/CodeResources ... 
1798 bytes for ./Frameworks/ChatProvidersSDK.framework/_CodeSignature/CodeResources
copying file ./Frameworks/ChatProvidersSDK.framework/ChatProvidersSDK ... 
2022-07-04 10:33:24 +0000  13651408 bytes for ./Frameworks/ChatProvidersSDK.framework/ChatProvidersSDK
copying file ./Frameworks/ChatProvidersSDK.framework/Info.plist ... 
726 bytes for ./Frameworks/ChatProvidersSDK.framework/Info.plist
copying file ./Frameworks/libswiftFoundation.dylib ... 
2022-07-04 10:33:30 +0000  43094320 bytes for ./Frameworks/libswiftFoundation.dylib
copying file ./Frameworks/libswiftCoreMedia.dylib ... 
2022-07-04 10:33:30 +0000  794576 bytes for ./Frameworks/libswiftCoreMedia.dylib
copying file ./Frameworks/libswiftCoreLocation.dylib ... 
730224 bytes for ./Frameworks/libswiftCoreLocation.dylib
copying file ./Frameworks/libswiftsimd.dylib ... 
2022-07-04 10:33:30 +0000  4134176 bytes for ./Frameworks/libswiftsimd.dylib
copying file ./embedded.mobileprovision ... 
2022-07-04 10:33:31 +0000  12090 bytes for ./embedded.mobileprovision
copying file ./assets/node_modules/react-native/Libraries/NewAppScreen/components/logo.png ... 
24031 bytes for ./assets/node_modules/react-native/Libraries/NewAppScreen/components/logo.png
copying file ./assets/node_modules/@react-navigation/drawer/src/views/assets/toggle-drawer-icon@3x.png ... 
212 bytes for ./assets/node_modules/@react-navigation/drawer/src/views/assets/toggle-drawer-icon@3x.png
copying file ./assets/node_modules/@react-navigation/drawer/src/views/assets/toggle-drawer-icon@2x.png ... 
163 bytes for ./assets/node_modules/@react-navigation/drawer/src/views/assets/toggle-drawer-icon@2x.png
copying file ./assets/node_modules/@react-navigation/drawer/src/views/assets/toggle-drawer-icon.png ... 
108 bytes for ./assets/node_modules/@react-navigation/drawer/src/views/assets/toggle-drawer-icon.png
copying file ./assets/node_modules/@react-navigation/elements/src/assets/back-icon@3x.png ... 
761 bytes for ./assets/node_modules/@react-navigation/elements/src/assets/back-icon@3x.png
copying file ./assets/node_modules/@react-navigation/elements/src/assets/back-icon@2x.png ... 
405 bytes for ./assets/node_modules/@react-navigation/elements/src/assets/back-icon@2x.png
copying file ./assets/node_modules/@react-navigation/elements/src/assets/back-icon.png ... 
290 bytes for ./assets/node_modules/@react-navigation/elements/src/assets/back-icon.png
copying file ./assets/node_modules/@react-navigation/elements/src/assets/back-icon-mask.png ... 
913 bytes for ./assets/node_modules/@react-navigation/elements/src/assets/back-icon-mask.png
copying file ./assets/node_modules/react-native-dropdown-picker/src/themes/light/icons/tick.png ... 
1214 bytes for ./assets/node_modules/react-native-dropdown-picker/src/themes/light/icons/tick.png
copying file ./assets/node_modules/react-native-dropdown-picker/src/themes/light/icons/arrow-down.png ... 
522 bytes for ./assets/node_modules/react-native-dropdown-picker/src/themes/light/icons/arrow-down.png
copying file ./assets/node_modules/react-native-dropdown-picker/src/themes/light/icons/arrow-up.png ... 
807 bytes for ./assets/node_modules/react-native-dropdown-picker/src/themes/light/icons/arrow-up.png
copying file ./assets/node_modules/react-native-dropdown-picker/src/themes/light/icons/close.png ... 
338 bytes for ./assets/node_modules/react-native-dropdown-picker/src/themes/light/icons/close.png
copying file ./assets/node_modules/react-native-dropdown-picker/src/themes/dark/icons/tick.png ... 
15772 bytes for ./assets/node_modules/react-native-dropdown-picker/src/themes/dark/icons/tick.png
copying file ./assets/node_modules/react-native-dropdown-picker/src/themes/dark/icons/arrow-down.png ... 
15367 bytes for ./assets/node_modules/react-native-dropdown-picker/src/themes/dark/icons/arrow-down.png
copying file ./assets/node_modules/react-native-dropdown-picker/src/themes/dark/icons/arrow-up.png ... 
15500 bytes for ./assets/node_modules/react-native-dropdown-picker/src/themes/dark/icons/arrow-up.png
copying file ./assets/node_modules/react-native-dropdown-picker/src/themes/dark/icons/close.png ... 
15449 bytes for ./assets/node_modules/react-native-dropdown-picker/src/themes/dark/icons/close.png
copying file ./assets/node_modules/react-native-flash-message/src/icons/fm_icon_danger@3x.png ... 
985 bytes for ./assets/node_modules/react-native-flash-message/src/icons/fm_icon_danger@3x.png
copying file ./assets/node_modules/react-native-flash-message/src/icons/fm_icon_success@2x.png ... 
626 bytes for ./assets/node_modules/react-native-flash-message/src/icons/fm_icon_success@2x.png
copying file ./assets/node_modules/react-native-flash-message/src/icons/fm_icon_info.png ... 
275 bytes for ./assets/node_modules/react-native-flash-message/src/icons/fm_icon_info.png
copying file ./assets/node_modules/react-native-flash-message/src/icons/fm_icon_warning@2x.png ... 
547 bytes for ./assets/node_modules/react-native-flash-message/src/icons/fm_icon_warning@2x.png
copying file ./assets/node_modules/react-native-flash-message/src/icons/fm_icon_warning@3x.p
2022-07-04 10:33:31 +0000  ng ... 
712 bytes for ./assets/node_modules/react-native-flash-message/src/icons/fm_icon_warning@3x.png
copying file ./assets/node_modules/react-native-flash-message/src/icons/fm_icon_success.png ... 
329 bytes for ./assets/node_modules/react-native-flash-message/src/icons/fm_icon_success.png
copying file ./assets/node_modules/react-native-flash-message/src/icons/fm_icon_success@3x.png ... 
880 bytes for ./assets/node_modules/react-native-flash-message/src/icons/fm_icon_success@3x.png
copying file ./assets/node_modules/react-native-flash-message/src/icons/fm_icon_danger@2x.png ... 
737 bytes for ./assets/node_modules/react-native-flash-message/src/icons/fm_icon_danger@2x.png
copying file ./assets/node_modules/react-native-flash-message/src/icons/fm_icon_warning.png ... 
306 bytes for ./assets/node_modules/react-native-flash-message/src/icons/fm_icon_warning.png
copying file ./assets/node_modules/react-native-flash-message/src/icons/fm_icon_danger.png ... 
382 bytes for ./assets/node_modules/react-native-flash-message/src/icons/fm_icon_danger.png
copying file ./assets/node_modules/react-native-flash-message/src/icons/fm_icon_info@3x.png ... 
568 bytes for ./assets/node_modules/react-native-flash-message/src/icons/fm_icon_info@3x.png
copying file ./assets/node_modules/react-native-flash-message/src/icons/fm_icon_info@2x.png ... 
435 bytes for ./assets/node_modules/react-native-flash-message/src/icons/fm_icon_info@2x.png
copying file ./assets/node_modules/react-native-calendars/src/calendar/img/previous@2x.png ... 
458 bytes for ./assets/node_modules/react-native-calendars/src/calendar/img/previous@2x.png
copying file ./assets/node_modules/react-native-calendars/src/calendar/img/next@2x.png ... 
462 bytes for ./assets/node_modules/react-native-calendars/src/calendar/img/next@2x.png
copying file ./assets/node_modules/react-native-calendars/src/img/down@3x.png ... 
508 bytes for ./assets/node_modules/react-native-calendars/src/img/down@3x.png
copying file ./assets/node_modules/react-native-calendars/src/img/down@2x.png ... 
354 bytes for ./assets/node_modules/react-native-calendars/src/img/down@2x.png
copying file ./assets/node_modules/react-native-calendars/src/img/up.png ... 
215 bytes for ./assets/node_modules/react-native-calendars/src/img/up.png
copying file ./assets/node_modules/react-native-calendars/src/img/down.png ... 
208 bytes for ./assets/node_modules/react-native-calendars/src/img/down.png
copying file ./assets/node_modules/react-native-calendars/src/img/up@2x.png ... 
347 bytes for ./assets/node_modules/react-native-calendars/src/img/up@2x.png
copying file ./assets/node_modules/react-native-calendars/src/img/up@3x.png ... 
504 bytes for ./assets/node_modules/react-native-calendars/src/img/up@3x.png
copying file ./assets/node_modules/react-native-country-picker-modal/lib/assets/images/close.android.png ... 
2156 bytes for ./assets/node_modules/react-native-country-picker-modal/lib/assets/images/close.android.png
copying file ./assets/node_modules/react-native-country-picker-modal/lib/assets/images/close.png ... 
1204 bytes for ./assets/node_modules/react-native-country-picker-modal/lib/assets/images/close.png
copying file ./assets/src/assets/images/ic_radiobutton@2x.png ... 
807 bytes for ./assets/src/assets/images/ic_radiobutton@2x.png
copying file ./assets/src/assets/images/ic_truck_b.png ... 
1039 bytes for ./assets/src/assets/images/ic_truck_b.png
copying file ./assets/src/assets/images/ic_signature_blue@2x.png ... 
4738 bytes for ./assets/src/assets/images/ic_signature_blue@2x.png
copying file ./assets/src/assets/images/ic_map.png ... 
961 bytes for ./assets/src/assets/images/ic_map.png
copying file ./assets/src/assets/images/ic_analytics.png ... 
996 bytes for ./assets/src/assets/images/ic_analytics.png
copying file ./assets/src/assets/images/ic_quantity@2x.png ... 
1470 bytes for ./assets/src/assets/images/ic_quantity@2x.png
copying file ./assets/src/assets/images/ic_customer.png ... 
372 bytes for ./assets/src/assets/images/ic_customer.png
copying file ./assets/src/assets/images/ic_menu@2x.png ... 
486 b
2022-07-04 10:33:31 +0000  ytes for ./assets/src/assets/images/ic_menu@2x.png
copying file ./assets/src/assets/images/ic_dot@2x.png ... 
386 bytes for ./assets/src/assets/images/ic_dot@2x.png
copying file ./assets/src/assets/images/ic_damagereport@2x.png ... 
1596 bytes for ./assets/src/assets/images/ic_damagereport@2x.png
copying file ./assets/src/assets/images/ic_notes@3x.png ... 
6023 bytes for ./assets/src/assets/images/ic_notes@3x.png
copying file ./assets/src/assets/images/ic_customer@3x.png ... 
869 bytes for ./assets/src/assets/images/ic_customer@3x.png
copying file ./assets/src/assets/images/ic_capture.png ... 
1343 bytes for ./assets/src/assets/images/ic_capture.png
copying file ./assets/src/assets/images/ic_face1@3x.png ... 
7244 bytes for ./assets/src/assets/images/ic_face1@3x.png
copying file ./assets/src/assets/images/ic_navigate@2x.png ... 
1044 bytes for ./assets/src/assets/images/ic_navigate@2x.png
copying file ./assets/src/assets/images/ic_photo@2x.png ... 
3361 bytes for ./assets/src/assets/images/ic_photo@2x.png
copying file ./assets/src/assets/images/ic_bike.png ... 
2057 bytes for ./assets/src/assets/images/ic_bike.png
copying file ./assets/src/assets/images/ic_time@2x.png ... 
1002 bytes for ./assets/src/assets/images/ic_time@2x.png
copying file ./assets/src/assets/images/ic_truck.png ... 
1646 bytes for ./assets/src/assets/images/ic_truck.png
copying file ./assets/src/assets/images/ic_cycle.png ... 
2113 bytes for ./assets/src/assets/images/ic_cycle.png
copying file ./assets/src/assets/images/ic_drpdwn.png ... 
213 bytes for ./assets/src/assets/images/ic_drpdwn.png
copying file ./assets/src/assets/images/ic_dollar@2x.png ... 
1237 bytes for ./assets/src/assets/images/ic_dollar@2x.png
copying file ./assets/src/assets/images/ic_signature@2x.png ... 
2022-07-04 10:33:31 +0000  4323 bytes for ./assets/src/assets/images/ic_signature@2x.png
copying file ./assets/src/assets/images/ic_profile@2x.png ... 
2022-07-04 10:33:31 +0000  1446 bytes for ./assets/src/assets/images/ic_profile@2x.png
copying file ./assets/src/assets/images/ic_radio2@2x.png ... 
2022-07-04 10:33:31 +0000  947 bytes for ./assets/src/assets/images/ic_radio2@2x.png
2022-07-04 10:33:31 +0000  copying file ./assets/src/assets/images/ic_backwd_dark.png ... 
2022-07-04 10:33:31 +0000  342 bytes for ./assets/src/assets/images/ic_backwd_dark.png
copying file ./assets/src/assets/images/ic_barcode@2x.png ... 
718 bytes for ./assets/src/assets/images/ic_barcode@2x.png
copying file ./assets/src/assets/images/ic_car_b@3x.png ... 
2022-07-04 10:33:31 +0000  3878 bytes for ./assets/src/assets/images/ic_car_b@3x.png
2022-07-04 10:33:31 +0000  copying file ./assets/src/assets/images/ic_chat_blue@2x.png ... 
2022-07-04 10:33:31 +0000  4172 bytes for ./assets/src/assets/images/ic_chat_blue@2x.png
copying file ./assets/src/assets/images/ic_task.png ... 
2022-07-04 10:33:31 +0000  394 bytes for ./assets/src/assets/images/ic_task.png
2022-07-04 10:33:31 +0000  copying file ./assets/src/assets/images/ic_reimbursement.png ... 
2022-07-04 10:33:31 +0000  750 bytes for ./assets/src/assets/images/ic_reimbursement.png
2022-07-04 10:33:31 +0000  copying file ./assets/src/assets/images/ic_barcode@3x.png ... 
2022-07-04 10:33:31 +0000  824 bytes for ./assets/src/assets/images/ic_barcode@3x.png
2022-07-04 10:33:31 +0000  copying file ./assets/src/assets/images/ic_car_b@2x.png ... 
2521 bytes for ./assets/src/assets/images/ic_car_b@2x.png
copying file ./assets/src/assets/images/ic_chat_blue@3x.png ... 
2022-07-04 10:33:31 +0000  7190 bytes for ./assets/src/assets/images/ic_chat_blue@3x.png
2022-07-04 10:33:31 +0000  copying file ./assets/src/assets/images/ic_profile@3x.png ... 
2022-07-04 10:33:31 +0000  2268 bytes for ./assets/src/assets/images/ic_profile@3x.png
2022-07-04 10:33:31 +0000  copying file ./assets/src/assets/images/ic_radio2@3x.png ... 
2022-07-04 10:33:31 +0000  1503 bytes for ./assets/src/assets/images/ic_radio2@3x.png
2022-07-04 10:33:31 +0000  copying file ./assets/src/assets/images/ic_list.png ... 
2022-07-04 10:33:31 +0000  578 bytes for ./assets/src/assets/images/ic_list.png
2022-07-04 10:33:31 +0000  copying file ./assets/src/assets/images/ic_dollar@3x.png ... 
2022-07-04 10:33:31 +0000  1838 bytes for ./assets/src/assets/images/ic_dollar@3x.png
2022-07-04 10:33:31 +0000  copying file ./assets/src/assets/images/ic_signature@3x.png ... 
2022-07-04 10:33:31 +0000  7494 bytes for ./assets/src/assets/images/ic_signature@3x.png
2022-07-04 10:33:31 +0000  copying file ./assets/src/assets/images/ic_navigate@3x.png ... 
2022-07-04 10:33:31 +0000  1660 bytes for ./assets/src/assets/images/ic_navigate@3x.png
2022-07-04 10:33:31 +0000  copying file ./assets/src/assets/images/ic_photo@3x.png ... 
5501 bytes for ./assets/src/assets/images/ic_photo@3x.png
copying file ./assets/src/assets/images/ic_time@3x.png ... 
1421 bytes for ./assets/src/assets/images/ic_time@3x.png
copying file ./assets/src/assets/images/ic_face1@2x.png ... 
4486 bytes for ./assets/src/assets/images/ic_face1@2x.png
copying file ./assets/src/assets/images/ic_customer@2x.png ... 
624 bytes for ./assets/src/assets/images/ic_customer@2x.png
copying file ./assets/src/assets/images/ic_notes@2x.png ... 
3504 bytes for ./assets/src/assets/images/ic_notes@2x.png
copying file ./assets/src/assets/images/ic_path.png ... 
1272 bytes for ./assets/src/assets/images/ic_path.png
copying file ./assets/src/assets/images/ic_menu@3x.png ... 
673 bytes for ./assets/src/assets/images/ic_menu@3x.png
copying file ./assets/src/assets/images/ic_dot@3x.png ... 
556 bytes for ./assets/src/assets/images/ic_dot@3x.png
copying file ./assets/src/assets/images/ic_damagereport@3x.png ... 
2490 bytes for ./assets/src/assets/images/ic_damagereport@3x.png
copying file ./assets/src/assets/images/ic_code_grey.png ... 
1708 bytes for ./assets/src/assets/images/ic_code_grey.png
copying file ./assets/src/assets/images/ic_square.png ... 
2022-07-04 10:33:31 +0000  174 bytes for ./assets/src/assets/images/ic_square.png
2022-07-04 10:33:31 +0000  copying file ./assets/src/assets/images/ic_quantity@3x.png ... 
2022-07-04 10:33:31 +0000  1884 bytes for ./assets/src/assets/images/ic_quantity@3x.png
copying file ./assets/src/assets/images/ic_signature_blue@3x.png ... 
2022-07-04 10:33:31 +0000  7842 bytes for ./assets/src/assets/images/ic_signature_blue@3x.png
2022-07-04 10:33:31 +0000  copying file ./assets/src/assets/images/ic_photo_blue.png ... 
2022-07-04 10:33:31 +0000  1641 bytes for ./assets/src/assets/images/ic_photo_blue.png
copying file ./assets/src/assets/images/ic_analyctis_selected.png ... 
1073 bytes for ./assets/src/assets/images/ic_analyctis_selected.png
copying file ./assets/src/assets/images/ic_barcode.png ... 
457 bytes for ./assets/src/assets/images/ic_barcode.png
copying file ./assets/src/assets/images/ic_location.png ... 
496 bytes for ./assets/src/assets/images/ic_location.png
copying file ./assets/src/assets/images/ic_task_selected.png ... 
1068 bytes for ./assets/src/assets/images/ic_task_selected.png
copying file ./assets/src/assets/images/ic_radiobutton@3x.png ... 
1318 bytes for ./assets/src/assets/images/ic_radiobutton@3x.png
copying file ./assets/src/assets/images/ic_location_off@3x.png ... 
1513 bytes for ./assets/src/assets/images/ic_location_off@3x.png
copying file ./assets/src/assets/images/ic_photo.png ... 
1541 bytes for ./assets/src/assets/images/ic_photo.png
copying file ./assets/src/assets/images/ic_walk@3x.png ... 
3538 bytes for ./assets/src/assets/images/ic_walk@3x.png
copying file ./assets/src/assets/images/ic_bike@3x.png ... 
4814 bytes for ./assets/src/assets/images/ic_bike@3x.png
copying file ./assets/src/assets/images/ic_tick2@2x.png ... 
1198 bytes for ./assets/src/assets/images/ic_tick2@2x.png
copying file ./assets/src/assets/images/ic_face1.png ... 
2036 bytes for ./assets/src/assets/images/ic_face1.png
copying file ./assets/src/assets/images/ic_walk_b@2x.png ... 
2120 bytes for ./assets/src/assets/images/ic_walk_b@2x.png
copying file ./assets/src/assets/images/ic_capture@2x.png ... 
2993 bytes for ./assets/src/assets/images/ic_capture@2x.png
copying file ./assets/src/assets/images/ic_task_no@2x.png ... 
46133 bytes for ./assets/src/assets/images/ic_task_no@2x.png
copying file ./assets/src/assets/images/ic_notes_blue@2x.png ... 
3835 bytes for ./assets/src/assets/images/ic_notes_blue@2x.png
copying file ./assets/src/assets/images/ic_tick_green@3x.png ... 
2219 bytes for ./assets/src/assets/images/ic_tick_green@3x.png
copying file ./assets/src/assets/images/ic_cross_red@2x.png ... 
1373 bytes for ./assets/src/assets/images/ic_cross_red@2x.png
copying file ./assets/src/assets/images/ic_task_selected@2x.png ... 
2221 bytes for ./assets/src/assets/images/ic_task_selected@2x.png
copying file ./assets/src/assets/images/ic_damagereport.png ... 
2022-07-04 10:33:31 +0000  791 bytes for ./assets/src/assets/images/ic_damagereport.png
copying file ./assets/src/assets/images/ic_tick.png ... 
426 bytes for ./assets/src/assets/images/ic_tick.png
copying file ./assets/src/assets/images/ic_delete@3x.png ... 
1800 bytes for ./assets/src/assets/images/ic_delete@3x.png
copying file ./assets/src/assets/images/ic_code.png ... 
1762 bytes for ./assets/src/assets/images/ic_code.png
copying file ./assets/src/assets/images/ic_signature.png ... 
1949 bytes for ./assets/src/assets/images/ic_signature.png
copying file ./assets/src/assets/images/ic_map@2x.png ... 
2079 bytes for ./assets/src/assets/images/ic_map@2x.png
copying file ./assets/src/assets/images/ic_photo_blue@3x.png ... 
5624 bytes for ./assets/src/assets/images/ic_photo_blue@3x.png
copying file ./assets/src/assets/images/ic_face2.png ... 
2305 bytes for ./assets/src/assets/images/ic_face2.png
copying file ./assets/src/assets/images/ic_Logout@2x.png ... 
722 bytes for ./assets/src/assets/images/ic_Logout@2x.png
copying file ./assets/src/assets/images/ic_code_grey@3x.png ... 
6053 bytes for ./assets/src/assets/images/ic_code_grey@3x.png
copying file ./assets/src/assets/images/ic_cycle@2x.png ... 
3643 bytes for ./assets/src/assets/images/ic_cycle@2x.png
copying file ./assets/src/assets/images/ic_support_2@3x.png ... 
1700 bytes for ./assets/src/assets/images/ic_support_2@3x.png
copying file ./assets/src/assets/images/ic_car_b.png ... 
1197 bytes for ./assets/src/assets/images/ic_car_b.png
copying file ./assets/src/assets/images/ic_radiocheck@2x.png ... 
997 bytes for ./assets/src/assets/images/ic_radiocheck@2x.png
copying file ./assets/src/assets/images/ic_path@3x.png ... 
5284 bytes for ./assets/src/assets/images/ic_path@3x.png
copying file ./assets/src/assets/images/ic_off_duty@2x.png ... 
65345 bytes for ./assets/src/assets/images/ic_off_duty@2x.png
copying file ./assets/src/assets/images/ic_analyctis_selected@2x.png ... 
2054 bytes for ./assets/src/assets/images/ic_analyctis_selected@2x.png
copying file ./assets/src/assets/images/ic_wallet@2x.png ... 
1121 bytes for ./assets/src/assets/images/ic_wallet@2x.png
copying file ./assets/src/assets/images/ic_task_2@3x.png ... 
2610 bytes for ./assets/src/assets/images/ic_task_2@3x.png
copying file ./assets/src/assets/images/ic_expand@3x.png ... 
875 bytes for ./assets/src/assets/images/ic_expand@3x.png
copying file ./assets/src/assets/images/ic_expand@2x.png ... 
403 bytes for ./assets/src/assets/images/ic_expand@2x.png
copying file ./assets/src/assets/images/ic_task_2@2x.png ... 
1616 bytes for ./assets/src/assets/images/ic_task_2@2x.png
copying file ./assets/src/assets/images/ic_wallet@3x.png ... 
1698 bytes for ./assets/src/assets/images/ic_wallet@3x.png
copying file ./assets/src/assets/images/ic_analyctis_selected@3x.png ... 
3126 bytes for ./assets/src/assets/images/ic_analyctis_selected@3x.png
copying file ./assets/src/assets/images/ic_delete.png ... 
560 bytes for ./assets/src/assets/images/ic_delete.png
copying file ./assets/src/assets/images/ic_off_duty@3x.png ... 
2022-07-04 10:33:31 +0000  103305 bytes for ./assets/src/assets/images/ic_off_duty@3x.png
copying file ./assets/src/assets/images/ic_path@2x.png ... 
3059 bytes for ./assets/src/assets/images/ic_path@2x.png
copying file ./assets/src/assets/images/ic_support_2@2x.png ... 
1138 bytes for ./assets/src/assets/images/ic_support_2@2x.png
copying file ./assets/src/assets/images/ic_radiocheck@3x.png ... 
1650 bytes for ./assets/src/assets/images/ic_radiocheck@3x.png
copying file ./assets/src/assets/images/ic_code_grey@2x.png ... 
3816 bytes for ./assets/src/assets/images/ic_code_grey@2x.png
copying file ./assets/src/assets/images/ic_cycle@3x.png ... 
5321 bytes for ./assets/src/assets/images/ic_cycle@3x.png
copying file ./assets/src/assets/images/ic_profile.png ... 
648 bytes for ./assets/src/assets/images/ic_profile.png
copying file ./assets/src/assets/images/ic_Logout@3x.png ... 
954 bytes for ./assets/src/assets/images/ic_Logout@3x.png
copying file ./assets/src/assets/images/ic_pin.png ... 
799 bytes for ./assets/src/assets/images/ic_pin.png
copying file ./assets/src/assets/images/ic_photo_blue@2x.png ... 
3555 bytes for ./assets/src/assets/images/ic_photo_blue@2x.png
copying file ./assets/src/assets/images/ic_radio1.png ... 
901 bytes for ./assets/src/assets/images/ic_radio1.png
copying file ./assets/src/assets/images/ic_map@3x.png ... 
3178 bytes for ./assets/src/assets/images/ic_map@3x.png
copying file ./assets/src/assets/images/ic_mail.png ... 
534 bytes for ./assets/src/assets/images/ic_mail.png
copying file ./assets/src/assets/images/ic_delete@2x.png ... 
1173 bytes for ./assets/src/assets/images/ic_delete@2x.png
copying file ./assets/src/assets/images/ic_currentbalance.png ... 
801 bytes for ./assets/src/assets/images/ic_currentbalance.png
copying file ./assets/src/assets/images/ic_cross_red@3x.png ... 
2051 bytes for ./assets/src/assets/images/ic_cross_red@3x.png
copying file ./assets/src/assets/images/ic_task_selected@3x.png ... 
3379 bytes for ./assets/src/assets/images/ic_task_selected@3x.png
copying file ./assets/src/assets/images/ic_dot.png ... 
270 bytes for ./assets/src/assets/images/ic_dot.png
copying file ./assets/src/assets/images/ic_tick_green@2x.png ... 
1467 bytes for ./assets/src/assets/images/ic_tick_green@2x.png
copying file ./assets/src/assets/images/ic_notes_blue@3x.png ... 
6414 bytes for ./assets/src/assets/images/ic_notes_blue@3x.png
copying file ./assets/src/assets/images/ic_task_no@3x.png ... 
75082 bytes for ./assets/src/assets/images/ic_task_no@3x.png
copying file ./assets/src/assets/images/ic_capture@3x.png ... 
4578 bytes for ./assets/src/assets/images/ic_capture@3x.png
copying file ./assets/src/assets/images/ic_time.png ... 
523 bytes for ./assets/src/assets/images/ic_time.png
copying file ./assets/src/assets/images/ic_walk_b@3x.png ... 
3152 bytes for ./assets/src/assets/images/ic_walk_b@3x.png
copying file ./assets/src/assets/images/ic_phone.png ... 
534 bytes for ./assets/src/assets/images/ic_phone.png
copying file ./assets/src/assets/images/ic_radio2.png ... 
532 bytes for ./assets/src/assets/images/ic_radio2.png
copying file ./assets/src/assets/images/ic_location_off@2x.png ... 
1050 bytes for ./assets/src/assets/images/ic_location_off@2x.png
copying file ./assets/src/assets/images/ic_walk@2x.png ... 
2612 bytes for ./assets/src/assets/images/ic_walk@2x.png
copying file ./assets/src/assets/images/ic_bike@2x.png ... 
3408 bytes for ./assets/src/assets/images/ic_bike@2x.png
copying file ./assets/src/assets/images/ic_tick2@3x.png ... 
1728 bytes for ./assets/src/assets/images/ic_tick2@3x.png
copying file ./assets/src/assets/images/ic_tick2.png ... 
639 bytes for ./assets/src/assets/images/ic_tick2.png
copying file ./assets/src/assets/images/ic_postal@3x.png ... 
2125 bytes for ./assets/src/assets/images/ic_postal@3x.png
copying file ./assets/src/assets/images/ic_face2@2x.png ... 
5090 bytes for ./assets/src/assets/images/ic_face2@2x.png
copying file ./assets/src/assets/images/ic_lifetimearning@3x.png ... 
2922 bytes for ./assets/src/assets/images/ic_lifetimearning@3x.png
copying file ./assets/src/assets/images/plac
2022-07-04 10:33:31 +0000  eholder.png ... 
5937 bytes for ./assets/src/assets/images/placeholder.png
copying file ./assets/src/assets/images/ic_car@3x.png ... 
4185 bytes for ./assets/src/assets/images/ic_car@3x.png
copying file ./assets/src/assets/images/ic_chat@2x.png ... 
2068 bytes for ./assets/src/assets/images/ic_chat@2x.png
copying file ./assets/src/assets/images/ic_list@2x.png ... 
1060 bytes for ./assets/src/assets/images/ic_list@2x.png
copying file ./assets/src/assets/images/ic_analytics@3x.png ... 
2914 bytes for ./assets/src/assets/images/ic_analytics@3x.png
copying file ./assets/src/assets/images/ic_Logout.png ... 
445 bytes for ./assets/src/assets/images/ic_Logout.png
copying file ./assets/src/assets/images/Main_logo@3x.png ... 
36601 bytes for ./assets/src/assets/images/Main_logo@3x.png
copying file ./assets/src/assets/images/ic_cycle_b.png ... 
1578 bytes for ./assets/src/assets/images/ic_cycle_b.png
copying file ./assets/src/assets/images/ic_pin@3x.png ... 
3080 bytes for ./assets/src/assets/images/ic_pin@3x.png
copying file ./assets/src/assets/images/ic_truck_b@2x.png ... 
2146 bytes for ./assets/src/assets/images/ic_truck_b@2x.png
copying file ./assets/src/assets/images/ico_pin_blue.png ... 
901 bytes for ./assets/src/assets/images/ico_pin_blue.png
copying file ./assets/src/assets/images/ic_map1@2x.png ... 
35912 bytes for ./assets/src/assets/images/ic_map1@2x.png
copying file ./assets/src/assets/images/ic_radio1@3x.png ... 
2533 bytes for ./assets/src/assets/images/ic_radio1@3x.png
copying file ./assets/src/assets/images/ic_backwd_dark@2x.png ... 
507 bytes for ./assets/src/assets/images/ic_backwd_dark@2x.png
copying file ./assets/src/assets/images/ic_tutorial@2x.png ... 
1206 bytes for ./assets/src/assets/images/ic_tutorial@2x.png
copying file ./assets/src/assets/images/ic_location_on.png ... 
515 bytes for ./assets/src/assets/images/ic_location_on.png
copying file ./assets/src/assets/images/ic_tick@3x.png ... 
1270 bytes for ./assets/src/assets/images/ic_tick@3x.png
copying file ./assets/src/assets/images/ic_square@2x.png ... 
186 bytes for ./assets/src/assets/images/ic_square@2x.png
copying file ./assets/src/assets/images/ic_details@2x.png ... 
558 bytes for ./assets/src/assets/images/ic_details@2x.png
copying file ./assets/src/assets/images/ic_bike_b.png ... 
1507 bytes for ./assets/src/assets/images/ic_bike_b.png
copying file ./assets/src/assets/images/ic_bike_b@3x.png ... 
4515 bytes for ./assets/src/assets/images/ic_bike_b@3x.png
copying file ./assets/src/assets/images/ic_quantity.png ... 
736 bytes for ./assets/src/assets/images/ic_quantity.png
copying file ./assets/src/assets/images/ic_cycle_b@3x.png ... 
5154 bytes for ./assets/src/assets/images/ic_cycle_b@3x.png
copying file ./assets/src/assets/images/ic_search@3x.png ... 
2644 bytes for ./assets/src/assets/images/ic_search@3x.png
copying file ./assets/src/assets/images/ic_tick_green.png ... 
707 bytes for ./assets/src/assets/images/ic_tick_green.png
copying file ./assets/src/assets/images/ic_support@3x.png ... 
1467 bytes for ./assets/src/assets/images/ic_support@3x.png
copying file ./assets/src/assets/images/ic_navigate.png ... 
493 bytes for ./assets/src/assets/images/ic_navigate.png
copying file ./assets/src/assets/images/ic_search.png ... 
906 bytes for ./assets/src/assets/images/ic_search.png
copying file ./assets/src/assets/images/ic_task_no.png ... 
20658 bytes for ./assets/src/assets/images/ic_task_no.png
copying file ./assets/src/assets/images/ic_arrow.png ... 
334 bytes for ./assets/src/assets/images/ic_arrow.png
copying file ./assets/src/assets/images/ic_settings.png ... 
750 bytes for ./assets/src/assets/images/ic_settings.png
copying file ./assets/src/assets/images/ic_support@2x.png ... 
958 bytes for ./assets/src/assets/images/ic_support@2x.png
copying file ./assets/src/assets/images/ic_search@2x.png ... 
1733 bytes for ./assets/src/assets/images/ic_search@2x.png
copying file ./assets/src/assets/images/ic_cycle_b@2x.png ... 
3334 bytes for ./assets/src/assets/images/ic_cycle_b@2x.png
copying file ./assets/src/assets/images/ic_radioActive.png ... 
470 
2022-07-04 10:33:31 +0000  /usr/bin/ditto exited with 0
2022-07-04 10:33:31 +0000  bytes for ./assets/src/assets/images/ic_radioActive.png
copying file ./assets/src/assets/images/ic_bike_b@2x.png ... 
2947 bytes for ./assets/src/assets/images/ic_bike_b@2x.png
copying file ./assets/src/assets/images/ic_radiobutton.png ... 
429 bytes for ./assets/src/assets/images/ic_radiobutton.png
copying file ./assets/src/assets/images/ic_details@3x.png ... 
753 bytes for ./assets/src/assets/images/ic_details@3x.png
copying file ./assets/src/assets/images/ic_tutorial@3x.png ... 
1902 bytes for ./assets/src/assets/images/ic_tutorial@3x.png
copying file ./assets/src/assets/images/ic_square@3x.png ... 
210 bytes for ./assets/src/assets/images/ic_square@3x.png
copying file ./assets/src/assets/images/ic_tick@2x.png ... 
835 bytes for ./assets/src/assets/images/ic_tick@2x.png
copying file ./assets/src/assets/images/ic_backwd_dark@3x.png ... 
715 bytes for ./assets/src/assets/images/ic_backwd_dark@3x.png
copying file ./assets/src/assets/images/ic_radio1@2x.png ... 
1634 bytes for ./assets/src/assets/images/ic_radio1@2x.png
copying file ./assets/src/assets/images/ic_back.png ... 
492 bytes for ./assets/src/assets/images/ic_back.png
copying file ./assets/src/assets/images/ic_map1@3x.png ... 
70847 bytes for ./assets/src/assets/images/ic_map1@3x.png
copying file ./assets/src/assets/images/ic_truck_b@3x.png ... 
3139 bytes for ./assets/src/assets/images/ic_truck_b@3x.png
copying file ./assets/src/assets/images/ic_map1.png ... 
10554 bytes for ./assets/src/assets/images/ic_map1.png
copying file ./assets/src/assets/images/ic_pin@2x.png ... 
1707 bytes for ./assets/src/assets/images/ic_pin@2x.png
copying file ./assets/src/assets/images/Main_logo@2x.png ... 
21860 bytes for ./assets/src/assets/images/Main_logo@2x.png
copying file ./assets/src/assets/images/ic_chat_blue.png ... 
1873 bytes for ./assets/src/assets/images/ic_chat_blue.png
copying file ./assets/src/assets/images/ic_list@3x.png ... 
1395 bytes for ./assets/src/assets/images/ic_list@3x.png
copying file ./assets/src/assets/images/ic_analytics@2x.png ... 
1924 bytes for ./assets/src/assets/images/ic_analytics@2x.png
copying file ./assets/src/assets/images/ic_notes.png ... 
1617 bytes for ./assets/src/assets/images/ic_notes.png
copying file ./assets/src/assets/images/ic_chat@3x.png ... 
3045 bytes for ./assets/src/assets/images/ic_chat@3x.png
copying file ./assets/src/assets/images/ic_chat.png ... 
1040 bytes for ./assets/src/assets/images/ic_chat.png
copying file ./assets/src/assets/images/Main_logo.png ... 
10020 bytes for ./assets/src/assets/images/Main_logo.png
copying file ./assets/src/assets/images/ic_dollar.png ... 
634 bytes for ./assets/src/assets/images/ic_dollar.png
copying file ./assets/src/assets/images/ic_walk_b.png ... 
1036 bytes for ./assets/src/assets/images/ic_walk_b.png
copying file ./assets/src/assets/images/ic_car@2x.png ... 
2922 bytes for ./assets/src/assets/images/ic_car@2x.png
copying file ./assets/src/assets/images/ic_postal@2x.png ... 
1357 bytes for ./assets/src/assets/images/ic_postal@2x.png
copying file ./assets/src/assets/images/ic_face2@3x.png ... 
8091 bytes for ./assets/src/assets/images/ic_face2@3x.png
copying file ./assets/src/assets/images/ic_lifetimearning@2x.png ... 
1889 bytes for ./assets/src/assets/images/ic_lifetimearning@2x.png
copying file ./assets/src/assets/images/ic_walk.png ... 
1622 bytes for ./assets/src/assets/images/ic_walk.png
copying file ./assets/src/assets/images/ico_pin_blue@3x.png ... 
2492 bytes for ./assets/src/assets/images/ico_pin_blue@3x.png
copying file ./assets/src/assets/images/ic_call_2.png ... 
699 bytes for ./assets/src/assets/images/ic_call_2.png
copying file ./assets/src/assets/images/ic_cross_red.png ... 
650 bytes for ./assets/src/assets/images/ic_cross_red.png
copying file ./assets/src/assets/images/ic_chat_selected@3x.png ... 
3263 bytes for ./assets/src/assets/images/ic_chat_selected@3x.png
copying file ./assets/src/assets/images/ic_wallet.png ... 
567 bytes for ./assets/src/assets/images/ic_wallet.png
copying file ./assets/src/assets/images/ic_location@3x.png ... 
1729 bytes for ./assets/src/asset
2022-07-04 10:33:31 +0000  Processing step: IDEDistributionEmbedProfileStep
2022-07-04 10:33:31 +0000  Skipping profile for item: <IDEDistributionItem: 0x7f9805e513c0; bundleID='com.zendesk.ChatProvidersSDK', path='<DVTFilePath:0x7f976345f150:'/Users/cbl-mac-033/Library/Developer/Xcode/Archives/2022-07-04/MyFiji(Prod) 04-07-22, 3.52 PM.xcarchive/Products/Applications/MyFiji.app/Frameworks/ChatProvidersSDK.framework'>', codeSigningInfo='<_DVTCodeSigningInformation_Path: 0x7f974d8eb010; isSigned='1', isAdHocSigned='0', signingCertificate='<DVTSigningCertificate: 0x7f974ffdbb40; name='iPhone Distribution: Shanil Chandra (6NR225DSDF)', hash='86A9114CFE562B44AEB2EE0627EE4D6C6FEB57BC', serialNumber='3AD5C0AE2F5B0BABB8BE7BA311479E1C', certificateKinds='(
    "1.2.840.113635.100.6.1.4"
), issueDate='2022-07-01 12:03:33 +0000''>', entitlements='(null)', teamID='6NR225DSDF', identifier='com.zendesk.ChatProvidersSDK', executablePath='<DVTFilePath:0x7f9760b8d530:'/Users/cbl-mac-033/Library/Developer/Xcode/Archives/2022-07-04/MyFiji(Prod) 04-07-22, 3.52 PM.xcarchive/Products/Applications/MyFiji.app/Frameworks/ChatProvidersSDK.framework/ChatProvidersSDK'>', hardenedRuntime='0'>'>
2022-07-04 10:33:31 +0000  Skipping profile for item: <IDEDistributionItem: 0x7f975f4d9330; bundleID='com.zendesk.ChatSDK', path='<DVTFilePath:0x7f975c10d900:'/Users/cbl-mac-033/Library/Developer/Xcode/Archives/2022-07-04/MyFiji(Prod) 04-07-22, 3.52 PM.xcarchive/Products/Applications/MyFiji.app/Frameworks/ChatSDK.framework'>', codeSigningInfo='<_DVTCodeSigningInformation_Path: 0x7f975c2218a0; isSigned='1', isAdHocSigned='0', signingCertificate='<DVTSigningCertificate: 0x7f975ffffdd0; name='iPhone Distribution: Shanil Chandra (6NR225DSDF)', hash='86A9114CFE562B44AEB2EE0627EE4D6C6FEB57BC', serialNumber='3AD5C0AE2F5B0BABB8BE7BA311479E1C', certificateKinds='(
    "1.2.840.113635.100.6.1.4"
), issueDate='2022-07-01 12:03:33 +0000''>', entitlements='(null)', teamID='6NR225DSDF', identifier='com.zendesk.ChatSDK', executablePath='<DVTFilePath:0x7f97d82e54b0:'/Users/cbl-mac-033/Library/Developer/Xcode/Archives/2022-07-04/MyFiji(Prod) 04-07-22, 3.52 PM.xcarchive/Products/Applications/MyFiji.app/Frameworks/ChatSDK.framework/ChatSDK'>', hardenedRuntime='0'>'>
2022-07-04 10:33:31 +0000  Skipping profile for item: <IDEDistributionItem: 0x7f9795a3c1f0; bundleID='com.zendesk.CommonUISDK', path='<DVTFilePath:0x7f9760db0810:'/Users/cbl-mac-033/Library/Developer/Xcode/Archives/2022-07-04/MyFiji(Prod) 04-07-22, 3.52 PM.xcarchive/Products/Applications/MyFiji.app/Frameworks/CommonUISDK.framework'>', codeSigningInfo='<_DVTCodeSigningInformation_Path: 0x7f97634783c0; isSigned='1', isAdHocSigned='0', signingCertificate='<DVTSigningCertificate: 0x7f97501ddd60; name='iPhone Distribution: Shanil Chandra (6NR225DSDF)', hash='86A9114CFE562B44AEB2EE0627EE4D6C6FEB57BC', serialNumber='3AD5C0AE2F5B0BABB8BE7BA311479E1C', certificateKinds='(
    "1.2.840.113635.100.6.1.4"
), issueDate='2022-07-01 12:03:33 +0000''>', entitlements='(null)', teamID='6NR225DSDF', identifier='com.zendesk.CommonUISDK', executablePath='<DVTFilePath:0x7f974fe6b8b0:'/Users/cbl-mac-033/Library/Developer/Xcode/Archives/2022-07-04/MyFiji(Prod) 04-07-22, 3.52 PM.xcarchive/Products/Applications/MyFiji.app/Frameworks/CommonUISDK.framework/CommonUISDK'>', hardenedRuntime='0'>'>
2022-07-04 10:33:31 +0000  Skipping profile for item: <IDEDistributionItem: 0x7f97509c0a90; bundleID='com.regula.facesdk', path='<DVTFilePath:0x7f975ff98750:'/Users/cbl-mac-033/Library/Developer/Xcode/Archives/2022-07-04/MyFiji(Prod) 04-07-22, 3.52 PM.xcarchive/Products/Applications/MyFiji.app/Frameworks/FaceSDK.framework'>', codeSigningInfo='<_DVTCodeSigningInformation_Path: 0x7f974d824a40; isSigned='1', isAdHocSigned='0', signingCertificate='<DVTSigningCertificate: 0x7f974d80d3e0; name='iPhone Distribution: Shanil Chandra (6NR225DSDF)', hash='86A9114CFE562B44AEB2EE0627EE4D6C6FEB57BC', serialNumber='3AD5C0AE2F5B0BABB8BE7BA311479E1C', certificateKinds='(
    "1.2.840.113635.100.6.1.4"
), issueDate='2022-07-01 12:03:33 +0000''>', entitlements='(null)', teamID='6NR225DSDF', identifier='com.regula.facesdk', executablePath='<DVTFilePath:0x7f975ed956e0:'/Users/cbl-mac-033/Library/Developer/Xcode/Archives/2022-07-04/MyFiji(Prod) 04-07-22, 3.52 PM.xcarchive/Products/Applications/MyFiji.app/Frameworks/FaceSDK.framework/FaceSDK'>', hardenedRuntime='0'>'>
2022-07-04 10:33:31 +0000  Skipping profile for item: <IDEDistributionItem: 0x7f974fe207a0; bundleID='com.zendesk.MessagingAPI', path='<DVTFilePath:0x7f9790cee370:'/Users/cbl-mac-033/Library/Developer/Xcode/Archives/2022-07-04/MyFiji(Prod) 04-07-22, 3.52 PM.xcarchive/Products/Applications/MyFiji.app/Frameworks/MessagingAPI.framework'>', codeSigningInfo='<_DVTCodeSigningInformation_Path: 0x7f97506385d0; isSigned='1', isAdHocSigned='0', signingCertificate='<DVTSigningCertificate: 0x7f9788f134d0; name='iPhone Distribution: Shanil Chandra (6NR225DSDF)', hash='86A9114CFE562B44AEB2EE0627EE4D6C6FEB57BC', serialNumber='3AD5C0AE2F5B0BABB8BE7BA311479E1C', certificateKinds='(
    "1.2.840.113635.100.6.1.4"
), issueDate='2022-07-01 12:03:33 +0000''>', entitlements='(null)', teamID='6NR225DSDF', identifier='com.zendesk.MessagingAPI', executablePath='<DVTFilePath:0x7f9793314700:'/Users/cbl-mac-033/Library/Developer/Xcode/Archives/2022-07-04/MyFiji(Prod) 04-07-22, 3.52 PM.xcarchive/Products/Applications/MyFiji.app/Frameworks/MessagingAPI.framework/MessagingAPI'>', hardenedRuntime='0'>'>
2022-07-04 10:33:31 +0000  Skipping profile for item: <IDEDistributionItem: 0x7f974d313d10; bundleID='com.zendesk.MessagingSDK', path='<DVTFilePath:0x7f9790c5f6c0:'/Users/cbl-mac-033/Library/Developer/Xcode/Archives/2022-07-04/MyFiji(Prod) 04-07-22, 3.52 PM.xcarchive/Products/Applications/MyFiji.app/Frameworks/MessagingSDK.framework'>', codeSigningInfo='<_DVTCodeSigningInformation_Path: 0x7f97502a3e10; isSigned='1', isAdHocSigned='0', signingCertificate='<DVTSigningCertificate: 0x7f975bc7a690; name='iPhone Distribution: Shanil Chandra (6NR225DSDF)', hash='86A9114CFE562B44AEB2EE0627EE4D6C6FEB57BC', serialNumber='3AD5C0AE2F5B0BABB8BE7BA311479E1C', certificateKinds='(
    "1.2.840.113635.100.6.1.4"
), issueDate='2022-07-01 12:03:33 +0000''>', entitlements='(null)', teamID='6NR225DSDF', identifier='com.zendesk.MessagingSDK', executablePath='<DVTFilePath:0x7f975f41f520:'/Users/cbl-mac-033/Library/Developer/Xcode/Archives/2022-07-04/MyFiji(Prod) 04-07-22, 3.52 PM.xcarchive/Products/Applications/MyFiji.app/Frameworks/MessagingSDK.framework/MessagingSDK'>', hardenedRuntime='0'>'>
2022-07-04 10:33:31 +0000  Skipping profile for item: <IDEDistributionItem: 0x7f97504156c0; bundleID='com.razorpay.CheckoutOtpelf', path='<DVTFilePath:0x7f975c3e10d0:'/Users/cbl-mac-033/Library/Developer/Xcode/Archives/2022-07-04/MyFiji(Prod) 04-07-22, 3.52 PM.xcarchive/Products/Applications/MyFiji.app/Frameworks/Razorpay.framework'>', codeSigningInfo='<_DVTCodeSigningInformation_Path: 0x7f975c3552b0; isSigned='1', isAdHocSigned='0', signingCertificate='<DVTSigningCertificate: 0x7f97509df880; name='iPhone Distribution: Shanil Chandra (6NR225DSDF)', hash='86A9114CFE562B44AEB2EE0627EE4D6C6FEB57BC', serialNumber='3AD5C0AE2F5B0BABB8BE7BA311479E1C', certificateKinds='(
    "1.2.840.113635.100.6.1.4"
), issueDate='2022-07-01 12:03:33 +0000''>', entitlements='(null)', teamID='6NR225DSDF', identifier='com.razorpay.CheckoutOtpelf', executablePath='<DVTFilePath:0x7f975bf62510:'/Users/cbl-mac-033/Library/Developer/Xcode/Archives/2022-07-04/MyFiji(Prod) 04-07-22, 3.52 PM.xcarchive/Products/Applications/MyFiji.app/Frameworks/Razorpay.framework/Razorpay'>', hardenedRuntime='0'>'>
2022-07-04 10:33:31 +0000  Skipping profile for item: <IDEDistributionItem: 0x7f97f7c76f70; bundleID='com.regula.RegulaCommon', path='<DVTFilePath:0x7f977bc2eb90:'/Users/cbl-mac-033/Library/Developer/Xcode/Archives/2022-07-04/MyFiji(Prod) 04-07-22, 3.52 PM.xcarchive/Products/Applications/MyFiji.app/Frameworks/RegulaCommon.framework'>', codeSigningInfo='<_DVTCodeSigningInformation_Path: 0x7f975fea1a80; isSigned='1', isAdHocSigned='0', signingCertificate='<DVTSigningCertificate: 0x7f974d245c30; name='iPhone Distribution: Shanil Chandra (6NR225DSDF)', hash='86A9114CFE562B44AEB2EE0627EE4D6C6FEB57BC', serialNumber='3AD5C0AE2F5B0BABB8BE7BA311479E1C', certificateKinds='(
    "1.2.840.113635.100.6.1.4"
), issueDate='2022-07-01 12:03:33 +0000''>', entitlements='(null)', teamID='6NR225DSDF', identifier='com.regula.RegulaCommon', executablePath='<DVTFilePath:0x7f977bc89930:'/Users/cbl-mac-033/Library/Developer/Xcode/Archives/2022-07-04/MyFiji(Prod) 04-07-22, 3.52 PM.xcarchive/Products/Applications/MyFiji.app/Frameworks/RegulaCommon.framework/RegulaCommon'>', hardenedRuntime='0'>'>
2022-07-04 10:33:31 +0000  Skipping profile for item: <IDEDistributionItem: 0x7f975bf1f590; bundleID='com.zendesk.SDKConfigurations', path='<DVTFilePath:0x7f978e2a5d00:'/Users/cbl-mac-033/Library/Developer/Xcode/Archives/2022-07-04/MyFiji(Prod) 04-07-22, 3.52 PM.xcarchive/Products/Applications/MyFiji.app/Frameworks/SDKConfigurations.framework'>', codeSigningInfo='<_DVTCodeSigningInformation_Path: 0x7f975ff13f90; isSigned='1', isAdHocSigned='0', signingCertificate='<DVTSigningCertificate: 0x7f974d245c30; name='iPhone Distribution: Shanil Chandra (6NR225DSDF)', hash='86A9114CFE562B44AEB2EE0627EE4D6C6FEB57BC', serialNumber='3AD5C0AE2F5B0BABB8BE7BA311479E1C', certificateKinds='(
    "1.2.840.113635.100.6.1.4"
), issueDate='2022-07-01 12:03:33 +0000''>', entitlements='(null)', teamID='6NR225DSDF', identifier='com.zendesk.SDKConfigurations', executablePath='<DVTFilePath:0x7f97b7693050:'/Users/cbl-mac-033/Library/Developer/Xcode/Archives/2022-07-04/MyFiji(Prod) 04-07-22, 3.52 PM.xcarchive/Products/Applications/MyFiji.app/Frameworks/SDKConfigurations.framework/SDKConfigurations'>', hardenedRuntime='0'>'>
2022-07-04 10:33:31 +0000  Skipping profile for item: <IDEDistributionItem: 0x7f97509e8eb0; bundleID='com.apple.dt.runtime.swiftAVFoundation', path='<DVTFilePath:0x7f974fd35b90:'/Users/cbl-mac-033/Library/Developer/Xcode/Archives/2022-07-04/MyFiji(Prod) 04-07-22, 3.52 PM.xcarchive/Products/Applications/MyFiji.app/Frameworks/libswiftAVFoundation.dylib'>', codeSigningInfo='<_DVTCodeSigningInformation_Path: 0x7f9750549af0; isSigned='1', isAdHocSigned='0', signingCertificate='<DVTSigningCertificate: 0x7f974d245c30; name='iPhone Distribution: Shanil Chandra (6NR225DSDF)', hash='86A9114CFE562B44AEB2EE0627EE4D6C6FEB57BC', serialNumber='3AD5C0AE2F5B0BABB8BE7BA311479E1C', certificateKinds='(
    "1.2.840.113635.100.6.1.4"
), issueDate='2022-07-01 12:03:33 +0000''>', entitlements='(null)', teamID='6NR225DSDF', identifier='com.apple.dt.runtime.swiftAVFoundation', executablePath='<DVTFilePath:0x7f974fd35b90:'/Users/cbl-mac-033/Library/Developer/Xcode/Archives/2022-07-04/MyFiji(Prod) 04-07-22, 3.52 PM.xcarchive/Products/Applications/MyFiji.app/Frameworks/libswiftAVFoundation.dylib'>', hardenedRuntime='0'>'>
2022-07-04 10:33:31 +0000  Skipping profile for item: <IDEDistributionItem: 0x7f979ce17cf0; bundleID='com.apple.dt.runtime.swiftContacts', path='<DVTFilePath:0x7f97967ab2c0:'/Users/cbl-mac-033/Library/Developer/Xcode/Archives/2022-07-04/MyFiji(Prod) 04-07-22, 3.52 PM.xcarchive/Products/Applications/MyFiji.app/Frameworks/libswiftContacts.dylib'>', codeSigningInfo='<_DVTCodeSigningInformation_Path: 0x7f975ed81f00; isSigned='1', isAdHocSigned='0', signingCertificate='<DVTSigningCertificate: 0x7f978990d4f0; name='iPhone Distribution: Shanil Chandra (6NR225DSDF)', hash='86A9114CFE562B44AEB2EE0627EE4D6C6FEB57BC', serialNumber='3AD5C0AE2F5B0BABB8BE7BA311479E1C', certificateKinds='(
    "1.2.840.113635.100.6.1.4"
), issueDate='2022-07-01 12:03:33 +0000''>', entitlements='(null)', teamID='6NR225DSDF', identifier='com.apple.dt.runtime.swiftContacts', executablePath='<DVTFilePath:0x7f97967ab2c0:'/Users/cbl-mac-033/Library/Developer/Xcode/Archives/2022-07-04/MyFiji(Prod) 04-07-22, 3.52 PM.xcarchive/Products/Applications/MyFiji.app/Frameworks/libswiftContacts.dylib'>', hardenedRuntime='0'>'>
2022-07-04 10:33:31 +0000  Skipping profile for item: <IDEDistributionItem: 0x7f975f516fd0; bundleID='com.apple.dt.runtime.swiftCore', path='<DVTFilePath:0x7f975bf492f0:'/Users/cbl-mac-033/Library/Developer/Xcode/Archives/2022-07-04/MyFiji(Prod) 04-07-22, 3.52 PM.xcarchive/Products/Applications/MyFiji.app/Frameworks/libswiftCore.dylib'>', codeSigningInfo='<_DVTCodeSigningInformation_Path: 0x7f974d8cb640; isSigned='1', isAdHocSigned='0', signingCertificate='<DVTSigningCertificate: 0x7f978990d4f0; name='iPhone Distribution: Shanil Chandra (6NR225DSDF)', hash='86A9114CFE562B44AEB2EE0627EE4D6C6FEB57BC', serialNumber='3AD5C0AE2F5B0BABB8BE7BA311479E1C', certificateKinds='(
    "1.2.840.113635.100.6.1.4"
), issueDate='2022-07-01 12:03:33 +0000''>', entitlements='(null)', teamID='6NR225DSDF', identifier='com.apple.dt.runtime.swiftCore', executablePath='<DVTFilePath:0x7f975bf492f0:'/Users/cbl-mac-033/Library/Developer/Xcode/Archives/2022-07-04/MyFiji(Prod) 04-07-22, 3.52 PM.xcarchive/Products/Applications/MyFiji.app/Frameworks/libswiftCore.dylib'>', hardenedRuntime='0'>'>
2022-07-04 10:33:31 +0000  Skipping profile for item: <IDEDistributionItem: 0x7f97898c39a0; bundleID='com.apple.dt.runtime.swiftCoreAudio', path='<DVTFilePath:0x7f97501e51d0:'/Users/cbl-mac-033/Library/Developer/Xcode/Archives/2022-07-04/MyFiji(Prod) 04-07-22, 3.52 PM.xcarchive/Products/Applications/MyFiji.app/Frameworks/libswiftCoreAudio.dylib'>', codeSigningInfo='<_DVTCodeSigningInformation_Path: 0x7f974d836500; isSigned='1', isAdHocSigned='0', signingCertificate='<DVTSigningCertificate: 0x7f974cad3520; name='iPhone Distribution: Shanil Chandra (6NR225DSDF)', hash='86A9114CFE562B44AEB2EE0627EE4D6C6FEB57BC', serialNumber='3AD5C0AE2F5B0BABB8BE7BA311479E1C', certificateKinds='(
    "1.2.840.113635.100.6.1.4"
), issueDate='2022-07-01 12:03:33 +0000''>', entitlements='(null)', teamID='6NR225DSDF', identifier='com.apple.dt.runtime.swiftCoreAudio', executablePath='<DVTFilePath:0x7f97501e51d0:'/Users/cbl-mac-033/Library/Developer/Xcode/Archives/2022-07-04/MyFiji(Prod) 04-07-22, 3.52 PM.xcarchive/Products/Applications/MyFiji.app/Frameworks/libswiftCoreAudio.dylib'>', hardenedRuntime='0'>'>
2022-07-04 10:33:31 +0000  Skipping profile for item: <IDEDistributionItem: 0x7f9750670ef0; bundleID='com.apple.dt.runtime.swiftCoreData', path='<DVTFilePath:0x7f975fbb8980:'/Users/cbl-mac-033/Library/Developer/Xcode/Archives/2022-07-04/MyFiji(Prod) 04-07-22, 3.52 PM.xcarchive/Products/Applications/MyFiji.app/Frameworks/libswiftCoreData.dylib'>', codeSigningInfo='<_DVTCodeSigningInformation_Path: 0x7f975bfa3e70; isSigned='1', isAdHocSigned='0', signingCertificate='<DVTSigningCertificate: 0x7f9750173b00; name='iPhone Distribution: Shanil Chandra (6NR225DSDF)', hash='86A9114CFE562B44AEB2EE0627EE4D6C6FEB57BC', serialNumber='3AD5C0AE2F5B0BABB8BE7BA311479E1C', certificateKinds='(
    "1.2.840.113635.100.6.1.4"
), issueDate='2022-07-01 12:03:33 +0000''>', entitlements='(null)', teamID='6NR225DSDF', identifier='com.apple.dt.runtime.swiftCoreData', executablePath='<DVTFilePath:0x7f975fbb8980:'/Users/cbl-mac-033/Library/Developer/Xcode/Archives/2022-07-04/MyFiji(Prod) 04-07-22, 3.52 PM.xcarchive/Products/Applications/MyFiji.app/Frameworks/libswiftCoreData.dylib'>', hardenedRuntime='0'>'>
2022-07-04 10:33:31 +0000  Skipping profile for item: <IDEDistributionItem: 0x7f97b92686b0; bundleID='com.apple.dt.runtime.swiftCoreFoundation', path='<DVTFilePath:0x7f97b82184f0:'/Users/cbl-mac-033/Library/Developer/Xcode/Archives/2022-07-04/MyFiji(Prod) 04-07-22, 3.52 PM.xcarchive/Products/Applications/MyFiji.app/Frameworks/libswiftCoreFoundation.dylib'>', codeSigningInfo='<_DVTCodeSigningInformation_Path: 0x7f974d828420; isSigned='1', isAdHocSigned='0', signingCertificate='<DVTSigningCertificate: 0x7f975c0b9430; name='iPhone Distribution: Shanil Chandra (6NR225DSDF)', hash='86A9114CFE562B44AEB2EE0627EE4D6C6FEB57BC', serialNumber='3AD5C0AE2F5B0BABB8BE7BA311479E1C', certificateKinds='(
    "1.2.840.113635.100.6.1.4"
), issueDate='2022-07-01 12:03:33 +0000''>', entitlements='(null)', teamID='6NR225DSDF', identifier='com.apple.dt.runtime.swiftCoreFoundation', executablePath='<DVTFilePath:0x7f97b82184f0:'/Users/cbl-mac-033/Library/Developer/Xcode/Archives/2022-07-04/MyFiji(Prod) 04-07-22, 3.52 PM.xcarchive/Products/Applications/MyFiji.app/Frameworks/libswiftCoreFoundation.dylib'>', hardenedRuntime='0'>'>
2022-07-04 10:33:31 +0000  Skipping profile for item: <IDEDistributionItem: 0x7f974d8b95e0; bundleID='com.apple.dt.runtime.swiftCoreGraphics', path='<DVTFilePath:0x7f975fb9cd40:'/Users/cbl-mac-033/Library/Developer/Xcode/Archives/2022-07-04/MyFiji(Prod) 04-07-22, 3.52 PM.xcarchive/Products/Applications/MyFiji.app/Frameworks/libswiftCoreGraphics.dylib'>', codeSigningInfo='<_DVTCodeSigningInformation_Path: 0x7f975c357050; isSigned='1', isAdHocSigned='0', signingCertificate='<DVTSigningCertificate: 0x7f974c1c2eb0; name='iPhone Distribution: Shanil Chandra (6NR225DSDF)', hash='86A9114CFE562B44AEB2EE0627EE4D6C6FEB57BC', serialNumber='3AD5C0AE2F5B0BABB8BE7BA311479E1C', certificateKinds='(
    "1.2.840.113635.100.6.1.4"
), issueDate='2022-07-01 12:03:33 +0000''>', entitlements='(null)', teamID='6NR225DSDF', identifier='com.apple.dt.runtime.swiftCoreGraphics', executablePath='<DVTFilePath:0x7f975fb9cd40:'/Users/cbl-mac-033/Library/Developer/Xcode/Archives/2022-07-04/MyFiji(Prod) 04-07-22, 3.52 PM.xcarchive/Products/Applications/MyFiji.app/Frameworks/libswiftCoreGraphics.dylib'>', hardenedRuntime='0'>'>
2022-07-04 10:33:31 +0000  Skipping profile for item: <IDEDistributionItem: 0x7f9790d93c80; bundleID='com.apple.dt.runtime.swiftCoreImage', path='<DVTFilePath:0x7f977da7a120:'/Users/cbl-mac-033/Library/Developer/Xcode/Archives/2022-07-04/MyFiji(Prod) 04-07-22, 3.52 PM.xcarchive/Products/Applications/MyFiji.app/Frameworks/libswiftCoreImage.dylib'>', codeSigningInfo='<_DVTCodeSigningInformation_Path: 0x7f974c0c7710; isSigned='1', isAdHocSigned='0', signingCertificate='<DVTSigningCertificate: 0x7f975d864e40; name='iPhone Distribution: Shanil Chandra (6NR225DSDF)', hash='86A9114CFE562B44AEB2EE0627EE4D6C6FEB57BC', serialNumber='3AD5C0AE2F5B0BABB8BE7BA311479E1C', certificateKinds='(
    "1.2.840.113635.100.6.1.4"
), issueDate='2022-07-01 12:03:33 +0000''>', entitlements='(null)', teamID='6NR225DSDF', identifier='com.apple.dt.runtime.swiftCoreImage', executablePath='<DVTFilePath:0x7f977da7a120:'/Users/cbl-mac-033/Library/Developer/Xcode/Archives/2022-07-04/MyFiji(Prod) 04-07-22, 3.52 PM.xcarchive/Products/Applications/MyFiji.app/Frameworks/libswiftCoreImage.dylib'>', hardenedRuntime='0'>'>
2022-07-04 10:33:31 +0000  Skipping profile for item: <IDEDistributionItem: 0x7f974d85ef90; bundleID='com.apple.dt.runtime.swiftCoreLocation', path='<DVTFilePath:0x7f97959e1730:'/Users/cbl-mac-033/Library/Developer/Xcode/Archives/2022-07-04/MyFiji(Prod) 04-07-22, 3.52 PM.xcarchive/Products/Applications/MyFiji.app/Frameworks/libswiftCoreLocation.dylib'>', codeSigningInfo='<_DVTCodeSigningInformation_Path: 0x7f974d318370; isSigned='1', isAdHocSigned='0', signingCertificate='<DVTSigningCertificate: 0x7f9788b2e940; name='iPhone Distribution: Shanil Chandra (6NR225DSDF)', hash='86A9114CFE562B44AEB2EE0627EE4D6C6FEB57BC', serialNumber='3AD5C0AE2F5B0BABB8BE7BA311479E1C', certificateKinds='(
    "1.2.840.113635.100.6.1.4"
), issueDate='2022-07-01 12:03:33 +0000''>', entitlements='(null)', teamID='6NR225DSDF', identifier='com.apple.dt.runtime.swiftCoreLocation', executablePath='<DVTFilePath:0x7f97959e1730:'/Users/cbl-mac-033/Library/Developer/Xcode/Archives/2022-07-04/MyFiji(Prod) 04-07-22, 3.52 PM.xcarchive/Products/Applications/MyFiji.app/Frameworks/libswiftCoreLocation.dylib'>', hardenedRuntime='0'>'>
2022-07-04 10:33:31 +0000  Skipping profile for item: <IDEDistributionItem: 0x7f975058f490; bundleID='com.apple.dt.runtime.swiftCoreMedia', path='<DVTFilePath:0x7f97e5c4fdc0:'/Users/cbl-mac-033/Library/Developer/Xcode/Archives/2022-07-04/MyFiji(Prod) 04-07-22, 3.52 PM.xcarchive/Products/Applications/MyFiji.app/Frameworks/libswiftCoreMedia.dylib'>', codeSigningInfo='<_DVTCodeSigningInformation_Path: 0x7f97505d6d80; isSigned='1', isAdHocSigned='0', signingCertificate='<DVTSigningCertificate: 0x7f9760095920; name='iPhone Distribution: Shanil Chandra (6NR225DSDF)', hash='86A9114CFE562B44AEB2EE0627EE4D6C6FEB57BC', serialNumber='3AD5C0AE2F5B0BABB8BE7BA311479E1C', certificateKinds='(
    "1.2.840.113635.100.6.1.4"
), issueDate='2022-07-01 12:03:33 +0000''>', entitlements='(null)', teamID='6NR225DSDF', identifier='com.apple.dt.runtime.swiftCoreMedia', executablePath='<DVTFilePath:0x7f97e5c4fdc0:'/Users/cbl-mac-033/Library/Developer/Xcode/Archives/2022-07-04/MyFiji(Prod) 04-07-22, 3.52 PM.xcarchive/Products/Applications/MyFiji.app/Frameworks/libswiftCoreMedia.dylib'>', hardenedRuntime='0'>'>
2022-07-04 10:33:31 +0000  Skipping profile for item: <IDEDistributionItem: 0x7f978ce5d120; bundleID='com.apple.dt.runtime.swiftDarwin', path='<DVTFilePath:0x7f979675a280:'/Users/cbl-mac-033/Library/Developer/Xcode/Archives/2022-07-04/MyFiji(Prod) 04-07-22, 3.52 PM.xcarchive/Products/Applications/MyFiji.app/Frameworks/libswiftDarwin.dylib'>', codeSigningInfo='<_DVTCodeSigningInformation_Path: 0x7f9750387670; isSigned='1', isAdHocSigned='0', signingCertificate='<DVTSigningCertificate: 0x7f974fdb6330; name='iPhone Distribution: Shanil Chandra (6NR225DSDF)', hash='86A9114CFE562B44AEB2EE0627EE4D6C6FEB57BC', serialNumber='3AD5C0AE2F5B0BABB8BE7BA311479E1C', certificateKinds='(
    "1.2.840.113635.100.6.1.4"
), issueDate='2022-07-01 12:03:33 +0000''>', entitlements='(null)', teamID='6NR225DSDF', identifier='com.apple.dt.runtime.swiftDarwin', executablePath='<DVTFilePath:0x7f979675a280:'/Users/cbl-mac-033/Library/Developer/Xcode/Archives/2022-07-04/MyFiji(Prod) 04-07-22, 3.52 PM.xcarchive/Products/Applications/MyFiji.app/Frameworks/libswiftDarwin.dylib'>', hardenedRuntime='0'>'>
2022-07-04 10:33:31 +0000  Skipping profile for item: <IDEDistributionItem: 0x7f975092c5e0; bundleID='com.apple.dt.runtime.swiftDispatch', path='<DVTFilePath:0x7f982bd4b540:'/Users/cbl-mac-033/Library/Developer/Xcode/Archives/2022-07-04/MyFiji(Prod) 04-07-22, 3.52 PM.xcarchive/Products/Applications/MyFiji.app/Frameworks/libswiftDispatch.dylib'>', codeSigningInfo='<_DVTCodeSigningInformation_Path: 0x7f9791f8ab00; isSigned='1', isAdHocSigned='0', signingCertificate='<DVTSigningCertificate: 0x7f975f893e90; name='iPhone Distribution: Shanil Chandra (6NR225DSDF)', hash='86A9114CFE562B44AEB2EE0627EE4D6C6FEB57BC', serialNumber='3AD5C0AE2F5B0BABB8BE7BA311479E1C', certificateKinds='(
    "1.2.840.113635.100.6.1.4"
), issueDate='2022-07-01 12:03:33 +0000''>', entitlements='(null)', teamID='6NR225DSDF', identifier='com.apple.dt.runtime.swiftDispatch', executablePath='<DVTFilePath:0x7f982bd4b540:'/Users/cbl-mac-033/Library/Developer/Xcode/Archives/2022-07-04/MyFiji(Prod) 04-07-22, 3.52 PM.xcarchive/Products/Applications/MyFiji.app/Frameworks/libswiftDispatch.dylib'>', hardenedRuntime='0'>'>
2022-07-04 10:33:31 +0000  Skipping profile for item: <IDEDistributionItem: 0x7f97501b7190; bundleID='com.apple.dt.runtime.swiftFoundation', path='<DVTFilePath:0x7f97903995e0:'/Users/cbl-mac-033/Library/Developer/Xcode/Archives/2022-07-04/MyFiji(Prod) 04-07-22, 3.52 PM.xcarchive/Products/Applications/MyFiji.app/Frameworks/libswiftFoundation.dylib'>', codeSigningInfo='<_DVTCodeSigningInformation_Path: 0x7f979643b340; isSigned='1', isAdHocSigned='0', signingCertificate='<DVTSigningCertificate: 0x7f975bc5d660; name='iPhone Distribution: Shanil Chandra (6NR225DSDF)', hash='86A9114CFE562B44AEB2EE0627EE4D6C6FEB57BC', serialNumber='3AD5C0AE2F5B0BABB8BE7BA311479E1C', certificateKinds='(
    "1.2.840.113635.100.6.1.4"
), issueDate='2022-07-01 12:03:33 +0000''>', entitlements='(null)', teamID='6NR225DSDF', identifier='com.apple.dt.runtime.swiftFoundation', executablePath='<DVTFilePath:0x7f97903995e0:'/Users/cbl-mac-033/Library/Developer/Xcode/Archives/2022-07-04/MyFiji(Prod) 04-07-22, 3.52 PM.xcarchive/Products/Applications/MyFiji.app/Frameworks/libswiftFoundation.dylib'>', hardenedRuntime='0'>'>
2022-07-04 10:33:31 +0000  Skipping profile for item: <IDEDistributionItem: 0x7f974d8ea190; bundleID='com.apple.dt.runtime.swiftMetal', path='<DVTFilePath:0x7f975fb3e2f0:'/Users/cbl-mac-033/Library/Developer/Xcode/Archives/2022-07-04/MyFiji(Prod) 04-07-22, 3.52 PM.xcarchive/Products/Applications/MyFiji.app/Frameworks/libswiftMetal.dylib'>', codeSigningInfo='<_DVTCodeSigningInformation_Path: 0x7f97503cc6b0; isSigned='1', isAdHocSigned='0', signingCertificate='<DVTSigningCertificate: 0x7f970d736470; name='iPhone Distribution: Shanil Chandra (6NR225DSDF)', hash='86A9114CFE562B44AEB2EE0627EE4D6C6FEB57BC', serialNumber='3AD5C0AE2F5B0BABB8BE7BA311479E1C', certificateKinds='(
    "1.2.840.113635.100.6.1.4"
), issueDate='2022-07-01 12:03:33 +0000''>', entitlements='(null)', teamID='6NR225DSDF', identifier='com.apple.dt.runtime.swiftMetal', executablePath='<DVTFilePath:0x7f975fb3e2f0:'/Users/cbl-mac-033/Library/Developer/Xcode/Archives/2022-07-04/MyFiji(Prod) 04-07-22, 3.52 PM.xcarchive/Products/Applications/MyFiji.app/Frameworks/libswiftMetal.dylib'>', hardenedRuntime='0'>'>
2022-07-04 10:33:31 +0000  Skipping profile for item: <IDEDistributionItem: 0x7f974d9dc390; bundleID='com.apple.dt.runtime.swiftObjectiveC', path='<DVTFilePath:0x7f974b219c00:'/Users/cbl-mac-033/Library/Developer/Xcode/Archives/2022-07-04/MyFiji(Prod) 04-07-22, 3.52 PM.xcarchive/Products/Applications/MyFiji.app/Frameworks/libswiftObjectiveC.dylib'>', codeSigningInfo='<_DVTCodeSigningInformation_Path: 0x7f975013f1a0; isSigned='1', isAdHocSigned='0', signingCertificate='<DVTSigningCertificate: 0x7f975bc5d660; name='iPhone Distribution: Shanil Chandra (6NR225DSDF)', hash='86A9114CFE562B44AEB2EE0627EE4D6C6FEB57BC', serialNumber='3AD5C0AE2F5B0BABB8BE7BA311479E1C', certificateKinds='(
    "1.2.840.113635.100.6.1.4"
), issueDate='2022-07-01 12:03:33 +0000''>', entitlements='(null)', teamID='6NR225DSDF', identifier='com.apple.dt.runtime.swiftObjectiveC', executablePath='<DVTFilePath:0x7f974b219c00:'/Users/cbl-mac-033/Library/Developer/Xcode/Archives/2022-07-04/MyFiji(Prod) 04-07-22, 3.52 PM.xcarchive/Products/Applications/MyFiji.app/Frameworks/libswiftObjectiveC.dylib'>', hardenedRuntime='0'>'>
2022-07-04 10:33:31 +0000  Skipping profile for item: <IDEDistributionItem: 0x7f97e4654560; bundleID='com.apple.dt.runtime.swiftPhotos', path='<DVTFilePath:0x7f977da3e240:'/Users/cbl-mac-033/Library/Developer/Xcode/Archives/2022-07-04/MyFiji(Prod) 04-07-22, 3.52 PM.xcarchive/Products/Applications/MyFiji.app/Frameworks/libswiftPhotos.dylib'>', codeSigningInfo='<_DVTCodeSigningInformation_Path: 0x7f97910448c0; isSigned='1', isAdHocSigned='0', signingCertificate='<DVTSigningCertificate: 0x7f975f87fe70; name='iPhone Distribution: Shanil Chandra (6NR225DSDF)', hash='86A9114CFE562B44AEB2EE0627EE4D6C6FEB57BC', serialNumber='3AD5C0AE2F5B0BABB8BE7BA311479E1C', certificateKinds='(
    "1.2.840.113635.100.6.1.4"
), issueDate='2022-07-01 12:03:33 +0000''>', entitlements='(null)', teamID='6NR225DSDF', identifier='com.apple.dt.runtime.swiftPhotos', executablePath='<DVTFilePath:0x7f977da3e240:'/Users/cbl-mac-033/Library/Developer/Xcode/Archives/2022-07-04/MyFiji(Prod) 04-07-22, 3.52 PM.xcarchive/Products/Applications/MyFiji.app/Frameworks/libswiftPhotos.dylib'>', hardenedRuntime='0'>'>
2022-07-04 10:33:31 +0000  Skipping profile for item: <IDEDistributionItem: 0x7f97cdcba700; bundleID='com.apple.dt.runtime.swiftQuartzCore', path='<DVTFilePath:0x7f97507a1670:'/Users/cbl-mac-033/Library/Developer/Xcode/Archives/2022-07-04/MyFiji(Prod) 04-07-22, 3.52 PM.xcarchive/Products/Applications/MyFiji.app/Frameworks/libswiftQuartzCore.dylib'>', codeSigningInfo='<_DVTCodeSigningInformation_Path: 0x7f97505d37a0; isSigned='1', isAdHocSigned='0', signingCertificate='<DVTSigningCertificate: 0x7f9795c28ba0; name='iPhone Distribution: Shanil Chandra (6NR225DSDF)', hash='86A9114CFE562B44AEB2EE0627EE4D6C6FEB57BC', serialNumber='3AD5C0AE2F5B0BABB8BE7BA311479E1C', certificateKinds='(
    "1.2.840.113635.100.6.1.4"
), issueDate='2022-07-01 12:03:33 +0000''>', entitlements='(null)', teamID='6NR225DSDF', identifier='com.apple.dt.runtime.swiftQuartzCore', executablePath='<DVTFilePath:0x7f97507a1670:'/Users/cbl-mac-033/Library/Developer/Xcode/Archives/2022-07-04/MyFiji(Prod) 04-07-22, 3.52 PM.xcarchive/Products/Applications/MyFiji.app/Frameworks/libswiftQuartzCore.dylib'>', hardenedRuntime='0'>'>
2022-07-04 10:33:31 +0000  Skipping profile for item: <IDEDistributionItem: 0x7f9790c1ddf0; bundleID='com.apple.dt.runtime.swiftUIKit', path='<DVTFilePath:0x7f975fbbc2f0:'/Users/cbl-mac-033/Library/Developer/Xcode/Archives/2022-07-04/MyFiji(Prod) 04-07-22, 3.52 PM.xcarchive/Products/Applications/MyFiji.app/Frameworks/libswiftUIKit.dylib'>', codeSigningInfo='<_DVTCodeSigningInformation_Path: 0x7f974d8fe040; isSigned='1', isAdHocSigned='0', signingCertificate='<DVTSigningCertificate: 0x7f97502e0310; name='iPhone Distribution: Shanil Chandra (6NR225DSDF)', hash='86A9114CFE562B44AEB2EE0627EE4D6C6FEB57BC', serialNumber='3AD5C0AE2F5B0BABB8BE7BA311479E1C', certificateKinds='(
    "1.2.840.113635.100.6.1.4"
), issueDate='2022-07-01 12:03:33 +0000''>', entitlements='(null)', teamID='6NR225DSDF', identifier='com.apple.dt.runtime.swiftUIKit', executablePath='<DVTFilePath:0x7f975fbbc2f0:'/Users/cbl-mac-033/Library/Developer/Xcode/Archives/2022-07-04/MyFiji(Prod) 04-07-22, 3.52 PM.xcarchive/Products/Applications/MyFiji.app/Frameworks/libswiftUIKit.dylib'>', hardenedRuntime='0'>'>
2022-07-04 10:33:31 +0000  Skipping profile for item: <IDEDistributionItem: 0x7f975fb161f0; bundleID='com.apple.dt.runtime.swiftVision', path='<DVTFilePath:0x7f977da418b0:'/Users/cbl-mac-033/Library/Developer/Xcode/Archives/2022-07-04/MyFiji(Prod) 04-07-22, 3.52 PM.xcarchive/Products/Applications/MyFiji.app/Frameworks/libswiftVision.dylib'>', codeSigningInfo='<_DVTCodeSigningInformation_Path: 0x7f975070b030; isSigned='1', isAdHocSigned='0', signingCertificate='<DVTSigningCertificate: 0x7f974d721000; name='iPhone Distribution: Shanil Chandra (6NR225DSDF)', hash='86A9114CFE562B44AEB2EE0627EE4D6C6FEB57BC', serialNumber='3AD5C0AE2F5B0BABB8BE7BA311479E1C', certificateKinds='(
    "1.2.840.113635.100.6.1.4"
), issueDate='2022-07-01 12:03:33 +0000''>', entitlements='(null)', teamID='6NR225DSDF', identifier='com.apple.dt.runtime.swiftVision', executablePath='<DVTFilePath:0x7f977da418b0:'/Users/cbl-mac-033/Library/Developer/Xcode/Archives/2022-07-04/MyFiji(Prod) 04-07-22, 3.52 PM.xcarchive/Products/Applications/MyFiji.app/Frameworks/libswiftVision.dylib'>', hardenedRuntime='0'>'>
2022-07-04 10:33:31 +0000  Skipping profile for item: <IDEDistributionItem: 0x7f974d814e80; bundleID='com.apple.dt.runtime.swiftos', path='<DVTFilePath:0x7f977daae080:'/Users/cbl-mac-033/Library/Developer/Xcode/Archives/2022-07-04/MyFiji(Prod) 04-07-22, 3.52 PM.xcarchive/Products/Applications/MyFiji.app/Frameworks/libswiftos.dylib'>', codeSigningInfo='<_DVTCodeSigningInformation_Path: 0x7f975ed48450; isSigned='1', isAdHocSigned='0', signingCertificate='<DVTSigningCertificate: 0x7f97502e7ad0; name='iPhone Distribution: Shanil Chandra (6NR225DSDF)', hash='86A9114CFE562B44AEB2EE0627EE4D6C6FEB57BC', serialNumber='3AD5C0AE2F5B0BABB8BE7BA311479E1C', certificateKinds='(
    "1.2.840.113635.100.6.1.4"
), issueDate='2022-07-01 12:03:33 +0000''>', entitlements='(null)', teamID='6NR225DSDF', identifier='com.apple.dt.runtime.swiftos', executablePath='<DVTFilePath:0x7f977daae080:'/Users/cbl-mac-033/Library/Developer/Xcode/Archives/2022-07-04/MyFiji(Prod) 04-07-22, 3.52 PM.xcarchive/Products/Applications/MyFiji.app/Frameworks/libswiftos.dylib'>', hardenedRuntime='0'>'>
2022-07-04 10:33:31 +0000  Skipping profile for item: <IDEDistributionItem: 0x7f97d8ce7dd0; bundleID='com.apple.dt.runtime.swiftsimd', path='<DVTFilePath:0x7f977da54fb0:'/Users/cbl-mac-033/Library/Developer/Xcode/Archives/2022-07-04/MyFiji(Prod) 04-07-22, 3.52 PM.xcarchive/Products/Applications/MyFiji.app/Frameworks/libswiftsimd.dylib'>', codeSigningInfo='<_DVTCodeSigningInformation_Path: 0x7f974fdca8e0; isSigned='1', isAdHocSigned='0', signingCertificate='<DVTSigningCertificate: 0x7f974c222340; name='iPhone Distribution: Shanil Chandra (6NR225DSDF)', hash='86A9114CFE562B44AEB2EE0627EE4D6C6FEB57BC', serialNumber='3AD5C0AE2F5B0BABB8BE7BA311479E1C', certificateKinds='(
    "1.2.840.113635.100.6.1.4"
), issueDate='2022-07-01 12:03:33 +0000''>', entitlements='(null)', teamID='6NR225DSDF', identifier='com.apple.dt.runtime.swiftsimd', executablePath='<DVTFilePath:0x7f977da54fb0:'/Users/cbl-mac-033/Library/Developer/Xcode/Archives/2022-07-04/MyFiji(Prod) 04-07-22, 3.52 PM.xcarchive/Products/Applications/MyFiji.app/Frameworks/libswiftsimd.dylib'>', hardenedRuntime='0'>'>
2022-07-04 10:33:31 +0000  Processing step: IDEDistributionInfoPlistStep
2022-07-04 10:33:31 +0000  No Info.plist file URL found for item at path "/var/folders/gs/6wh8jtrs5217v33bfm594jbr0000gn/T/XcodeDistPipeline.~~~iVo3xl/Root/Payload/MyFiji.app/Frameworks/libswiftAVFoundation.dylib".
2022-07-04 10:33:31 +0000  No Info.plist file URL found for item at path "/var/folders/gs/6wh8jtrs5217v33bfm594jbr0000gn/T/XcodeDistPipeline.~~~iVo3xl/Root/Payload/MyFiji.app/Frameworks/libswiftContacts.dylib".
2022-07-04 10:33:31 +0000  No Info.plist file URL found for item at path "/var/folders/gs/6wh8jtrs5217v33bfm594jbr0000gn/T/XcodeDistPipeline.~~~iVo3xl/Root/Payload/MyFiji.app/Frameworks/libswiftCore.dylib".
2022-07-04 10:33:31 +0000  No Info.plist file URL found for item at path "/var/folders/gs/6wh8jtrs5217v33bfm594jbr0000gn/T/XcodeDistPipeline.~~~iVo3xl/Root/Payload/MyFiji.app/Frameworks/libswiftCoreAudio.dylib".
2022-07-04 10:33:31 +0000  No Info.plist file URL found for item at path "/var/folders/gs/6wh8jtrs5217v33bfm594jbr0000gn/T/XcodeDistPipeline.~~~iVo3xl/Root/Payload/MyFiji.app/Frameworks/libswiftCoreData.dylib".
2022-07-04 10:33:31 +0000  No Info.plist file URL found for item at path "/var/folders/gs/6wh8jtrs5217v33bfm594jbr0000gn/T/XcodeDistPipeline.~~~iVo3xl/Root/Payload/MyFiji.app/Frameworks/libswiftCoreFoundation.dylib".
2022-07-04 10:33:31 +0000  No Info.plist file URL found for item at path "/var/folders/gs/6wh8jtrs5217v33bfm594jbr0000gn/T/XcodeDistPipeline.~~~iVo3xl/Root/Payload/MyFiji.app/Frameworks/libswiftCoreGraphics.dylib".
2022-07-04 10:33:31 +0000  No Info.plist file URL found for item at path "/var/folders/gs/6wh8jtrs5217v33bfm594jbr0000gn/T/XcodeDistPipeline.~~~iVo3xl/Root/Payload/MyFiji.app/Frameworks/libswiftCoreImage.dylib".
2022-07-04 10:33:31 +0000  No Info.plist file URL found for item at path "/var/folders/gs/6wh8jtrs5217v33bfm594jbr0000gn/T/XcodeDistPipeline.~~~iVo3xl/Root/Payload/MyFiji.app/Frameworks/libswiftCoreLocation.dylib".
2022-07-04 10:33:31 +0000  No Info.plist file URL found for item at path "/var/folders/gs/6wh8jtrs5217v33bfm594jbr0000gn/T/XcodeDistPipeline.~~~iVo3xl/Root/Payload/MyFiji.app/Frameworks/libswiftCoreMedia.dylib".
2022-07-04 10:33:31 +0000  No Info.plist file URL found for item at path "/var/folders/gs/6wh8jtrs5217v33bfm594jbr0000gn/T/XcodeDistPipeline.~~~iVo3xl/Root/Payload/MyFiji.app/Frameworks/libswiftDarwin.dylib".
2022-07-04 10:33:31 +0000  No Info.plist file URL found for item at path "/var/folders/gs/6wh8jtrs5217v33bfm594jbr0000gn/T/XcodeDistPipeline.~~~iVo3xl/Root/Payload/MyFiji.app/Frameworks/libswiftDispatch.dylib".
2022-07-04 10:33:31 +0000  No Info.plist file URL found for item at path "/var/folders/gs/6wh8jtrs5217v33bfm594jbr0000gn/T/XcodeDistPipeline.~~~iVo3xl/Root/Payload/MyFiji.app/Frameworks/libswiftFoundation.dylib".
2022-07-04 10:33:31 +0000  No Info.plist file URL found for item at path "/var/folders/gs/6wh8jtrs5217v33bfm594jbr0000gn/T/XcodeDistPipeline.~~~iVo3xl/Root/Payload/MyFiji.app/Frameworks/libswiftMetal.dylib".
2022-07-04 10:33:31 +0000  No Info.plist file URL found for item at path "/var/folders/gs/6wh8jtrs5217v33bfm594jbr0000gn/T/XcodeDistPipeline.~~~iVo3xl/Root/Payload/MyFiji.app/Frameworks/libswiftObjectiveC.dylib".
2022-07-04 10:33:31 +0000  No Info.plist file URL found for item at path "/var/folders/gs/6wh8jtrs5217v33bfm594jbr0000gn/T/XcodeDistPipeline.~~~iVo3xl/Root/Payload/MyFiji.app/Frameworks/libswiftPhotos.dylib".
2022-07-04 10:33:31 +0000  No Info.plist file URL found for item at path "/var/folders/gs/6wh8jtrs5217v33bfm594jbr0000gn/T/XcodeDistPipeline.~~~iVo3xl/Root/Payload/MyFiji.app/Frameworks/libswiftQuartzCore.dylib".
2022-07-04 10:33:31 +0000  No Info.plist file URL found for item at path "/var/folders/gs/6wh8jtrs5217v33bfm594jbr0000gn/T/XcodeDistPipeline.~~~iVo3xl/Root/Payload/MyFiji.app/Frameworks/libswiftUIKit.dylib".
2022-07-04 10:33:31 +0000  No Info.plist file URL found for item at path "/var/folders/gs/6wh8jtrs5217v33bfm594jbr0000gn/T/XcodeDistPipeline.~~~iVo3xl/Root/Payload/MyFiji.app/Frameworks/libswiftVision.dylib".
2022-07-04 10:33:31 +0000  No Info.plist file URL found for item at path "/var/folders/gs/6wh8jtrs5217v33bfm594jbr0000gn/T/XcodeDistPipeline.~~~iVo3xl/Root/Payload/MyFiji.app/Frameworks/libswiftos.dylib".
2022-07-04 10:33:31 +0000  No Info.plist file URL found for item at path "/var/folders/gs/6wh8jtrs5217v33bfm594jbr0000gn/T/XcodeDistPipeline.~~~iVo3xl/Root/Payload/MyFiji.app/Frameworks/libswiftsimd.dylib".
2022-07-04 10:33:31 +0000  Processing step: IDEDistributionItemRemovalStep
2022-07-04 10:33:31 +0000  Processing step: IDEDistributionAppThinningPlistStep
2022-07-04 10:33:31 +0000  Skipping step: IDEDistributionAppThinningPlistStep because it said so
2022-07-04 10:33:31 +0000  Processing step: IDEDistributionCompileBitcodeStep
2022-07-04 10:33:31 +0000  Skipping step: IDEDistributionCompileBitcodeStep because it said so
2022-07-04 10:33:31 +0000  Processing step: IDEDistributionCodeSlimmingStep
2022-07-04 10:33:31 +0000  Running /Applications/Xcode.app/Contents/Developer/Toolchains/XcodeDefault.xctoolchain/usr/bin/bitcode_strip '/var/folders/gs/6wh8jtrs5217v33bfm594jbr0000gn/T/XcodeDistPipeline.~~~iVo3xl/Root/Payload/MyFiji.app/Frameworks/ChatProvidersSDK.framework/ChatProvidersSDK' '-r' '-keep_cs' '-o' '/var/folders/gs/6wh8jtrs5217v33bfm594jbr0000gn/T/XcodeDistPipeline.~~~iVo3xl/Root/Payload/MyFiji.app/Frameworks/ChatProvidersSDK.framework/ChatProvidersSDK'
2022-07-04 10:33:31 +0000  /Applications/Xcode.app/Contents/Developer/Toolchains/XcodeDefault.xctoolchain/usr/bin/bitcode_strip exited with 0
2022-07-04 10:33:31 +0000  Running /Applications/Xcode.app/Contents/Developer/Toolchains/XcodeDefault.xctoolchain/usr/bin/bitcode_strip '/var/folders/gs/6wh8jtrs5217v33bfm594jbr0000gn/T/XcodeDistPipeline.~~~iVo3xl/Root/Payload/MyFiji.app/Frameworks/ChatSDK.framework/ChatSDK' '-r' '-keep_cs' '-o' '/var/folders/gs/6wh8jtrs5217v33bfm594jbr0000gn/T/XcodeDistPipeline.~~~iVo3xl/Root/Payload/MyFiji.app/Frameworks/ChatSDK.framework/ChatSDK'
2022-07-04 10:33:31 +0000  /Applications/Xcode.app/Contents/Developer/Toolchains/XcodeDefault.xctoolchain/usr/bin/bitcode_strip exited with 0
2022-07-04 10:33:31 +0000  Running /Applications/Xcode.app/Contents/Developer/Toolchains/XcodeDefault.xctoolchain/usr/bin/bitcode_strip '/var/folders/gs/6wh8jtrs5217v33bfm594jbr0000gn/T/XcodeDistPipeline.~~~iVo3xl/Root/Payload/MyFiji.app/Frameworks/CommonUISDK.framework/CommonUISDK' '-r' '-keep_cs' '-o' '/var/folders/gs/6wh8jtrs5217v33bfm594jbr0000gn/T/XcodeDistPipeline.~~~iVo3xl/Root/Payload/MyFiji.app/Frameworks/CommonUISDK.framework/CommonUISDK'
2022-07-04 10:33:31 +0000  /Applications/Xcode.app/Contents/Developer/Toolchains/XcodeDefault.xctoolchain/usr/bin/bitcode_strip exited with 0
2022-07-04 10:33:31 +0000  Running /Applications/Xcode.app/Contents/Developer/Toolchains/XcodeDefault.xctoolchain/usr/bin/bitcode_strip '/var/folders/gs/6wh8jtrs5217v33bfm594jbr0000gn/T/XcodeDistPipeline.~~~iVo3xl/Root/Payload/MyFiji.app/Frameworks/FaceSDK.framework/FaceSDK' '-r' '-keep_cs' '-o' '/var/folders/gs/6wh8jtrs5217v33bfm594jbr0000gn/T/XcodeDistPipeline.~~~iVo3xl/Root/Payload/MyFiji.app/Frameworks/FaceSDK.framework/FaceSDK'
2022-07-04 10:33:31 +0000  /Applications/Xcode.app/Contents/Developer/Toolchains/XcodeDefault.xctoolchain/usr/bin/bitcode_strip exited with 0
2022-07-04 10:33:31 +0000  Running /Applications/Xcode.app/Contents/Developer/Toolchains/XcodeDefault.xctoolchain/usr/bin/bitcode_strip '/var/folders/gs/6wh8jtrs5217v33bfm594jbr0000gn/T/XcodeDistPipeline.~~~iVo3xl/Root/Payload/MyFiji.app/Frameworks/MessagingAPI.framework/MessagingAPI' '-r' '-keep_cs' '-o' '/var/folders/gs/6wh8jtrs5217v33bfm594jbr0000gn/T/XcodeDistPipeline.~~~iVo3xl/Root/Payload/MyFiji.app/Frameworks/MessagingAPI.framework/MessagingAPI'
2022-07-04 10:33:31 +0000  /Applications/Xcode.app/Contents/Developer/Toolchains/XcodeDefault.xctoolchain/usr/bin/bitcode_strip exited with 0
2022-07-04 10:33:31 +0000  Running /Applications/Xcode.app/Contents/Developer/Toolchains/XcodeDefault.xctoolchain/usr/bin/bitcode_strip '/var/folders/gs/6wh8jtrs5217v33bfm594jbr0000gn/T/XcodeDistPipeline.~~~iVo3xl/Root/Payload/MyFiji.app/Frameworks/MessagingSDK.framework/MessagingSDK' '-r' '-keep_cs' '-o' '/var/folders/gs/6wh8jtrs5217v33bfm594jbr0000gn/T/XcodeDistPipeline.~~~iVo3xl/Root/Payload/MyFiji.app/Frameworks/MessagingSDK.framework/MessagingSDK'
2022-07-04 10:33:31 +0000  /Applications/Xcode.app/Contents/Developer/Toolchains/XcodeDefault.xctoolchain/usr/bin/bitcode_strip exited with 0
2022-07-04 10:33:31 +0000  Running /Applications/Xcode.app/Contents/Developer/Toolchains/XcodeDefault.xctoolchain/usr/bin/bitcode_strip '/var/folders/gs/6wh8jtrs5217v33bfm594jbr0000gn/T/XcodeDistPipeline.~~~iVo3xl/Root/Payload/MyFiji.app/Frameworks/Razorpay.framework/Razorpay' '-r' '-keep_cs' '-o' '/var/folders/gs/6wh8jtrs5217v33bfm594jbr0000gn/T/XcodeDistPipeline.~~~iVo3xl/Root/Payload/MyFiji.app/Frameworks/Razorpay.framework/Razorpay'
2022-07-04 10:33:31 +0000  /Applications/Xcode.app/Contents/Developer/Toolchains/XcodeDefault.xctoolchain/usr/bin/bitcode_strip exited with 0
2022-07-04 10:33:31 +0000  Running /Applications/Xcode.app/Contents/Developer/Toolchains/XcodeDefault.xctoolchain/usr/bin/bitcode_strip '/var/folders/gs/6wh8jtrs5217v33bfm594jbr0000gn/T/XcodeDistPipeline.~~~iVo3xl/Root/Payload/MyFiji.app/Frameworks/RegulaCommon.framework/RegulaCommon' '-r' '-keep_cs' '-o' '/var/folders/gs/6wh8jtrs5217v33bfm594jbr0000gn/T/XcodeDistPipeline.~~~iVo3xl/Root/Payload/MyFiji.app/Frameworks/RegulaCommon.framework/RegulaCommon'
2022-07-04 10:33:31 +0000  /Applications/Xcode.app/Contents/Developer/Toolchains/XcodeDefault.xctoolchain/usr/bin/bitcode_strip exited with 0
2022-07-04 10:33:31 +0000  Running /Applications/Xcode.app/Contents/Developer/Toolchains/XcodeDefault.xctoolchain/usr/bin/bitcode_strip '/var/folders/gs/6wh8jtrs5217v33bfm594jbr0000gn/T/XcodeDistPipeline.~~~iVo3xl/Root/Payload/MyFiji.app/Frameworks/SDKConfigurations.framework/SDKConfigurations' '-r' '-keep_cs' '-o' '/var/folders/gs/6wh8jtrs5217v33bfm594jbr0000gn/T/XcodeDistPipeline.~~~iVo3xl/Root/Payload/MyFiji.app/Frameworks/SDKConfigurations.framework/SDKConfigurations'
2022-07-04 10:33:31 +0000  /Applications/Xcode.app/Contents/Developer/Toolchains/XcodeDefault.xctoolchain/usr/bin/bitcode_strip exited with 0
2022-07-04 10:33:31 +0000  Running /Applications/Xcode.app/Contents/Developer/Toolchains/XcodeDefault.xctoolchain/usr/bin/bitcode_strip '/var/folders/gs/6wh8jtrs5217v33bfm594jbr0000gn/T/XcodeDistPipeline.~~~iVo3xl/Root/Payload/MyFiji.app/Frameworks/libswiftAVFoundation.dylib' '-r' '-keep_cs' '-o' '/var/folders/gs/6wh8jtrs5217v33bfm594jbr0000gn/T/XcodeDistPipeline.~~~iVo3xl/Root/Payload/MyFiji.app/Frameworks/libswiftAVFoundation.dylib'
2022-07-04 10:33:31 +0000  /Applications/Xcode.app/Contents/Developer/Toolchains/XcodeDefault.xctoolchain/usr/bin/bitcode_strip exited with 0
2022-07-04 10:33:31 +0000  Running /Applications/Xcode.app/Contents/Developer/Toolchains/XcodeDefault.xctoolchain/usr/bin/bitcode_strip '/var/folders/gs/6wh8jtrs5217v33bfm594jbr0000gn/T/XcodeDistPipeline.~~~iVo3xl/Root/Payload/MyFiji.app/Frameworks/libswiftContacts.dylib' '-r' '-keep_cs' '-o' '/var/folders/gs/6wh8jtrs5217v33bfm594jbr0000gn/T/XcodeDistPipeline.~~~iVo3xl/Root/Payload/MyFiji.app/Frameworks/libswiftContacts.dylib'
2022-07-04 10:33:31 +0000  /Applications/Xcode.app/Contents/Developer/Toolchains/XcodeDefault.xctoolchain/usr/bin/bitcode_strip exited with 0
2022-07-04 10:33:32 +0000  Running /Applications/Xcode.app/Contents/Developer/Toolchains/XcodeDefault.xctoolchain/usr/bin/bitcode_strip '/var/folders/gs/6wh8jtrs5217v33bfm594jbr0000gn/T/XcodeDistPipeline.~~~iVo3xl/Root/Payload/MyFiji.app/Frameworks/libswiftCore.dylib' '-r' '-keep_cs' '-o' '/var/folders/gs/6wh8jtrs5217v33bfm594jbr0000gn/T/XcodeDistPipeline.~~~iVo3xl/Root/Payload/MyFiji.app/Frameworks/libswiftCore.dylib'
2022-07-04 10:33:32 +0000  /Applications/Xcode.app/Contents/Developer/Toolchains/XcodeDefault.xctoolchain/usr/bin/bitcode_strip exited with 0
2022-07-04 10:33:32 +0000  Running /Applications/Xcode.app/Contents/Developer/Toolchains/XcodeDefault.xctoolchain/usr/bin/bitcode_strip '/var/folders/gs/6wh8jtrs5217v33bfm594jbr0000gn/T/XcodeDistPipeline.~~~iVo3xl/Root/Payload/MyFiji.app/Frameworks/libswiftCoreAudio.dylib' '-r' '-keep_cs' '-o' '/var/folders/gs/6wh8jtrs5217v33bfm594jbr0000gn/T/XcodeDistPipeline.~~~iVo3xl/Root/Payload/MyFiji.app/Frameworks/libswiftCoreAudio.dylib'
2022-07-04 10:33:32 +0000  /Applications/Xcode.app/Contents/Developer/Toolchains/XcodeDefault.xctoolchain/usr/bin/bitcode_strip exited with 0
2022-07-04 10:33:32 +0000  Running /Applications/Xcode.app/Contents/Developer/Toolchains/XcodeDefault.xctoolchain/usr/bin/bitcode_strip '/var/folders/gs/6wh8jtrs5217v33bfm594jbr0000gn/T/XcodeDistPipeline.~~~iVo3xl/Root/Payload/MyFiji.app/Frameworks/libswiftCoreData.dylib' '-r' '-keep_cs' '-o' '/var/folders/gs/6wh8jtrs5217v33bfm594jbr0000gn/T/XcodeDistPipeline.~~~iVo3xl/Root/Payload/MyFiji.app/Frameworks/libswiftCoreData.dylib'
2022-07-04 10:33:32 +0000  /Applications/Xcode.app/Contents/Developer/Toolchains/XcodeDefault.xctoolchain/usr/bin/bitcode_strip exited with 0
2022-07-04 10:33:32 +0000  Running /Applications/Xcode.app/Contents/Developer/Toolchains/XcodeDefault.xctoolchain/usr/bin/bitcode_strip '/var/folders/gs/6wh8jtrs5217v33bfm594jbr0000gn/T/XcodeDistPipeline.~~~iVo3xl/Root/Payload/MyFiji.app/Frameworks/libswiftCoreFoundation.dylib' '-r' '-keep_cs' '-o' '/var/folders/gs/6wh8jtrs5217v33bfm594jbr0000gn/T/XcodeDistPipeline.~~~iVo3xl/Root/Payload/MyFiji.app/Frameworks/libswiftCoreFoundation.dylib'
2022-07-04 10:33:32 +0000  /Applications/Xcode.app/Contents/Developer/Toolchains/XcodeDefault.xctoolchain/usr/bin/bitcode_strip exited with 0
2022-07-04 10:33:32 +0000  Running /Applications/Xcode.app/Contents/Developer/Toolchains/XcodeDefault.xctoolchain/usr/bin/bitcode_strip '/var/folders/gs/6wh8jtrs5217v33bfm594jbr0000gn/T/XcodeDistPipeline.~~~iVo3xl/Root/Payload/MyFiji.app/Frameworks/libswiftCoreGraphics.dylib' '-r' '-keep_cs' '-o' '/var/folders/gs/6wh8jtrs5217v33bfm594jbr0000gn/T/XcodeDistPipeline.~~~iVo3xl/Root/Payload/MyFiji.app/Frameworks/libswiftCoreGraphics.dylib'
2022-07-04 10:33:32 +0000  /Applications/Xcode.app/Contents/Developer/Toolchains/XcodeDefault.xctoolchain/usr/bin/bitcode_strip exited with 0
2022-07-04 10:33:32 +0000  Running /Applications/Xcode.app/Contents/Developer/Toolchains/XcodeDefault.xctoolchain/usr/bin/bitcode_strip '/var/folders/gs/6wh8jtrs5217v33bfm594jbr0000gn/T/XcodeDistPipeline.~~~iVo3xl/Root/Payload/MyFiji.app/Frameworks/libswiftCoreImage.dylib' '-r' '-keep_cs' '-o' '/var/folders/gs/6wh8jtrs5217v33bfm594jbr0000gn/T/XcodeDistPipeline.~~~iVo3xl/Root/Payload/MyFiji.app/Frameworks/libswiftCoreImage.dylib'
2022-07-04 10:33:32 +0000  /Applications/Xcode.app/Contents/Developer/Toolchains/XcodeDefault.xctoolchain/usr/bin/bitcode_strip exited with 0
2022-07-04 10:33:32 +0000  Running /Applications/Xcode.app/Contents/Developer/Toolchains/XcodeDefault.xctoolchain/usr/bin/bitcode_strip '/var/folders/gs/6wh8jtrs5217v33bfm594jbr0000gn/T/XcodeDistPipeline.~~~iVo3xl/Root/Payload/MyFiji.app/Frameworks/libswiftCoreLocation.dylib' '-r' '-keep_cs' '-o' '/var/folders/gs/6wh8jtrs5217v33bfm594jbr0000gn/T/XcodeDistPipeline.~~~iVo3xl/Root/Payload/MyFiji.app/Frameworks/libswiftCoreLocation.dylib'
2022-07-04 10:33:32 +0000  /Applications/Xcode.app/Contents/Developer/Toolchains/XcodeDefault.xctoolchain/usr/bin/bitcode_strip exited with 0
2022-07-04 10:33:32 +0000  Running /Applications/Xcode.app/Contents/Developer/Toolchains/XcodeDefault.xctoolchain/usr/bin/bitcode_strip '/var/folders/gs/6wh8jtrs5217v33bfm594jbr0000gn/T/XcodeDistPipeline.~~~iVo3xl/Root/Payload/MyFiji.app/Frameworks/libswiftCoreMedia.dylib' '-r' '-keep_cs' '-o' '/var/folders/gs/6wh8jtrs5217v33bfm594jbr0000gn/T/XcodeDistPipeline.~~~iVo3xl/Root/Payload/MyFiji.app/Frameworks/libswiftCoreMedia.dylib'
2022-07-04 10:33:32 +0000  /Applications/Xcode.app/Contents/Developer/Toolchains/XcodeDefault.xctoolchain/usr/bin/bitcode_strip exited with 0
2022-07-04 10:33:32 +0000  Running /Applications/Xcode.app/Contents/Developer/Toolchains/XcodeDefault.xctoolchain/usr/bin/bitcode_strip '/var/folders/gs/6wh8jtrs5217v33bfm594jbr0000gn/T/XcodeDistPipeline.~~~iVo3xl/Root/Payload/MyFiji.app/Frameworks/libswiftDarwin.dylib' '-r' '-keep_cs' '-o' '/var/folders/gs/6wh8jtrs5217v33bfm594jbr0000gn/T/XcodeDistPipeline.~~~iVo3xl/Root/Payload/MyFiji.app/Frameworks/libswiftDarwin.dylib'
2022-07-04 10:33:32 +0000  /Applications/Xcode.app/Contents/Developer/Toolchains/XcodeDefault.xctoolchain/usr/bin/bitcode_strip exited with 0
2022-07-04 10:33:32 +0000  Running /Applications/Xcode.app/Contents/Developer/Toolchains/XcodeDefault.xctoolchain/usr/bin/bitcode_strip '/var/folders/gs/6wh8jtrs5217v33bfm594jbr0000gn/T/XcodeDistPipeline.~~~iVo3xl/Root/Payload/MyFiji.app/Frameworks/libswiftDispatch.dylib' '-r' '-keep_cs' '-o' '/var/folders/gs/6wh8jtrs5217v33bfm594jbr0000gn/T/XcodeDistPipeline.~~~iVo3xl/Root/Payload/MyFiji.app/Frameworks/libswiftDispatch.dylib'
2022-07-04 10:33:32 +0000  /Applications/Xcode.app/Contents/Developer/Toolchains/XcodeDefault.xctoolchain/usr/bin/bitcode_strip exited with 0
2022-07-04 10:33:32 +0000  Running /Applications/Xcode.app/Contents/Developer/Toolchains/XcodeDefault.xctoolchain/usr/bin/bitcode_strip '/var/folders/gs/6wh8jtrs5217v33bfm594jbr0000gn/T/XcodeDistPipeline.~~~iVo3xl/Root/Payload/MyFiji.app/Frameworks/libswiftFoundation.dylib' '-r' '-keep_cs' '-o' '/var/folders/gs/6wh8jtrs5217v33bfm594jbr0000gn/T/XcodeDistPipeline.~~~iVo3xl/Root/Payload/MyFiji.app/Frameworks/libswiftFoundation.dylib'
2022-07-04 10:33:32 +0000  /Applications/Xcode.app/Contents/Developer/Toolchains/XcodeDefault.xctoolchain/usr/bin/bitcode_strip exited with 0
2022-07-04 10:33:32 +0000  Running /Applications/Xcode.app/Contents/Developer/Toolchains/XcodeDefault.xctoolchain/usr/bin/bitcode_strip '/var/folders/gs/6wh8jtrs5217v33bfm594jbr0000gn/T/XcodeDistPipeline.~~~iVo3xl/Root/Payload/MyFiji.app/Frameworks/libswiftMetal.dylib' '-r' '-keep_cs' '-o' '/var/folders/gs/6wh8jtrs5217v33bfm594jbr0000gn/T/XcodeDistPipeline.~~~iVo3xl/Root/Payload/MyFiji.app/Frameworks/libswiftMetal.dylib'
2022-07-04 10:33:32 +0000  /Applications/Xcode.app/Contents/Developer/Toolchains/XcodeDefault.xctoolchain/usr/bin/bitcode_strip exited with 0
2022-07-04 10:33:32 +0000  Running /Applications/Xcode.app/Contents/Developer/Toolchains/XcodeDefault.xctoolchain/usr/bin/bitcode_strip '/var/folders/gs/6wh8jtrs5217v33bfm594jbr0000gn/T/XcodeDistPipeline.~~~iVo3xl/Root/Payload/MyFiji.app/Frameworks/libswiftObjectiveC.dylib' '-r' '-keep_cs' '-o' '/var/folders/gs/6wh8jtrs5217v33bfm594jbr0000gn/T/XcodeDistPipeline.~~~iVo3xl/Root/Payload/MyFiji.app/Frameworks/libswiftObjectiveC.dylib'
2022-07-04 10:33:32 +0000  /Applications/Xcode.app/Contents/Developer/Toolchains/XcodeDefault.xctoolchain/usr/bin/bitcode_strip exited with 0
2022-07-04 10:33:32 +0000  Running /Applications/Xcode.app/Contents/Developer/Toolchains/XcodeDefault.xctoolchain/usr/bin/bitcode_strip '/var/folders/gs/6wh8jtrs5217v33bfm594jbr0000gn/T/XcodeDistPipeline.~~~iVo3xl/Root/Payload/MyFiji.app/Frameworks/libswiftPhotos.dylib' '-r' '-keep_cs' '-o' '/var/folders/gs/6wh8jtrs5217v33bfm594jbr0000gn/T/XcodeDistPipeline.~~~iVo3xl/Root/Payload/MyFiji.app/Frameworks/libswiftPhotos.dylib'
2022-07-04 10:33:32 +0000  /Applications/Xcode.app/Contents/Developer/Toolchains/XcodeDefault.xctoolchain/usr/bin/bitcode_strip exited with 0
2022-07-04 10:33:32 +0000  Running /Applications/Xcode.app/Contents/Developer/Toolchains/XcodeDefault.xctoolchain/usr/bin/bitcode_strip '/var/folders/gs/6wh8jtrs5217v33bfm594jbr0000gn/T/XcodeDistPipeline.~~~iVo3xl/Root/Payload/MyFiji.app/Frameworks/libswiftQuartzCore.dylib' '-r' '-keep_cs' '-o' '/var/folders/gs/6wh8jtrs5217v33bfm594jbr0000gn/T/XcodeDistPipeline.~~~iVo3xl/Root/Payload/MyFiji.app/Frameworks/libswiftQuartzCore.dylib'
2022-07-04 10:33:32 +0000  /Applications/Xcode.app/Contents/Developer/Toolchains/XcodeDefault.xctoolchain/usr/bin/bitcode_strip exited with 0
2022-07-04 10:33:32 +0000  Running /Applications/Xcode.app/Contents/Developer/Toolchains/XcodeDefault.xctoolchain/usr/bin/bitcode_strip '/var/folders/gs/6wh8jtrs5217v33bfm594jbr0000gn/T/XcodeDistPipeline.~~~iVo3xl/Root/Payload/MyFiji.app/Frameworks/libswiftUIKit.dylib' '-r' '-keep_cs' '-o' '/var/folders/gs/6wh8jtrs5217v33bfm594jbr0000gn/T/XcodeDistPipeline.~~~iVo3xl/Root/Payload/MyFiji.app/Frameworks/libswiftUIKit.dylib'
2022-07-04 10:33:32 +0000  /Applications/Xcode.app/Contents/Developer/Toolchains/XcodeDefault.xctoolchain/usr/bin/bitcode_strip exited with 0
2022-07-04 10:33:32 +0000  Running /Applications/Xcode.app/Contents/Developer/Toolchains/XcodeDefault.xctoolchain/usr/bin/bitcode_strip '/var/folders/gs/6wh8jtrs5217v33bfm594jbr0000gn/T/XcodeDistPipeline.~~~iVo3xl/Root/Payload/MyFiji.app/Frameworks/libswiftVision.dylib' '-r' '-keep_cs' '-o' '/var/folders/gs/6wh8jtrs5217v33bfm594jbr0000gn/T/XcodeDistPipeline.~~~iVo3xl/Root/Payload/MyFiji.app/Frameworks/libswiftVision.dylib'
2022-07-04 10:33:32 +0000  /Applications/Xcode.app/Contents/Developer/Toolchains/XcodeDefault.xctoolchain/usr/bin/bitcode_strip exited with 0
2022-07-04 10:33:32 +0000  Running /Applications/Xcode.app/Contents/Developer/Toolchains/XcodeDefault.xctoolchain/usr/bin/bitcode_strip '/var/folders/gs/6wh8jtrs5217v33bfm594jbr0000gn/T/XcodeDistPipeline.~~~iVo3xl/Root/Payload/MyFiji.app/Frameworks/libswiftos.dylib' '-r' '-keep_cs' '-o' '/var/folders/gs/6wh8jtrs5217v33bfm594jbr0000gn/T/XcodeDistPipeline.~~~iVo3xl/Root/Payload/MyFiji.app/Frameworks/libswiftos.dylib'
2022-07-04 10:33:32 +0000  /Applications/Xcode.app/Contents/Developer/Toolchains/XcodeDefault.xctoolchain/usr/bin/bitcode_strip exited with 0
2022-07-04 10:33:32 +0000  Running /Applications/Xcode.app/Contents/Developer/Toolchains/XcodeDefault.xctoolchain/usr/bin/bitcode_strip '/var/folders/gs/6wh8jtrs5217v33bfm594jbr0000gn/T/XcodeDistPipeline.~~~iVo3xl/Root/Payload/MyFiji.app/Frameworks/libswiftsimd.dylib' '-r' '-keep_cs' '-o' '/var/folders/gs/6wh8jtrs5217v33bfm594jbr0000gn/T/XcodeDistPipeline.~~~iVo3xl/Root/Payload/MyFiji.app/Frameworks/libswiftsimd.dylib'
2022-07-04 10:33:32 +0000  /Applications/Xcode.app/Contents/Developer/Toolchains/XcodeDefault.xctoolchain/usr/bin/bitcode_strip exited with 0
2022-07-04 10:33:33 +0000  Running /Applications/Xcode.app/Contents/Developer/Toolchains/XcodeDefault.xctoolchain/usr/bin/bitcode_strip '/var/folders/gs/6wh8jtrs5217v33bfm594jbr0000gn/T/XcodeDistPipeline.~~~iVo3xl/Root/Payload/MyFiji.app/MyFiji' '-r' '-keep_cs' '-o' '/var/folders/gs/6wh8jtrs5217v33bfm594jbr0000gn/T/XcodeDistPipeline.~~~iVo3xl/Root/Payload/MyFiji.app/MyFiji'
2022-07-04 10:33:33 +0000  /Applications/Xcode.app/Contents/Developer/Toolchains/XcodeDefault.xctoolchain/usr/bin/bitcode_strip exited with 0
2022-07-04 10:33:33 +0000  Processing step: IDEDistributionCopyBCSymbolMapsStep
2022-07-04 10:33:34 +0000  Processing step: IDEDistributionSymbolsStep
2022-07-04 10:33:34 +0000  Processing symbols for ChatProvidersSDK.framework
2022-07-04 10:33:34 +0000  Running /usr/bin/rsync '-8aPhhE' '/var/folders/gs/6wh8jtrs5217v33bfm594jbr0000gn/T/XcodeDistPipeline.~~~iVo3xl/Root/Payload/MyFiji.app/Frameworks/ChatProvidersSDK.framework' '--link-dest' '/var/folders/gs/6wh8jtrs5217v33bfm594jbr0000gn/T/XcodeDistPipeline.~~~iVo3xl/Root/Payload/MyFiji.app/Frameworks' '/var/folders/gs/6wh8jtrs5217v33bfm594jbr0000gn/T/XcodeDistPipeline.~~~iVo3xl'
2022-07-04 10:33:34 +0000  building file list ... 
2022-07-04 10:33:34 +0000   0 files...2022-07-04 10:33:34 +0000  5 files to consider
2022-07-04 10:33:34 +0000  ChatProvidersSDK.framework/
2022-07-04 10:33:34 +0000  ChatProvidersSDK.framework/_CodeSignature/
rsync: link "/var/folders/gs/6wh8jtrs5217v33bfm594jbr0000gn/T/XcodeDistPipeline.~~~iVo3xl/ChatProvidersSDK.framework/_CodeSignature/CodeResources" => /var/folders/gs/6wh8jtrs5217v33bfm594jbr0000gn/T/XcodeDistPipeline.~~~iVo3xl/Root/Payload/MyFiji.app/Frameworks/ChatProvidersSDK.framework/_CodeSignature/CodeResources failed: Operation not permitted (1)
ChatProvidersSDK.framework/_CodeSignature/CodeResources
2022-07-04 10:33:34 +0000  
sent 243 bytes  received 38 bytes  562.00 bytes/sec
total size is 2.02M  speedup is 7543.04
2022-07-04 10:33:34 +0000  /usr/bin/rsync exited with 0
2022-07-04 10:33:34 +0000  Running /usr/bin/rsync '-8aPhhE' '/Users/cbl-mac-033/Library/Developer/Xcode/Archives/2022-07-04/MyFiji(Prod) 04-07-22, 3.52 PM.xcarchive/dSYMs/' '--link-dest' '/Users/cbl-mac-033/Library/Developer/Xcode/Archives/2022-07-04/MyFiji(Prod) 04-07-22, 3.52 PM.xcarchive/dSYMs/' '/var/folders/gs/6wh8jtrs5217v33bfm594jbr0000gn/T/XcodeDistPipeline.~~~iVo3xl'
2022-07-04 10:33:34 +0000  building file list ... 
2022-07-04 10:33:34 +0000   0 files...2022-07-04 10:33:34 +0000  78 files to consider
2022-07-04 10:33:34 +0000  ./
2022-07-04 10:33:34 +0000  ChatProvidersSDK.framework.dSYM/
ChatProvidersSDK.framework.dSYM/Contents/
ChatProvidersSDK.framework.dSYM/Contents/Resources/
2022-07-04 10:33:34 +0000  ChatProvidersSDK.framework.dSYM/Contents/Resources/DWARF/
ChatSDK.framework.dSYM/
ChatSDK.framework.dSYM/Contents/
ChatSDK.framework.dSYM/Contents/Resources/
ChatSDK.framework.dSYM/Contents/Resources/DWARF/
ChatSDK.framework.dSYM/Contents/Resources/Swift/
ChatSDK.framework.dSYM/Contents/Resources/Swift/aarch64/
ChatSDK.framework.dSYM/Contents/Resources/Swift/arm/
CommonUISDK.framework.dSYM/
CommonUISDK.framework.dSYM/Contents/
CommonUISDK.framework.dSYM/Contents/Resources/
CommonUISDK.framework.dSYM/Contents/Resources/DWARF/
FaceSDK.framework.dSYM/
FaceSDK.framework.dSYM/Contents/
FaceSDK.framework.dSYM/Contents/Resources/
FaceSDK.framework.dSYM/Contents/Resources/DWARF/
MessagingAPI.framework.dSYM/
MessagingAPI.framework.dSYM/Contents/
MessagingAPI.framework.dSYM/Contents/Resources/
MessagingAPI.framework.dSYM/Contents/Resources/DWARF/
MessagingAPI.framework.dSYM/Contents/Resources/Swift/
MessagingAPI.framework.dSYM/Contents/Resources/Swift/aarch64/
MessagingAPI.framework.dSYM/Contents/Resources/Swift/arm/
MessagingSDK.framework.dSYM/
MessagingSDK.framework.dSYM/Contents/
MessagingSDK.framework.dSYM/Contents/Resources/
MessagingSDK.framework.dSYM/Contents/Resources/DWARF/
MessagingSDK.framework.dSYM/Contents/Resources/Swift/
MessagingSDK.framework.dSYM/Contents/Resources/Swift/aarch64/
MessagingSDK.framework.dSYM/Contents/Resources/Swift/arm/
MyFiji.app.dSYM/
MyFiji.app.dSYM/Contents/
MyFiji.app.dSYM/Contents/Resources/
MyFiji.app.dSYM/Contents/Resources/DWARF/
RegulaCommon.framework.dSYM/
RegulaCommon.framework.dSYM/Contents/
RegulaCommon.framework.dSYM/Contents/Resources/
RegulaCommon.framework.dSYM/Contents/Resources/DWARF/
SDKConfigurations.framework.dSYM/
SDKConfigurations.framework.dSYM/Contents/
SDKConfigurations.framework.dSYM/Contents/Resources/
SDKConfigurations.framework.dSYM/Contents/Resources/DWARF/
2022-07-04 10:33:34 +0000  
2022-07-04 10:33:34 +0000  /usr/bin/rsync exited with 0
2022-07-04 10:33:34 +0000  sent 2.64K bytes  received 296 bytes  5.85K bytes/sec
total size is 101.31M  speedup is 35470.35
2022-07-04 10:33:34 +0000  Running /Applications/Xcode.app/Contents/Developer/usr/bin/symbols '-noTextInSOD' '-noDaemon' '-arch' 'all' '-symbolsPackageDir' '/var/folders/gs/6wh8jtrs5217v33bfm594jbr0000gn/T/XcodeDistPipeline.~~~iVo3xl/Symbols' '/var/folders/gs/6wh8jtrs5217v33bfm594jbr0000gn/T/XcodeDistPipeline.~~~iVo3xl/ChatProvidersSDK.framework.dSYM/Contents/Resources/Dwarf/ChatProvidersSDK'
2022-07-04 10:33:36 +0000  /var/folders/gs/6wh8jtrs5217v33bfm594jbr0000gn/T/XcodeDistPipeline.~~~iVo3xl/ChatProvidersSDK.framework.dSYM/Contents/Resources/Dwarf/ChatProvidersSDK [armv7, 0.924135 seconds]:
/var/folders/gs/6wh8jtrs5217v33bfm594jbr0000gn/T/XcodeDistPipeline.~~~iVo3xl/ChatProvidersSDK.framework.dSYM/Contents/Resources/Dwarf/ChatProvidersSDK [arm64, 0.924135 seconds]:
2022-07-04 10:33:36 +0000  /Applications/Xcode.app/Contents/Developer/usr/bin/symbols exited with 0
2022-07-04 10:33:36 +0000  Processing symbols for ChatSDK.framework
2022-07-04 10:33:36 +0000  Running /usr/bin/rsync '-8aPhhE' '/var/folders/gs/6wh8jtrs5217v33bfm594jbr0000gn/T/XcodeDistPipeline.~~~iVo3xl/Root/Payload/MyFiji.app/Frameworks/ChatSDK.framework' '--link-dest' '/var/folders/gs/6wh8jtrs5217v33bfm594jbr0000gn/T/XcodeDistPipeline.~~~iVo3xl/Root/Payload/MyFiji.app/Frameworks' '/var/folders/gs/6wh8jtrs5217v33bfm594jbr0000gn/T/XcodeDistPipeline.~~~iVo3xl'
2022-07-04 10:33:36 +0000  building file list ... 
 0 files...2022-07-04 10:33:36 +0000  75 files to consider
ChatSDK.framework/
2022-07-04 10:33:36 +0000  /usr/bin/rsync exited with 0
2022-07-04 10:33:36 +0000  ChatSDK.framework/ChatStrings/
ChatSDK.framework/ChatStrings/ar.lproj/
ChatSDK.framework/ChatStrings/bg.lproj/
ChatSDK.framework/ChatStrings/cs.lproj/
ChatSDK.framework/ChatStrings/da.lproj/
ChatSDK.framework/ChatStrings/de.lproj/
ChatSDK.framework/ChatStrings/el.lproj/
ChatSDK.framework/ChatStrings/en-GB.lproj/
ChatSDK.framework/ChatStrings/en.lproj/
ChatSDK.framework/ChatStrings/es.lproj/
ChatSDK.framework/ChatStrings/fi.lproj/
ChatSDK.framework/ChatStrings/fil.lproj/
ChatSDK.framework/ChatStrings/fr-CA.lproj/
ChatSDK.framework/ChatStrings/fr.lproj/
ChatSDK.framework/ChatStrings/he.lproj/
ChatSDK.framework/ChatStrings/hi.lproj/
ChatSDK.framework/ChatStrings/hu.lproj/
ChatSDK.framework/ChatStrings/id.lproj/
ChatSDK.framework/ChatStrings/it.lproj/
ChatSDK.framework/ChatStrings/ja.lproj/
ChatSDK.framework/ChatStrings/ko.lproj/
ChatSDK.framework/ChatStrings/ms.lproj/
ChatSDK.framework/ChatStrings/nb.lproj/
ChatSDK.framework/ChatStrings/nl.lproj/
ChatSDK.framework/ChatStrings/pl.lproj/
ChatSDK.framework/ChatStrings/pt-BR.lproj/
ChatSDK.framework/ChatStrings/pt.lproj/
ChatSDK.framework/ChatStrings/ro.lproj/
ChatSDK.framework/ChatStrings/ru.lproj/
ChatSDK.framework/ChatStrings/sv.lproj/
ChatSDK.framework/ChatStrings/th.lproj/
ChatSDK.framework/ChatStrings/tr.lproj/
ChatSDK.framework/ChatStrings/vi.lproj/
ChatSDK.framework/ChatStrings/zh-Hans.lproj/
ChatSDK.framework/ChatStrings/zh-Hant.lproj/
ChatSDK.framework/_CodeSignature/
rsync: link "/var/folders/gs/6wh8jtrs5217v33bfm594jbr0000gn/T/XcodeDistPipeline.~~~iVo3xl/ChatSDK.framework/_CodeSignature/CodeResources" => /var/folders/gs/6wh8jtrs5217v33bfm594jbr0000gn/T/XcodeDistPipeline.~~~iVo3xl/Root/Payload/MyFiji.app/Frameworks/ChatSDK.framework/_CodeSignature/CodeResources failed: Operation not permitted (1)
ChatSDK.framework/_CodeSignature/CodeResources

sent 2.26K bytes  received 248 bytes  5.01K bytes/sec
total size is 549.56K  speedup is 219.31
2022-07-04 10:33:36 +0000  Running /usr/bin/rsync '-8aPhhE' '/Users/cbl-mac-033/Library/Developer/Xcode/Archives/2022-07-04/MyFiji(Prod) 04-07-22, 3.52 PM.xcarchive/dSYMs/' '--link-dest' '/Users/cbl-mac-033/Library/Developer/Xcode/Archives/2022-07-04/MyFiji(Prod) 04-07-22, 3.52 PM.xcarchive/dSYMs/' '/var/folders/gs/6wh8jtrs5217v33bfm594jbr0000gn/T/XcodeDistPipeline.~~~iVo3xl'
2022-07-04 10:33:36 +0000  building file list ... 
 0 files...78 files to consider
2022-07-04 10:33:37 +0000  ./
ChatProvidersSDK.framework.dSYM/
ChatProvidersSDK.framework.dSYM/Contents/
ChatProvidersSDK.framework.dSYM/Contents/Resources/
ChatProvidersSDK.framework.dSYM/Contents/Resources/DWARF/
ChatSDK.framework.dSYM/
ChatSDK.framework.dSYM/Contents/
ChatSDK.framework.dSYM/Contents/Resources/
ChatSDK.framework.dSYM/Contents/Resources/DWARF/
ChatSDK.framework.dSYM/Contents/Resources/Swift/
ChatSDK.framework.dSYM/Contents/Resources/Swift/aarch64/
ChatSDK.framework.dSYM/Contents/Resources/Swift/arm/
CommonUISDK.framework.dSYM/
CommonUISDK.framework.dSYM/Contents/
CommonUISDK.framework.dSYM/Contents/Resources/
CommonUISDK.framework.dSYM/Contents/Resources/DWARF/
FaceSDK.framework.dSYM/
FaceSDK.framework.dSYM/Contents/
FaceSDK.framework.dSYM/Contents/Resources/
FaceSDK.framework.dSYM/Contents/Resources/DWARF/
MessagingAPI.framework.dSYM/
MessagingAPI.framework.dSYM/Contents/
MessagingAPI.framework.dSYM/Contents/Resources/
MessagingAPI.framework.dSYM/Contents/Resources/DWARF/
MessagingAPI.framework.dSYM/Contents/Resources/Swift/
MessagingAPI.framework.dSYM/Contents/Resources/Swift/aarch64/
MessagingAPI.framework.dSYM/Contents/Resources/Swift/arm/
MessagingSDK.framework.dSYM/
MessagingSDK.framework.dSYM/Contents/
MessagingSDK.framework.dSYM/Contents/Resources/
MessagingSDK.framework.dSYM/Contents/Resources/DWARF/
MessagingSDK.framework.dSYM/Contents/Resources/Swift/
MessagingSDK.framework.dSYM/Contents/Resources/Swift/aarch64/
MessagingSDK.framework.dSYM/Contents/Resources/Swift/arm/
MyFiji.app.dSYM/
MyFiji.app.dSYM/Contents/
MyFiji.app.dSYM/Contents/Resources/
MyFiji.app.dSYM/Contents/Resources/DWARF/
RegulaCommon.framework.dSYM/
RegulaCommon.framework.dSYM/Contents/
RegulaCommon.framework.dSYM/Contents/Resources/
RegulaCommon.framework.dSYM/Contents/Resources/DWARF/
SDKConfigurations.framework.dSYM/
SDKConfigurations.framework.dSYM/Contents/
SDKConfigurations.framework.dSYM/Contents/Resources/
SDKConfigurations.framework.dSYM/Contents/Resources/DWARF/
2022-07-04 10:33:37 +0000  /usr/bin/rsync exited with 0
2022-07-04 10:33:37 +0000  
sent 2.82K bytes  received 488 bytes  2.20K bytes/sec
total size is 101.31M  speedup is 31439.39
2022-07-04 10:33:37 +0000  Running /Applications/Xcode.app/Contents/Developer/usr/bin/symbols '-noTextInSOD' '-noDaemon' '-arch' 'all' '-symbolsPackageDir' '/var/folders/gs/6wh8jtrs5217v33bfm594jbr0000gn/T/XcodeDistPipeline.~~~iVo3xl/Symbols' '/var/folders/gs/6wh8jtrs5217v33bfm594jbr0000gn/T/XcodeDistPipeline.~~~iVo3xl/ChatSDK.framework.dSYM/Contents/Resources/Dwarf/ChatSDK'
2022-07-04 10:33:39 +0000  /var/folders/gs/6wh8jtrs5217v33bfm594jbr0000gn/T/XcodeDistPipeline.~~~iVo3xl/ChatSDK.framework.dSYM/Contents/Resources/Dwarf/ChatSDK [armv7, 2.499583 seconds]:
/var/folders/gs/6wh8jtrs5217v33bfm594jbr0000gn/T/XcodeDistPipeline.~~~iVo3xl/ChatSDK.framework.dSYM/Contents/Resources/Dwarf/ChatSDK [arm64, 2.499583 seconds]:
2022-07-04 10:33:39 +0000  /Applications/Xcode.app/Contents/Developer/usr/bin/symbols exited with 0
2022-07-04 10:33:39 +0000  Processing symbols for CommonUISDK.framework
2022-07-04 10:33:39 +0000  Running /usr/bin/rsync '-8aPhhE' '/var/folders/gs/6wh8jtrs5217v33bfm594jbr0000gn/T/XcodeDistPipeline.~~~iVo3xl/Root/Payload/MyFiji.app/Frameworks/CommonUISDK.framework' '--link-dest' '/var/folders/gs/6wh8jtrs5217v33bfm594jbr0000gn/T/XcodeDistPipeline.~~~iVo3xl/Root/Payload/MyFiji.app/Frameworks' '/var/folders/gs/6wh8jtrs5217v33bfm594jbr0000gn/T/XcodeDistPipeline.~~~iVo3xl'
2022-07-04 10:33:39 +0000  building file list ... 
 0 files...2022-07-04 10:33:39 +0000  76 files to consider
2022-07-04 10:33:39 +0000  CommonUISDK.framework/
2022-07-04 10:33:39 +0000  CommonUISDK.framework/CommonUIStrings/
CommonUISDK.framework/CommonUIStrings/ar.lproj/
CommonUISDK.framework/CommonUIStrings/bg.lproj/
CommonUISDK.framework/CommonUIStrings/cs.lproj/
CommonUISDK.framework/CommonUIStrings/da.lproj/
CommonUISDK.framework/CommonUIStrings/de.lproj/
CommonUISDK.framework/CommonUIStrings/el.lproj/
CommonUISDK.framework/CommonUIStrings/en-GB.lproj/
CommonUISDK.framework/CommonUIStrings/en.lproj/
CommonUISDK.framework/CommonUIStrings/es.lproj/
CommonUISDK.framework/CommonUIStrings/fi.lproj/
CommonUISDK.framework/CommonUIStrings/fil.lproj/
CommonUISDK.framework/CommonUIStrings/fr-CA.lproj/
CommonUISDK.framework/CommonUIStrings/fr.lproj/
CommonUISDK.framework/CommonUIStrings/he.lproj/
CommonUISDK.framework/CommonUIStrings/hi.lproj/
CommonUISDK.framework/CommonUIStrings/hu.lproj/
CommonUISDK.framework/CommonUIStrings/id.lproj/
CommonUISDK.framework/CommonUIStrings/it.lproj/
CommonUISDK.framework/CommonUIStrings/ja.lproj/
CommonUISDK.framework/CommonUIStrings/ko.lproj/
CommonUISDK.framework/CommonUIStrings/ms.lproj/
CommonUISDK.framework/CommonUIStrings/nb.lproj/
CommonUISDK.framework/CommonUIStrings/nl.lproj/
CommonUISDK.framework/CommonUIStrings/pl.lproj/
CommonUISDK.framework/CommonUIStrings/pt-BR.lproj/
CommonUISDK.framework/CommonUIStrings/pt.lproj/
CommonUISDK.framework/CommonUIStrings/ro.lproj/
CommonUISDK.framework/CommonUIStrings/ru.lproj/
CommonUISDK.framework/CommonUIStrings/sv.lproj/
CommonUISDK.framework/CommonUIStrings/th.lproj/
CommonUISDK.framework/CommonUIStrings/tr.lproj/
CommonUISDK.framework/CommonUIStrings/vi.lproj/
CommonUISDK.framework/CommonUIStrings/zh-Hans.lproj/
CommonUISDK.framework/CommonUIStrings/zh-Hant.lproj/
CommonUISDK.framework/_CodeSignature/
rsync: link "/var/folders/gs/6wh8jtrs5217v33bfm594jbr0000gn/T/XcodeDistPipeline.~~~iVo3xl/CommonUISDK.framework/_CodeSignature/CodeResources" => /var/folders/gs/6wh8jtrs5217v33bfm594jbr0000gn/T/XcodeDistPipeline.~~~iVo3xl/Root/Payload/MyFiji.app/Frameworks/CommonUISDK.framework/_CodeSignature/CodeResources failed: Operation not permitted (1)
CommonUISDK.framework/_CodeSignature/CodeResources
2022-07-04 10:33:39 +0000  
sent 2.29K bytes  received 248 bytes  5.06K bytes/sec
total size is 1.52M  speedup is 613.78
2022-07-04 10:33:39 +0000  /usr/bin/rsync exited with 0
2022-07-04 10:33:39 +0000  Running /usr/bin/rsync '-8aPhhE' '/Users/cbl-mac-033/Library/Developer/Xcode/Archives/2022-07-04/MyFiji(Prod) 04-07-22, 3.52 PM.xcarchive/dSYMs/' '--link-dest' '/Users/cbl-mac-033/Library/Developer/Xcode/Archives/2022-07-04/MyFiji(Prod) 04-07-22, 3.52 PM.xcarchive/dSYMs/' '/var/folders/gs/6wh8jtrs5217v33bfm594jbr0000gn/T/XcodeDistPipeline.~~~iVo3xl'
2022-07-04 10:33:39 +0000  building file list ... 
2022-07-04 10:33:39 +0000   0 files...2022-07-04 10:33:39 +0000  78 files to consider
2022-07-04 10:33:39 +0000  ./
2022-07-04 10:33:39 +0000  ChatProvidersSDK.framework.dSYM/
ChatProvidersSDK.framework.dSYM/Contents/
2022-07-04 10:33:39 +0000  ChatProvidersSDK.framework.dSYM/Contents/Resources/
ChatProvidersSDK.framework.dSYM/Contents/Resources/DWARF/
ChatSDK.framework.dSYM/
ChatSDK.framework.dSYM/Contents/
ChatSDK.framework.dSYM/Contents/Resources/
ChatSDK.framework.dSYM/Contents/Resources/DWARF/
ChatSDK.framework.dSYM/Contents/Resources/Swift/
ChatSDK.framework.dSYM/Contents/Resources/Swift/aarch64/
ChatSDK.framework.dSYM/Contents/Resources/Swift/arm/
CommonUISDK.framework.dSYM/
CommonUISDK.framework.dSYM/Contents/
CommonUISDK.framework.dSYM/Contents/Resources/
CommonUISDK.framework.dSYM/Contents/Resources/DWARF/
2022-07-04 10:33:39 +0000  FaceSDK.framework.dSYM/
FaceSDK.framework.dSYM/Contents/
FaceSDK.framework.dSYM/Contents/Resources/
FaceSDK.framework.dSYM/Contents/Resources/DWARF/
MessagingAPI.framework.dSYM/
MessagingAPI.framework.dSYM/Contents/
MessagingAPI.framework.dSYM/Contents/Resources/
MessagingAPI.framework.dSYM/Contents/Resources/DWARF/
MessagingAPI.framework.dSYM/Contents/Resources/Swift/
MessagingAPI.framework.dSYM/Contents/Resources/Swift/aarch64/
MessagingAPI.framework.dSYM/Contents/Resources/Swift/arm/
MessagingSDK.framework.dSYM/
MessagingSDK.framework.dSYM/Contents/
MessagingSDK.framework.dSYM/Contents/Resources/
MessagingSDK.framework.dSYM/Contents/Resources/DWARF/
MessagingSDK.framework.dSYM/Contents/Resources/Swift/
MessagingSDK.framework.dSYM/Contents/Resources/Swift/aarch64/
2022-07-04 10:33:39 +0000  MessagingSDK.framework.dSYM/Contents/Resources/Swift/arm/
MyFiji.app.dSYM/
MyFiji.app.dSYM/Contents/
MyFiji.app.dSYM/Contents/Resources/
MyFiji.app.dSYM/Contents/Resources/DWARF/
RegulaCommon.framework.dSYM/
RegulaCommon.framework.dSYM/Contents/
RegulaCommon.framework.dSYM/Contents/Resources/
RegulaCommon.framework.dSYM/Contents/Resources/DWARF/
SDKConfigurations.framework.dSYM/
SDKConfigurations.framework.dSYM/Contents/
SDKConfigurations.framework.dSYM/Contents/Resources/
SDKConfigurations.framework.dSYM/Contents/Resources/DWARF/
2022-07-04 10:33:39 +0000  
2022-07-04 10:33:39 +0000  /usr/bin/rsync exited with 0
2022-07-04 10:33:39 +0000  sent 2.82K bytes  received 488 bytes  6.60K bytes/sec
total size is 101.31M  speedup is 31439.39
2022-07-04 10:33:39 +0000  Running /Applications/Xcode.app/Contents/Developer/usr/bin/symbols '-noTextInSOD' '-noDaemon' '-arch' 'all' '-symbolsPackageDir' '/var/folders/gs/6wh8jtrs5217v33bfm594jbr0000gn/T/XcodeDistPipeline.~~~iVo3xl/Symbols' '/var/folders/gs/6wh8jtrs5217v33bfm594jbr0000gn/T/XcodeDistPipeline.~~~iVo3xl/CommonUISDK.framework.dSYM/Contents/Resources/Dwarf/CommonUISDK'
2022-07-04 10:33:44 +0000  /var/folders/gs/6wh8jtrs5217v33bfm594jbr0000gn/T/XcodeDistPipeline.~~~iVo3xl/CommonUISDK.framework.dSYM/Contents/Resources/Dwarf/CommonUISDK [armv7, 4.627920 seconds]:
/var/folders/gs/6wh8jtrs5217v33bfm594jbr0000gn/T/XcodeDistPipeline.~~~iVo3xl/CommonUISDK.framework.dSYM/Contents/Resources/Dwarf/CommonUISDK [arm64, 4.627920 seconds]:
2022-07-04 10:33:44 +0000  /Applications/Xcode.app/Contents/Developer/usr/bin/symbols exited with 0
2022-07-04 10:33:45 +0000  Processing symbols for FaceSDK.framework
2022-07-04 10:33:45 +0000  Running /usr/bin/rsync '-8aPhhE' '/var/folders/gs/6wh8jtrs5217v33bfm594jbr0000gn/T/XcodeDistPipeline.~~~iVo3xl/Root/Payload/MyFiji.app/Frameworks/FaceSDK.framework' '--link-dest' '/var/folders/gs/6wh8jtrs5217v33bfm594jbr0000gn/T/XcodeDistPipeline.~~~iVo3xl/Root/Payload/MyFiji.app/Frameworks' '/var/folders/gs/6wh8jtrs5217v33bfm594jbr0000gn/T/XcodeDistPipeline.~~~iVo3xl'
2022-07-04 10:33:45 +0000  building file list ... 
2022-07-04 10:33:45 +0000   0 files...2022-07-04 10:33:45 +0000  72 files to consider
2022-07-04 10:33:45 +0000  FaceSDK.framework/
2022-07-04 10:33:45 +0000  FaceSDK.framework/FaceSDK.bundle/
2022-07-04 10:33:45 +0000  FaceSDK.framework/FaceSDK.bundle/ar.lproj/
FaceSDK.framework/FaceSDK.bundle/bn-BD.lproj/
FaceSDK.framework/FaceSDK.bundle/bn-IN.lproj/
FaceSDK.framework/FaceSDK.bundle/bn.lproj/
FaceSDK.framework/FaceSDK.bundle/cs.lproj/
FaceSDK.framework/FaceSDK.bundle/de.lproj/
FaceSDK.framework/FaceSDK.bundle/el.lproj/
FaceSDK.framework/FaceSDK.bundle/en.lproj/
FaceSDK.framework/FaceSDK.bundle/es.lproj/
FaceSDK.framework/FaceSDK.bundle/fi.lproj/
FaceSDK.framework/FaceSDK.bundle/fr.lproj/
FaceSDK.framework/FaceSDK.bundle/he.lproj/
FaceSDK.framework/FaceSDK.bundle/hi.lproj/
FaceSDK.framework/FaceSDK.bundle/it.lproj/
FaceSDK.framework/FaceSDK.bundle/ja.lproj/
2022-07-04 10:33:45 +0000  FaceSDK.framework/FaceSDK.bundle/ko.lproj/
2022-07-04 10:33:45 +0000  FaceSDK.framework/FaceSDK.bundle/ms.lproj/
FaceSDK.framework/FaceSDK.bundle/nl.lproj/
FaceSDK.framework/FaceSDK.bundle/pl.lproj/
2022-07-04 10:33:45 +0000  FaceSDK.framework/FaceSDK.bundle/pt.lproj/
FaceSDK.framework/FaceSDK.bundle/ru.lproj/
2022-07-04 10:33:45 +0000  FaceSDK.framework/FaceSDK.bundle/sv.lproj/
FaceSDK.framework/FaceSDK.bundle/th.lproj/
FaceSDK.framework/FaceSDK.bundle/tr.lproj/
FaceSDK.framework/FaceSDK.bundle/vi.lproj/
FaceSDK.framework/FaceSDK.bundle/zh-Hans.lproj/
FaceSDK.framework/FaceSDK.bundle/zh-Hant.lproj/
FaceSDK.framework/_CodeSignature/
rsync: link "/var/folders/gs/6wh8jtrs5217v33bfm594jbr0000gn/T/XcodeDistPipeline.~~~iVo3xl/FaceSDK.framework/_CodeSignature/CodeResources" => /var/folders/gs/6wh8jtrs5217v33bfm594jbr0000gn/T/XcodeDistPipeline.~~~iVo3xl/Root/Payload/MyFiji.app/Frameworks/FaceSDK.framework/_CodeSignature/CodeResources failed: Operation not permitted (1)
2022-07-04 10:33:45 +0000  FaceSDK.framework/_CodeSignature/CodeResources
2022-07-04 10:33:45 +0000  
2022-07-04 10:33:45 +0000  sent 2.03K bytes  received 206 bytes  4.46K bytes/sec
total size is 622.25K  speedup is 279.34
2022-07-04 10:33:45 +0000  /usr/bin/rsync exited with 0
2022-07-04 10:33:45 +0000  Running /usr/bin/rsync '-8aPhhE' '/Users/cbl-mac-033/Library/Developer/Xcode/Archives/2022-07-04/MyFiji(Prod) 04-07-22, 3.52 PM.xcarchive/dSYMs/' '--link-dest' '/Users/cbl-mac-033/Library/Developer/Xcode/Archives/2022-07-04/MyFiji(Prod) 04-07-22, 3.52 PM.xcarchive/dSYMs/' '/var/folders/gs/6wh8jtrs5217v33bfm594jbr0000gn/T/XcodeDistPipeline.~~~iVo3xl'
2022-07-04 10:33:45 +0000  building file list ... 
2022-07-04 10:33:45 +0000   0 files...2022-07-04 10:33:45 +0000  78 files to consider
2022-07-04 10:33:45 +0000  ./
2022-07-04 10:33:45 +0000  ChatProvidersSDK.framework.dSYM/
ChatProvidersSDK.framework.dSYM/Contents/
ChatProvidersSDK.framework.dSYM/Contents/Resources/
ChatProvidersSDK.framework.dSYM/Contents/Resources/DWARF/
2022-07-04 10:33:45 +0000  ChatSDK.framework.dSYM/
ChatSDK.framework.dSYM/Contents/
ChatSDK.framework.dSYM/Contents/Resources/
ChatSDK.framework.dSYM/Contents/Resources/DWARF/
ChatSDK.framework.dSYM/Contents/Resources/Swift/
ChatSDK.framework.dSYM/Contents/Resources/Swift/aarch64/
ChatSDK.framework.dSYM/Contents/Resources/Swift/arm/
CommonUISDK.framework.dSYM/
CommonUISDK.framework.dSYM/Contents/
CommonUISDK.framework.dSYM/Contents/Resources/
CommonUISDK.framework.dSYM/Contents/Resources/DWARF/
FaceSDK.framework.dSYM/
FaceSDK.framework.dSYM/Contents/
FaceSDK.framework.dSYM/Contents/Resources/
FaceSDK.framework.dSYM/Contents/Resources/DWARF/
MessagingAPI.framework.dSYM/
MessagingAPI.framework.dSYM/Contents/
MessagingAPI.framework.dSYM/Contents/Resources/
MessagingAPI.framework.dSYM/Contents/Resources/DWARF/
2022-07-04 10:33:45 +0000  MessagingAPI.framework.dSYM/Contents/Resources/Swift/
MessagingAPI.framework.dSYM/Contents/Resources/Swift/aarch64/
MessagingAPI.framework.dSYM/Contents/Resources/Swift/arm/
MessagingSDK.framework.dSYM/
MessagingSDK.framework.dSYM/Contents/
MessagingSDK.framework.dSYM/Contents/Resources/
MessagingSDK.framework.dSYM/Contents/Resources/DWARF/
MessagingSDK.framework.dSYM/Contents/Resources/Swift/
MessagingSDK.framework.dSYM/Contents/Resources/Swift/aarch64/
MessagingSDK.framework.dSYM/Contents/Resources/Swift/arm/
MyFiji.app.dSYM/
MyFiji.app.dSYM/Contents/
MyFiji.app.dSYM/Contents/Resources/
MyFiji.app.dSYM/Contents/Resources/DWARF/
RegulaCommon.framework.dSYM/
RegulaCommon.framework.dSYM/Contents/
RegulaCommon.framework.dSYM/Contents/Resources/
RegulaCommon.framework.dSYM/Contents/Resources/DWARF/
SDKConfigurations.framework.dSYM/
2022-07-04 10:33:45 +0000  SDKConfigurations.framework.dSYM/Contents/
SDKConfigurations.framework.dSYM/Contents/Resources/
SDKConfigurations.framework.dSYM/Contents/Resources/DWARF/
2022-07-04 10:33:45 +0000  
sent 2.82K bytes  received 488 bytes  6.60K bytes/sec
total size is 101.31M  speedup is 31439.39
2022-07-04 10:33:45 +0000  /usr/bin/rsync exited with 0
2022-07-04 10:33:45 +0000  Running /Applications/Xcode.app/Contents/Developer/usr/bin/symbols '-noTextInSOD' '-noDaemon' '-arch' 'all' '-symbolsPackageDir' '/var/folders/gs/6wh8jtrs5217v33bfm594jbr0000gn/T/XcodeDistPipeline.~~~iVo3xl/Symbols' '/var/folders/gs/6wh8jtrs5217v33bfm594jbr0000gn/T/XcodeDistPipeline.~~~iVo3xl/FaceSDK.framework.dSYM/Contents/Resources/Dwarf/FaceSDK'
2022-07-04 10:33:46 +0000  /var/folders/gs/6wh8jtrs5217v33bfm594jbr0000gn/T/XcodeDistPipeline.~~~iVo3xl/FaceSDK.framework.dSYM/Contents/Resources/Dwarf/FaceSDK [armv7, 1.110850 seconds]:
/var/folders/gs/6wh8jtrs5217v33bfm594jbr0000gn/T/XcodeDistPipeline.~~~iVo3xl/FaceSDK.framework.dSYM/Contents/Resources/Dwarf/FaceSDK [arm64, 1.110850 seconds]:
2022-07-04 10:33:46 +0000  /Applications/Xcode.app/Contents/Developer/usr/bin/symbols exited with 0
2022-07-04 10:33:46 +0000  Processing symbols for MessagingAPI.framework
2022-07-04 10:33:46 +0000  Running /usr/bin/rsync '-8aPhhE' '/var/folders/gs/6wh8jtrs5217v33bfm594jbr0000gn/T/XcodeDistPipeline.~~~iVo3xl/Root/Payload/MyFiji.app/Frameworks/MessagingAPI.framework' '--link-dest' '/var/folders/gs/6wh8jtrs5217v33bfm594jbr0000gn/T/XcodeDistPipeline.~~~iVo3xl/Root/Payload/MyFiji.app/Frameworks' '/var/folders/gs/6wh8jtrs5217v33bfm594jbr0000gn/T/XcodeDistPipeline.~~~iVo3xl'
2022-07-04 10:33:46 +0000  building file list ... 
 0 files...2022-07-04 10:33:46 +0000  5 files to consider
2022-07-04 10:33:46 +0000  /usr/bin/rsync exited with 0
2022-07-04 10:33:46 +0000  Running /usr/bin/rsync '-8aPhhE' '/Users/cbl-mac-033/Library/Developer/Xcode/Archives/2022-07-04/MyFiji(Prod) 04-07-22, 3.52 PM.xcarchive/dSYMs/' '--link-dest' '/Users/cbl-mac-033/Library/Developer/Xcode/Archives/2022-07-04/MyFiji(Prod) 04-07-22, 3.52 PM.xcarchive/dSYMs/' '/var/folders/gs/6wh8jtrs5217v33bfm594jbr0000gn/T/XcodeDistPipeline.~~~iVo3xl'
2022-07-04 10:33:46 +0000  building file list ... 
2022-07-04 10:33:46 +0000   0 files...2022-07-04 10:33:46 +0000  78 files to consider
2022-07-04 10:33:46 +0000  ./
2022-07-04 10:33:46 +0000  ChatProvidersSDK.framework.dSYM/
ChatProvidersSDK.framework.dSYM/Contents/
2022-07-04 10:33:46 +0000  ChatProvidersSDK.framework.dSYM/Contents/Resources/
ChatProvidersSDK.framework.dSYM/Contents/Resources/DWARF/
ChatSDK.framework.dSYM/
ChatSDK.framework.dSYM/Contents/
ChatSDK.framework.dSYM/Contents/Resources/
ChatSDK.framework.dSYM/Contents/Resources/DWARF/
ChatSDK.framework.dSYM/Contents/Resources/Swift/
ChatSDK.framework.dSYM/Contents/Resources/Swift/aarch64/
ChatSDK.framework.dSYM/Contents/Resources/Swift/arm/
CommonUISDK.framework.dSYM/
CommonUISDK.framework.dSYM/Contents/
CommonUISDK.framework.dSYM/Contents/Resources/
CommonUISDK.framework.dSYM/Contents/Resources/DWARF/
FaceSDK.framework.dSYM/
FaceSDK.framework.dSYM/Contents/
FaceSDK.framework.dSYM/Contents/Resources/
FaceSDK.framework.dSYM/Contents/Resources/DWARF/
MessagingAPI.framework.dSYM/
MessagingAPI.framework.dSYM/Contents/
MessagingAPI.framework.dSYM/Contents/Resources/
MessagingAPI.framework.dSYM/Contents/Resources/DWARF/
MessagingAPI.framework.dSYM/Contents/Resources/Swift/
MessagingAPI.framework.dSYM/Contents/Resources/Swift/aarch64/
MessagingAPI.framework.dSYM/Contents/Resources/Swift/arm/
MessagingSDK.framework.dSYM/
MessagingSDK.framework.dSYM/Contents/
2022-07-04 10:33:46 +0000  MessagingSDK.framework.dSYM/Contents/Resources/
MessagingSDK.framework.dSYM/Contents/Resources/DWARF/
MessagingSDK.framework.dSYM/Contents/Resources/Swift/
MessagingSDK.framework.dSYM/Contents/Resources/Swift/aarch64/
MessagingSDK.framework.dSYM/Contents/Resources/Swift/arm/
MyFiji.app.dSYM/
MyFiji.app.dSYM/Contents/
MyFiji.app.dSYM/Contents/Resources/
MyFiji.app.dSYM/Contents/Resources/DWARF/
RegulaCommon.framework.dSYM/
RegulaCommon.framework.dSYM/Contents/
RegulaCommon.framework.dSYM/Contents/Resources/
RegulaCommon.framework.dSYM/Contents/Resources/DWARF/
SDKConfigurations.framework.dSYM/
SDKConfigurations.framework.dSYM/Contents/
SDKConfigurations.framework.dSYM/Contents/Resources/
SDKConfigurations.framework.dSYM/Contents/Resources/DWARF/
2022-07-04 10:33:46 +0000  
sent 2.82K bytes  received 488 bytes  6.60K bytes/sec
total size is 101.31M  speedup is 31439.39
2022-07-04 10:33:46 +0000  /usr/bin/rsync exited with 0
2022-07-04 10:33:46 +0000  Running /Applications/Xcode.app/Contents/Developer/usr/bin/symbols '-noTextInSOD' '-noDaemon' '-arch' 'all' '-symbolsPackageDir' '/var/folders/gs/6wh8jtrs5217v33bfm594jbr0000gn/T/XcodeDistPipeline.~~~iVo3xl/Symbols' '/var/folders/gs/6wh8jtrs5217v33bfm594jbr0000gn/T/XcodeDistPipeline.~~~iVo3xl/MessagingAPI.framework.dSYM/Contents/Resources/Dwarf/MessagingAPI'
2022-07-04 10:33:46 +0000  /var/folders/gs/6wh8jtrs5217v33bfm594jbr0000gn/T/XcodeDistPipeline.~~~iVo3xl/MessagingAPI.framework.dSYM/Contents/Resources/Dwarf/MessagingAPI [armv7, 0.060114 seconds]:
/var/folders/gs/6wh8jtrs5217v33bfm594jbr0000gn/T/XcodeDistPipeline.~~~iVo3xl/MessagingAPI.framework.dSYM/Contents/Resources/Dwarf/MessagingAPI [arm64, 0.060114 seconds]:
2022-07-04 10:33:46 +0000  /Applications/Xcode.app/Contents/Developer/usr/bin/symbols exited with 0
2022-07-04 10:33:46 +0000  Processing symbols for MessagingSDK.framework
2022-07-04 10:33:46 +0000  Running /usr/bin/rsync '-8aPhhE' '/var/folders/gs/6wh8jtrs5217v33bfm594jbr0000gn/T/XcodeDistPipeline.~~~iVo3xl/Root/Payload/MyFiji.app/Frameworks/MessagingSDK.framework' '--link-dest' '/var/folders/gs/6wh8jtrs5217v33bfm594jbr0000gn/T/XcodeDistPipeline.~~~iVo3xl/Root/Payload/MyFiji.app/Frameworks' '/var/folders/gs/6wh8jtrs5217v33bfm594jbr0000gn/T/XcodeDistPipeline.~~~iVo3xl'
2022-07-04 10:33:46 +0000  building file list ... 
2022-07-04 10:33:46 +0000   0 files...2022-07-04 10:33:46 +0000  76 files to consider
2022-07-04 10:33:46 +0000  MessagingSDK.framework/
2022-07-04 10:33:46 +0000  MessagingSDK.framework/MessagingSDKStrings/
MessagingSDK.framework/MessagingSDKStrings/ar.lproj/
MessagingSDK.framework/MessagingSDKStrings/bg.lproj/
MessagingSDK.framework/MessagingSDKStrings/cs.lproj/
MessagingSDK.framework/MessagingSDKStrings/da.lproj/
MessagingSDK.framework/MessagingSDKStrings/de.lproj/
MessagingSDK.framework/MessagingSDKStrings/el.lproj/
MessagingSDK.framework/MessagingSDKStrings/en-GB.lproj/
2022-07-04 10:33:46 +0000  MessagingSDK.framework/MessagingSDKStrings/en.lproj/
MessagingSDK.framework/MessagingSDKStrings/es.lproj/
MessagingSDK.framework/MessagingSDKStrings/fi.lproj/
MessagingSDK.framework/MessagingSDKStrings/fil.lproj/
MessagingSDK.framework/MessagingSDKStrings/fr-CA.lproj/
MessagingSDK.framework/MessagingSDKStrings/fr.lproj/
MessagingSDK.framework/MessagingSDKStrings/he.lproj/
MessagingSDK.framework/MessagingSDKStrings/hi.lproj/
MessagingSDK.framework/MessagingSDKStrings/hu.lproj/
MessagingSDK.framework/MessagingSDKStrings/id.lproj/
MessagingSDK.framework/MessagingSDKStrings/it.lproj/
MessagingSDK.framework/MessagingSDKStrings/ja.lproj/
MessagingSDK.framework/MessagingSDKStrings/ko.lproj/
MessagingSDK.framework/MessagingSDKStrings/ms.lproj/
MessagingSDK.framework/MessagingSDKStrings/nb.lproj/
MessagingSDK.framework/MessagingSDKStrings/nl.lproj/
MessagingSDK.framework/MessagingSDKStrings/pl.lproj/
MessagingSDK.framework/MessagingSDKStrings/pt-BR.lproj/
MessagingSDK.framework/MessagingSDKStrings/pt.lproj/
MessagingSDK.framework/MessagingSDKStrings/ro.lproj/
MessagingSDK.framework/MessagingSDKStrings/ru.lproj/
MessagingSDK.framework/MessagingSDKStrings/sv.lproj/
MessagingSDK.framework/MessagingSDKStrings/th.lproj/
MessagingSDK.framework/MessagingSDKStrings/tr.lproj/
MessagingSDK.framework/MessagingSDKStrings/vi.lproj/
MessagingSDK.framework/MessagingSDKStrings/zh-Hans.lproj/
MessagingSDK.framework/MessagingSDKStrings/zh-Hant.lproj/
MessagingSDK.framework/_CodeSignature/
rsync: link "/var/folders/gs/6wh8jtrs5217v33bfm594jbr0000gn/T/XcodeDistPipeline.~~~iVo3xl/MessagingSDK.framework/_CodeSignature/CodeResources" => /var/folders/gs/6wh8jtrs5217v33bfm594jbr0000gn/T/XcodeDistPipeline.~~~iVo3xl/Root/Payload/MyFiji.app/Frameworks/MessagingSDK.framework/_CodeSignature/CodeResources failed: Operation not permitted (1)
2022-07-04 10:33:46 +0000  MessagingSDK.framework/_CodeSignature/CodeResources
2022-07-04 10:33:46 +0000  
sent 2.33K bytes  received 248 bytes  5.14K bytes/sec
total size is 345.08K  speedup is 134.36
2022-07-04 10:33:46 +0000  /usr/bin/rsync exited with 0
2022-07-04 10:33:46 +0000  Running /usr/bin/rsync '-8aPhhE' '/Users/cbl-mac-033/Library/Developer/Xcode/Archives/2022-07-04/MyFiji(Prod) 04-07-22, 3.52 PM.xcarchive/dSYMs/' '--link-dest' '/Users/cbl-mac-033/Library/Developer/Xcode/Archives/2022-07-04/MyFiji(Prod) 04-07-22, 3.52 PM.xcarchive/dSYMs/' '/var/folders/gs/6wh8jtrs5217v33bfm594jbr0000gn/T/XcodeDistPipeline.~~~iVo3xl'
2022-07-04 10:33:46 +0000  building file list ... 
2022-07-04 10:33:46 +0000   0 files...2022-07-04 10:33:46 +0000  78 files to consider
2022-07-04 10:33:46 +0000  ./
2022-07-04 10:33:46 +0000  ChatProvidersSDK.framework.dSYM/
ChatProvidersSDK.framework.dSYM/Contents/
ChatProvidersSDK.framework.dSYM/Contents/Resources/
ChatProvidersSDK.framework.dSYM/Contents/Resources/DWARF/
ChatSDK.framework.dSYM/
ChatSDK.framework.dSYM/Contents/
ChatSDK.framework.dSYM/Contents/Resources/
ChatSDK.framework.dSYM/Contents/Resources/DWARF/
ChatSDK.framework.dSYM/Contents/Resources/Swift/
ChatSDK.framework.dSYM/Contents/Resources/Swift/aarch64/
2022-07-04 10:33:46 +0000  ChatSDK.framework.dSYM/Contents/Resources/Swift/arm/
CommonUISDK.framework.dSYM/
CommonUISDK.framework.dSYM/Contents/
CommonUISDK.framework.dSYM/Contents/Resources/
CommonUISDK.framework.dSYM/Contents/Resources/DWARF/
FaceSDK.framework.dSYM/
FaceSDK.framework.dSYM/Contents/
FaceSDK.framework.dSYM/Contents/Resources/
FaceSDK.framework.dSYM/Contents/Resources/DWARF/
MessagingAPI.framework.dSYM/
MessagingAPI.framework.dSYM/Contents/
MessagingAPI.framework.dSYM/Contents/Resources/
MessagingAPI.framework.dSYM/Contents/Resources/DWARF/
MessagingAPI.framework.dSYM/Contents/Resources/Swift/
MessagingAPI.framework.dSYM/Contents/Resources/Swift/aarch64/
MessagingAPI.framework.dSYM/Contents/Resources/Swift/arm/
MessagingSDK.framework.dSYM/
MessagingSDK.framework.dSYM/Contents/
MessagingSDK.framework.dSYM/Contents/Resources/
MessagingSDK.framework.dSYM/Contents/Resources/DWARF/
2022-07-04 10:33:46 +0000  MessagingSDK.framework.dSYM/Contents/Resources/Swift/
MessagingSDK.framework.dSYM/Contents/Resources/Swift/aarch64/
MessagingSDK.framework.dSYM/Contents/Resources/Swift/arm/
MyFiji.app.dSYM/
MyFiji.app.dSYM/Contents/
MyFiji.app.dSYM/Contents/Resources/
MyFiji.app.dSYM/Contents/Resources/DWARF/
RegulaCommon.framework.dSYM/
RegulaCommon.framework.dSYM/Contents/
RegulaCommon.framework.dSYM/Contents/Resources/
RegulaCommon.framework.dSYM/Contents/Resources/DWARF/
SDKConfigurations.framework.dSYM/
SDKConfigurations.framework.dSYM/Contents/
SDKConfigurations.framework.dSYM/Contents/Resources/
SDKConfigurations.framework.dSYM/Contents/Resources/DWARF/
2022-07-04 10:33:46 +0000  
sent 2.82K bytes  received 488 bytes  6.60K bytes/sec
total size is 101.31M  speedup is 31439.39
2022-07-04 10:33:46 +0000  /usr/bin/rsync exited with 0
2022-07-04 10:33:46 +0000  Running /Applications/Xcode.app/Contents/Developer/usr/bin/symbols '-noTextInSOD' '-noDaemon' '-arch' 'all' '-symbolsPackageDir' '/var/folders/gs/6wh8jtrs5217v33bfm594jbr0000gn/T/XcodeDistPipeline.~~~iVo3xl/Symbols' '/var/folders/gs/6wh8jtrs5217v33bfm594jbr0000gn/T/XcodeDistPipeline.~~~iVo3xl/MessagingSDK.framework.dSYM/Contents/Resources/Dwarf/MessagingSDK'
2022-07-04 10:33:46 +0000  /var/folders/gs/6wh8jtrs5217v33bfm594jbr0000gn/T/XcodeDistPipeline.~~~iVo3xl/MessagingSDK.framework.dSYM/Contents/Resources/Dwarf/MessagingSDK [armv7, 0.064287 seconds]:
/var/folders/gs/6wh8jtrs5217v33bfm594jbr0000gn/T/XcodeDistPipeline.~~~iVo3xl/MessagingSDK.framework.dSYM/Contents/Resources/Dwarf/MessagingSDK [arm64, 0.064287 seconds]:
2022-07-04 10:33:46 +0000  /Applications/Xcode.app/Contents/Developer/usr/bin/symbols exited with 0
2022-07-04 10:33:46 +0000  Processing symbols for Razorpay.framework
2022-07-04 10:33:46 +0000  Running /usr/bin/rsync '-8aPhhE' '/var/folders/gs/6wh8jtrs5217v33bfm594jbr0000gn/T/XcodeDistPipeline.~~~iVo3xl/Root/Payload/MyFiji.app/Frameworks/Razorpay.framework' '--link-dest' '/var/folders/gs/6wh8jtrs5217v33bfm594jbr0000gn/T/XcodeDistPipeline.~~~iVo3xl/Root/Payload/MyFiji.app/Frameworks' '/var/folders/gs/6wh8jtrs5217v33bfm594jbr0000gn/T/XcodeDistPipeline.~~~iVo3xl'
2022-07-04 10:33:46 +0000  building file list ... 
 0 files...2022-07-04 10:33:46 +0000  18 files to consider
2022-07-04 10:33:46 +0000  Razorpay.framework/
2022-07-04 10:33:46 +0000  Razorpay.framework/Checkout.storyboardc/
Razorpay.framework/Checkout.storyboardc/RBq-mH-fUs-view-vI7-59-shd.nib/
Razorpay.framework/Checkout.storyboardc/RazorpayCheckoutVC.nib/
Razorpay.framework/Checkout.storyboardc/UINavigationController-ODs-ga-9IN.nib/
Razorpay.framework/_CodeSignature/
rsync: link "/var/folders/gs/6wh8jtrs5217v33bfm594jbr0000gn/T/XcodeDistPipeline.~~~iVo3xl/Razorpay.framework/_CodeSignature/CodeResources" => /var/folders/gs/6wh8jtrs5217v33bfm594jbr0000gn/T/XcodeDistPipeline.~~~iVo3xl/Root/Payload/MyFiji.app/Frameworks/Razorpay.framework/_CodeSignature/CodeResources failed: Operation not permitted (1)
Razorpay.framework/_CodeSignature/CodeResources
2022-07-04 10:33:46 +0000  /usr/bin/rsync exited with 0
2022-07-04 10:33:46 +0000  
sent 719 bytes  received 62 bytes  1.53K bytes/sec
total size is 1.13M  speedup is 1512.46
2022-07-04 10:33:46 +0000  Running /usr/bin/rsync '-8aPhhE' '/Users/cbl-mac-033/Library/Developer/Xcode/Archives/2022-07-04/MyFiji(Prod) 04-07-22, 3.52 PM.xcarchive/dSYMs/' '--link-dest' '/Users/cbl-mac-033/Library/Developer/Xcode/Archives/2022-07-04/MyFiji(Prod) 04-07-22, 3.52 PM.xcarchive/dSYMs/' '/var/folders/gs/6wh8jtrs5217v33bfm594jbr0000gn/T/XcodeDistPipeline.~~~iVo3xl'
2022-07-04 10:33:46 +0000  building file list ... 
2022-07-04 10:33:46 +0000   0 files...2022-07-04 10:33:46 +0000  78 files to consider
2022-07-04 10:33:46 +0000  ./
2022-07-04 10:33:46 +0000  ChatProvidersSDK.framework.dSYM/
ChatProvidersSDK.framework.dSYM/Contents/
2022-07-04 10:33:46 +0000  ChatProvidersSDK.framework.dSYM/Contents/Resources/
ChatProvidersSDK.framework.dSYM/Contents/Resources/DWARF/
ChatSDK.framework.dSYM/
ChatSDK.framework.dSYM/Contents/
ChatSDK.framework.dSYM/Contents/Resources/
ChatSDK.framework.dSYM/Contents/Resources/DWARF/
ChatSDK.framework.dSYM/Contents/Resources/Swift/
ChatSDK.framework.dSYM/Contents/Resources/Swift/aarch64/
ChatSDK.framework.dSYM/Contents/Resources/Swift/arm/
CommonUISDK.framework.dSYM/
CommonUISDK.framework.dSYM/Contents/
CommonUISDK.framework.dSYM/Contents/Resources/
CommonUISDK.framework.dSYM/Contents/Resources/DWARF/
FaceSDK.framework.dSYM/
FaceSDK.framework.dSYM/Contents/
FaceSDK.framework.dSYM/Contents/Resources/
FaceSDK.framework.dSYM/Contents/Resources/DWARF/
MessagingAPI.framework.dSYM/
2022-07-04 10:33:46 +0000  MessagingAPI.framework.dSYM/Contents/
MessagingAPI.framework.dSYM/Contents/Resources/
MessagingAPI.framework.dSYM/Contents/Resources/DWARF/
MessagingAPI.framework.dSYM/Contents/Resources/Swift/
MessagingAPI.framework.dSYM/Contents/Resources/Swift/aarch64/
MessagingAPI.framework.dSYM/Contents/Resources/Swift/arm/
MessagingSDK.framework.dSYM/
MessagingSDK.framework.dSYM/Contents/
MessagingSDK.framework.dSYM/Contents/Resources/
MessagingSDK.framework.dSYM/Contents/Resources/DWARF/
MessagingSDK.framework.dSYM/Contents/Resources/Swift/
MessagingSDK.framework.dSYM/Contents/Resources/Swift/aarch64/
MessagingSDK.framework.dSYM/Contents/Resources/Swift/arm/
MyFiji.app.dSYM/
MyFiji.app.dSYM/Contents/
MyFiji.app.dSYM/Contents/Resources/
MyFiji.app.dSYM/Contents/Resources/DWARF/
RegulaCommon.framework.dSYM/
RegulaCommon.framework.dSYM/Contents/
RegulaCommon.framework.dSYM/Contents/Resources/
RegulaCommon.framework.dSYM/Contents/Resources/DWARF/
SDKConfigurations.framework.dSYM/
SDKConfigurations.framework.dSYM/Contents/
SDKConfigurations.framework.dSYM/Contents/Resources/
SDKConfigurations.framework.dSYM/Contents/Resources/DWARF/
2022-07-04 10:33:47 +0000  
2022-07-04 10:33:47 +0000  sent 2.82K bytes  received 488 bytes  2.20K bytes/sec
total size is 101.31M  speedup is 31439.39
2022-07-04 10:33:47 +0000  /usr/bin/rsync exited with 0
2022-07-04 10:33:47 +0000  Running /Applications/Xcode.app/Contents/Developer/usr/bin/symbols '-noTextInSOD' '-noDaemon' '-arch' 'all' '-symbolsPackageDir' '/var/folders/gs/6wh8jtrs5217v33bfm594jbr0000gn/T/XcodeDistPipeline.~~~iVo3xl/Symbols' '/var/folders/gs/6wh8jtrs5217v33bfm594jbr0000gn/T/XcodeDistPipeline.~~~iVo3xl/Razorpay.framework/Razorpay'
2022-07-04 10:33:47 +0000  /var/folders/gs/6wh8jtrs5217v33bfm594jbr0000gn/T/XcodeDistPipeline.~~~iVo3xl/Razorpay.framework/Razorpay [arm64, 0.526286 seconds]:
2022-07-04 10:33:47 +0000  /Applications/Xcode.app/Contents/Developer/usr/bin/symbols exited with 0
2022-07-04 10:33:47 +0000  Processing symbols for RegulaCommon.framework
2022-07-04 10:33:47 +0000  Running /usr/bin/rsync '-8aPhhE' '/var/folders/gs/6wh8jtrs5217v33bfm594jbr0000gn/T/XcodeDistPipeline.~~~iVo3xl/Root/Payload/MyFiji.app/Frameworks/RegulaCommon.framework' '--link-dest' '/var/folders/gs/6wh8jtrs5217v33bfm594jbr0000gn/T/XcodeDistPipeline.~~~iVo3xl/Root/Payload/MyFiji.app/Frameworks' '/var/folders/gs/6wh8jtrs5217v33bfm594jbr0000gn/T/XcodeDistPipeline.~~~iVo3xl'
2022-07-04 10:33:47 +0000  building file list ... 
 0 files...5 files to consider
RegulaCommon.framework/
RegulaCommon.framework/_CodeSignature/
rsync: link "/var/folders/gs/6wh8jtrs5217v33bfm594jbr0000gn/T/XcodeDistPipeline.~~~iVo3xl/RegulaCommon.framework/_CodeSignature/CodeResources" => /var/folders/gs/6wh8jtrs5217v33bfm594jbr0000gn/T/XcodeDistPipeline.~~~iVo3xl/Root/Payload/MyFiji.app/Frameworks/RegulaCommon.framework/_CodeSignature/CodeResources failed: Operation not permitted (1)
RegulaCommon.framework/_CodeSignature/CodeResources

sent 235 bytes  received 38 bytes  546.00 bytes/sec
total size is 280.39K  speedup is 1051.71
2022-07-04 10:33:48 +0000  /usr/bin/rsync exited with 0
2022-07-04 10:33:48 +0000  Running /usr/bin/rsync '-8aPhhE' '/Users/cbl-mac-033/Library/Developer/Xcode/Archives/2022-07-04/MyFiji(Prod) 04-07-22, 3.52 PM.xcarchive/dSYMs/' '--link-dest' '/Users/cbl-mac-033/Library/Developer/Xcode/Archives/2022-07-04/MyFiji(Prod) 04-07-22, 3.52 PM.xcarchive/dSYMs/' '/var/folders/gs/6wh8jtrs5217v33bfm594jbr0000gn/T/XcodeDistPipeline.~~~iVo3xl'
2022-07-04 10:33:48 +0000  building file list ... 
 0 files...2022-07-04 10:33:48 +0000  78 files to consider
2022-07-04 10:33:48 +0000  ./
2022-07-04 10:33:48 +0000  ChatProvidersSDK.framework.dSYM/
ChatProvidersSDK.framework.dSYM/Contents/
ChatProvidersSDK.framework.dSYM/Contents/Resources/
ChatProvidersSDK.framework.dSYM/Contents/Resources/DWARF/
ChatSDK.framework.dSYM/
ChatSDK.framework.dSYM/Contents/
ChatSDK.framework.dSYM/Contents/Resources/
ChatSDK.framework.dSYM/Contents/Resources/DWARF/
ChatSDK.framework.dSYM/Contents/Resources/Swift/
ChatSDK.framework.dSYM/Contents/Resources/Swift/aarch64/
ChatSDK.framework.dSYM/Contents/Resources/Swift/arm/
CommonUISDK.framework.dSYM/
CommonUISDK.framework.dSYM/Contents/
CommonUISDK.framework.dSYM/Contents/Resources/
CommonUISDK.framework.dSYM/Contents/Resources/DWARF/
FaceSDK.framework.dSYM/
FaceSDK.framework.dSYM/Contents/
FaceSDK.framework.dSYM/Contents/Resources/
FaceSDK.framework.dSYM/Contents/Resources/DWARF/
MessagingAPI.framework.dSYM/
MessagingAPI.framework.dSYM/Contents/
MessagingAPI.framework.dSYM/Contents/Resources/
MessagingAPI.framework.dSYM/Contents/Resources/DWARF/
MessagingAPI.framework.dSYM/Contents/Resources/Swift/
MessagingAPI.framework.dSYM/Contents/Resources/Swift/aarch64/
MessagingAPI.framework.dSYM/Contents/Resources/Swift/arm/
MessagingSDK.framework.dSYM/
MessagingSDK.framework.dSYM/Contents/
MessagingSDK.framework.dSYM/Contents/Resources/
MessagingSDK.framework.dSYM/Contents/Resources/DWARF/
2022-07-04 10:33:48 +0000  MessagingSDK.framework.dSYM/Contents/Resources/Swift/
MessagingSDK.framework.dSYM/Contents/Resources/Swift/aarch64/
MessagingSDK.framework.dSYM/Contents/Resources/Swift/arm/
MyFiji.app.dSYM/
MyFiji.app.dSYM/Contents/
MyFiji.app.dSYM/Contents/Resources/
MyFiji.app.dSYM/Contents/Resources/DWARF/
RegulaCommon.framework.dSYM/
RegulaCommon.framework.dSYM/Contents/
RegulaCommon.framework.dSYM/Contents/Resources/
RegulaCommon.framework.dSYM/Contents/Resources/DWARF/
SDKConfigurations.framework.dSYM/
SDKConfigurations.framework.dSYM/Contents/
SDKConfigurations.framework.dSYM/Contents/Resources/
2022-07-04 10:33:48 +0000  SDKConfigurations.framework.dSYM/Contents/Resources/DWARF/
2022-07-04 10:33:48 +0000  
sent 2.82K bytes  received 488 bytes  6.60K bytes/sec
total size is 101.31M  speedup is 31439.39
2022-07-04 10:33:48 +0000  /usr/bin/rsync exited with 0
2022-07-04 10:33:48 +0000  Running /Applications/Xcode.app/Contents/Developer/usr/bin/symbols '-noTextInSOD' '-noDaemon' '-arch' 'all' '-symbolsPackageDir' '/var/folders/gs/6wh8jtrs5217v33bfm594jbr0000gn/T/XcodeDistPipeline.~~~iVo3xl/Symbols' '/var/folders/gs/6wh8jtrs5217v33bfm594jbr0000gn/T/XcodeDistPipeline.~~~iVo3xl/RegulaCommon.framework.dSYM/Contents/Resources/Dwarf/RegulaCommon'
2022-07-04 10:33:48 +0000  /var/folders/gs/6wh8jtrs5217v33bfm594jbr0000gn/T/XcodeDistPipeline.~~~iVo3xl/RegulaCommon.framework.dSYM/Contents/Resources/Dwarf/RegulaCommon [armv7, 0.050518 seconds]:
/var/folders/gs/6wh8jtrs5217v33bfm594jbr0000gn/T/XcodeDistPipeline.~~~iVo3xl/RegulaCommon.framework.dSYM/Contents/Resources/Dwarf/RegulaCommon [arm64, 0.050518 seconds]:
2022-07-04 10:33:48 +0000  /Applications/Xcode.app/Contents/Developer/usr/bin/symbols exited with 0
2022-07-04 10:33:48 +0000  Processing symbols for SDKConfigurations.framework
2022-07-04 10:33:48 +0000  Running /usr/bin/rsync '-8aPhhE' '/var/folders/gs/6wh8jtrs5217v33bfm594jbr0000gn/T/XcodeDistPipeline.~~~iVo3xl/Root/Payload/MyFiji.app/Frameworks/SDKConfigurations.framework' '--link-dest' '/var/folders/gs/6wh8jtrs5217v33bfm594jbr0000gn/T/XcodeDistPipeline.~~~iVo3xl/Root/Payload/MyFiji.app/Frameworks' '/var/folders/gs/6wh8jtrs5217v33bfm594jbr0000gn/T/XcodeDistPipeline.~~~iVo3xl'
2022-07-04 10:33:48 +0000  building file list ... 
 0 files...2022-07-04 10:33:48 +0000  5 files to consider
2022-07-04 10:33:48 +0000  SDKConfigurations.framework/
2022-07-04 10:33:48 +0000  SDKConfigurations.framework/_CodeSignature/
rsync: link "/var/folders/gs/6wh8jtrs5217v33bfm594jbr0000gn/T/XcodeDistPipeline.~~~iVo3xl/SDKConfigurations.framework/_CodeSignature/CodeResources" => /var/folders/gs/6wh8jtrs5217v33bfm594jbr0000gn/T/XcodeDistPipeline.~~~iVo3xl/Root/Payload/MyFiji.app/Frameworks/SDKConfigurations.framework/_CodeSignature/CodeResources failed: Operation not permitted (1)
2022-07-04 10:33:48 +0000  SDKConfigurations.framework/_CodeSignature/CodeResources
2022-07-04 10:33:48 +0000  
sent 245 bytes  received 38 bytes  566.00 bytes/sec
total size is 123.95K  speedup is 448.49
2022-07-04 10:33:48 +0000  /usr/bin/rsync exited with 0
2022-07-04 10:33:48 +0000  Running /usr/bin/rsync '-8aPhhE' '/Users/cbl-mac-033/Library/Developer/Xcode/Archives/2022-07-04/MyFiji(Prod) 04-07-22, 3.52 PM.xcarchive/dSYMs/' '--link-dest' '/Users/cbl-mac-033/Library/Developer/Xcode/Archives/2022-07-04/MyFiji(Prod) 04-07-22, 3.52 PM.xcarchive/dSYMs/' '/var/folders/gs/6wh8jtrs5217v33bfm594jbr0000gn/T/XcodeDistPipeline.~~~iVo3xl'
2022-07-04 10:33:48 +0000  building file list ... 
2022-07-04 10:33:48 +0000   0 files...2022-07-04 10:33:48 +0000  78 files to consider
2022-07-04 10:33:48 +0000  ./
2022-07-04 10:33:48 +0000  ChatProvidersSDK.framework.dSYM/
ChatProvidersSDK.framework.dSYM/Contents/
2022-07-04 10:33:48 +0000  ChatProvidersSDK.framework.dSYM/Contents/Resources/
ChatProvidersSDK.framework.dSYM/Contents/Resources/DWARF/
ChatSDK.framework.dSYM/
ChatSDK.framework.dSYM/Contents/
ChatSDK.framework.dSYM/Contents/Resources/
ChatSDK.framework.dSYM/Contents/Resources/DWARF/
ChatSDK.framework.dSYM/Contents/Resources/Swift/
ChatSDK.framework.dSYM/Contents/Resources/Swift/aarch64/
ChatSDK.framework.dSYM/Contents/Resources/Swift/arm/
CommonUISDK.framework.dSYM/
CommonUISDK.framework.dSYM/Contents/
CommonUISDK.framework.dSYM/Contents/Resources/
CommonUISDK.framework.dSYM/Contents/Resources/DWARF/
FaceSDK.framework.dSYM/
FaceSDK.framework.dSYM/Contents/
FaceSDK.framework.dSYM/Contents/Resources/
FaceSDK.framework.dSYM/Contents/Resources/DWARF/
MessagingAPI.framework.dSYM/
MessagingAPI.framework.dSYM/Contents/
MessagingAPI.framework.dSYM/Contents/Resources/
MessagingAPI.framework.dSYM/Contents/Resources/DWARF/
MessagingAPI.framework.dSYM/Contents/Resources/Swift/
MessagingAPI.framework.dSYM/Contents/Resources/Swift/aarch64/
MessagingAPI.framework.dSYM/Contents/Resources/Swift/arm/
MessagingSDK.framework.dSYM/
MessagingSDK.framework.dSYM/Contents/
MessagingSDK.framework.dSYM/Contents/Resources/
MessagingSDK.framework.dSYM/Contents/Resources/DWARF/
MessagingSDK.framework.dSYM/Contents/Resources/Swift/
MessagingSDK.framework.dSYM/Contents/Resources/Swift/aarch64/
MessagingSDK.framework.dSYM/Contents/Resources/Swift/arm/
MyFiji.app.dSYM/
MyFiji.app.dSYM/Contents/
MyFiji.app.dSYM/Contents/Resources/
MyFiji.app.dSYM/Contents/Resources/DWARF/
RegulaCommon.framework.dSYM/
RegulaCommon.framework.dSYM/Contents/
RegulaCommon.framework.dSYM/Contents/Resources/
RegulaCommon.framework.dSYM/Contents/Resources/DWARF/
SDKConfigurations.framework.dSYM/
SDKConfigurations.framework.dSYM/Contents/
SDKConfigurations.framework.dSYM/Contents/Resources/
SDKConfigurations.framework.dSYM/Contents/Resources/DWARF/
2022-07-04 10:33:48 +0000  
sent 2.82K bytes  received 488 bytes  6.60K bytes/sec
total size is 101.31M  speedup is 31439.39
2022-07-04 10:33:48 +0000  /usr/bin/rsync exited with 0
2022-07-04 10:33:48 +0000  Running /Applications/Xcode.app/Contents/Developer/usr/bin/symbols '-noTextInSOD' '-noDaemon' '-arch' 'all' '-symbolsPackageDir' '/var/folders/gs/6wh8jtrs5217v33bfm594jbr0000gn/T/XcodeDistPipeline.~~~iVo3xl/Symbols' '/var/folders/gs/6wh8jtrs5217v33bfm594jbr0000gn/T/XcodeDistPipeline.~~~iVo3xl/SDKConfigurations.framework.dSYM/Contents/Resources/Dwarf/SDKConfigurations'
2022-07-04 10:33:48 +0000  /var/folders/gs/6wh8jtrs5217v33bfm594jbr0000gn/T/XcodeDistPipeline.~~~iVo3xl/SDKConfigurations.framework.dSYM/Contents/Resources/Dwarf/SDKConfigurations [armv7, 0.042872 seconds]:
/var/folders/gs/6wh8jtrs5217v33bfm594jbr0000gn/T/XcodeDistPipeline.~~~iVo3xl/SDKConfigurations.framework.dSYM/Contents/Resources/Dwarf/SDKConfigurations [arm64, 0.042872 seconds]:
2022-07-04 10:33:48 +0000  /Applications/Xcode.app/Contents/Developer/usr/bin/symbols exited with 0
2022-07-04 10:33:48 +0000  Excluding symbols for libswiftAVFoundation.dylib
2022-07-04 10:33:48 +0000  Excluding symbols for libswiftContacts.dylib
2022-07-04 10:33:48 +0000  Excluding symbols for libswiftCore.dylib
2022-07-04 10:33:48 +0000  Excluding symbols for libswiftCoreAudio.dylib
2022-07-04 10:33:48 +0000  Excluding symbols for libswiftCoreData.dylib
2022-07-04 10:33:48 +0000  Excluding symbols for libswiftCoreFoundation.dylib
2022-07-04 10:33:48 +0000  Excluding symbols for libswiftCoreGraphics.dylib
2022-07-04 10:33:48 +0000  Excluding symbols for libswiftCoreImage.dylib
2022-07-04 10:33:48 +0000  Excluding symbols for libswiftCoreLocation.dylib
2022-07-04 10:33:49 +0000  Excluding symbols for libswiftCoreMedia.dylib
2022-07-04 10:33:49 +0000  Excluding symbols for libswiftDarwin.dylib
2022-07-04 10:33:49 +0000  Excluding symbols for libswiftDispatch.dylib
2022-07-04 10:33:49 +0000  Excluding symbols for libswiftFoundation.dylib
2022-07-04 10:33:49 +0000  Excluding symbols for libswiftMetal.dylib
2022-07-04 10:33:49 +0000  Excluding symbols for libswiftObjectiveC.dylib
2022-07-04 10:33:49 +0000  Excluding symbols for libswiftPhotos.dylib
2022-07-04 10:33:49 +0000  Excluding symbols for libswiftQuartzCore.dylib
2022-07-04 10:33:49 +0000  Excluding symbols for libswiftUIKit.dylib
2022-07-04 10:33:49 +0000  Excluding symbols for libswiftVision.dylib
2022-07-04 10:33:50 +0000  Excluding symbols for libswiftos.dylib
2022-07-04 10:33:50 +0000  Excluding symbols for libswiftsimd.dylib
2022-07-04 10:33:50 +0000  Processing symbols for MyFiji.app
2022-07-04 10:33:50 +0000  Running /usr/bin/rsync '-8aPhhE' '/var/folders/gs/6wh8jtrs5217v33bfm594jbr0000gn/T/XcodeDistPipeline.~~~iVo3xl/Root/Payload/MyFiji.app' '--link-dest' '/var/folders/gs/6wh8jtrs5217v33bfm594jbr0000gn/T/XcodeDistPipeline.~~~iVo3xl/Root/Payload' '/var/folders/gs/6wh8jtrs5217v33bfm594jbr0000gn/T/XcodeDistPipeline.~~~iVo3xl'
2022-07-04 10:33:50 +0000  building file list ... 
 0 files...2022-07-04 10:33:50 +0000   100 files...2022-07-04 10:33:50 +0000   200 files...2022-07-04 10:33:50 +0000   300 files...2022-07-04 10:33:50 +0000   400 files... 500 files...2022-07-04 10:33:50 +0000   600 files...2022-07-04 10:33:50 +0000   700 files...2022-07-04 10:33:50 +0000   800 files...2022-07-04 10:33:50 +0000   900 files...2022-07-04 10:33:50 +0000   1000 files...2022-07-04 10:33:50 +0000   1100 files...2022-07-04 10:33:50 +0000   1200 files...2022-07-04 10:33:50 +0000   1300 files...2022-07-04 10:33:50 +0000   1400 files...2022-07-04 10:33:50 +0000  1453 files to consider
2022-07-04 10:33:50 +0000  MyFiji.app/
2022-07-04 10:33:51 +0000  MyFiji.app/AccessibilityResources.bundle/
MyFiji.app/AccessibilityResources.bundle/en.lproj/
MyFiji.app/Frameworks/
MyFiji.app/Frameworks/ChatProvidersSDK.framework/
MyFiji.app/Frameworks/ChatProvidersSDK.framework/_CodeSignature/
MyFiji.app/Frameworks/ChatSDK.framework/
MyFiji.app/Frameworks/ChatSDK.framework/ChatStrings/
MyFiji.app/Frameworks/ChatSDK.framework/ChatStrings/ar.lproj/
MyFiji.app/Frameworks/ChatSDK.framework/ChatStrings/bg.lproj/
MyFiji.app/Frameworks/ChatSDK.framework/ChatStrings/cs.lproj/
MyFiji.app/Frameworks/ChatSDK.framework/ChatStrings/da.lproj/
MyFiji.app/Frameworks/ChatSDK.framework/ChatStrings/de.lproj/
MyFiji.app/Frameworks/ChatSDK.framework/ChatStrings/el.lproj/
MyFiji.app/Frameworks/ChatSDK.framework/ChatStrings/en-GB.lproj/
MyFiji.app/Frameworks/ChatSDK.framework/ChatStrings/en.lproj/
MyFiji.app/Frameworks/ChatSDK.framework/ChatStrings/es.lproj/
MyFiji.app/Frameworks/ChatSDK.framework/ChatStrings/fi.lproj/
MyFiji.app/Frameworks/ChatSDK.framework/ChatStrings/fil.lproj/
MyFiji.app/Frameworks/ChatSDK.framework/ChatStrings/fr-CA.lproj/
MyFiji.app/Frameworks/ChatSDK.framework/ChatStrings/fr.lproj/
MyFiji.app/Frameworks/ChatSDK.framework/ChatStrings/he.lproj/
MyFiji.app/Frameworks/ChatSDK.framework/ChatStrings/hi.lproj/
MyFiji.app/Frameworks/ChatSDK.framework/ChatStrings/hu.lproj/
MyFiji.app/Frameworks/ChatSDK.framework/ChatStrings/id.lproj/
MyFiji.app/Frameworks/ChatSDK.framework/ChatStrings/it.lproj/
MyFiji.app/Frameworks/ChatSDK.framework/ChatStrings/ja.lproj/
MyFiji.app/Frameworks/ChatSDK.framework/ChatStrings/ko.lproj/
MyFiji.app/Frameworks/ChatSDK.framework/ChatStrings/ms.lproj/
MyFiji.app/Frameworks/ChatSDK.framework/ChatStrings/nb.lproj/
MyFiji.app/Frameworks/ChatSDK.framework/ChatStrings/nl.lproj/
MyFiji.app/Frameworks/ChatSDK.framework/ChatStrings/pl.lproj/
MyFiji.app/Frameworks/ChatSDK.framework/ChatStrings/pt-BR.lproj/
MyFiji.app/Frameworks/ChatSDK.framework/ChatStrings/pt.lproj/
MyFiji.app/Frameworks/ChatSDK.framework/ChatStrings/ro.lproj/
MyFiji.app/Frameworks/ChatSDK.framework/ChatStrings/ru.lproj/
MyFiji.app/Frameworks/ChatSDK.framework/ChatStrings/sv.lproj/
MyFiji.app/Frameworks/ChatSDK.framework/ChatStrings/th.lproj/
MyFiji.app/Frameworks/ChatSDK.framework/ChatStrings/tr.lproj/
MyFiji.app/Frameworks/ChatSDK.framework/ChatStrings/vi.lproj/
MyFiji.app/Frameworks/ChatSDK.framework/ChatStrings/zh-Hans.lproj/
MyFiji.app/Frameworks/ChatSDK.framework/ChatStrings/zh-Hant.lproj/
MyFiji.app/Frameworks/ChatSDK.framework/_CodeSignature/
MyFiji.app/Frameworks/CommonUISDK.framework/
MyFiji.app/Frameworks/CommonUISDK.framework/CommonUIStrings/
MyFiji.app/Frameworks/CommonUISDK.framework/CommonUIStrings/ar.lproj/
MyFiji.app/Frameworks/CommonUISDK.framework/CommonUIStrings/bg.lproj/
MyFiji.app/Frameworks/CommonUISDK.framework/CommonUIStrings/cs.lproj/
MyFiji.app/Frameworks/CommonUISDK.framework/CommonUIStrings/da.lproj/
MyFiji.app/Frameworks/CommonUISDK.framework/CommonUIStrings/de.lproj/
MyFiji.app/Frameworks/CommonUISDK.framework/CommonUIStrings/el.lproj/
MyFiji.app/Frameworks/CommonUISDK.framework/CommonUIStrings/en-GB.lproj/
MyFiji.app/Frameworks/CommonUISDK.framework/CommonUIStrings/en.lproj/
MyFiji.app/Frameworks/CommonUISDK.framework/CommonUIStrings/es.lproj/
MyFiji.app/Frameworks/CommonUISDK.framework/CommonUIStrings/fi.lproj/
MyFiji.app/Frameworks/CommonUISDK.framework/CommonUIStrings/fil.lproj/
MyFiji.app/Frameworks/CommonUISDK.framework/CommonUIStrings/fr-CA.lproj/
MyFiji.app/Frameworks/CommonUISDK.framework/CommonUIStrings/fr.lproj/
MyFiji.app/Frameworks/CommonUISDK.framework/CommonUIStrings/he.lproj/
MyFiji.app/Frameworks/CommonUISDK.framework/CommonUIStrings/hi.lproj/
MyFiji.app/Frameworks/CommonUISDK.framework/CommonUIStrings/hu.lproj/
MyFiji.app/Frameworks/CommonUISDK.framework/CommonUIStrings/id.lproj/
MyFiji.app/Frameworks/CommonUISDK.framework/CommonUIStrings/it.lproj/
MyFiji.app/Frameworks/CommonUISDK.framework/CommonUIStrings/ja.lproj/
MyFiji.app/Frameworks/CommonUISDK.framework/CommonUIStrings/ko.lproj/
MyFiji.app/Frameworks/CommonUISDK.framework/CommonUIStrings/ms.lproj/
MyFi
2022-07-04 10:33:51 +0000  ji.app/Frameworks/CommonUISDK.framework/CommonUIStrings/nb.lproj/
MyFiji.app/Frameworks/CommonUISDK.framework/CommonUIStrings/nl.lproj/
MyFiji.app/Frameworks/CommonUISDK.framework/CommonUIStrings/pl.lproj/
MyFiji.app/Frameworks/CommonUISDK.framework/CommonUIStrings/pt-BR.lproj/
MyFiji.app/Frameworks/CommonUISDK.framework/CommonUIStrings/pt.lproj/
MyFiji.app/Frameworks/CommonUISDK.framework/CommonUIStrings/ro.lproj/
MyFiji.app/Frameworks/CommonUISDK.framework/CommonUIStrings/ru.lproj/
MyFiji.app/Frameworks/CommonUISDK.framework/CommonUIStrings/sv.lproj/
MyFiji.app/Frameworks/CommonUISDK.framework/CommonUIStrings/th.lproj/
MyFiji.app/Frameworks/CommonUISDK.framework/CommonUIStrings/tr.lproj/
MyFiji.app/Frameworks/CommonUISDK.framework/CommonUIStrings/vi.lproj/
MyFiji.app/Frameworks/CommonUISDK.framework/CommonUIStrings/zh-Hans.lproj/
MyFiji.app/Frameworks/CommonUISDK.framework/CommonUIStrings/zh-Hant.lproj/
MyFiji.app/Frameworks/CommonUISDK.framework/_CodeSignature/
MyFiji.app/Frameworks/FaceSDK.framework/
MyFiji.app/Frameworks/FaceSDK.framework/FaceSDK.bundle/
MyFiji.app/Frameworks/FaceSDK.framework/FaceSDK.bundle/ar.lproj/
MyFiji.app/Frameworks/FaceSDK.framework/FaceSDK.bundle/bn-BD.lproj/
MyFiji.app/Frameworks/FaceSDK.framework/FaceSDK.bundle/bn-IN.lproj/
MyFiji.app/Frameworks/FaceSDK.framework/FaceSDK.bundle/bn.lproj/
MyFiji.app/Frameworks/FaceSDK.framework/FaceSDK.bundle/cs.lproj/
MyFiji.app/Frameworks/FaceSDK.framework/FaceSDK.bundle/de.lproj/
MyFiji.app/Frameworks/FaceSDK.framework/FaceSDK.bundle/el.lproj/
MyFiji.app/Frameworks/FaceSDK.framework/FaceSDK.bundle/en.lproj/
MyFiji.app/Frameworks/FaceSDK.framework/FaceSDK.bundle/es.lproj/
MyFiji.app/Frameworks/FaceSDK.framework/FaceSDK.bundle/fi.lproj/
MyFiji.app/Frameworks/FaceSDK.framework/FaceSDK.bundle/fr.lproj/
MyFiji.app/Frameworks/FaceSDK.framework/FaceSDK.bundle/he.lproj/
MyFiji.app/Frameworks/FaceSDK.framework/FaceSDK.bundle/hi.lproj/
MyFiji.app/Frameworks/FaceSDK.framework/FaceSDK.bundle/it.lproj/
MyFiji.app/Frameworks/FaceSDK.framework/FaceSDK.bundle/ja.lproj/
MyFiji.app/Frameworks/FaceSDK.framework/FaceSDK.bundle/ko.lproj/
MyFiji.app/Frameworks/FaceSDK.framework/FaceSDK.bundle/ms.lproj/
MyFiji.app/Frameworks/FaceSDK.framework/FaceSDK.bundle/nl.lproj/
MyFiji.app/Frameworks/FaceSDK.framework/FaceSDK.bundle/pl.lproj/
MyFiji.app/Frameworks/FaceSDK.framework/FaceSDK.bundle/pt.lproj/
MyFiji.app/Frameworks/FaceSDK.framework/FaceSDK.bundle/ru.lproj/
MyFiji.app/Frameworks/FaceSDK.framework/FaceSDK.bundle/sv.lproj/
MyFiji.app/Frameworks/FaceSDK.framework/FaceSDK.bundle/th.lproj/
MyFiji.app/Frameworks/FaceSDK.framework/FaceSDK.bundle/tr.lproj/
MyFiji.app/Frameworks/FaceSDK.framework/FaceSDK.bundle/vi.lproj/
MyFiji.app/Frameworks/FaceSDK.framework/FaceSDK.bundle/zh-Hans.lproj/
MyFiji.app/Frameworks/FaceSDK.framework/FaceSDK.bundle/zh-Hant.lproj/
MyFiji.app/Frameworks/FaceSDK.framework/_CodeSignature/
MyFiji.app/Frameworks/MessagingAPI.framework/
MyFiji.app/Frameworks/MessagingAPI.framework/_CodeSignature/
MyFiji.app/Frameworks/MessagingSDK.framework/
MyFiji.app/Frameworks/MessagingSDK.framework/MessagingSDKStrings/
MyFiji.app/Frameworks/MessagingSDK.framework/MessagingSDKStrings/ar.lproj/
MyFiji.app/Frameworks/MessagingSDK.framework/MessagingSDKStrings/bg.lproj/
MyFiji.app/Frameworks/MessagingSDK.framework/MessagingSDKStrings/cs.lproj/
MyFiji.app/Frameworks/MessagingSDK.framework/MessagingSDKStrings/da.lproj/
MyFiji.app/Frameworks/MessagingSDK.framework/MessagingSDKStrings/de.lproj/
MyFiji.app/Frameworks/MessagingSDK.framework/MessagingSDKStrings/el.lproj/
MyFiji.app/Frameworks/MessagingSDK.framework/MessagingSDKStrings/en-GB.lproj/
MyFiji.app/Frameworks/MessagingSDK.framework/MessagingSDKStrings/en.lproj/
MyFiji.app/Frameworks/MessagingSDK.framework/MessagingSDKStrings/es.lproj/
MyFiji.app/Frameworks/MessagingSDK.framework/MessagingSDKStrings/fi.lproj/
MyFiji.app/Frameworks/MessagingSDK.framework/MessagingSDKStrings/fil.lproj/
MyFiji.app/Frameworks/MessagingSDK.framework/MessagingSDKStrings/fr-CA.lproj/
MyFiji.app/Frameworks/MessagingSDK.framework/MessagingSDKStrings/fr
2022-07-04 10:33:51 +0000  .lproj/
MyFiji.app/Frameworks/MessagingSDK.framework/MessagingSDKStrings/he.lproj/
MyFiji.app/Frameworks/MessagingSDK.framework/MessagingSDKStrings/hi.lproj/
MyFiji.app/Frameworks/MessagingSDK.framework/MessagingSDKStrings/hu.lproj/
MyFiji.app/Frameworks/MessagingSDK.framework/MessagingSDKStrings/id.lproj/
MyFiji.app/Frameworks/MessagingSDK.framework/MessagingSDKStrings/it.lproj/
MyFiji.app/Frameworks/MessagingSDK.framework/MessagingSDKStrings/ja.lproj/
MyFiji.app/Frameworks/MessagingSDK.framework/MessagingSDKStrings/ko.lproj/
MyFiji.app/Frameworks/MessagingSDK.framework/MessagingSDKStrings/ms.lproj/
MyFiji.app/Frameworks/MessagingSDK.framework/MessagingSDKStrings/nb.lproj/
MyFiji.app/Frameworks/MessagingSDK.framework/MessagingSDKStrings/nl.lproj/
MyFiji.app/Frameworks/MessagingSDK.framework/MessagingSDKStrings/pl.lproj/
MyFiji.app/Frameworks/MessagingSDK.framework/MessagingSDKStrings/pt-BR.lproj/
MyFiji.app/Frameworks/MessagingSDK.framework/MessagingSDKStrings/pt.lproj/
MyFiji.app/Frameworks/MessagingSDK.framework/MessagingSDKStrings/ro.lproj/
MyFiji.app/Frameworks/MessagingSDK.framework/MessagingSDKStrings/ru.lproj/
MyFiji.app/Frameworks/MessagingSDK.framework/MessagingSDKStrings/sv.lproj/
MyFiji.app/Frameworks/MessagingSDK.framework/MessagingSDKStrings/th.lproj/
MyFiji.app/Frameworks/MessagingSDK.framework/MessagingSDKStrings/tr.lproj/
MyFiji.app/Frameworks/MessagingSDK.framework/MessagingSDKStrings/vi.lproj/
MyFiji.app/Frameworks/MessagingSDK.framework/MessagingSDKStrings/zh-Hans.lproj/
MyFiji.app/Frameworks/MessagingSDK.framework/MessagingSDKStrings/zh-Hant.lproj/
MyFiji.app/Frameworks/MessagingSDK.framework/_CodeSignature/
MyFiji.app/Frameworks/Razorpay.framework/
MyFiji.app/Frameworks/Razorpay.framework/Checkout.storyboardc/
MyFiji.app/Frameworks/Razorpay.framework/Checkout.storyboardc/RBq-mH-fUs-view-vI7-59-shd.nib/
MyFiji.app/Frameworks/Razorpay.framework/Checkout.storyboardc/RazorpayCheckoutVC.nib/
MyFiji.app/Frameworks/Razorpay.framework/Checkout.storyboardc/UINavigationController-ODs-ga-9IN.nib/
MyFiji.app/Frameworks/Razorpay.framework/_CodeSignature/
MyFiji.app/Frameworks/RegulaCommon.framework/
MyFiji.app/Frameworks/RegulaCommon.framework/_CodeSignature/
MyFiji.app/Frameworks/SDKConfigurations.framework/
MyFiji.app/Frameworks/SDKConfigurations.framework/_CodeSignature/
MyFiji.app/GoogleMaps.bundle/
MyFiji.app/GoogleMaps.bundle/GMSCacheStorage.momd/
MyFiji.app/GoogleMaps.bundle/GMSCoreResources.bundle/
MyFiji.app/GoogleMaps.bundle/GMSCoreResources.bundle/ar.lproj/
MyFiji.app/GoogleMaps.bundle/GMSCoreResources.bundle/ca.lproj/
MyFiji.app/GoogleMaps.bundle/GMSCoreResources.bundle/cs.lproj/
MyFiji.app/GoogleMaps.bundle/GMSCoreResources.bundle/da.lproj/
MyFiji.app/GoogleMaps.bundle/GMSCoreResources.bundle/de.lproj/
MyFiji.app/GoogleMaps.bundle/GMSCoreResources.bundle/el.lproj/
MyFiji.app/GoogleMaps.bundle/GMSCoreResources.bundle/en.lproj/
MyFiji.app/GoogleMaps.bundle/GMSCoreResources.bundle/en_AU.lproj/
MyFiji.app/GoogleMaps.bundle/GMSCoreResources.bundle/en_GB.lproj/
MyFiji.app/GoogleMaps.bundle/GMSCoreResources.bundle/en_IN.lproj/
MyFiji.app/GoogleMaps.bundle/GMSCoreResources.bundle/es.lproj/
MyFiji.app/GoogleMaps.bundle/GMSCoreResources.bundle/es_419.lproj/
MyFiji.app/GoogleMaps.bundle/GMSCoreResources.bundle/es_MX.lproj/
MyFiji.app/GoogleMaps.bundle/GMSCoreResources.bundle/fi.lproj/
MyFiji.app/GoogleMaps.bundle/GMSCoreResources.bundle/fr.lproj/
MyFiji.app/GoogleMaps.bundle/GMSCoreResources.bundle/fr_CA.lproj/
MyFiji.app/GoogleMaps.bundle/GMSCoreResources.bundle/he.lproj/
MyFiji.app/GoogleMaps.bundle/GMSCoreResources.bundle/hi.lproj/
MyFiji.app/GoogleMaps.bundle/GMSCoreResources.bundle/hr.lproj/
MyFiji.app/GoogleMaps.bundle/GMSCoreResources.bundle/hu.lproj/
MyFiji.app/GoogleMaps.bundle/GMSCoreResources.bundle/id.lproj/
MyFiji.app/GoogleMaps.bundle/GMSCoreResources.bundle/it.lproj/
MyFiji.app/GoogleMaps.bundle/GMSCoreResources.bundle/ja.lproj/
MyFiji.app/GoogleMaps.bundle/GMSCoreResources.bundle/ko.lproj/
MyFiji.app/GoogleMaps.bundle/GMSCoreResources.bundle/lt.lproj/
MyFiji.app/GoogleMaps.bundle/GMSCoreResourc
2022-07-04 10:33:51 +0000  es.bundle/lv.lproj/
MyFiji.app/GoogleMaps.bundle/GMSCoreResources.bundle/ms.lproj/
MyFiji.app/GoogleMaps.bundle/GMSCoreResources.bundle/nb.lproj/
MyFiji.app/GoogleMaps.bundle/GMSCoreResources.bundle/nl.lproj/
MyFiji.app/GoogleMaps.bundle/GMSCoreResources.bundle/pl.lproj/
MyFiji.app/GoogleMaps.bundle/GMSCoreResources.bundle/pt.lproj/
MyFiji.app/GoogleMaps.bundle/GMSCoreResources.bundle/pt_BR.lproj/
MyFiji.app/GoogleMaps.bundle/GMSCoreResources.bundle/pt_PT.lproj/
MyFiji.app/GoogleMaps.bundle/GMSCoreResources.bundle/ro.lproj/
MyFiji.app/GoogleMaps.bundle/GMSCoreResources.bundle/ru.lproj/
MyFiji.app/GoogleMaps.bundle/GMSCoreResources.bundle/sk.lproj/
MyFiji.app/GoogleMaps.bundle/GMSCoreResources.bundle/sv.lproj/
MyFiji.app/GoogleMaps.bundle/GMSCoreResources.bundle/th.lproj/
MyFiji.app/GoogleMaps.bundle/GMSCoreResources.bundle/tr.lproj/
MyFiji.app/GoogleMaps.bundle/GMSCoreResources.bundle/uk.lproj/
MyFiji.app/GoogleMaps.bundle/GMSCoreResources.bundle/vi.lproj/
MyFiji.app/GoogleMaps.bundle/GMSCoreResources.bundle/zh_CN.lproj/
MyFiji.app/GoogleMaps.bundle/GMSCoreResources.bundle/zh_HK.lproj/
MyFiji.app/GoogleMaps.bundle/GMSCoreResources.bundle/zh_TW.lproj/
MyFiji.app/LaunchScreen.storyboardc/
MyFiji.app/QBImagePicker.bundle/
MyFiji.app/QBImagePicker.bundle/QBImagePicker.storyboardc/
MyFiji.app/QBImagePicker.bundle/QBImagePicker.storyboardc/QBAlbumsNavigationController.nib/
MyFiji.app/QBImagePicker.bundle/QBImagePicker.storyboardc/QBAlbumsViewController.nib/
MyFiji.app/QBImagePicker.bundle/QBImagePicker.storyboardc/QBAssetsViewController.nib/
MyFiji.app/QBImagePicker.bundle/QBImagePicker.storyboardc/QL5-wR-LYt-view-66K-TS-Yoc.nib/
MyFiji.app/QBImagePicker.bundle/QBImagePicker.storyboardc/QiH-NZ-ZGN-view-sD2-zK-ryo.nib/
MyFiji.app/QBImagePicker.bundle/de.lproj/
MyFiji.app/QBImagePicker.bundle/en.lproj/
MyFiji.app/QBImagePicker.bundle/es.lproj/
MyFiji.app/QBImagePicker.bundle/fr.lproj/
MyFiji.app/QBImagePicker.bundle/it.lproj/
MyFiji.app/QBImagePicker.bundle/ja.lproj/
MyFiji.app/QBImagePicker.bundle/ko.lproj/
MyFiji.app/QBImagePicker.bundle/pl.lproj/
MyFiji.app/QBImagePicker.bundle/pt.lproj/
MyFiji.app/QBImagePicker.bundle/ro.lproj/
MyFiji.app/QBImagePicker.bundle/ru.lproj/
MyFiji.app/QBImagePicker.bundle/tr.lproj/
MyFiji.app/QBImagePicker.bundle/zh-Hans.lproj/
MyFiji.app/QBImagePicker.bundle/zh-Hant.lproj/
MyFiji.app/Stripe.bundle/
MyFiji.app/Stripe.bundle/bg-BG.lproj/
MyFiji.app/Stripe.bundle/ca-ES.lproj/
MyFiji.app/Stripe.bundle/cs-CZ.lproj/
MyFiji.app/Stripe.bundle/da.lproj/
MyFiji.app/Stripe.bundle/de.lproj/
MyFiji.app/Stripe.bundle/el-GR.lproj/
MyFiji.app/Stripe.bundle/en-GB.lproj/
MyFiji.app/Stripe.bundle/en.lproj/
MyFiji.app/Stripe.bundle/es-419.lproj/
MyFiji.app/Stripe.bundle/es.lproj/
MyFiji.app/Stripe.bundle/et-EE.lproj/
MyFiji.app/Stripe.bundle/fi.lproj/
MyFiji.app/Stripe.bundle/fil.lproj/
MyFiji.app/Stripe.bundle/fr-CA.lproj/
MyFiji.app/Stripe.bundle/fr.lproj/
MyFiji.app/Stripe.bundle/hr.lproj/
MyFiji.app/Stripe.bundle/hu.lproj/
MyFiji.app/Stripe.bundle/id.lproj/
MyFiji.app/Stripe.bundle/it.lproj/
MyFiji.app/Stripe.bundle/ja.lproj/
MyFiji.app/Stripe.bundle/ko.lproj/
MyFiji.app/Stripe.bundle/lt-LT.lproj/
MyFiji.app/Stripe.bundle/lv-LV.lproj/
MyFiji.app/Stripe.bundle/ms-MY.lproj/
MyFiji.app/Stripe.bundle/mt.lproj/
MyFiji.app/Stripe.bundle/nb.lproj/
MyFiji.app/Stripe.bundle/nl.lproj/
MyFiji.app/Stripe.bundle/nn-NO.lproj/
MyFiji.app/Stripe.bundle/pl-PL.lproj/
MyFiji.app/Stripe.bundle/pt-BR.lproj/
MyFiji.app/Stripe.bundle/pt-PT.lproj/
MyFiji.app/Stripe.bundle/ro-RO.lproj/
MyFiji.app/Stripe.bundle/ru.lproj/
MyFiji.app/Stripe.bundle/sk-SK.lproj/
MyFiji.app/Stripe.bundle/sl-SI.lproj/
MyFiji.app/Stripe.bundle/sv.lproj/
MyFiji.app/Stripe.bundle/tk.lproj/
MyFiji.app/Stripe.bundle/tr.lproj/
MyFiji.app/Stripe.bundle/vi.lproj/
MyFiji.app/Stripe.bundle/zh-HK.lproj/
MyFiji.app/Stripe.bundle/zh-Hans.lproj/
MyFiji.app/Stripe.bundle/zh-Hant.lproj/
MyFiji.app/Stripe3DS2.bundle/
MyFiji.app/Stripe3DS2.bundle/bg-BG.lproj/
MyFiji.app/Stripe3DS2.bundle/ca-ES.lproj/
MyFiji.app/Stripe3DS2.bundle/cs-CZ.lproj/
MyFiji.app/Stripe3DS2.bundle/da.lpr
2022-07-04 10:33:51 +0000  oj/
MyFiji.app/Stripe3DS2.bundle/de.lproj/
MyFiji.app/Stripe3DS2.bundle/el-GR.lproj/
MyFiji.app/Stripe3DS2.bundle/en-GB.lproj/
MyFiji.app/Stripe3DS2.bundle/en.lproj/
MyFiji.app/Stripe3DS2.bundle/es-419.lproj/
MyFiji.app/Stripe3DS2.bundle/es.lproj/
MyFiji.app/Stripe3DS2.bundle/et-EE.lproj/
MyFiji.app/Stripe3DS2.bundle/fi.lproj/
MyFiji.app/Stripe3DS2.bundle/fil.lproj/
MyFiji.app/Stripe3DS2.bundle/fr-CA.lproj/
MyFiji.app/Stripe3DS2.bundle/fr.lproj/
MyFiji.app/Stripe3DS2.bundle/hr.lproj/
MyFiji.app/Stripe3DS2.bundle/hu.lproj/
MyFiji.app/Stripe3DS2.bundle/id.lproj/
MyFiji.app/Stripe3DS2.bundle/it.lproj/
MyFiji.app/Stripe3DS2.bundle/ja.lproj/
MyFiji.app/Stripe3DS2.bundle/ko.lproj/
MyFiji.app/Stripe3DS2.bundle/lt-LT.lproj/
MyFiji.app/Stripe3DS2.bundle/lv-LV.lproj/
MyFiji.app/Stripe3DS2.bundle/ms-MY.lproj/
MyFiji.app/Stripe3DS2.bundle/mt.lproj/
MyFiji.app/Stripe3DS2.bundle/nb.lproj/
MyFiji.app/Stripe3DS2.bundle/nl.lproj/
MyFiji.app/Stripe3DS2.bundle/nn-NO.lproj/
MyFiji.app/Stripe3DS2.bundle/pl-PL.lproj/
MyFiji.app/Stripe3DS2.bundle/pt-BR.lproj/
MyFiji.app/Stripe3DS2.bundle/pt-PT.lproj/
MyFiji.app/Stripe3DS2.bundle/ro-RO.lproj/
MyFiji.app/Stripe3DS2.bundle/ru.lproj/
MyFiji.app/Stripe3DS2.bundle/sk-SK.lproj/
MyFiji.app/Stripe3DS2.bundle/sl-SI.lproj/
MyFiji.app/Stripe3DS2.bundle/sv.lproj/
MyFiji.app/Stripe3DS2.bundle/tk.lproj/
MyFiji.app/Stripe3DS2.bundle/tr.lproj/
MyFiji.app/Stripe3DS2.bundle/vi.lproj/
MyFiji.app/Stripe3DS2.bundle/zh-HK.lproj/
MyFiji.app/Stripe3DS2.bundle/zh-Hans.lproj/
MyFiji.app/Stripe3DS2.bundle/zh-Hant.lproj/
MyFiji.app/StripeCore.bundle/
MyFiji.app/StripeCore.bundle/bg-BG.lproj/
MyFiji.app/StripeCore.bundle/ca-ES.lproj/
MyFiji.app/StripeCore.bundle/cs-CZ.lproj/
MyFiji.app/StripeCore.bundle/da.lproj/
MyFiji.app/StripeCore.bundle/de.lproj/
MyFiji.app/StripeCore.bundle/el-GR.lproj/
MyFiji.app/StripeCore.bundle/en-GB.lproj/
MyFiji.app/StripeCore.bundle/en.lproj/
MyFiji.app/StripeCore.bundle/es-419.lproj/
MyFiji.app/StripeCore.bundle/es.lproj/
MyFiji.app/StripeCore.bundle/et-EE.lproj/
MyFiji.app/StripeCore.bundle/fi.lproj/
MyFiji.app/StripeCore.bundle/fil.lproj/
MyFiji.app/StripeCore.bundle/fr-CA.lproj/
MyFiji.app/StripeCore.bundle/fr.lproj/
MyFiji.app/StripeCore.bundle/hr.lproj/
MyFiji.app/StripeCore.bundle/hu.lproj/
MyFiji.app/StripeCore.bundle/id.lproj/
MyFiji.app/StripeCore.bundle/it.lproj/
MyFiji.app/StripeCore.bundle/ja.lproj/
MyFiji.app/StripeCore.bundle/ko.lproj/
MyFiji.app/StripeCore.bundle/lt-LT.lproj/
MyFiji.app/StripeCore.bundle/lv-LV.lproj/
MyFiji.app/StripeCore.bundle/ms-MY.lproj/
MyFiji.app/StripeCore.bundle/mt.lproj/
MyFiji.app/StripeCore.bundle/nb.lproj/
MyFiji.app/StripeCore.bundle/nl.lproj/
MyFiji.app/StripeCore.bundle/nn-NO.lproj/
MyFiji.app/StripeCore.bundle/pl-PL.lproj/
MyFiji.app/StripeCore.bundle/pt-BR.lproj/
MyFiji.app/StripeCore.bundle/pt-PT.lproj/
MyFiji.app/StripeCore.bundle/ro-RO.lproj/
MyFiji.app/StripeCore.bundle/ru.lproj/
MyFiji.app/StripeCore.bundle/sk-SK.lproj/
MyFiji.app/StripeCore.bundle/sl-SI.lproj/
MyFiji.app/StripeCore.bundle/sv.lproj/
MyFiji.app/StripeCore.bundle/tk.lproj/
MyFiji.app/StripeCore.bundle/tr.lproj/
MyFiji.app/StripeCore.bundle/vi.lproj/
MyFiji.app/StripeCore.bundle/zh-HK.lproj/
MyFiji.app/StripeCore.bundle/zh-Hans.lproj/
MyFiji.app/StripeCore.bundle/zh-Hant.lproj/
MyFiji.app/StripeUICore.bundle/
MyFiji.app/StripeUICore.bundle/bg-BG.lproj/
MyFiji.app/StripeUICore.bundle/ca-ES.lproj/
MyFiji.app/StripeUICore.bundle/cs-CZ.lproj/
MyFiji.app/StripeUICore.bundle/da.lproj/
MyFiji.app/StripeUICore.bundle/de.lproj/
MyFiji.app/StripeUICore.bundle/el-GR.lproj/
MyFiji.app/StripeUICore.bundle/en-GB.lproj/
MyFiji.app/StripeUICore.bundle/en.lproj/
MyFiji.app/StripeUICore.bundle/es-419.lproj/
MyFiji.app/StripeUICore.bundle/es.lproj/
MyFiji.app/StripeUICore.bundle/et-EE.lproj/
MyFiji.app/StripeUICore.bundle/fi.lproj/
MyFiji.app/StripeUICore.bundle/fil.lproj/
MyFiji.app/StripeUICore.bundle/fr-CA.lproj/
MyFiji.app/StripeUICore.bundle/fr.lproj/
MyFiji.app/StripeUICore.bundle/hr.lproj/
MyFiji.app/StripeUICore.bundle/hu.lproj/
MyFiji.app/StripeUICore.bundle/id.lproj/
MyFiji.app/Stripe
2022-07-04 10:33:51 +0000  UICore.bundle/it.lproj/
MyFiji.app/StripeUICore.bundle/ja.lproj/
MyFiji.app/StripeUICore.bundle/ko.lproj/
MyFiji.app/StripeUICore.bundle/lt-LT.lproj/
MyFiji.app/StripeUICore.bundle/lv-LV.lproj/
MyFiji.app/StripeUICore.bundle/ms-MY.lproj/
MyFiji.app/StripeUICore.bundle/mt.lproj/
MyFiji.app/StripeUICore.bundle/nb.lproj/
MyFiji.app/StripeUICore.bundle/nl.lproj/
MyFiji.app/StripeUICore.bundle/nn-NO.lproj/
MyFiji.app/StripeUICore.bundle/pl-PL.lproj/
MyFiji.app/StripeUICore.bundle/pt-BR.lproj/
MyFiji.app/StripeUICore.bundle/pt-PT.lproj/
MyFiji.app/StripeUICore.bundle/ro-RO.lproj/
MyFiji.app/StripeUICore.bundle/ru.lproj/
MyFiji.app/StripeUICore.bundle/sk-SK.lproj/
MyFiji.app/StripeUICore.bundle/sl-SI.lproj/
MyFiji.app/StripeUICore.bundle/sv.lproj/
MyFiji.app/StripeUICore.bundle/tr.lproj/
MyFiji.app/StripeUICore.bundle/vi.lproj/
MyFiji.app/StripeUICore.bundle/zh-HK.lproj/
MyFiji.app/StripeUICore.bundle/zh-Hans.lproj/
MyFiji.app/StripeUICore.bundle/zh-Hant.lproj/
MyFiji.app/TOCropViewControllerBundle.bundle/
MyFiji.app/TOCropViewControllerBundle.bundle/Base.lproj/
MyFiji.app/TOCropViewControllerBundle.bundle/ar.lproj/
MyFiji.app/TOCropViewControllerBundle.bundle/ca.lproj/
MyFiji.app/TOCropViewControllerBundle.bundle/cs.lproj/
MyFiji.app/TOCropViewControllerBundle.bundle/da-DK.lproj/
MyFiji.app/TOCropViewControllerBundle.bundle/de.lproj/
MyFiji.app/TOCropViewControllerBundle.bundle/en.lproj/
MyFiji.app/TOCropViewControllerBundle.bundle/es.lproj/
MyFiji.app/TOCropViewControllerBundle.bundle/fa-IR.lproj/
MyFiji.app/TOCropViewControllerBundle.bundle/fa.lproj/
MyFiji.app/TOCropViewControllerBundle.bundle/fi.lproj/
MyFiji.app/TOCropViewControllerBundle.bundle/fr.lproj/
MyFiji.app/TOCropViewControllerBundle.bundle/hu.lproj/
MyFiji.app/TOCropViewControllerBundle.bundle/id.lproj/
MyFiji.app/TOCropViewControllerBundle.bundle/it.lproj/
MyFiji.app/TOCropViewControllerBundle.bundle/ja.lproj/
MyFiji.app/TOCropViewControllerBundle.bundle/ko.lproj/
MyFiji.app/TOCropViewControllerBundle.bundle/ms.lproj/
MyFiji.app/TOCropViewControllerBundle.bundle/nl.lproj/
MyFiji.app/TOCropViewControllerBundle.bundle/pl.lproj/
MyFiji.app/TOCropViewControllerBundle.bundle/pt-BR.lproj/
MyFiji.app/TOCropViewControllerBundle.bundle/pt.lproj/
MyFiji.app/TOCropViewControllerBundle.bundle/ro.lproj/
MyFiji.app/TOCropViewControllerBundle.bundle/ru.lproj/
MyFiji.app/TOCropViewControllerBundle.bundle/sk.lproj/
MyFiji.app/TOCropViewControllerBundle.bundle/tr.lproj/
MyFiji.app/TOCropViewControllerBundle.bundle/vi.lproj/
MyFiji.app/TOCropViewControllerBundle.bundle/zh-Hans.lproj/
MyFiji.app/TOCropViewControllerBundle.bundle/zh-Hant.lproj/
MyFiji.app/_CodeSignature/
MyFiji.app/assets/
MyFiji.app/assets/node_modules/
MyFiji.app/assets/node_modules/@react-navigation/
MyFiji.app/assets/node_modules/@react-navigation/drawer/
MyFiji.app/assets/node_modules/@react-navigation/drawer/src/
MyFiji.app/assets/node_modules/@react-navigation/drawer/src/views/
MyFiji.app/assets/node_modules/@react-navigation/drawer/src/views/assets/
MyFiji.app/assets/node_modules/@react-navigation/elements/
MyFiji.app/assets/node_modules/@react-navigation/elements/src/
MyFiji.app/assets/node_modules/@react-navigation/elements/src/assets/
MyFiji.app/assets/node_modules/react-native-calendars/
MyFiji.app/assets/node_modules/react-native-calendars/src/
MyFiji.app/assets/node_modules/react-native-calendars/src/calendar/
MyFiji.app/assets/node_modules/react-native-calendars/src/calendar/img/
MyFiji.app/assets/node_modules/react-native-calendars/src/img/
MyFiji.app/assets/node_modules/react-native-country-picker-modal/
MyFiji.app/assets/node_modules/react-native-country-picker-modal/lib/
MyFiji.app/assets/node_modules/react-native-country-picker-modal/lib/assets/
MyFiji.app/assets/node_modules/react-native-country-picker-modal/lib/assets/images/
MyFiji.app/assets/node_modules/react-native-dropdown-picker/
MyFiji.app/assets/node_modules/react-native-dropdown-picker/src/
MyFiji.app/assets/node_modules/react-native-dropdown-picker/src/themes/
MyFiji.app/assets/node_modules/react-native-dropdown-picker/src/themes/dar
2022-07-04 10:33:51 +0000  k/
MyFiji.app/assets/node_modules/react-native-dropdown-picker/src/themes/dark/icons/
MyFiji.app/assets/node_modules/react-native-dropdown-picker/src/themes/light/
MyFiji.app/assets/node_modules/react-native-dropdown-picker/src/themes/light/icons/
MyFiji.app/assets/node_modules/react-native-flash-message/
MyFiji.app/assets/node_modules/react-native-flash-message/src/
MyFiji.app/assets/node_modules/react-native-flash-message/src/icons/
MyFiji.app/assets/node_modules/react-native/
MyFiji.app/assets/node_modules/react-native/Libraries/
MyFiji.app/assets/node_modules/react-native/Libraries/NewAppScreen/
MyFiji.app/assets/node_modules/react-native/Libraries/NewAppScreen/components/
MyFiji.app/assets/src/
MyFiji.app/assets/src/assets/
MyFiji.app/assets/src/assets/images/
2022-07-04 10:33:51 +0000  
sent 42.06K bytes  received 2.75K bytes  29.87K bytes/sec
total size is 80.71M  speedup is 1844.39
2022-07-04 10:33:51 +0000  /usr/bin/rsync exited with 0
2022-07-04 10:33:51 +0000  Running /usr/bin/rsync '-8aPhhE' '/Users/cbl-mac-033/Library/Developer/Xcode/Archives/2022-07-04/MyFiji(Prod) 04-07-22, 3.52 PM.xcarchive/dSYMs/' '--link-dest' '/Users/cbl-mac-033/Library/Developer/Xcode/Archives/2022-07-04/MyFiji(Prod) 04-07-22, 3.52 PM.xcarchive/dSYMs/' '/var/folders/gs/6wh8jtrs5217v33bfm594jbr0000gn/T/XcodeDistPipeline.~~~iVo3xl'
2022-07-04 10:33:51 +0000  building file list ... 
2022-07-04 10:33:51 +0000   0 files...2022-07-04 10:33:51 +0000  78 files to consider
2022-07-04 10:33:51 +0000  ./
ChatProvidersSDK.framework.dSYM/
ChatProvidersSDK.framework.dSYM/Contents/
ChatProvidersSDK.framework.dSYM/Contents/Resources/
ChatProvidersSDK.framework.dSYM/Contents/Resources/DWARF/
ChatSDK.framework.dSYM/
ChatSDK.framework.dSYM/Contents/
ChatSDK.framework.dSYM/Contents/Resources/
ChatSDK.framework.dSYM/Contents/Resources/DWARF/
ChatSDK.framework.dSYM/Contents/Resources/Swift/
ChatSDK.framework.dSYM/Contents/Resources/Swift/aarch64/
ChatSDK.framework.dSYM/Contents/Resources/Swift/arm/
CommonUISDK.framework.dSYM/
CommonUISDK.framework.dSYM/Contents/
CommonUISDK.framework.dSYM/Contents/Resources/
CommonUISDK.framework.dSYM/Contents/Resources/DWARF/
FaceSDK.framework.dSYM/
FaceSDK.framework.dSYM/Contents/
FaceSDK.framework.dSYM/Contents/Resources/
FaceSDK.framework.dSYM/Contents/Resources/DWARF/
MessagingAPI.framework.dSYM/
MessagingAPI.framework.dSYM/Contents/
MessagingAPI.framework.dSYM/Contents/Resources/
MessagingAPI.framework.dSYM/Contents/Resources/DWARF/
MessagingAPI.framework.dSYM/Contents/Resources/Swift/
MessagingAPI.framework.dSYM/Contents/Resources/Swift/aarch64/
MessagingAPI.framework.dSYM/Contents/Resources/Swift/arm/
MessagingSDK.framework.dSYM/
MessagingSDK.framework.dSYM/Contents/
MessagingSDK.framework.dSYM/Contents/Resources/
MessagingSDK.framework.dSYM/Contents/Resources/DWARF/
MessagingSDK.framework.dSYM/Contents/Resources/Swift/
MessagingSDK.framework.dSYM/Contents/Resources/Swift/aarch64/
MessagingSDK.framework.dSYM/Contents/Resources/Swift/arm/
MyFiji.app.dSYM/
MyFiji.app.dSYM/Contents/
MyFiji.app.dSYM/Contents/Resources/
MyFiji.app.dSYM/Contents/Resources/DWARF/
RegulaCommon.framework.dSYM/
RegulaCommon.framework.dSYM/Contents/
RegulaCommon.framework.dSYM/Contents/Resources/
RegulaCommon.framework.dSYM/Contents/Resources/DWARF/
SDKConfigurations.framework.dSYM/
SDKConfigurations.framework.dSYM/Contents/
SDKConfigurations.framework.dSYM/Contents/Resources/
SDKConfigurations.framework.dSYM/Contents/Resources/DWARF/
2022-07-04 10:33:51 +0000  
sent 2.82K bytes  received 488 bytes  6.60K bytes/sec
total size is 101.31M  speedup is 31439.39
2022-07-04 10:33:51 +0000  /usr/bin/rsync exited with 0
2022-07-04 10:33:51 +0000  Running /Applications/Xcode.app/Contents/Developer/usr/bin/symbols '-noTextInSOD' '-noDaemon' '-arch' 'all' '-symbolsPackageDir' '/var/folders/gs/6wh8jtrs5217v33bfm594jbr0000gn/T/XcodeDistPipeline.~~~iVo3xl/Symbols' '/var/folders/gs/6wh8jtrs5217v33bfm594jbr0000gn/T/XcodeDistPipeline.~~~iVo3xl/MyFiji.app.dSYM/Contents/Resources/Dwarf/MyFiji'
2022-07-04 10:33:53 +0000  /var/folders/gs/6wh8jtrs5217v33bfm594jbr0000gn/T/XcodeDistPipeline.~~~iVo3xl/MyFiji.app.dSYM/Contents/Resources/Dwarf/MyFiji [arm64, 2.063484 seconds]:
2022-07-04 10:33:53 +0000  /Applications/Xcode.app/Contents/Developer/usr/bin/symbols exited with 0
2022-07-04 10:33:53 +0000  Processing step: IDEDistributionCopyAppleProvidedContentStep
2022-07-04 10:33:53 +0000  Running /usr/bin/ditto '-V' '/Users/cbl-mac-033/Library/Developer/Xcode/Archives/2022-07-04/MyFiji(Prod) 04-07-22, 3.52 PM.xcarchive/SwiftSupport' '/var/folders/gs/6wh8jtrs5217v33bfm594jbr0000gn/T/XcodeDistPipeline.~~~iVo3xl/Root/SwiftSupport'
2022-07-04 10:33:53 +0000  >>> Copying /Users/cbl-mac-033/Library/Developer/Xcode/Archives/2022-07-04/MyFiji(Prod) 04-07-22, 3.52 PM.xcarchive/SwiftSupport 
copying file ./iphoneos/libswiftPhotos.dylib ... 
2022-07-04 10:33:53 +0000  529949 bytes for ./iphoneos/libswiftPhotos.dylib
copying file ./iphoneos/libswiftCoreImage.dylib ... 
537828 bytes for ./iphoneos/libswiftCoreImage.dylib
copying file ./iphoneos/libswiftObjectiveC.dylib ... 
863957 bytes for ./iphoneos/libswiftObjectiveC.dylib
copying file ./iphoneos/libswiftVision.dylib ... 
2022-07-04 10:33:53 +0000  548750 bytes for ./iphoneos/libswiftVision.dylib
copying file ./iphoneos/libswiftCore.dylib ... 
2022-07-04 10:33:54 +0000  143357870 bytes for ./iphoneos/libswiftCore.dylib
2022-07-04 10:33:54 +0000  copying file ./iphoneos/libswiftCoreGraphics.dylib ... 
2022-07-04 10:33:54 +0000  2775369 bytes for ./iphoneos/libswiftCoreGraphics.dylib
copying file ./iphoneos/libswiftUIKit.dylib ... 
2022-07-04 10:33:54 +0000  2245592 bytes for ./iphoneos/libswiftUIKit.dylib
copying file ./iphoneos/libswiftMetal.dylib ... 
907187 bytes for ./iphoneos/libswiftMetal.dylib
copying file ./iphoneos/libswiftCoreData.dylib ... 
1231024 bytes for ./iphoneos/libswiftCoreData.dylib
copying file ./iphoneos/libswiftDispatch.dylib ... 
5596773 bytes for ./iphoneos/libswiftDispatch.dylib
copying file ./iphoneos/libswiftos.dylib ... 
2022-07-04 10:33:54 +0000  1152694 bytes for ./iphoneos/libswiftos.dylib
copying file ./iphoneos/libswiftCoreFoundation.dylib ... 
507261 bytes for ./iphoneos/libswiftCoreFoundation.dylib
copying file ./iphoneos/libswiftDarwin.dylib ... 
1435812 bytes for ./iphoneos/libswiftDarwin.dylib
copying file ./iphoneos/libswiftContacts.dylib ... 
826232 bytes for ./iphoneos/libswiftContacts.dylib
copying file ./iphoneos/libswiftQuartzCore.dylib ... 
585808 bytes for ./iphoneos/libswiftQuartzCore.dylib
copying file ./iphoneos/libswiftCoreAudio.dylib ... 
1096427 bytes for ./iphoneos/libswiftCoreAudio.dylib
copying file ./iphoneos/libswiftAVFoundation.dylib ... 
2260301 bytes for ./iphoneos/libswiftAVFoundation.dylib
copying file ./iphoneos/libswiftFoundation.dylib ... 
2022-07-04 10:33:55 +0000  63663024 bytes for ./iphoneos/libswiftFoundation.dylib
copying file ./iphoneos/libswiftCoreMedia.dylib ... 
1013900 bytes for ./iphoneos/libswiftCoreMedia.dylib
copying file ./iphoneos/libswiftCoreLocation.dylib ... 
2022-07-04 10:33:55 +0000  /usr/bin/ditto exited with 0
2022-07-04 10:33:55 +0000  930771 bytes for ./iphoneos/libswiftCoreLocation.dylib
copying file ./iphoneos/libswiftsimd.dylib ... 
5631861 bytes for ./iphoneos/libswiftsimd.dylib
2022-07-04 10:33:55 +0000  Processing step: IDEDistributionAppThinningStep
2022-07-04 10:33:55 +0000  Skipping step: IDEDistributionAppThinningStep because it said so
2022-07-04 10:33:55 +0000  Processing step: IDEDistributionArchThinningStep
2022-07-04 10:33:55 +0000  Running /Applications/Xcode.app/Contents/Developer/Toolchains/XcodeDefault.xctoolchain/usr/bin/lipo '/var/folders/gs/6wh8jtrs5217v33bfm594jbr0000gn/T/XcodeDistPipeline.~~~iVo3xl/Root/Payload/MyFiji.app/Frameworks/ChatProvidersSDK.framework/ChatProvidersSDK' '-verify_arch' 'arm64e'
2022-07-04 10:33:55 +0000  /Applications/Xcode.app/Contents/Developer/Toolchains/XcodeDefault.xctoolchain/usr/bin/lipo exited with 1
2022-07-04 10:33:55 +0000  Skipping architecture thinning for item "ChatProvidersSDK" because arch "arm64e" wasn't found
2022-07-04 10:33:55 +0000  Running /Applications/Xcode.app/Contents/Developer/Toolchains/XcodeDefault.xctoolchain/usr/bin/lipo '/var/folders/gs/6wh8jtrs5217v33bfm594jbr0000gn/T/XcodeDistPipeline.~~~iVo3xl/Root/Payload/MyFiji.app/Frameworks/ChatSDK.framework/ChatSDK' '-verify_arch' 'arm64e'
2022-07-04 10:33:55 +0000  /Applications/Xcode.app/Contents/Developer/Toolchains/XcodeDefault.xctoolchain/usr/bin/lipo exited with 1
2022-07-04 10:33:55 +0000  Skipping architecture thinning for item "ChatSDK" because arch "arm64e" wasn't found
2022-07-04 10:33:55 +0000  Running /Applications/Xcode.app/Contents/Developer/Toolchains/XcodeDefault.xctoolchain/usr/bin/lipo '/var/folders/gs/6wh8jtrs5217v33bfm594jbr0000gn/T/XcodeDistPipeline.~~~iVo3xl/Root/Payload/MyFiji.app/Frameworks/CommonUISDK.framework/CommonUISDK' '-verify_arch' 'arm64e'
2022-07-04 10:33:55 +0000  /Applications/Xcode.app/Contents/Developer/Toolchains/XcodeDefault.xctoolchain/usr/bin/lipo exited with 1
2022-07-04 10:33:55 +0000  Skipping architecture thinning for item "CommonUISDK" because arch "arm64e" wasn't found
2022-07-04 10:33:55 +0000  Running /Applications/Xcode.app/Contents/Developer/Toolchains/XcodeDefault.xctoolchain/usr/bin/lipo '/var/folders/gs/6wh8jtrs5217v33bfm594jbr0000gn/T/XcodeDistPipeline.~~~iVo3xl/Root/Payload/MyFiji.app/Frameworks/FaceSDK.framework/FaceSDK' '-verify_arch' 'arm64e'
2022-07-04 10:33:55 +0000  /Applications/Xcode.app/Contents/Developer/Toolchains/XcodeDefault.xctoolchain/usr/bin/lipo exited with 1
2022-07-04 10:33:55 +0000  Skipping architecture thinning for item "FaceSDK" because arch "arm64e" wasn't found
2022-07-04 10:33:55 +0000  Running /Applications/Xcode.app/Contents/Developer/Toolchains/XcodeDefault.xctoolchain/usr/bin/lipo '/var/folders/gs/6wh8jtrs5217v33bfm594jbr0000gn/T/XcodeDistPipeline.~~~iVo3xl/Root/Payload/MyFiji.app/Frameworks/MessagingAPI.framework/MessagingAPI' '-verify_arch' 'arm64e'
2022-07-04 10:33:55 +0000  /Applications/Xcode.app/Contents/Developer/Toolchains/XcodeDefault.xctoolchain/usr/bin/lipo exited with 1
2022-07-04 10:33:55 +0000  Skipping architecture thinning for item "MessagingAPI" because arch "arm64e" wasn't found
2022-07-04 10:33:55 +0000  Running /Applications/Xcode.app/Contents/Developer/Toolchains/XcodeDefault.xctoolchain/usr/bin/lipo '/var/folders/gs/6wh8jtrs5217v33bfm594jbr0000gn/T/XcodeDistPipeline.~~~iVo3xl/Root/Payload/MyFiji.app/Frameworks/MessagingSDK.framework/MessagingSDK' '-verify_arch' 'arm64e'
2022-07-04 10:33:55 +0000  /Applications/Xcode.app/Contents/Developer/Toolchains/XcodeDefault.xctoolchain/usr/bin/lipo exited with 1
2022-07-04 10:33:55 +0000  Skipping architecture thinning for item "MessagingSDK" because arch "arm64e" wasn't found
2022-07-04 10:33:55 +0000  Running /Applications/Xcode.app/Contents/Developer/Toolchains/XcodeDefault.xctoolchain/usr/bin/lipo '/var/folders/gs/6wh8jtrs5217v33bfm594jbr0000gn/T/XcodeDistPipeline.~~~iVo3xl/Root/Payload/MyFiji.app/Frameworks/Razorpay.framework/Razorpay' '-verify_arch' 'arm64e'
2022-07-04 10:33:55 +0000  /Applications/Xcode.app/Contents/Developer/Toolchains/XcodeDefault.xctoolchain/usr/bin/lipo exited with 1
2022-07-04 10:33:55 +0000  Skipping architecture thinning for item "Razorpay" because arch "arm64e" wasn't found
2022-07-04 10:33:55 +0000  Running /Applications/Xcode.app/Contents/Developer/Toolchains/XcodeDefault.xctoolchain/usr/bin/lipo '/var/folders/gs/6wh8jtrs5217v33bfm594jbr0000gn/T/XcodeDistPipeline.~~~iVo3xl/Root/Payload/MyFiji.app/Frameworks/RegulaCommon.framework/RegulaCommon' '-verify_arch' 'arm64e'
2022-07-04 10:33:55 +0000  /Applications/Xcode.app/Contents/Developer/Toolchains/XcodeDefault.xctoolchain/usr/bin/lipo exited with 1
2022-07-04 10:33:55 +0000  Skipping architecture thinning for item "RegulaCommon" because arch "arm64e" wasn't found
2022-07-04 10:33:55 +0000  Running /Applications/Xcode.app/Contents/Developer/Toolchains/XcodeDefault.xctoolchain/usr/bin/lipo '/var/folders/gs/6wh8jtrs5217v33bfm594jbr0000gn/T/XcodeDistPipeline.~~~iVo3xl/Root/Payload/MyFiji.app/Frameworks/SDKConfigurations.framework/SDKConfigurations' '-verify_arch' 'arm64e'
2022-07-04 10:33:55 +0000  /Applications/Xcode.app/Contents/Developer/Toolchains/XcodeDefault.xctoolchain/usr/bin/lipo exited with 1
2022-07-04 10:33:55 +0000  Skipping architecture thinning for item "SDKConfigurations" because arch "arm64e" wasn't found
2022-07-04 10:33:55 +0000  Running /Applications/Xcode.app/Contents/Developer/Toolchains/XcodeDefault.xctoolchain/usr/bin/lipo '/var/folders/gs/6wh8jtrs5217v33bfm594jbr0000gn/T/XcodeDistPipeline.~~~iVo3xl/Root/Payload/MyFiji.app/Frameworks/libswiftAVFoundation.dylib' '-verify_arch' 'arm64e'
2022-07-04 10:33:55 +0000  /Applications/Xcode.app/Contents/Developer/Toolchains/XcodeDefault.xctoolchain/usr/bin/lipo exited with 0
2022-07-04 10:33:55 +0000  Running /Applications/Xcode.app/Contents/Developer/Toolchains/XcodeDefault.xctoolchain/usr/bin/lipo '/var/folders/gs/6wh8jtrs5217v33bfm594jbr0000gn/T/XcodeDistPipeline.~~~iVo3xl/Root/Payload/MyFiji.app/Frameworks/libswiftAVFoundation.dylib' '-remove' 'arm64e' '-output' '/var/folders/gs/6wh8jtrs5217v33bfm594jbr0000gn/T/XcodeDistPipeline.~~~iVo3xl/Root/Payload/MyFiji.app/Frameworks/libswiftAVFoundation.dylib'
2022-07-04 10:33:55 +0000  /Applications/Xcode.app/Contents/Developer/Toolchains/XcodeDefault.xctoolchain/usr/bin/lipo exited with 0
2022-07-04 10:33:55 +0000  Successfully thinned item "libswiftAVFoundation.dylib", arch "arm64e"
2022-07-04 10:33:55 +0000  Running /Applications/Xcode.app/Contents/Developer/Toolchains/XcodeDefault.xctoolchain/usr/bin/lipo '/var/folders/gs/6wh8jtrs5217v33bfm594jbr0000gn/T/XcodeDistPipeline.~~~iVo3xl/Root/Payload/MyFiji.app/Frameworks/libswiftContacts.dylib' '-verify_arch' 'arm64e'
2022-07-04 10:33:55 +0000  /Applications/Xcode.app/Contents/Developer/Toolchains/XcodeDefault.xctoolchain/usr/bin/lipo exited with 0
2022-07-04 10:33:55 +0000  Running /Applications/Xcode.app/Contents/Developer/Toolchains/XcodeDefault.xctoolchain/usr/bin/lipo '/var/folders/gs/6wh8jtrs5217v33bfm594jbr0000gn/T/XcodeDistPipeline.~~~iVo3xl/Root/Payload/MyFiji.app/Frameworks/libswiftContacts.dylib' '-remove' 'arm64e' '-output' '/var/folders/gs/6wh8jtrs5217v33bfm594jbr0000gn/T/XcodeDistPipeline.~~~iVo3xl/Root/Payload/MyFiji.app/Frameworks/libswiftContacts.dylib'
2022-07-04 10:33:55 +0000  /Applications/Xcode.app/Contents/Developer/Toolchains/XcodeDefault.xctoolchain/usr/bin/lipo exited with 0
2022-07-04 10:33:55 +0000  Successfully thinned item "libswiftContacts.dylib", arch "arm64e"
2022-07-04 10:33:55 +0000  Running /Applications/Xcode.app/Contents/Developer/Toolchains/XcodeDefault.xctoolchain/usr/bin/lipo '/var/folders/gs/6wh8jtrs5217v33bfm594jbr0000gn/T/XcodeDistPipeline.~~~iVo3xl/Root/Payload/MyFiji.app/Frameworks/libswiftCore.dylib' '-verify_arch' 'arm64e'
2022-07-04 10:33:55 +0000  /Applications/Xcode.app/Contents/Developer/Toolchains/XcodeDefault.xctoolchain/usr/bin/lipo exited with 0
2022-07-04 10:33:55 +0000  Running /Applications/Xcode.app/Contents/Developer/Toolchains/XcodeDefault.xctoolchain/usr/bin/lipo '/var/folders/gs/6wh8jtrs5217v33bfm594jbr0000gn/T/XcodeDistPipeline.~~~iVo3xl/Root/Payload/MyFiji.app/Frameworks/libswiftCore.dylib' '-remove' 'arm64e' '-output' '/var/folders/gs/6wh8jtrs5217v33bfm594jbr0000gn/T/XcodeDistPipeline.~~~iVo3xl/Root/Payload/MyFiji.app/Frameworks/libswiftCore.dylib'
2022-07-04 10:33:56 +0000  /Applications/Xcode.app/Contents/Developer/Toolchains/XcodeDefault.xctoolchain/usr/bin/lipo exited with 0
2022-07-04 10:33:56 +0000  Successfully thinned item "libswiftCore.dylib", arch "arm64e"
2022-07-04 10:33:56 +0000  Running /Applications/Xcode.app/Contents/Developer/Toolchains/XcodeDefault.xctoolchain/usr/bin/lipo '/var/folders/gs/6wh8jtrs5217v33bfm594jbr0000gn/T/XcodeDistPipeline.~~~iVo3xl/Root/Payload/MyFiji.app/Frameworks/libswiftCoreAudio.dylib' '-verify_arch' 'arm64e'
2022-07-04 10:33:56 +0000  /Applications/Xcode.app/Contents/Developer/Toolchains/XcodeDefault.xctoolchain/usr/bin/lipo exited with 0
2022-07-04 10:33:56 +0000  Running /Applications/Xcode.app/Contents/Developer/Toolchains/XcodeDefault.xctoolchain/usr/bin/lipo '/var/folders/gs/6wh8jtrs5217v33bfm594jbr0000gn/T/XcodeDistPipeline.~~~iVo3xl/Root/Payload/MyFiji.app/Frameworks/libswiftCoreAudio.dylib' '-remove' 'arm64e' '-output' '/var/folders/gs/6wh8jtrs5217v33bfm594jbr0000gn/T/XcodeDistPipeline.~~~iVo3xl/Root/Payload/MyFiji.app/Frameworks/libswiftCoreAudio.dylib'
2022-07-04 10:33:56 +0000  /Applications/Xcode.app/Contents/Developer/Toolchains/XcodeDefault.xctoolchain/usr/bin/lipo exited with 0
2022-07-04 10:33:56 +0000  Successfully thinned item "libswiftCoreAudio.dylib", arch "arm64e"
2022-07-04 10:33:56 +0000  Running /Applications/Xcode.app/Contents/Developer/Toolchains/XcodeDefault.xctoolchain/usr/bin/lipo '/var/folders/gs/6wh8jtrs5217v33bfm594jbr0000gn/T/XcodeDistPipeline.~~~iVo3xl/Root/Payload/MyFiji.app/Frameworks/libswiftCoreData.dylib' '-verify_arch' 'arm64e'
2022-07-04 10:33:56 +0000  /Applications/Xcode.app/Contents/Developer/Toolchains/XcodeDefault.xctoolchain/usr/bin/lipo exited with 0
2022-07-04 10:33:56 +0000  Running /Applications/Xcode.app/Contents/Developer/Toolchains/XcodeDefault.xctoolchain/usr/bin/lipo '/var/folders/gs/6wh8jtrs5217v33bfm594jbr0000gn/T/XcodeDistPipeline.~~~iVo3xl/Root/Payload/MyFiji.app/Frameworks/libswiftCoreData.dylib' '-remove' 'arm64e' '-output' '/var/folders/gs/6wh8jtrs5217v33bfm594jbr0000gn/T/XcodeDistPipeline.~~~iVo3xl/Root/Payload/MyFiji.app/Frameworks/libswiftCoreData.dylib'
2022-07-04 10:33:56 +0000  /Applications/Xcode.app/Contents/Developer/Toolchains/XcodeDefault.xctoolchain/usr/bin/lipo exited with 0
2022-07-04 10:33:56 +0000  Successfully thinned item "libswiftCoreData.dylib", arch "arm64e"
2022-07-04 10:33:56 +0000  Running /Applications/Xcode.app/Contents/Developer/Toolchains/XcodeDefault.xctoolchain/usr/bin/lipo '/var/folders/gs/6wh8jtrs5217v33bfm594jbr0000gn/T/XcodeDistPipeline.~~~iVo3xl/Root/Payload/MyFiji.app/Frameworks/libswiftCoreFoundation.dylib' '-verify_arch' 'arm64e'
2022-07-04 10:33:56 +0000  /Applications/Xcode.app/Contents/Developer/Toolchains/XcodeDefault.xctoolchain/usr/bin/lipo exited with 0
2022-07-04 10:33:56 +0000  Running /Applications/Xcode.app/Contents/Developer/Toolchains/XcodeDefault.xctoolchain/usr/bin/lipo '/var/folders/gs/6wh8jtrs5217v33bfm594jbr0000gn/T/XcodeDistPipeline.~~~iVo3xl/Root/Payload/MyFiji.app/Frameworks/libswiftCoreFoundation.dylib' '-remove' 'arm64e' '-output' '/var/folders/gs/6wh8jtrs5217v33bfm594jbr0000gn/T/XcodeDistPipeline.~~~iVo3xl/Root/Payload/MyFiji.app/Frameworks/libswiftCoreFoundation.dylib'
2022-07-04 10:33:57 +0000  /Applications/Xcode.app/Contents/Developer/Toolchains/XcodeDefault.xctoolchain/usr/bin/lipo exited with 0
2022-07-04 10:33:57 +0000  Successfully thinned item "libswiftCoreFoundation.dylib", arch "arm64e"
2022-07-04 10:33:57 +0000  Running /Applications/Xcode.app/Contents/Developer/Toolchains/XcodeDefault.xctoolchain/usr/bin/lipo '/var/folders/gs/6wh8jtrs5217v33bfm594jbr0000gn/T/XcodeDistPipeline.~~~iVo3xl/Root/Payload/MyFiji.app/Frameworks/libswiftCoreGraphics.dylib' '-verify_arch' 'arm64e'
2022-07-04 10:33:57 +0000  /Applications/Xcode.app/Contents/Developer/Toolchains/XcodeDefault.xctoolchain/usr/bin/lipo exited with 0
2022-07-04 10:33:57 +0000  Running /Applications/Xcode.app/Contents/Developer/Toolchains/XcodeDefault.xctoolchain/usr/bin/lipo '/var/folders/gs/6wh8jtrs5217v33bfm594jbr0000gn/T/XcodeDistPipeline.~~~iVo3xl/Root/Payload/MyFiji.app/Frameworks/libswiftCoreGraphics.dylib' '-remove' 'arm64e' '-output' '/var/folders/gs/6wh8jtrs5217v33bfm594jbr0000gn/T/XcodeDistPipeline.~~~iVo3xl/Root/Payload/MyFiji.app/Frameworks/libswiftCoreGraphics.dylib'
2022-07-04 10:33:57 +0000  /Applications/Xcode.app/Contents/Developer/Toolchains/XcodeDefault.xctoolchain/usr/bin/lipo exited with 0
2022-07-04 10:33:57 +0000  Successfully thinned item "libswiftCoreGraphics.dylib", arch "arm64e"
2022-07-04 10:33:57 +0000  Running /Applications/Xcode.app/Contents/Developer/Toolchains/XcodeDefault.xctoolchain/usr/bin/lipo '/var/folders/gs/6wh8jtrs5217v33bfm594jbr0000gn/T/XcodeDistPipeline.~~~iVo3xl/Root/Payload/MyFiji.app/Frameworks/libswiftCoreImage.dylib' '-verify_arch' 'arm64e'
2022-07-04 10:33:57 +0000  /Applications/Xcode.app/Contents/Developer/Toolchains/XcodeDefault.xctoolchain/usr/bin/lipo exited with 0
2022-07-04 10:33:57 +0000  Running /Applications/Xcode.app/Contents/Developer/Toolchains/XcodeDefault.xctoolchain/usr/bin/lipo '/var/folders/gs/6wh8jtrs5217v33bfm594jbr0000gn/T/XcodeDistPipeline.~~~iVo3xl/Root/Payload/MyFiji.app/Frameworks/libswiftCoreImage.dylib' '-remove' 'arm64e' '-output' '/var/folders/gs/6wh8jtrs5217v33bfm594jbr0000gn/T/XcodeDistPipeline.~~~iVo3xl/Root/Payload/MyFiji.app/Frameworks/libswiftCoreImage.dylib'
2022-07-04 10:33:57 +0000  /Applications/Xcode.app/Contents/Developer/Toolchains/XcodeDefault.xctoolchain/usr/bin/lipo exited with 0
2022-07-04 10:33:57 +0000  Successfully thinned item "libswiftCoreImage.dylib", arch "arm64e"
2022-07-04 10:33:57 +0000  Running /Applications/Xcode.app/Contents/Developer/Toolchains/XcodeDefault.xctoolchain/usr/bin/lipo '/var/folders/gs/6wh8jtrs5217v33bfm594jbr0000gn/T/XcodeDistPipeline.~~~iVo3xl/Root/Payload/MyFiji.app/Frameworks/libswiftCoreLocation.dylib' '-verify_arch' 'arm64e'
2022-07-04 10:33:57 +0000  /Applications/Xcode.app/Contents/Developer/Toolchains/XcodeDefault.xctoolchain/usr/bin/lipo exited with 0
2022-07-04 10:33:57 +0000  Running /Applications/Xcode.app/Contents/Developer/Toolchains/XcodeDefault.xctoolchain/usr/bin/lipo '/var/folders/gs/6wh8jtrs5217v33bfm594jbr0000gn/T/XcodeDistPipeline.~~~iVo3xl/Root/Payload/MyFiji.app/Frameworks/libswiftCoreLocation.dylib' '-remove' 'arm64e' '-output' '/var/folders/gs/6wh8jtrs5217v33bfm594jbr0000gn/T/XcodeDistPipeline.~~~iVo3xl/Root/Payload/MyFiji.app/Frameworks/libswiftCoreLocation.dylib'
2022-07-04 10:33:57 +0000  /Applications/Xcode.app/Contents/Developer/Toolchains/XcodeDefault.xctoolchain/usr/bin/lipo exited with 0
2022-07-04 10:33:57 +0000  Successfully thinned item "libswiftCoreLocation.dylib", arch "arm64e"
2022-07-04 10:33:57 +0000  Running /Applications/Xcode.app/Contents/Developer/Toolchains/XcodeDefault.xctoolchain/usr/bin/lipo '/var/folders/gs/6wh8jtrs5217v33bfm594jbr0000gn/T/XcodeDistPipeline.~~~iVo3xl/Root/Payload/MyFiji.app/Frameworks/libswiftCoreMedia.dylib' '-verify_arch' 'arm64e'
2022-07-04 10:33:58 +0000  /Applications/Xcode.app/Contents/Developer/Toolchains/XcodeDefault.xctoolchain/usr/bin/lipo exited with 0
2022-07-04 10:33:58 +0000  Running /Applications/Xcode.app/Contents/Developer/Toolchains/XcodeDefault.xctoolchain/usr/bin/lipo '/var/folders/gs/6wh8jtrs5217v33bfm594jbr0000gn/T/XcodeDistPipeline.~~~iVo3xl/Root/Payload/MyFiji.app/Frameworks/libswiftCoreMedia.dylib' '-remove' 'arm64e' '-output' '/var/folders/gs/6wh8jtrs5217v33bfm594jbr0000gn/T/XcodeDistPipeline.~~~iVo3xl/Root/Payload/MyFiji.app/Frameworks/libswiftCoreMedia.dylib'
2022-07-04 10:33:58 +0000  /Applications/Xcode.app/Contents/Developer/Toolchains/XcodeDefault.xctoolchain/usr/bin/lipo exited with 0
2022-07-04 10:33:58 +0000  Successfully thinned item "libswiftCoreMedia.dylib", arch "arm64e"
2022-07-04 10:33:58 +0000  Running /Applications/Xcode.app/Contents/Developer/Toolchains/XcodeDefault.xctoolchain/usr/bin/lipo '/var/folders/gs/6wh8jtrs5217v33bfm594jbr0000gn/T/XcodeDistPipeline.~~~iVo3xl/Root/Payload/MyFiji.app/Frameworks/libswiftDarwin.dylib' '-verify_arch' 'arm64e'
2022-07-04 10:33:58 +0000  /Applications/Xcode.app/Contents/Developer/Toolchains/XcodeDefault.xctoolchain/usr/bin/lipo exited with 0
2022-07-04 10:33:58 +0000  Running /Applications/Xcode.app/Contents/Developer/Toolchains/XcodeDefault.xctoolchain/usr/bin/lipo '/var/folders/gs/6wh8jtrs5217v33bfm594jbr0000gn/T/XcodeDistPipeline.~~~iVo3xl/Root/Payload/MyFiji.app/Frameworks/libswiftDarwin.dylib' '-remove' 'arm64e' '-output' '/var/folders/gs/6wh8jtrs5217v33bfm594jbr0000gn/T/XcodeDistPipeline.~~~iVo3xl/Root/Payload/MyFiji.app/Frameworks/libswiftDarwin.dylib'
2022-07-04 10:33:58 +0000  /Applications/Xcode.app/Contents/Developer/Toolchains/XcodeDefault.xctoolchain/usr/bin/lipo exited with 0
2022-07-04 10:33:58 +0000  Successfully thinned item "libswiftDarwin.dylib", arch "arm64e"
2022-07-04 10:33:58 +0000  Running /Applications/Xcode.app/Contents/Developer/Toolchains/XcodeDefault.xctoolchain/usr/bin/lipo '/var/folders/gs/6wh8jtrs5217v33bfm594jbr0000gn/T/XcodeDistPipeline.~~~iVo3xl/Root/Payload/MyFiji.app/Frameworks/libswiftDispatch.dylib' '-verify_arch' 'arm64e'
2022-07-04 10:33:58 +0000  /Applications/Xcode.app/Contents/Developer/Toolchains/XcodeDefault.xctoolchain/usr/bin/lipo exited with 0
2022-07-04 10:33:58 +0000  Running /Applications/Xcode.app/Contents/Developer/Toolchains/XcodeDefault.xctoolchain/usr/bin/lipo '/var/folders/gs/6wh8jtrs5217v33bfm594jbr0000gn/T/XcodeDistPipeline.~~~iVo3xl/Root/Payload/MyFiji.app/Frameworks/libswiftDispatch.dylib' '-remove' 'arm64e' '-output' '/var/folders/gs/6wh8jtrs5217v33bfm594jbr0000gn/T/XcodeDistPipeline.~~~iVo3xl/Root/Payload/MyFiji.app/Frameworks/libswiftDispatch.dylib'
2022-07-04 10:33:58 +0000  /Applications/Xcode.app/Contents/Developer/Toolchains/XcodeDefault.xctoolchain/usr/bin/lipo exited with 0
2022-07-04 10:33:58 +0000  Successfully thinned item "libswiftDispatch.dylib", arch "arm64e"
2022-07-04 10:33:58 +0000  Running /Applications/Xcode.app/Contents/Developer/Toolchains/XcodeDefault.xctoolchain/usr/bin/lipo '/var/folders/gs/6wh8jtrs5217v33bfm594jbr0000gn/T/XcodeDistPipeline.~~~iVo3xl/Root/Payload/MyFiji.app/Frameworks/libswiftFoundation.dylib' '-verify_arch' 'arm64e'
2022-07-04 10:33:58 +0000  /Applications/Xcode.app/Contents/Developer/Toolchains/XcodeDefault.xctoolchain/usr/bin/lipo exited with 0
2022-07-04 10:33:58 +0000  Running /Applications/Xcode.app/Contents/Developer/Toolchains/XcodeDefault.xctoolchain/usr/bin/lipo '/var/folders/gs/6wh8jtrs5217v33bfm594jbr0000gn/T/XcodeDistPipeline.~~~iVo3xl/Root/Payload/MyFiji.app/Frameworks/libswiftFoundation.dylib' '-remove' 'arm64e' '-output' '/var/folders/gs/6wh8jtrs5217v33bfm594jbr0000gn/T/XcodeDistPipeline.~~~iVo3xl/Root/Payload/MyFiji.app/Frameworks/libswiftFoundation.dylib'
2022-07-04 10:33:59 +0000  /Applications/Xcode.app/Contents/Developer/Toolchains/XcodeDefault.xctoolchain/usr/bin/lipo exited with 0
2022-07-04 10:34:00 +0000  Successfully thinned item "libswiftFoundation.dylib", arch "arm64e"
2022-07-04 10:34:00 +0000  Running /Applications/Xcode.app/Contents/Developer/Toolchains/XcodeDefault.xctoolchain/usr/bin/lipo '/var/folders/gs/6wh8jtrs5217v33bfm594jbr0000gn/T/XcodeDistPipeline.~~~iVo3xl/Root/Payload/MyFiji.app/Frameworks/libswiftMetal.dylib' '-verify_arch' 'arm64e'
2022-07-04 10:34:00 +0000  /Applications/Xcode.app/Contents/Developer/Toolchains/XcodeDefault.xctoolchain/usr/bin/lipo exited with 0
2022-07-04 10:34:00 +0000  Running /Applications/Xcode.app/Contents/Developer/Toolchains/XcodeDefault.xctoolchain/usr/bin/lipo '/var/folders/gs/6wh8jtrs5217v33bfm594jbr0000gn/T/XcodeDistPipeline.~~~iVo3xl/Root/Payload/MyFiji.app/Frameworks/libswiftMetal.dylib' '-remove' 'arm64e' '-output' '/var/folders/gs/6wh8jtrs5217v33bfm594jbr0000gn/T/XcodeDistPipeline.~~~iVo3xl/Root/Payload/MyFiji.app/Frameworks/libswiftMetal.dylib'
2022-07-04 10:34:00 +0000  /Applications/Xcode.app/Contents/Developer/Toolchains/XcodeDefault.xctoolchain/usr/bin/lipo exited with 0
2022-07-04 10:34:00 +0000  Successfully thinned item "libswiftMetal.dylib", arch "arm64e"
2022-07-04 10:34:00 +0000  Running /Applications/Xcode.app/Contents/Developer/Toolchains/XcodeDefault.xctoolchain/usr/bin/lipo '/var/folders/gs/6wh8jtrs5217v33bfm594jbr0000gn/T/XcodeDistPipeline.~~~iVo3xl/Root/Payload/MyFiji.app/Frameworks/libswiftObjectiveC.dylib' '-verify_arch' 'arm64e'
2022-07-04 10:34:00 +0000  /Applications/Xcode.app/Contents/Developer/Toolchains/XcodeDefault.xctoolchain/usr/bin/lipo exited with 0
2022-07-04 10:34:00 +0000  Running /Applications/Xcode.app/Contents/Developer/Toolchains/XcodeDefault.xctoolchain/usr/bin/lipo '/var/folders/gs/6wh8jtrs5217v33bfm594jbr0000gn/T/XcodeDistPipeline.~~~iVo3xl/Root/Payload/MyFiji.app/Frameworks/libswiftObjectiveC.dylib' '-remove' 'arm64e' '-output' '/var/folders/gs/6wh8jtrs5217v33bfm594jbr0000gn/T/XcodeDistPipeline.~~~iVo3xl/Root/Payload/MyFiji.app/Frameworks/libswiftObjectiveC.dylib'
2022-07-04 10:34:01 +0000  /Applications/Xcode.app/Contents/Developer/Toolchains/XcodeDefault.xctoolchain/usr/bin/lipo exited with 0
2022-07-04 10:34:01 +0000  Successfully thinned item "libswiftObjectiveC.dylib", arch "arm64e"
2022-07-04 10:34:01 +0000  Running /Applications/Xcode.app/Contents/Developer/Toolchains/XcodeDefault.xctoolchain/usr/bin/lipo '/var/folders/gs/6wh8jtrs5217v33bfm594jbr0000gn/T/XcodeDistPipeline.~~~iVo3xl/Root/Payload/MyFiji.app/Frameworks/libswiftPhotos.dylib' '-verify_arch' 'arm64e'
2022-07-04 10:34:01 +0000  /Applications/Xcode.app/Contents/Developer/Toolchains/XcodeDefault.xctoolchain/usr/bin/lipo exited with 0
2022-07-04 10:34:01 +0000  Running /Applications/Xcode.app/Contents/Developer/Toolchains/XcodeDefault.xctoolchain/usr/bin/lipo '/var/folders/gs/6wh8jtrs5217v33bfm594jbr0000gn/T/XcodeDistPipeline.~~~iVo3xl/Root/Payload/MyFiji.app/Frameworks/libswiftPhotos.dylib' '-remove' 'arm64e' '-output' '/var/folders/gs/6wh8jtrs5217v33bfm594jbr0000gn/T/XcodeDistPipeline.~~~iVo3xl/Root/Payload/MyFiji.app/Frameworks/libswiftPhotos.dylib'
2022-07-04 10:34:01 +0000  /Applications/Xcode.app/Contents/Developer/Toolchains/XcodeDefault.xctoolchain/usr/bin/lipo exited with 0
2022-07-04 10:34:01 +0000  Successfully thinned item "libswiftPhotos.dylib", arch "arm64e"
2022-07-04 10:34:01 +0000  Running /Applications/Xcode.app/Contents/Developer/Toolchains/XcodeDefault.xctoolchain/usr/bin/lipo '/var/folders/gs/6wh8jtrs5217v33bfm594jbr0000gn/T/XcodeDistPipeline.~~~iVo3xl/Root/Payload/MyFiji.app/Frameworks/libswiftQuartzCore.dylib' '-verify_arch' 'arm64e'
2022-07-04 10:34:01 +0000  /Applications/Xcode.app/Contents/Developer/Toolchains/XcodeDefault.xctoolchain/usr/bin/lipo exited with 0
2022-07-04 10:34:01 +0000  Running /Applications/Xcode.app/Contents/Developer/Toolchains/XcodeDefault.xctoolchain/usr/bin/lipo '/var/folders/gs/6wh8jtrs5217v33bfm594jbr0000gn/T/XcodeDistPipeline.~~~iVo3xl/Root/Payload/MyFiji.app/Frameworks/libswiftQuartzCore.dylib' '-remove' 'arm64e' '-output' '/var/folders/gs/6wh8jtrs5217v33bfm594jbr0000gn/T/XcodeDistPipeline.~~~iVo3xl/Root/Payload/MyFiji.app/Frameworks/libswiftQuartzCore.dylib'
2022-07-04 10:34:01 +0000  /Applications/Xcode.app/Contents/Developer/Toolchains/XcodeDefault.xctoolchain/usr/bin/lipo exited with 0
2022-07-04 10:34:01 +0000  Successfully thinned item "libswiftQuartzCore.dylib", arch "arm64e"
2022-07-04 10:34:01 +0000  Running /Applications/Xcode.app/Contents/Developer/Toolchains/XcodeDefault.xctoolchain/usr/bin/lipo '/var/folders/gs/6wh8jtrs5217v33bfm594jbr0000gn/T/XcodeDistPipeline.~~~iVo3xl/Root/Payload/MyFiji.app/Frameworks/libswiftUIKit.dylib' '-verify_arch' 'arm64e'
2022-07-04 10:34:01 +0000  /Applications/Xcode.app/Contents/Developer/Toolchains/XcodeDefault.xctoolchain/usr/bin/lipo exited with 0
2022-07-04 10:34:01 +0000  Running /Applications/Xcode.app/Contents/Developer/Toolchains/XcodeDefault.xctoolchain/usr/bin/lipo '/var/folders/gs/6wh8jtrs5217v33bfm594jbr0000gn/T/XcodeDistPipeline.~~~iVo3xl/Root/Payload/MyFiji.app/Frameworks/libswiftUIKit.dylib' '-remove' 'arm64e' '-output' '/var/folders/gs/6wh8jtrs5217v33bfm594jbr0000gn/T/XcodeDistPipeline.~~~iVo3xl/Root/Payload/MyFiji.app/Frameworks/libswiftUIKit.dylib'
2022-07-04 10:34:01 +0000  /Applications/Xcode.app/Contents/Developer/Toolchains/XcodeDefault.xctoolchain/usr/bin/lipo exited with 0
2022-07-04 10:34:01 +0000  Successfully thinned item "libswiftUIKit.dylib", arch "arm64e"
2022-07-04 10:34:01 +0000  Running /Applications/Xcode.app/Contents/Developer/Toolchains/XcodeDefault.xctoolchain/usr/bin/lipo '/var/folders/gs/6wh8jtrs5217v33bfm594jbr0000gn/T/XcodeDistPipeline.~~~iVo3xl/Root/Payload/MyFiji.app/Frameworks/libswiftVision.dylib' '-verify_arch' 'arm64e'
2022-07-04 10:34:01 +0000  /Applications/Xcode.app/Contents/Developer/Toolchains/XcodeDefault.xctoolchain/usr/bin/lipo exited with 0
2022-07-04 10:34:01 +0000  Running /Applications/Xcode.app/Contents/Developer/Toolchains/XcodeDefault.xctoolchain/usr/bin/lipo '/var/folders/gs/6wh8jtrs5217v33bfm594jbr0000gn/T/XcodeDistPipeline.~~~iVo3xl/Root/Payload/MyFiji.app/Frameworks/libswiftVision.dylib' '-remove' 'arm64e' '-output' '/var/folders/gs/6wh8jtrs5217v33bfm594jbr0000gn/T/XcodeDistPipeline.~~~iVo3xl/Root/Payload/MyFiji.app/Frameworks/libswiftVision.dylib'
2022-07-04 10:34:01 +0000  /Applications/Xcode.app/Contents/Developer/Toolchains/XcodeDefault.xctoolchain/usr/bin/lipo exited with 0
2022-07-04 10:34:01 +0000  Successfully thinned item "libswiftVision.dylib", arch "arm64e"
2022-07-04 10:34:01 +0000  Running /Applications/Xcode.app/Contents/Developer/Toolchains/XcodeDefault.xctoolchain/usr/bin/lipo '/var/folders/gs/6wh8jtrs5217v33bfm594jbr0000gn/T/XcodeDistPipeline.~~~iVo3xl/Root/Payload/MyFiji.app/Frameworks/libswiftos.dylib' '-verify_arch' 'arm64e'
2022-07-04 10:34:01 +0000  /Applications/Xcode.app/Contents/Developer/Toolchains/XcodeDefault.xctoolchain/usr/bin/lipo exited with 0
2022-07-04 10:34:01 +0000  Running /Applications/Xcode.app/Contents/Developer/Toolchains/XcodeDefault.xctoolchain/usr/bin/lipo '/var/folders/gs/6wh8jtrs5217v33bfm594jbr0000gn/T/XcodeDistPipeline.~~~iVo3xl/Root/Payload/MyFiji.app/Frameworks/libswiftos.dylib' '-remove' 'arm64e' '-output' '/var/folders/gs/6wh8jtrs5217v33bfm594jbr0000gn/T/XcodeDistPipeline.~~~iVo3xl/Root/Payload/MyFiji.app/Frameworks/libswiftos.dylib'
2022-07-04 10:34:01 +0000  /Applications/Xcode.app/Contents/Developer/Toolchains/XcodeDefault.xctoolchain/usr/bin/lipo exited with 0
2022-07-04 10:34:01 +0000  Successfully thinned item "libswiftos.dylib", arch "arm64e"
2022-07-04 10:34:01 +0000  Running /Applications/Xcode.app/Contents/Developer/Toolchains/XcodeDefault.xctoolchain/usr/bin/lipo '/var/folders/gs/6wh8jtrs5217v33bfm594jbr0000gn/T/XcodeDistPipeline.~~~iVo3xl/Root/Payload/MyFiji.app/Frameworks/libswiftsimd.dylib' '-verify_arch' 'arm64e'
2022-07-04 10:34:01 +0000  /Applications/Xcode.app/Contents/Developer/Toolchains/XcodeDefault.xctoolchain/usr/bin/lipo exited with 0
2022-07-04 10:34:01 +0000  Running /Applications/Xcode.app/Contents/Developer/Toolchains/XcodeDefault.xctoolchain/usr/bin/lipo '/var/folders/gs/6wh8jtrs5217v33bfm594jbr0000gn/T/XcodeDistPipeline.~~~iVo3xl/Root/Payload/MyFiji.app/Frameworks/libswiftsimd.dylib' '-remove' 'arm64e' '-output' '/var/folders/gs/6wh8jtrs5217v33bfm594jbr0000gn/T/XcodeDistPipeline.~~~iVo3xl/Root/Payload/MyFiji.app/Frameworks/libswiftsimd.dylib'
2022-07-04 10:34:01 +0000  /Applications/Xcode.app/Contents/Developer/Toolchains/XcodeDefault.xctoolchain/usr/bin/lipo exited with 0
2022-07-04 10:34:02 +0000  Successfully thinned item "libswiftsimd.dylib", arch "arm64e"
2022-07-04 10:34:02 +0000  Running /Applications/Xcode.app/Contents/Developer/Toolchains/XcodeDefault.xctoolchain/usr/bin/lipo '/var/folders/gs/6wh8jtrs5217v33bfm594jbr0000gn/T/XcodeDistPipeline.~~~iVo3xl/Root/Payload/MyFiji.app/MyFiji' '-verify_arch' 'arm64e'
2022-07-04 10:34:02 +0000  /Applications/Xcode.app/Contents/Developer/Toolchains/XcodeDefault.xctoolchain/usr/bin/lipo exited with 1
2022-07-04 10:34:02 +0000  Skipping architecture thinning for item "MyFiji" because arch "arm64e" wasn't found
2022-07-04 10:34:02 +0000  Processing step: IDEDistributionODRStep
2022-07-04 10:34:02 +0000  Processing step: IDEDistributionStripXattrsStep
2022-07-04 10:34:02 +0000  Skipping stripping extended attributes of item: <IDEDistributionItem: 0x7f9805e513c0; bundleID='com.zendesk.ChatProvidersSDK', path='<DVTFilePath:0x7f976345f150:'/Users/cbl-mac-033/Library/Developer/Xcode/Archives/2022-07-04/MyFiji(Prod) 04-07-22, 3.52 PM.xcarchive/Products/Applications/MyFiji.app/Frameworks/ChatProvidersSDK.framework'>', codeSigningInfo='<_DVTCodeSigningInformation_Path: 0x7f974d8eb010; isSigned='1', isAdHocSigned='0', signingCertificate='<DVTSigningCertificate: 0x7f975f9981c0; name='iPhone Distribution: Shanil Chandra (6NR225DSDF)', hash='86A9114CFE562B44AEB2EE0627EE4D6C6FEB57BC', serialNumber='3AD5C0AE2F5B0BABB8BE7BA311479E1C', certificateKinds='(
    "1.2.840.113635.100.6.1.4"
), issueDate='2022-07-01 12:03:33 +0000''>', entitlements='(null)', teamID='6NR225DSDF', identifier='com.zendesk.ChatProvidersSDK', executablePath='<DVTFilePath:0x7f9760b8d530:'/Users/cbl-mac-033/Library/Developer/Xcode/Archives/2022-07-04/MyFiji(Prod) 04-07-22, 3.52 PM.xcarchive/Products/Applications/MyFiji.app/Frameworks/ChatProvidersSDK.framework/ChatProvidersSDK'>', hardenedRuntime='0'>'>
2022-07-04 10:34:02 +0000  Skipping stripping extended attributes of item: <IDEDistributionItem: 0x7f975f4d9330; bundleID='com.zendesk.ChatSDK', path='<DVTFilePath:0x7f975c10d900:'/Users/cbl-mac-033/Library/Developer/Xcode/Archives/2022-07-04/MyFiji(Prod) 04-07-22, 3.52 PM.xcarchive/Products/Applications/MyFiji.app/Frameworks/ChatSDK.framework'>', codeSigningInfo='<_DVTCodeSigningInformation_Path: 0x7f975c2218a0; isSigned='1', isAdHocSigned='0', signingCertificate='<DVTSigningCertificate: 0x7f975f9981c0; name='iPhone Distribution: Shanil Chandra (6NR225DSDF)', hash='86A9114CFE562B44AEB2EE0627EE4D6C6FEB57BC', serialNumber='3AD5C0AE2F5B0BABB8BE7BA311479E1C', certificateKinds='(
    "1.2.840.113635.100.6.1.4"
), issueDate='2022-07-01 12:03:33 +0000''>', entitlements='(null)', teamID='6NR225DSDF', identifier='com.zendesk.ChatSDK', executablePath='<DVTFilePath:0x7f97d82e54b0:'/Users/cbl-mac-033/Library/Developer/Xcode/Archives/2022-07-04/MyFiji(Prod) 04-07-22, 3.52 PM.xcarchive/Products/Applications/MyFiji.app/Frameworks/ChatSDK.framework/ChatSDK'>', hardenedRuntime='0'>'>
2022-07-04 10:34:02 +0000  Skipping stripping extended attributes of item: <IDEDistributionItem: 0x7f9795a3c1f0; bundleID='com.zendesk.CommonUISDK', path='<DVTFilePath:0x7f9760db0810:'/Users/cbl-mac-033/Library/Developer/Xcode/Archives/2022-07-04/MyFiji(Prod) 04-07-22, 3.52 PM.xcarchive/Products/Applications/MyFiji.app/Frameworks/CommonUISDK.framework'>', codeSigningInfo='<_DVTCodeSigningInformation_Path: 0x7f97634783c0; isSigned='1', isAdHocSigned='0', signingCertificate='<DVTSigningCertificate: 0x7f974d263030; name='iPhone Distribution: Shanil Chandra (6NR225DSDF)', hash='86A9114CFE562B44AEB2EE0627EE4D6C6FEB57BC', serialNumber='3AD5C0AE2F5B0BABB8BE7BA311479E1C', certificateKinds='(
    "1.2.840.113635.100.6.1.4"
), issueDate='2022-07-01 12:03:33 +0000''>', entitlements='(null)', teamID='6NR225DSDF', identifier='com.zendesk.CommonUISDK', executablePath='<DVTFilePath:0x7f974fe6b8b0:'/Users/cbl-mac-033/Library/Developer/Xcode/Archives/2022-07-04/MyFiji(Prod) 04-07-22, 3.52 PM.xcarchive/Products/Applications/MyFiji.app/Frameworks/CommonUISDK.framework/CommonUISDK'>', hardenedRuntime='0'>'>
2022-07-04 10:34:02 +0000  Skipping stripping extended attributes of item: <IDEDistributionItem: 0x7f97509c0a90; bundleID='com.regula.facesdk', path='<DVTFilePath:0x7f975ff98750:'/Users/cbl-mac-033/Library/Developer/Xcode/Archives/2022-07-04/MyFiji(Prod) 04-07-22, 3.52 PM.xcarchive/Products/Applications/MyFiji.app/Frameworks/FaceSDK.framework'>', codeSigningInfo='<_DVTCodeSigningInformation_Path: 0x7f974d824a40; isSigned='1', isAdHocSigned='0', signingCertificate='<DVTSigningCertificate: 0x7f970bf46cc0; name='iPhone Distribution: Shanil Chandra (6NR225DSDF)', hash='86A9114CFE562B44AEB2EE0627EE4D6C6FEB57BC', serialNumber='3AD5C0AE2F5B0BABB8BE7BA311479E1C', certificateKinds='(
    "1.2.840.113635.100.6.1.4"
), issueDate='2022-07-01 12:03:33 +0000''>', entitlements='(null)', teamID='6NR225DSDF', identifier='com.regula.facesdk', executablePath='<DVTFilePath:0x7f975ed956e0:'/Users/cbl-mac-033/Library/Developer/Xcode/Archives/2022-07-04/MyFiji(Prod) 04-07-22, 3.52 PM.xcarchive/Products/Applications/MyFiji.app/Frameworks/FaceSDK.framework/FaceSDK'>', hardenedRuntime='0'>'>
2022-07-04 10:34:02 +0000  Skipping stripping extended attributes of item: <IDEDistributionItem: 0x7f974fe207a0; bundleID='com.zendesk.MessagingAPI', path='<DVTFilePath:0x7f9790cee370:'/Users/cbl-mac-033/Library/Developer/Xcode/Archives/2022-07-04/MyFiji(Prod) 04-07-22, 3.52 PM.xcarchive/Products/Applications/MyFiji.app/Frameworks/MessagingAPI.framework'>', codeSigningInfo='<_DVTCodeSigningInformation_Path: 0x7f97506385d0; isSigned='1', isAdHocSigned='0', signingCertificate='<DVTSigningCertificate: 0x7f975f8fa650; name='iPhone Distribution: Shanil Chandra (6NR225DSDF)', hash='86A9114CFE562B44AEB2EE0627EE4D6C6FEB57BC', serialNumber='3AD5C0AE2F5B0BABB8BE7BA311479E1C', certificateKinds='(
    "1.2.840.113635.100.6.1.4"
), issueDate='2022-07-01 12:03:33 +0000''>', entitlements='(null)', teamID='6NR225DSDF', identifier='com.zendesk.MessagingAPI', executablePath='<DVTFilePath:0x7f9793314700:'/Users/cbl-mac-033/Library/Developer/Xcode/Archives/2022-07-04/MyFiji(Prod) 04-07-22, 3.52 PM.xcarchive/Products/Applications/MyFiji.app/Frameworks/MessagingAPI.framework/MessagingAPI'>', hardenedRuntime='0'>'>
2022-07-04 10:34:02 +0000  Skipping stripping extended attributes of item: <IDEDistributionItem: 0x7f974d313d10; bundleID='com.zendesk.MessagingSDK', path='<DVTFilePath:0x7f9790c5f6c0:'/Users/cbl-mac-033/Library/Developer/Xcode/Archives/2022-07-04/MyFiji(Prod) 04-07-22, 3.52 PM.xcarchive/Products/Applications/MyFiji.app/Frameworks/MessagingSDK.framework'>', codeSigningInfo='<_DVTCodeSigningInformation_Path: 0x7f97502a3e10; isSigned='1', isAdHocSigned='0', signingCertificate='<DVTSigningCertificate: 0x7f970bf46cc0; name='iPhone Distribution: Shanil Chandra (6NR225DSDF)', hash='86A9114CFE562B44AEB2EE0627EE4D6C6FEB57BC', serialNumber='3AD5C0AE2F5B0BABB8BE7BA311479E1C', certificateKinds='(
    "1.2.840.113635.100.6.1.4"
), issueDate='2022-07-01 12:03:33 +0000''>', entitlements='(null)', teamID='6NR225DSDF', identifier='com.zendesk.MessagingSDK', executablePath='<DVTFilePath:0x7f975f41f520:'/Users/cbl-mac-033/Library/Developer/Xcode/Archives/2022-07-04/MyFiji(Prod) 04-07-22, 3.52 PM.xcarchive/Products/Applications/MyFiji.app/Frameworks/MessagingSDK.framework/MessagingSDK'>', hardenedRuntime='0'>'>
2022-07-04 10:34:02 +0000  Skipping stripping extended attributes of item: <IDEDistributionItem: 0x7f97504156c0; bundleID='com.razorpay.CheckoutOtpelf', path='<DVTFilePath:0x7f975c3e10d0:'/Users/cbl-mac-033/Library/Developer/Xcode/Archives/2022-07-04/MyFiji(Prod) 04-07-22, 3.52 PM.xcarchive/Products/Applications/MyFiji.app/Frameworks/Razorpay.framework'>', codeSigningInfo='<_DVTCodeSigningInformation_Path: 0x7f975c3552b0; isSigned='1', isAdHocSigned='0', signingCertificate='<DVTSigningCertificate: 0x7f975f8fa650; name='iPhone Distribution: Shanil Chandra (6NR225DSDF)', hash='86A9114CFE562B44AEB2EE0627EE4D6C6FEB57BC', serialNumber='3AD5C0AE2F5B0BABB8BE7BA311479E1C', certificateKinds='(
    "1.2.840.113635.100.6.1.4"
), issueDate='2022-07-01 12:03:33 +0000''>', entitlements='(null)', teamID='6NR225DSDF', identifier='com.razorpay.CheckoutOtpelf', executablePath='<DVTFilePath:0x7f975bf62510:'/Users/cbl-mac-033/Library/Developer/Xcode/Archives/2022-07-04/MyFiji(Prod) 04-07-22, 3.52 PM.xcarchive/Products/Applications/MyFiji.app/Frameworks/Razorpay.framework/Razorpay'>', hardenedRuntime='0'>'>
2022-07-04 10:34:02 +0000  Skipping stripping extended attributes of item: <IDEDistributionItem: 0x7f97f7c76f70; bundleID='com.regula.RegulaCommon', path='<DVTFilePath:0x7f977bc2eb90:'/Users/cbl-mac-033/Library/Developer/Xcode/Archives/2022-07-04/MyFiji(Prod) 04-07-22, 3.52 PM.xcarchive/Products/Applications/MyFiji.app/Frameworks/RegulaCommon.framework'>', codeSigningInfo='<_DVTCodeSigningInformation_Path: 0x7f975fea1a80; isSigned='1', isAdHocSigned='0', signingCertificate='<DVTSigningCertificate: 0x7f975f8fa650; name='iPhone Distribution: Shanil Chandra (6NR225DSDF)', hash='86A9114CFE562B44AEB2EE0627EE4D6C6FEB57BC', serialNumber='3AD5C0AE2F5B0BABB8BE7BA311479E1C', certificateKinds='(
    "1.2.840.113635.100.6.1.4"
), issueDate='2022-07-01 12:03:33 +0000''>', entitlements='(null)', teamID='6NR225DSDF', identifier='com.regula.RegulaCommon', executablePath='<DVTFilePath:0x7f977bc89930:'/Users/cbl-mac-033/Library/Developer/Xcode/Archives/2022-07-04/MyFiji(Prod) 04-07-22, 3.52 PM.xcarchive/Products/Applications/MyFiji.app/Frameworks/RegulaCommon.framework/RegulaCommon'>', hardenedRuntime='0'>'>
2022-07-04 10:34:02 +0000  Skipping stripping extended attributes of item: <IDEDistributionItem: 0x7f975bf1f590; bundleID='com.zendesk.SDKConfigurations', path='<DVTFilePath:0x7f978e2a5d00:'/Users/cbl-mac-033/Library/Developer/Xcode/Archives/2022-07-04/MyFiji(Prod) 04-07-22, 3.52 PM.xcarchive/Products/Applications/MyFiji.app/Frameworks/SDKConfigurations.framework'>', codeSigningInfo='<_DVTCodeSigningInformation_Path: 0x7f975ff13f90; isSigned='1', isAdHocSigned='0', signingCertificate='<DVTSigningCertificate: 0x7f975f8fa650; name='iPhone Distribution: Shanil Chandra (6NR225DSDF)', hash='86A9114CFE562B44AEB2EE0627EE4D6C6FEB57BC', serialNumber='3AD5C0AE2F5B0BABB8BE7BA311479E1C', certificateKinds='(
    "1.2.840.113635.100.6.1.4"
), issueDate='2022-07-01 12:03:33 +0000''>', entitlements='(null)', teamID='6NR225DSDF', identifier='com.zendesk.SDKConfigurations', executablePath='<DVTFilePath:0x7f97b7693050:'/Users/cbl-mac-033/Library/Developer/Xcode/Archives/2022-07-04/MyFiji(Prod) 04-07-22, 3.52 PM.xcarchive/Products/Applications/MyFiji.app/Frameworks/SDKConfigurations.framework/SDKConfigurations'>', hardenedRuntime='0'>'>
2022-07-04 10:34:02 +0000  Skipping stripping extended attributes of item: <IDEDistributionItem: 0x7f97509e8eb0; bundleID='com.apple.dt.runtime.swiftAVFoundation', path='<DVTFilePath:0x7f974fd35b90:'/Users/cbl-mac-033/Library/Developer/Xcode/Archives/2022-07-04/MyFiji(Prod) 04-07-22, 3.52 PM.xcarchive/Products/Applications/MyFiji.app/Frameworks/libswiftAVFoundation.dylib'>', codeSigningInfo='<_DVTCodeSigningInformation_Path: 0x7f9750549af0; isSigned='1', isAdHocSigned='0', signingCertificate='<DVTSigningCertificate: 0x7f975f909170; name='iPhone Distribution: Shanil Chandra (6NR225DSDF)', hash='86A9114CFE562B44AEB2EE0627EE4D6C6FEB57BC', serialNumber='3AD5C0AE2F5B0BABB8BE7BA311479E1C', certificateKinds='(
    "1.2.840.113635.100.6.1.4"
), issueDate='2022-07-01 12:03:33 +0000''>', entitlements='(null)', teamID='6NR225DSDF', identifier='com.apple.dt.runtime.swiftAVFoundation', executablePath='<DVTFilePath:0x7f974fd35b90:'/Users/cbl-mac-033/Library/Developer/Xcode/Archives/2022-07-04/MyFiji(Prod) 04-07-22, 3.52 PM.xcarchive/Products/Applications/MyFiji.app/Frameworks/libswiftAVFoundation.dylib'>', hardenedRuntime='0'>'>
2022-07-04 10:34:02 +0000  Skipping stripping extended attributes of item: <IDEDistributionItem: 0x7f979ce17cf0; bundleID='com.apple.dt.runtime.swiftContacts', path='<DVTFilePath:0x7f97967ab2c0:'/Users/cbl-mac-033/Library/Developer/Xcode/Archives/2022-07-04/MyFiji(Prod) 04-07-22, 3.52 PM.xcarchive/Products/Applications/MyFiji.app/Frameworks/libswiftContacts.dylib'>', codeSigningInfo='<_DVTCodeSigningInformation_Path: 0x7f975ed81f00; isSigned='1', isAdHocSigned='0', signingCertificate='<DVTSigningCertificate: 0x7f974d34d580; name='iPhone Distribution: Shanil Chandra (6NR225DSDF)', hash='86A9114CFE562B44AEB2EE0627EE4D6C6FEB57BC', serialNumber='3AD5C0AE2F5B0BABB8BE7BA311479E1C', certificateKinds='(
    "1.2.840.113635.100.6.1.4"
), issueDate='2022-07-01 12:03:33 +0000''>', entitlements='(null)', teamID='6NR225DSDF', identifier='com.apple.dt.runtime.swiftContacts', executablePath='<DVTFilePath:0x7f97967ab2c0:'/Users/cbl-mac-033/Library/Developer/Xcode/Archives/2022-07-04/MyFiji(Prod) 04-07-22, 3.52 PM.xcarchive/Products/Applications/MyFiji.app/Frameworks/libswiftContacts.dylib'>', hardenedRuntime='0'>'>
2022-07-04 10:34:02 +0000  Skipping stripping extended attributes of item: <IDEDistributionItem: 0x7f975f516fd0; bundleID='com.apple.dt.runtime.swiftCore', path='<DVTFilePath:0x7f975bf492f0:'/Users/cbl-mac-033/Library/Developer/Xcode/Archives/2022-07-04/MyFiji(Prod) 04-07-22, 3.52 PM.xcarchive/Products/Applications/MyFiji.app/Frameworks/libswiftCore.dylib'>', codeSigningInfo='<_DVTCodeSigningInformation_Path: 0x7f974d8cb640; isSigned='1', isAdHocSigned='0', signingCertificate='<DVTSigningCertificate: 0x7f974c19c3a0; name='iPhone Distribution: Shanil Chandra (6NR225DSDF)', hash='86A9114CFE562B44AEB2EE0627EE4D6C6FEB57BC', serialNumber='3AD5C0AE2F5B0BABB8BE7BA311479E1C', certificateKinds='(
    "1.2.840.113635.100.6.1.4"
), issueDate='2022-07-01 12:03:33 +0000''>', entitlements='(null)', teamID='6NR225DSDF', identifier='com.apple.dt.runtime.swiftCore', executablePath='<DVTFilePath:0x7f975bf492f0:'/Users/cbl-mac-033/Library/Developer/Xcode/Archives/2022-07-04/MyFiji(Prod) 04-07-22, 3.52 PM.xcarchive/Products/Applications/MyFiji.app/Frameworks/libswiftCore.dylib'>', hardenedRuntime='0'>'>
2022-07-04 10:34:02 +0000  Skipping stripping extended attributes of item: <IDEDistributionItem: 0x7f97898c39a0; bundleID='com.apple.dt.runtime.swiftCoreAudio', path='<DVTFilePath:0x7f97501e51d0:'/Users/cbl-mac-033/Library/Developer/Xcode/Archives/2022-07-04/MyFiji(Prod) 04-07-22, 3.52 PM.xcarchive/Products/Applications/MyFiji.app/Frameworks/libswiftCoreAudio.dylib'>', codeSigningInfo='<_DVTCodeSigningInformation_Path: 0x7f974d836500; isSigned='1', isAdHocSigned='0', signingCertificate='<DVTSigningCertificate: 0x7f979642e050; name='iPhone Distribution: Shanil Chandra (6NR225DSDF)', hash='86A9114CFE562B44AEB2EE0627EE4D6C6FEB57BC', serialNumber='3AD5C0AE2F5B0BABB8BE7BA311479E1C', certificateKinds='(
    "1.2.840.113635.100.6.1.4"
), issueDate='2022-07-01 12:03:33 +0000''>', entitlements='(null)', teamID='6NR225DSDF', identifier='com.apple.dt.runtime.swiftCoreAudio', executablePath='<DVTFilePath:0x7f97501e51d0:'/Users/cbl-mac-033/Library/Developer/Xcode/Archives/2022-07-04/MyFiji(Prod) 04-07-22, 3.52 PM.xcarchive/Products/Applications/MyFiji.app/Frameworks/libswiftCoreAudio.dylib'>', hardenedRuntime='0'>'>
2022-07-04 10:34:02 +0000  Skipping stripping extended attributes of item: <IDEDistributionItem: 0x7f9750670ef0; bundleID='com.apple.dt.runtime.swiftCoreData', path='<DVTFilePath:0x7f975fbb8980:'/Users/cbl-mac-033/Library/Developer/Xcode/Archives/2022-07-04/MyFiji(Prod) 04-07-22, 3.52 PM.xcarchive/Products/Applications/MyFiji.app/Frameworks/libswiftCoreData.dylib'>', codeSigningInfo='<_DVTCodeSigningInformation_Path: 0x7f975bfa3e70; isSigned='1', isAdHocSigned='0', signingCertificate='<DVTSigningCertificate: 0x7f9789313ec0; name='iPhone Distribution: Shanil Chandra (6NR225DSDF)', hash='86A9114CFE562B44AEB2EE0627EE4D6C6FEB57BC', serialNumber='3AD5C0AE2F5B0BABB8BE7BA311479E1C', certificateKinds='(
    "1.2.840.113635.100.6.1.4"
), issueDate='2022-07-01 12:03:33 +0000''>', entitlements='(null)', teamID='6NR225DSDF', identifier='com.apple.dt.runtime.swiftCoreData', executablePath='<DVTFilePath:0x7f975fbb8980:'/Users/cbl-mac-033/Library/Developer/Xcode/Archives/2022-07-04/MyFiji(Prod) 04-07-22, 3.52 PM.xcarchive/Products/Applications/MyFiji.app/Frameworks/libswiftCoreData.dylib'>', hardenedRuntime='0'>'>
2022-07-04 10:34:02 +0000  Skipping stripping extended attributes of item: <IDEDistributionItem: 0x7f97b92686b0; bundleID='com.apple.dt.runtime.swiftCoreFoundation', path='<DVTFilePath:0x7f97b82184f0:'/Users/cbl-mac-033/Library/Developer/Xcode/Archives/2022-07-04/MyFiji(Prod) 04-07-22, 3.52 PM.xcarchive/Products/Applications/MyFiji.app/Frameworks/libswiftCoreFoundation.dylib'>', codeSigningInfo='<_DVTCodeSigningInformation_Path: 0x7f974d828420; isSigned='1', isAdHocSigned='0', signingCertificate='<DVTSigningCertificate: 0x7f975c1be960; name='iPhone Distribution: Shanil Chandra (6NR225DSDF)', hash='86A9114CFE562B44AEB2EE0627EE4D6C6FEB57BC', serialNumber='3AD5C0AE2F5B0BABB8BE7BA311479E1C', certificateKinds='(
    "1.2.840.113635.100.6.1.4"
), issueDate='2022-07-01 12:03:33 +0000''>', entitlements='(null)', teamID='6NR225DSDF', identifier='com.apple.dt.runtime.swiftCoreFoundation', executablePath='<DVTFilePath:0x7f97b82184f0:'/Users/cbl-mac-033/Library/Developer/Xcode/Archives/2022-07-04/MyFiji(Prod) 04-07-22, 3.52 PM.xcarchive/Products/Applications/MyFiji.app/Frameworks/libswiftCoreFoundation.dylib'>', hardenedRuntime='0'>'>
2022-07-04 10:34:02 +0000  Skipping stripping extended attributes of item: <IDEDistributionItem: 0x7f974d8b95e0; bundleID='com.apple.dt.runtime.swiftCoreGraphics', path='<DVTFilePath:0x7f975fb9cd40:'/Users/cbl-mac-033/Library/Developer/Xcode/Archives/2022-07-04/MyFiji(Prod) 04-07-22, 3.52 PM.xcarchive/Products/Applications/MyFiji.app/Frameworks/libswiftCoreGraphics.dylib'>', codeSigningInfo='<_DVTCodeSigningInformation_Path: 0x7f975c357050; isSigned='1', isAdHocSigned='0', signingCertificate='<DVTSigningCertificate: 0x7f975f73c7d0; name='iPhone Distribution: Shanil Chandra (6NR225DSDF)', hash='86A9114CFE562B44AEB2EE0627EE4D6C6FEB57BC', serialNumber='3AD5C0AE2F5B0BABB8BE7BA311479E1C', certificateKinds='(
    "1.2.840.113635.100.6.1.4"
), issueDate='2022-07-01 12:03:33 +0000''>', entitlements='(null)', teamID='6NR225DSDF', identifier='com.apple.dt.runtime.swiftCoreGraphics', executablePath='<DVTFilePath:0x7f975fb9cd40:'/Users/cbl-mac-033/Library/Developer/Xcode/Archives/2022-07-04/MyFiji(Prod) 04-07-22, 3.52 PM.xcarchive/Products/Applications/MyFiji.app/Frameworks/libswiftCoreGraphics.dylib'>', hardenedRuntime='0'>'>
2022-07-04 10:34:02 +0000  Skipping stripping extended attributes of item: <IDEDistributionItem: 0x7f9790d93c80; bundleID='com.apple.dt.runtime.swiftCoreImage', path='<DVTFilePath:0x7f977da7a120:'/Users/cbl-mac-033/Library/Developer/Xcode/Archives/2022-07-04/MyFiji(Prod) 04-07-22, 3.52 PM.xcarchive/Products/Applications/MyFiji.app/Frameworks/libswiftCoreImage.dylib'>', codeSigningInfo='<_DVTCodeSigningInformation_Path: 0x7f974c0c7710; isSigned='1', isAdHocSigned='0', signingCertificate='<DVTSigningCertificate: 0x7f978e4d3fa0; name='iPhone Distribution: Shanil Chandra (6NR225DSDF)', hash='86A9114CFE562B44AEB2EE0627EE4D6C6FEB57BC', serialNumber='3AD5C0AE2F5B0BABB8BE7BA311479E1C', certificateKinds='(
    "1.2.840.113635.100.6.1.4"
), issueDate='2022-07-01 12:03:33 +0000''>', entitlements='(null)', teamID='6NR225DSDF', identifier='com.apple.dt.runtime.swiftCoreImage', executablePath='<DVTFilePath:0x7f977da7a120:'/Users/cbl-mac-033/Library/Developer/Xcode/Archives/2022-07-04/MyFiji(Prod) 04-07-22, 3.52 PM.xcarchive/Products/Applications/MyFiji.app/Frameworks/libswiftCoreImage.dylib'>', hardenedRuntime='0'>'>
2022-07-04 10:34:02 +0000  Skipping stripping extended attributes of item: <IDEDistributionItem: 0x7f974d85ef90; bundleID='com.apple.dt.runtime.swiftCoreLocation', path='<DVTFilePath:0x7f97959e1730:'/Users/cbl-mac-033/Library/Developer/Xcode/Archives/2022-07-04/MyFiji(Prod) 04-07-22, 3.52 PM.xcarchive/Products/Applications/MyFiji.app/Frameworks/libswiftCoreLocation.dylib'>', codeSigningInfo='<_DVTCodeSigningInformation_Path: 0x7f974d318370; isSigned='1', isAdHocSigned='0', signingCertificate='<DVTSigningCertificate: 0x7f975f4922d0; name='iPhone Distribution: Shanil Chandra (6NR225DSDF)', hash='86A9114CFE562B44AEB2EE0627EE4D6C6FEB57BC', serialNumber='3AD5C0AE2F5B0BABB8BE7BA311479E1C', certificateKinds='(
    "1.2.840.113635.100.6.1.4"
), issueDate='2022-07-01 12:03:33 +0000''>', entitlements='(null)', teamID='6NR225DSDF', identifier='com.apple.dt.runtime.swiftCoreLocation', executablePath='<DVTFilePath:0x7f97959e1730:'/Users/cbl-mac-033/Library/Developer/Xcode/Archives/2022-07-04/MyFiji(Prod) 04-07-22, 3.52 PM.xcarchive/Products/Applications/MyFiji.app/Frameworks/libswiftCoreLocation.dylib'>', hardenedRuntime='0'>'>
2022-07-04 10:34:02 +0000  Skipping stripping extended attributes of item: <IDEDistributionItem: 0x7f975058f490; bundleID='com.apple.dt.runtime.swiftCoreMedia', path='<DVTFilePath:0x7f97e5c4fdc0:'/Users/cbl-mac-033/Library/Developer/Xcode/Archives/2022-07-04/MyFiji(Prod) 04-07-22, 3.52 PM.xcarchive/Products/Applications/MyFiji.app/Frameworks/libswiftCoreMedia.dylib'>', codeSigningInfo='<_DVTCodeSigningInformation_Path: 0x7f97505d6d80; isSigned='1', isAdHocSigned='0', signingCertificate='<DVTSigningCertificate: 0x7f978e4d3fa0; name='iPhone Distribution: Shanil Chandra (6NR225DSDF)', hash='86A9114CFE562B44AEB2EE0627EE4D6C6FEB57BC', serialNumber='3AD5C0AE2F5B0BABB8BE7BA311479E1C', certificateKinds='(
    "1.2.840.113635.100.6.1.4"
), issueDate='2022-07-01 12:03:33 +0000''>', entitlements='(null)', teamID='6NR225DSDF', identifier='com.apple.dt.runtime.swiftCoreMedia', executablePath='<DVTFilePath:0x7f97e5c4fdc0:'/Users/cbl-mac-033/Library/Developer/Xcode/Archives/2022-07-04/MyFiji(Prod) 04-07-22, 3.52 PM.xcarchive/Products/Applications/MyFiji.app/Frameworks/libswiftCoreMedia.dylib'>', hardenedRuntime='0'>'>
2022-07-04 10:34:02 +0000  Skipping stripping extended attributes of item: <IDEDistributionItem: 0x7f978ce5d120; bundleID='com.apple.dt.runtime.swiftDarwin', path='<DVTFilePath:0x7f979675a280:'/Users/cbl-mac-033/Library/Developer/Xcode/Archives/2022-07-04/MyFiji(Prod) 04-07-22, 3.52 PM.xcarchive/Products/Applications/MyFiji.app/Frameworks/libswiftDarwin.dylib'>', codeSigningInfo='<_DVTCodeSigningInformation_Path: 0x7f9750387670; isSigned='1', isAdHocSigned='0', signingCertificate='<DVTSigningCertificate: 0x7f975f4922d0; name='iPhone Distribution: Shanil Chandra (6NR225DSDF)', hash='86A9114CFE562B44AEB2EE0627EE4D6C6FEB57BC', serialNumber='3AD5C0AE2F5B0BABB8BE7BA311479E1C', certificateKinds='(
    "1.2.840.113635.100.6.1.4"
), issueDate='2022-07-01 12:03:33 +0000''>', entitlements='(null)', teamID='6NR225DSDF', identifier='com.apple.dt.runtime.swiftDarwin', executablePath='<DVTFilePath:0x7f979675a280:'/Users/cbl-mac-033/Library/Developer/Xcode/Archives/2022-07-04/MyFiji(Prod) 04-07-22, 3.52 PM.xcarchive/Products/Applications/MyFiji.app/Frameworks/libswiftDarwin.dylib'>', hardenedRuntime='0'>'>
2022-07-04 10:34:02 +0000  Skipping stripping extended attributes of item: <IDEDistributionItem: 0x7f975092c5e0; bundleID='com.apple.dt.runtime.swiftDispatch', path='<DVTFilePath:0x7f982bd4b540:'/Users/cbl-mac-033/Library/Developer/Xcode/Archives/2022-07-04/MyFiji(Prod) 04-07-22, 3.52 PM.xcarchive/Products/Applications/MyFiji.app/Frameworks/libswiftDispatch.dylib'>', codeSigningInfo='<_DVTCodeSigningInformation_Path: 0x7f9791f8ab00; isSigned='1', isAdHocSigned='0', signingCertificate='<DVTSigningCertificate: 0x7f975c01ecf0; name='iPhone Distribution: Shanil Chandra (6NR225DSDF)', hash='86A9114CFE562B44AEB2EE0627EE4D6C6FEB57BC', serialNumber='3AD5C0AE2F5B0BABB8BE7BA311479E1C', certificateKinds='(
    "1.2.840.113635.100.6.1.4"
), issueDate='2022-07-01 12:03:33 +0000''>', entitlements='(null)', teamID='6NR225DSDF', identifier='com.apple.dt.runtime.swiftDispatch', executablePath='<DVTFilePath:0x7f982bd4b540:'/Users/cbl-mac-033/Library/Developer/Xcode/Archives/2022-07-04/MyFiji(Prod) 04-07-22, 3.52 PM.xcarchive/Products/Applications/MyFiji.app/Frameworks/libswiftDispatch.dylib'>', hardenedRuntime='0'>'>
2022-07-04 10:34:02 +0000  Skipping stripping extended attributes of item: <IDEDistributionItem: 0x7f97501b7190; bundleID='com.apple.dt.runtime.swiftFoundation', path='<DVTFilePath:0x7f97903995e0:'/Users/cbl-mac-033/Library/Developer/Xcode/Archives/2022-07-04/MyFiji(Prod) 04-07-22, 3.52 PM.xcarchive/Products/Applications/MyFiji.app/Frameworks/libswiftFoundation.dylib'>', codeSigningInfo='<_DVTCodeSigningInformation_Path: 0x7f979643b340; isSigned='1', isAdHocSigned='0', signingCertificate='<DVTSigningCertificate: 0x7f975c104be0; name='iPhone Distribution: Shanil Chandra (6NR225DSDF)', hash='86A9114CFE562B44AEB2EE0627EE4D6C6FEB57BC', serialNumber='3AD5C0AE2F5B0BABB8BE7BA311479E1C', certificateKinds='(
    "1.2.840.113635.100.6.1.4"
), issueDate='2022-07-01 12:03:33 +0000''>', entitlements='(null)', teamID='6NR225DSDF', identifier='com.apple.dt.runtime.swiftFoundation', executablePath='<DVTFilePath:0x7f97903995e0:'/Users/cbl-mac-033/Library/Developer/Xcode/Archives/2022-07-04/MyFiji(Prod) 04-07-22, 3.52 PM.xcarchive/Products/Applications/MyFiji.app/Frameworks/libswiftFoundation.dylib'>', hardenedRuntime='0'>'>
2022-07-04 10:34:02 +0000  Skipping stripping extended attributes of item: <IDEDistributionItem: 0x7f974d8ea190; bundleID='com.apple.dt.runtime.swiftMetal', path='<DVTFilePath:0x7f975fb3e2f0:'/Users/cbl-mac-033/Library/Developer/Xcode/Archives/2022-07-04/MyFiji(Prod) 04-07-22, 3.52 PM.xcarchive/Products/Applications/MyFiji.app/Frameworks/libswiftMetal.dylib'>', codeSigningInfo='<_DVTCodeSigningInformation_Path: 0x7f97503cc6b0; isSigned='1', isAdHocSigned='0', signingCertificate='<DVTSigningCertificate: 0x7f9795ce6b60; name='iPhone Distribution: Shanil Chandra (6NR225DSDF)', hash='86A9114CFE562B44AEB2EE0627EE4D6C6FEB57BC', serialNumber='3AD5C0AE2F5B0BABB8BE7BA311479E1C', certificateKinds='(
    "1.2.840.113635.100.6.1.4"
), issueDate='2022-07-01 12:03:33 +0000''>', entitlements='(null)', teamID='6NR225DSDF', identifier='com.apple.dt.runtime.swiftMetal', executablePath='<DVTFilePath:0x7f975fb3e2f0:'/Users/cbl-mac-033/Library/Developer/Xcode/Archives/2022-07-04/MyFiji(Prod) 04-07-22, 3.52 PM.xcarchive/Products/Applications/MyFiji.app/Frameworks/libswiftMetal.dylib'>', hardenedRuntime='0'>'>
2022-07-04 10:34:02 +0000  Skipping stripping extended attributes of item: <IDEDistributionItem: 0x7f974d9dc390; bundleID='com.apple.dt.runtime.swiftObjectiveC', path='<DVTFilePath:0x7f974b219c00:'/Users/cbl-mac-033/Library/Developer/Xcode/Archives/2022-07-04/MyFiji(Prod) 04-07-22, 3.52 PM.xcarchive/Products/Applications/MyFiji.app/Frameworks/libswiftObjectiveC.dylib'>', codeSigningInfo='<_DVTCodeSigningInformation_Path: 0x7f975013f1a0; isSigned='1', isAdHocSigned='0', signingCertificate='<DVTSigningCertificate: 0x7f974c17ae00; name='iPhone Distribution: Shanil Chandra (6NR225DSDF)', hash='86A9114CFE562B44AEB2EE0627EE4D6C6FEB57BC', serialNumber='3AD5C0AE2F5B0BABB8BE7BA311479E1C', certificateKinds='(
    "1.2.840.113635.100.6.1.4"
), issueDate='2022-07-01 12:03:33 +0000''>', entitlements='(null)', teamID='6NR225DSDF', identifier='com.apple.dt.runtime.swiftObjectiveC', executablePath='<DVTFilePath:0x7f974b219c00:'/Users/cbl-mac-033/Library/Developer/Xcode/Archives/2022-07-04/MyFiji(Prod) 04-07-22, 3.52 PM.xcarchive/Products/Applications/MyFiji.app/Frameworks/libswiftObjectiveC.dylib'>', hardenedRuntime='0'>'>
2022-07-04 10:34:02 +0000  Skipping stripping extended attributes of item: <IDEDistributionItem: 0x7f97e4654560; bundleID='com.apple.dt.runtime.swiftPhotos', path='<DVTFilePath:0x7f977da3e240:'/Users/cbl-mac-033/Library/Developer/Xcode/Archives/2022-07-04/MyFiji(Prod) 04-07-22, 3.52 PM.xcarchive/Products/Applications/MyFiji.app/Frameworks/libswiftPhotos.dylib'>', codeSigningInfo='<_DVTCodeSigningInformation_Path: 0x7f97910448c0; isSigned='1', isAdHocSigned='0', signingCertificate='<DVTSigningCertificate: 0x7f97965edc50; name='iPhone Distribution: Shanil Chandra (6NR225DSDF)', hash='86A9114CFE562B44AEB2EE0627EE4D6C6FEB57BC', serialNumber='3AD5C0AE2F5B0BABB8BE7BA311479E1C', certificateKinds='(
    "1.2.840.113635.100.6.1.4"
), issueDate='2022-07-01 12:03:33 +0000''>', entitlements='(null)', teamID='6NR225DSDF', identifier='com.apple.dt.runtime.swiftPhotos', executablePath='<DVTFilePath:0x7f977da3e240:'/Users/cbl-mac-033/Library/Developer/Xcode/Archives/2022-07-04/MyFiji(Prod) 04-07-22, 3.52 PM.xcarchive/Products/Applications/MyFiji.app/Frameworks/libswiftPhotos.dylib'>', hardenedRuntime='0'>'>
2022-07-04 10:34:02 +0000  Skipping stripping extended attributes of item: <IDEDistributionItem: 0x7f97cdcba700; bundleID='com.apple.dt.runtime.swiftQuartzCore', path='<DVTFilePath:0x7f97507a1670:'/Users/cbl-mac-033/Library/Developer/Xcode/Archives/2022-07-04/MyFiji(Prod) 04-07-22, 3.52 PM.xcarchive/Products/Applications/MyFiji.app/Frameworks/libswiftQuartzCore.dylib'>', codeSigningInfo='<_DVTCodeSigningInformation_Path: 0x7f97505d37a0; isSigned='1', isAdHocSigned='0', signingCertificate='<DVTSigningCertificate: 0x7f9795cfa1f0; name='iPhone Distribution: Shanil Chandra (6NR225DSDF)', hash='86A9114CFE562B44AEB2EE0627EE4D6C6FEB57BC', serialNumber='3AD5C0AE2F5B0BABB8BE7BA311479E1C', certificateKinds='(
    "1.2.840.113635.100.6.1.4"
), issueDate='2022-07-01 12:03:33 +0000''>', entitlements='(null)', teamID='6NR225DSDF', identifier='com.apple.dt.runtime.swiftQuartzCore', executablePath='<DVTFilePath:0x7f97507a1670:'/Users/cbl-mac-033/Library/Developer/Xcode/Archives/2022-07-04/MyFiji(Prod) 04-07-22, 3.52 PM.xcarchive/Products/Applications/MyFiji.app/Frameworks/libswiftQuartzCore.dylib'>', hardenedRuntime='0'>'>
2022-07-04 10:34:02 +0000  Skipping stripping extended attributes of item: <IDEDistributionItem: 0x7f9790c1ddf0; bundleID='com.apple.dt.runtime.swiftUIKit', path='<DVTFilePath:0x7f975fbbc2f0:'/Users/cbl-mac-033/Library/Developer/Xcode/Archives/2022-07-04/MyFiji(Prod) 04-07-22, 3.52 PM.xcarchive/Products/Applications/MyFiji.app/Frameworks/libswiftUIKit.dylib'>', codeSigningInfo='<_DVTCodeSigningInformation_Path: 0x7f974d8fe040; isSigned='1', isAdHocSigned='0', signingCertificate='<DVTSigningCertificate: 0x7f9795cfa1f0; name='iPhone Distribution: Shanil Chandra (6NR225DSDF)', hash='86A9114CFE562B44AEB2EE0627EE4D6C6FEB57BC', serialNumber='3AD5C0AE2F5B0BABB8BE7BA311479E1C', certificateKinds='(
    "1.2.840.113635.100.6.1.4"
), issueDate='2022-07-01 12:03:33 +0000''>', entitlements='(null)', teamID='6NR225DSDF', identifier='com.apple.dt.runtime.swiftUIKit', executablePath='<DVTFilePath:0x7f975fbbc2f0:'/Users/cbl-mac-033/Library/Developer/Xcode/Archives/2022-07-04/MyFiji(Prod) 04-07-22, 3.52 PM.xcarchive/Products/Applications/MyFiji.app/Frameworks/libswiftUIKit.dylib'>', hardenedRuntime='0'>'>
2022-07-04 10:34:02 +0000  Skipping stripping extended attributes of item: <IDEDistributionItem: 0x7f975fb161f0; bundleID='com.apple.dt.runtime.swiftVision', path='<DVTFilePath:0x7f977da418b0:'/Users/cbl-mac-033/Library/Developer/Xcode/Archives/2022-07-04/MyFiji(Prod) 04-07-22, 3.52 PM.xcarchive/Products/Applications/MyFiji.app/Frameworks/libswiftVision.dylib'>', codeSigningInfo='<_DVTCodeSigningInformation_Path: 0x7f975070b030; isSigned='1', isAdHocSigned='0', signingCertificate='<DVTSigningCertificate: 0x7f9795cfa1f0; name='iPhone Distribution: Shanil Chandra (6NR225DSDF)', hash='86A9114CFE562B44AEB2EE0627EE4D6C6FEB57BC', serialNumber='3AD5C0AE2F5B0BABB8BE7BA311479E1C', certificateKinds='(
    "1.2.840.113635.100.6.1.4"
), issueDate='2022-07-01 12:03:33 +0000''>', entitlements='(null)', teamID='6NR225DSDF', identifier='com.apple.dt.runtime.swiftVision', executablePath='<DVTFilePath:0x7f977da418b0:'/Users/cbl-mac-033/Library/Developer/Xcode/Archives/2022-07-04/MyFiji(Prod) 04-07-22, 3.52 PM.xcarchive/Products/Applications/MyFiji.app/Frameworks/libswiftVision.dylib'>', hardenedRuntime='0'>'>
2022-07-04 10:34:02 +0000  Skipping stripping extended attributes of item: <IDEDistributionItem: 0x7f974d814e80; bundleID='com.apple.dt.runtime.swiftos', path='<DVTFilePath:0x7f977daae080:'/Users/cbl-mac-033/Library/Developer/Xcode/Archives/2022-07-04/MyFiji(Prod) 04-07-22, 3.52 PM.xcarchive/Products/Applications/MyFiji.app/Frameworks/libswiftos.dylib'>', codeSigningInfo='<_DVTCodeSigningInformation_Path: 0x7f975ed48450; isSigned='1', isAdHocSigned='0', signingCertificate='<DVTSigningCertificate: 0x7f9795cfa1f0; name='iPhone Distribution: Shanil Chandra (6NR225DSDF)', hash='86A9114CFE562B44AEB2EE0627EE4D6C6FEB57BC', serialNumber='3AD5C0AE2F5B0BABB8BE7BA311479E1C', certificateKinds='(
    "1.2.840.113635.100.6.1.4"
), issueDate='2022-07-01 12:03:33 +0000''>', entitlements='(null)', teamID='6NR225DSDF', identifier='com.apple.dt.runtime.swiftos', executablePath='<DVTFilePath:0x7f977daae080:'/Users/cbl-mac-033/Library/Developer/Xcode/Archives/2022-07-04/MyFiji(Prod) 04-07-22, 3.52 PM.xcarchive/Products/Applications/MyFiji.app/Frameworks/libswiftos.dylib'>', hardenedRuntime='0'>'>
2022-07-04 10:34:02 +0000  Skipping stripping extended attributes of item: <IDEDistributionItem: 0x7f97d8ce7dd0; bundleID='com.apple.dt.runtime.swiftsimd', path='<DVTFilePath:0x7f977da54fb0:'/Users/cbl-mac-033/Library/Developer/Xcode/Archives/2022-07-04/MyFiji(Prod) 04-07-22, 3.52 PM.xcarchive/Products/Applications/MyFiji.app/Frameworks/libswiftsimd.dylib'>', codeSigningInfo='<_DVTCodeSigningInformation_Path: 0x7f974fdca8e0; isSigned='1', isAdHocSigned='0', signingCertificate='<DVTSigningCertificate: 0x7f974fed6410; name='iPhone Distribution: Shanil Chandra (6NR225DSDF)', hash='86A9114CFE562B44AEB2EE0627EE4D6C6FEB57BC', serialNumber='3AD5C0AE2F5B0BABB8BE7BA311479E1C', certificateKinds='(
    "1.2.840.113635.100.6.1.4"
), issueDate='2022-07-01 12:03:33 +0000''>', entitlements='(null)', teamID='6NR225DSDF', identifier='com.apple.dt.runtime.swiftsimd', executablePath='<DVTFilePath:0x7f977da54fb0:'/Users/cbl-mac-033/Library/Developer/Xcode/Archives/2022-07-04/MyFiji(Prod) 04-07-22, 3.52 PM.xcarchive/Products/Applications/MyFiji.app/Frameworks/libswiftsimd.dylib'>', hardenedRuntime='0'>'>
2022-07-04 10:34:02 +0000  Running /usr/bin/xattr '-crs' '/var/folders/gs/6wh8jtrs5217v33bfm594jbr0000gn/T/XcodeDistPipeline.~~~iVo3xl/Root/Payload/MyFiji.app'
2022-07-04 10:34:02 +0000  /usr/bin/xattr exited with 0
2022-07-04 10:34:02 +0000  Processing step: IDEDistributionCodesignStep
2022-07-04 10:34:02 +0000  Entitlements for <IDEDistributionItem: 0x7f9805e513c0; bundleID='com.zendesk.ChatProvidersSDK', path='<DVTFilePath:0x7f976345f150:'/Users/cbl-mac-033/Library/Developer/Xcode/Archives/2022-07-04/MyFiji(Prod) 04-07-22, 3.52 PM.xcarchive/Products/Applications/MyFiji.app/Frameworks/ChatProvidersSDK.framework'>', codeSigningInfo='<_DVTCodeSigningInformation_Path: 0x7f974d8eb010; isSigned='1', isAdHocSigned='0', signingCertificate='<DVTSigningCertificate: 0x7f974fed9c00; name='iPhone Distribution: Shanil Chandra (6NR225DSDF)', hash='86A9114CFE562B44AEB2EE0627EE4D6C6FEB57BC', serialNumber='3AD5C0AE2F5B0BABB8BE7BA311479E1C', certificateKinds='(
    "1.2.840.113635.100.6.1.4"
), issueDate='2022-07-01 12:03:33 +0000''>', entitlements='(null)', teamID='6NR225DSDF', identifier='com.zendesk.ChatProvidersSDK', executablePath='<DVTFilePath:0x7f9760b8d530:'/Users/cbl-mac-033/Library/Developer/Xcode/Archives/2022-07-04/MyFiji(Prod) 04-07-22, 3.52 PM.xcarchive/Products/Applications/MyFiji.app/Frameworks/ChatProvidersSDK.framework/ChatProvidersSDK'>', hardenedRuntime='0'>'>: {
}
2022-07-04 10:34:02 +0000  Entitlements for <IDEDistributionItem: 0x7f9805e513c0; bundleID='com.zendesk.ChatProvidersSDK', path='<DVTFilePath:0x7f976345f150:'/Users/cbl-mac-033/Library/Developer/Xcode/Archives/2022-07-04/MyFiji(Prod) 04-07-22, 3.52 PM.xcarchive/Products/Applications/MyFiji.app/Frameworks/ChatProvidersSDK.framework'>', codeSigningInfo='<_DVTCodeSigningInformation_Path: 0x7f974d8eb010; isSigned='1', isAdHocSigned='0', signingCertificate='<DVTSigningCertificate: 0x7f970d8b9870; name='iPhone Distribution: Shanil Chandra (6NR225DSDF)', hash='86A9114CFE562B44AEB2EE0627EE4D6C6FEB57BC', serialNumber='3AD5C0AE2F5B0BABB8BE7BA311479E1C', certificateKinds='(
    "1.2.840.113635.100.6.1.4"
), issueDate='2022-07-01 12:03:33 +0000''>', entitlements='(null)', teamID='6NR225DSDF', identifier='com.zendesk.ChatProvidersSDK', executablePath='<DVTFilePath:0x7f9760b8d530:'/Users/cbl-mac-033/Library/Developer/Xcode/Archives/2022-07-04/MyFiji(Prod) 04-07-22, 3.52 PM.xcarchive/Products/Applications/MyFiji.app/Frameworks/ChatProvidersSDK.framework/ChatProvidersSDK'>', hardenedRuntime='0'>'> are: {
}
2022-07-04 10:34:02 +0000  Writing entitlements for <IDEDistributionItem: 0x7f9805e513c0; bundleID='com.zendesk.ChatProvidersSDK', path='<DVTFilePath:0x7f976345f150:'/Users/cbl-mac-033/Library/Developer/Xcode/Archives/2022-07-04/MyFiji(Prod) 04-07-22, 3.52 PM.xcarchive/Products/Applications/MyFiji.app/Frameworks/ChatProvidersSDK.framework'>', codeSigningInfo='<_DVTCodeSigningInformation_Path: 0x7f974d8eb010; isSigned='1', isAdHocSigned='0', signingCertificate='<DVTSigningCertificate: 0x7f97f6f44540; name='iPhone Distribution: Shanil Chandra (6NR225DSDF)', hash='86A9114CFE562B44AEB2EE0627EE4D6C6FEB57BC', serialNumber='3AD5C0AE2F5B0BABB8BE7BA311479E1C', certificateKinds='(
    "1.2.840.113635.100.6.1.4"
), issueDate='2022-07-01 12:03:33 +0000''>', entitlements='(null)', teamID='6NR225DSDF', identifier='com.zendesk.ChatProvidersSDK', executablePath='<DVTFilePath:0x7f9760b8d530:'/Users/cbl-mac-033/Library/Developer/Xcode/Archives/2022-07-04/MyFiji(Prod) 04-07-22, 3.52 PM.xcarchive/Products/Applications/MyFiji.app/Frameworks/ChatProvidersSDK.framework/ChatProvidersSDK'>', hardenedRuntime='0'>'> to: /var/folders/gs/6wh8jtrs5217v33bfm594jbr0000gn/T/XcodeDistPipeline.~~~iVo3xl/entitlements~~~PENcLQ
2022-07-04 10:34:02 +0000  Running /usr/bin/codesign '-vvv' '--force' '--sign' '86A9114CFE562B44AEB2EE0627EE4D6C6FEB57BC' '--entitlements' '/var/folders/gs/6wh8jtrs5217v33bfm594jbr0000gn/T/XcodeDistPipeline.~~~iVo3xl/entitlements~~~PENcLQ' '--generate-entitlement-der' '--preserve-metadata=identifier,flags,runtime' '/var/folders/gs/6wh8jtrs5217v33bfm594jbr0000gn/T/XcodeDistPipeline.~~~iVo3xl/Root/Payload/MyFiji.app/Frameworks/ChatProvidersSDK.framework'
2022-07-04 10:34:02 +0000  /var/folders/gs/6wh8jtrs5217v33bfm594jbr0000gn/T/XcodeDistPipeline.~~~iVo3xl/Root/Payload/MyFiji.app/Frameworks/ChatProvidersSDK.framework: replacing existing signature
2022-07-04 10:34:02 +0000  /var/folders/gs/6wh8jtrs5217v33bfm594jbr0000gn/T/XcodeDistPipeline.~~~iVo3xl/Root/Payload/MyFiji.app/Frameworks/ChatProvidersSDK.framework: signed bundle with Mach-O universal (arm64) [com.zendesk.ChatProvidersSDK]
2022-07-04 10:34:02 +0000  /usr/bin/codesign exited with 0
2022-07-04 10:34:02 +0000  Entitlements for <IDEDistributionItem: 0x7f975f4d9330; bundleID='com.zendesk.ChatSDK', path='<DVTFilePath:0x7f975c10d900:'/Users/cbl-mac-033/Library/Developer/Xcode/Archives/2022-07-04/MyFiji(Prod) 04-07-22, 3.52 PM.xcarchive/Products/Applications/MyFiji.app/Frameworks/ChatSDK.framework'>', codeSigningInfo='<_DVTCodeSigningInformation_Path: 0x7f975c2218a0; isSigned='1', isAdHocSigned='0', signingCertificate='<DVTSigningCertificate: 0x7f979bceaa50; name='iPhone Distribution: Shanil Chandra (6NR225DSDF)', hash='86A9114CFE562B44AEB2EE0627EE4D6C6FEB57BC', serialNumber='3AD5C0AE2F5B0BABB8BE7BA311479E1C', certificateKinds='(
    "1.2.840.113635.100.6.1.4"
), issueDate='2022-07-01 12:03:33 +0000''>', entitlements='(null)', teamID='6NR225DSDF', identifier='com.zendesk.ChatSDK', executablePath='<DVTFilePath:0x7f97d82e54b0:'/Users/cbl-mac-033/Library/Developer/Xcode/Archives/2022-07-04/MyFiji(Prod) 04-07-22, 3.52 PM.xcarchive/Products/Applications/MyFiji.app/Frameworks/ChatSDK.framework/ChatSDK'>', hardenedRuntime='0'>'>: {
}
2022-07-04 10:34:02 +0000  Entitlements for <IDEDistributionItem: 0x7f975f4d9330; bundleID='com.zendesk.ChatSDK', path='<DVTFilePath:0x7f975c10d900:'/Users/cbl-mac-033/Library/Developer/Xcode/Archives/2022-07-04/MyFiji(Prod) 04-07-22, 3.52 PM.xcarchive/Products/Applications/MyFiji.app/Frameworks/ChatSDK.framework'>', codeSigningInfo='<_DVTCodeSigningInformation_Path: 0x7f975c2218a0; isSigned='1', isAdHocSigned='0', signingCertificate='<DVTSigningCertificate: 0x7f975c1c2700; name='iPhone Distribution: Shanil Chandra (6NR225DSDF)', hash='86A9114CFE562B44AEB2EE0627EE4D6C6FEB57BC', serialNumber='3AD5C0AE2F5B0BABB8BE7BA311479E1C', certificateKinds='(
    "1.2.840.113635.100.6.1.4"
), issueDate='2022-07-01 12:03:33 +0000''>', entitlements='(null)', teamID='6NR225DSDF', identifier='com.zendesk.ChatSDK', executablePath='<DVTFilePath:0x7f97d82e54b0:'/Users/cbl-mac-033/Library/Developer/Xcode/Archives/2022-07-04/MyFiji(Prod) 04-07-22, 3.52 PM.xcarchive/Products/Applications/MyFiji.app/Frameworks/ChatSDK.framework/ChatSDK'>', hardenedRuntime='0'>'> are: {
}
2022-07-04 10:34:02 +0000  Writing entitlements for <IDEDistributionItem: 0x7f975f4d9330; bundleID='com.zendesk.ChatSDK', path='<DVTFilePath:0x7f975c10d900:'/Users/cbl-mac-033/Library/Developer/Xcode/Archives/2022-07-04/MyFiji(Prod) 04-07-22, 3.52 PM.xcarchive/Products/Applications/MyFiji.app/Frameworks/ChatSDK.framework'>', codeSigningInfo='<_DVTCodeSigningInformation_Path: 0x7f975c2218a0; isSigned='1', isAdHocSigned='0', signingCertificate='<DVTSigningCertificate: 0x7f977dc711c0; name='iPhone Distribution: Shanil Chandra (6NR225DSDF)', hash='86A9114CFE562B44AEB2EE0627EE4D6C6FEB57BC', serialNumber='3AD5C0AE2F5B0BABB8BE7BA311479E1C', certificateKinds='(
    "1.2.840.113635.100.6.1.4"
), issueDate='2022-07-01 12:03:33 +0000''>', entitlements='(null)', teamID='6NR225DSDF', identifier='com.zendesk.ChatSDK', executablePath='<DVTFilePath:0x7f97d82e54b0:'/Users/cbl-mac-033/Library/Developer/Xcode/Archives/2022-07-04/MyFiji(Prod) 04-07-22, 3.52 PM.xcarchive/Products/Applications/MyFiji.app/Frameworks/ChatSDK.framework/ChatSDK'>', hardenedRuntime='0'>'> to: /var/folders/gs/6wh8jtrs5217v33bfm594jbr0000gn/T/XcodeDistPipeline.~~~iVo3xl/entitlements~~~k8cdFI
2022-07-04 10:34:02 +0000  Running /usr/bin/codesign '-vvv' '--force' '--sign' '86A9114CFE562B44AEB2EE0627EE4D6C6FEB57BC' '--entitlements' '/var/folders/gs/6wh8jtrs5217v33bfm594jbr0000gn/T/XcodeDistPipeline.~~~iVo3xl/entitlements~~~k8cdFI' '--generate-entitlement-der' '--preserve-metadata=identifier,flags,runtime' '/var/folders/gs/6wh8jtrs5217v33bfm594jbr0000gn/T/XcodeDistPipeline.~~~iVo3xl/Root/Payload/MyFiji.app/Frameworks/ChatSDK.framework'
2022-07-04 10:34:02 +0000  /var/folders/gs/6wh8jtrs5217v33bfm594jbr0000gn/T/XcodeDistPipeline.~~~iVo3xl/Root/Payload/MyFiji.app/Frameworks/ChatSDK.framework: replacing existing signature
2022-07-04 10:34:02 +0000  /var/folders/gs/6wh8jtrs5217v33bfm594jbr0000gn/T/XcodeDistPipeline.~~~iVo3xl/Root/Payload/MyFiji.app/Frameworks/ChatSDK.framework: signed bundle with Mach-O universal (arm64) [com.zendesk.ChatSDK]
2022-07-04 10:34:02 +0000  /usr/bin/codesign exited with 0
2022-07-04 10:34:02 +0000  Entitlements for <IDEDistributionItem: 0x7f9795a3c1f0; bundleID='com.zendesk.CommonUISDK', path='<DVTFilePath:0x7f9760db0810:'/Users/cbl-mac-033/Library/Developer/Xcode/Archives/2022-07-04/MyFiji(Prod) 04-07-22, 3.52 PM.xcarchive/Products/Applications/MyFiji.app/Frameworks/CommonUISDK.framework'>', codeSigningInfo='<_DVTCodeSigningInformation_Path: 0x7f97634783c0; isSigned='1', isAdHocSigned='0', signingCertificate='<DVTSigningCertificate: 0x7f977dc711c0; name='iPhone Distribution: Shanil Chandra (6NR225DSDF)', hash='86A9114CFE562B44AEB2EE0627EE4D6C6FEB57BC', serialNumber='3AD5C0AE2F5B0BABB8BE7BA311479E1C', certificateKinds='(
    "1.2.840.113635.100.6.1.4"
), issueDate='2022-07-01 12:03:33 +0000''>', entitlements='(null)', teamID='6NR225DSDF', identifier='com.zendesk.CommonUISDK', executablePath='<DVTFilePath:0x7f974fe6b8b0:'/Users/cbl-mac-033/Library/Developer/Xcode/Archives/2022-07-04/MyFiji(Prod) 04-07-22, 3.52 PM.xcarchive/Products/Applications/MyFiji.app/Frameworks/CommonUISDK.framework/CommonUISDK'>', hardenedRuntime='0'>'>: {
}
2022-07-04 10:34:02 +0000  Entitlements for <IDEDistributionItem: 0x7f9795a3c1f0; bundleID='com.zendesk.CommonUISDK', path='<DVTFilePath:0x7f9760db0810:'/Users/cbl-mac-033/Library/Developer/Xcode/Archives/2022-07-04/MyFiji(Prod) 04-07-22, 3.52 PM.xcarchive/Products/Applications/MyFiji.app/Frameworks/CommonUISDK.framework'>', codeSigningInfo='<_DVTCodeSigningInformation_Path: 0x7f97634783c0; isSigned='1', isAdHocSigned='0', signingCertificate='<DVTSigningCertificate: 0x7f974ffff6b0; name='iPhone Distribution: Shanil Chandra (6NR225DSDF)', hash='86A9114CFE562B44AEB2EE0627EE4D6C6FEB57BC', serialNumber='3AD5C0AE2F5B0BABB8BE7BA311479E1C', certificateKinds='(
    "1.2.840.113635.100.6.1.4"
), issueDate='2022-07-01 12:03:33 +0000''>', entitlements='(null)', teamID='6NR225DSDF', identifier='com.zendesk.CommonUISDK', executablePath='<DVTFilePath:0x7f974fe6b8b0:'/Users/cbl-mac-033/Library/Developer/Xcode/Archives/2022-07-04/MyFiji(Prod) 04-07-22, 3.52 PM.xcarchive/Products/Applications/MyFiji.app/Frameworks/CommonUISDK.framework/CommonUISDK'>', hardenedRuntime='0'>'> are: {
}
2022-07-04 10:34:02 +0000  Writing entitlements for <IDEDistributionItem: 0x7f9795a3c1f0; bundleID='com.zendesk.CommonUISDK', path='<DVTFilePath:0x7f9760db0810:'/Users/cbl-mac-033/Library/Developer/Xcode/Archives/2022-07-04/MyFiji(Prod) 04-07-22, 3.52 PM.xcarchive/Products/Applications/MyFiji.app/Frameworks/CommonUISDK.framework'>', codeSigningInfo='<_DVTCodeSigningInformation_Path: 0x7f97634783c0; isSigned='1', isAdHocSigned='0', signingCertificate='<DVTSigningCertificate: 0x7f97509d4450; name='iPhone Distribution: Shanil Chandra (6NR225DSDF)', hash='86A9114CFE562B44AEB2EE0627EE4D6C6FEB57BC', serialNumber='3AD5C0AE2F5B0BABB8BE7BA311479E1C', certificateKinds='(
    "1.2.840.113635.100.6.1.4"
), issueDate='2022-07-01 12:03:33 +0000''>', entitlements='(null)', teamID='6NR225DSDF', identifier='com.zendesk.CommonUISDK', executablePath='<DVTFilePath:0x7f974fe6b8b0:'/Users/cbl-mac-033/Library/Developer/Xcode/Archives/2022-07-04/MyFiji(Prod) 04-07-22, 3.52 PM.xcarchive/Products/Applications/MyFiji.app/Frameworks/CommonUISDK.framework/CommonUISDK'>', hardenedRuntime='0'>'> to: /var/folders/gs/6wh8jtrs5217v33bfm594jbr0000gn/T/XcodeDistPipeline.~~~iVo3xl/entitlements~~~pC1vhC
2022-07-04 10:34:02 +0000  Running /usr/bin/codesign '-vvv' '--force' '--sign' '86A9114CFE562B44AEB2EE0627EE4D6C6FEB57BC' '--entitlements' '/var/folders/gs/6wh8jtrs5217v33bfm594jbr0000gn/T/XcodeDistPipeline.~~~iVo3xl/entitlements~~~pC1vhC' '--generate-entitlement-der' '--preserve-metadata=identifier,flags,runtime' '/var/folders/gs/6wh8jtrs5217v33bfm594jbr0000gn/T/XcodeDistPipeline.~~~iVo3xl/Root/Payload/MyFiji.app/Frameworks/CommonUISDK.framework'
2022-07-04 10:34:02 +0000  /var/folders/gs/6wh8jtrs5217v33bfm594jbr0000gn/T/XcodeDistPipeline.~~~iVo3xl/Root/Payload/MyFiji.app/Frameworks/CommonUISDK.framework: replacing existing signature
2022-07-04 10:34:02 +0000  /var/folders/gs/6wh8jtrs5217v33bfm594jbr0000gn/T/XcodeDistPipeline.~~~iVo3xl/Root/Payload/MyFiji.app/Frameworks/CommonUISDK.framework: signed bundle with Mach-O universal (arm64) [com.zendesk.CommonUISDK]
2022-07-04 10:34:02 +0000  /usr/bin/codesign exited with 0
2022-07-04 10:34:02 +0000  Entitlements for <IDEDistributionItem: 0x7f97509c0a90; bundleID='com.regula.facesdk', path='<DVTFilePath:0x7f975ff98750:'/Users/cbl-mac-033/Library/Developer/Xcode/Archives/2022-07-04/MyFiji(Prod) 04-07-22, 3.52 PM.xcarchive/Products/Applications/MyFiji.app/Frameworks/FaceSDK.framework'>', codeSigningInfo='<_DVTCodeSigningInformation_Path: 0x7f974d824a40; isSigned='1', isAdHocSigned='0', signingCertificate='<DVTSigningCertificate: 0x7f97e3d076d0; name='iPhone Distribution: Shanil Chandra (6NR225DSDF)', hash='86A9114CFE562B44AEB2EE0627EE4D6C6FEB57BC', serialNumber='3AD5C0AE2F5B0BABB8BE7BA311479E1C', certificateKinds='(
    "1.2.840.113635.100.6.1.4"
), issueDate='2022-07-01 12:03:33 +0000''>', entitlements='(null)', teamID='6NR225DSDF', identifier='com.regula.facesdk', executablePath='<DVTFilePath:0x7f975ed956e0:'/Users/cbl-mac-033/Library/Developer/Xcode/Archives/2022-07-04/MyFiji(Prod) 04-07-22, 3.52 PM.xcarchive/Products/Applications/MyFiji.app/Frameworks/FaceSDK.framework/FaceSDK'>', hardenedRuntime='0'>'>: {
}
2022-07-04 10:34:02 +0000  Entitlements for <IDEDistributionItem: 0x7f97509c0a90; bundleID='com.regula.facesdk', path='<DVTFilePath:0x7f975ff98750:'/Users/cbl-mac-033/Library/Developer/Xcode/Archives/2022-07-04/MyFiji(Prod) 04-07-22, 3.52 PM.xcarchive/Products/Applications/MyFiji.app/Frameworks/FaceSDK.framework'>', codeSigningInfo='<_DVTCodeSigningInformation_Path: 0x7f974d824a40; isSigned='1', isAdHocSigned='0', signingCertificate='<DVTSigningCertificate: 0x7f975c0d98e0; name='iPhone Distribution: Shanil Chandra (6NR225DSDF)', hash='86A9114CFE562B44AEB2EE0627EE4D6C6FEB57BC', serialNumber='3AD5C0AE2F5B0BABB8BE7BA311479E1C', certificateKinds='(
    "1.2.840.113635.100.6.1.4"
), issueDate='2022-07-01 12:03:33 +0000''>', entitlements='(null)', teamID='6NR225DSDF', identifier='com.regula.facesdk', executablePath='<DVTFilePath:0x7f975ed956e0:'/Users/cbl-mac-033/Library/Developer/Xcode/Archives/2022-07-04/MyFiji(Prod) 04-07-22, 3.52 PM.xcarchive/Products/Applications/MyFiji.app/Frameworks/FaceSDK.framework/FaceSDK'>', hardenedRuntime='0'>'> are: {
}
2022-07-04 10:34:02 +0000  Writing entitlements for <IDEDistributionItem: 0x7f97509c0a90; bundleID='com.regula.facesdk', path='<DVTFilePath:0x7f975ff98750:'/Users/cbl-mac-033/Library/Developer/Xcode/Archives/2022-07-04/MyFiji(Prod) 04-07-22, 3.52 PM.xcarchive/Products/Applications/MyFiji.app/Frameworks/FaceSDK.framework'>', codeSigningInfo='<_DVTCodeSigningInformation_Path: 0x7f974d824a40; isSigned='1', isAdHocSigned='0', signingCertificate='<DVTSigningCertificate: 0x7f978d2ae620; name='iPhone Distribution: Shanil Chandra (6NR225DSDF)', hash='86A9114CFE562B44AEB2EE0627EE4D6C6FEB57BC', serialNumber='3AD5C0AE2F5B0BABB8BE7BA311479E1C', certificateKinds='(
    "1.2.840.113635.100.6.1.4"
), issueDate='2022-07-01 12:03:33 +0000''>', entitlements='(null)', teamID='6NR225DSDF', identifier='com.regula.facesdk', executablePath='<DVTFilePath:0x7f975ed956e0:'/Users/cbl-mac-033/Library/Developer/Xcode/Archives/2022-07-04/MyFiji(Prod) 04-07-22, 3.52 PM.xcarchive/Products/Applications/MyFiji.app/Frameworks/FaceSDK.framework/FaceSDK'>', hardenedRuntime='0'>'> to: /var/folders/gs/6wh8jtrs5217v33bfm594jbr0000gn/T/XcodeDistPipeline.~~~iVo3xl/entitlements~~~6hMnHV
2022-07-04 10:34:02 +0000  Running /usr/bin/codesign '-vvv' '--force' '--sign' '86A9114CFE562B44AEB2EE0627EE4D6C6FEB57BC' '--entitlements' '/var/folders/gs/6wh8jtrs5217v33bfm594jbr0000gn/T/XcodeDistPipeline.~~~iVo3xl/entitlements~~~6hMnHV' '--generate-entitlement-der' '--preserve-metadata=identifier,flags,runtime' '/var/folders/gs/6wh8jtrs5217v33bfm594jbr0000gn/T/XcodeDistPipeline.~~~iVo3xl/Root/Payload/MyFiji.app/Frameworks/FaceSDK.framework'
2022-07-04 10:34:02 +0000  /var/folders/gs/6wh8jtrs5217v33bfm594jbr0000gn/T/XcodeDistPipeline.~~~iVo3xl/Root/Payload/MyFiji.app/Frameworks/FaceSDK.framework: replacing existing signature
2022-07-04 10:34:03 +0000  /var/folders/gs/6wh8jtrs5217v33bfm594jbr0000gn/T/XcodeDistPipeline.~~~iVo3xl/Root/Payload/MyFiji.app/Frameworks/FaceSDK.framework: signed bundle with Mach-O universal (arm64) [com.regula.facesdk]
2022-07-04 10:34:03 +0000  /usr/bin/codesign exited with 0
2022-07-04 10:34:03 +0000  Entitlements for <IDEDistributionItem: 0x7f974fe207a0; bundleID='com.zendesk.MessagingAPI', path='<DVTFilePath:0x7f9790cee370:'/Users/cbl-mac-033/Library/Developer/Xcode/Archives/2022-07-04/MyFiji(Prod) 04-07-22, 3.52 PM.xcarchive/Products/Applications/MyFiji.app/Frameworks/MessagingAPI.framework'>', codeSigningInfo='<_DVTCodeSigningInformation_Path: 0x7f97506385d0; isSigned='1', isAdHocSigned='0', signingCertificate='<DVTSigningCertificate: 0x7f978996e190; name='iPhone Distribution: Shanil Chandra (6NR225DSDF)', hash='86A9114CFE562B44AEB2EE0627EE4D6C6FEB57BC', serialNumber='3AD5C0AE2F5B0BABB8BE7BA311479E1C', certificateKinds='(
    "1.2.840.113635.100.6.1.4"
), issueDate='2022-07-01 12:03:33 +0000''>', entitlements='(null)', teamID='6NR225DSDF', identifier='com.zendesk.MessagingAPI', executablePath='<DVTFilePath:0x7f9793314700:'/Users/cbl-mac-033/Library/Developer/Xcode/Archives/2022-07-04/MyFiji(Prod) 04-07-22, 3.52 PM.xcarchive/Products/Applications/MyFiji.app/Frameworks/MessagingAPI.framework/MessagingAPI'>', hardenedRuntime='0'>'>: {
}
2022-07-04 10:34:03 +0000  Entitlements for <IDEDistributionItem: 0x7f974fe207a0; bundleID='com.zendesk.MessagingAPI', path='<DVTFilePath:0x7f9790cee370:'/Users/cbl-mac-033/Library/Developer/Xcode/Archives/2022-07-04/MyFiji(Prod) 04-07-22, 3.52 PM.xcarchive/Products/Applications/MyFiji.app/Frameworks/MessagingAPI.framework'>', codeSigningInfo='<_DVTCodeSigningInformation_Path: 0x7f97506385d0; isSigned='1', isAdHocSigned='0', signingCertificate='<DVTSigningCertificate: 0x7f978d2b6730; name='iPhone Distribution: Shanil Chandra (6NR225DSDF)', hash='86A9114CFE562B44AEB2EE0627EE4D6C6FEB57BC', serialNumber='3AD5C0AE2F5B0BABB8BE7BA311479E1C', certificateKinds='(
    "1.2.840.113635.100.6.1.4"
), issueDate='2022-07-01 12:03:33 +0000''>', entitlements='(null)', teamID='6NR225DSDF', identifier='com.zendesk.MessagingAPI', executablePath='<DVTFilePath:0x7f9793314700:'/Users/cbl-mac-033/Library/Developer/Xcode/Archives/2022-07-04/MyFiji(Prod) 04-07-22, 3.52 PM.xcarchive/Products/Applications/MyFiji.app/Frameworks/MessagingAPI.framework/MessagingAPI'>', hardenedRuntime='0'>'> are: {
}
2022-07-04 10:34:03 +0000  Writing entitlements for <IDEDistributionItem: 0x7f974fe207a0; bundleID='com.zendesk.MessagingAPI', path='<DVTFilePath:0x7f9790cee370:'/Users/cbl-mac-033/Library/Developer/Xcode/Archives/2022-07-04/MyFiji(Prod) 04-07-22, 3.52 PM.xcarchive/Products/Applications/MyFiji.app/Frameworks/MessagingAPI.framework'>', codeSigningInfo='<_DVTCodeSigningInformation_Path: 0x7f97506385d0; isSigned='1', isAdHocSigned='0', signingCertificate='<DVTSigningCertificate: 0x7f978d2a1e80; name='iPhone Distribution: Shanil Chandra (6NR225DSDF)', hash='86A9114CFE562B44AEB2EE0627EE4D6C6FEB57BC', serialNumber='3AD5C0AE2F5B0BABB8BE7BA311479E1C', certificateKinds='(
    "1.2.840.113635.100.6.1.4"
), issueDate='2022-07-01 12:03:33 +0000''>', entitlements='(null)', teamID='6NR225DSDF', identifier='com.zendesk.MessagingAPI', executablePath='<DVTFilePath:0x7f9793314700:'/Users/cbl-mac-033/Library/Developer/Xcode/Archives/2022-07-04/MyFiji(Prod) 04-07-22, 3.52 PM.xcarchive/Products/Applications/MyFiji.app/Frameworks/MessagingAPI.framework/MessagingAPI'>', hardenedRuntime='0'>'> to: /var/folders/gs/6wh8jtrs5217v33bfm594jbr0000gn/T/XcodeDistPipeline.~~~iVo3xl/entitlements~~~nxJ1PV
2022-07-04 10:34:03 +0000  Running /usr/bin/codesign '-vvv' '--force' '--sign' '86A9114CFE562B44AEB2EE0627EE4D6C6FEB57BC' '--entitlements' '/var/folders/gs/6wh8jtrs5217v33bfm594jbr0000gn/T/XcodeDistPipeline.~~~iVo3xl/entitlements~~~nxJ1PV' '--generate-entitlement-der' '--preserve-metadata=identifier,flags,runtime' '/var/folders/gs/6wh8jtrs5217v33bfm594jbr0000gn/T/XcodeDistPipeline.~~~iVo3xl/Root/Payload/MyFiji.app/Frameworks/MessagingAPI.framework'
2022-07-04 10:34:03 +0000  /var/folders/gs/6wh8jtrs5217v33bfm594jbr0000gn/T/XcodeDistPipeline.~~~iVo3xl/Root/Payload/MyFiji.app/Frameworks/MessagingAPI.framework: replacing existing signature
2022-07-04 10:34:03 +0000  /var/folders/gs/6wh8jtrs5217v33bfm594jbr0000gn/T/XcodeDistPipeline.~~~iVo3xl/Root/Payload/MyFiji.app/Frameworks/MessagingAPI.framework: signed bundle with Mach-O universal (arm64) [com.zendesk.MessagingAPI]
2022-07-04 10:34:03 +0000  /usr/bin/codesign exited with 0
2022-07-04 10:34:03 +0000  Entitlements for <IDEDistributionItem: 0x7f974d313d10; bundleID='com.zendesk.MessagingSDK', path='<DVTFilePath:0x7f9790c5f6c0:'/Users/cbl-mac-033/Library/Developer/Xcode/Archives/2022-07-04/MyFiji(Prod) 04-07-22, 3.52 PM.xcarchive/Products/Applications/MyFiji.app/Frameworks/MessagingSDK.framework'>', codeSigningInfo='<_DVTCodeSigningInformation_Path: 0x7f97502a3e10; isSigned='1', isAdHocSigned='0', signingCertificate='<DVTSigningCertificate: 0x7f975ff386f0; name='iPhone Distribution: Shanil Chandra (6NR225DSDF)', hash='86A9114CFE562B44AEB2EE0627EE4D6C6FEB57BC', serialNumber='3AD5C0AE2F5B0BABB8BE7BA311479E1C', certificateKinds='(
    "1.2.840.113635.100.6.1.4"
), issueDate='2022-07-01 12:03:33 +0000''>', entitlements='(null)', teamID='6NR225DSDF', identifier='com.zendesk.MessagingSDK', executablePath='<DVTFilePath:0x7f975f41f520:'/Users/cbl-mac-033/Library/Developer/Xcode/Archives/2022-07-04/MyFiji(Prod) 04-07-22, 3.52 PM.xcarchive/Products/Applications/MyFiji.app/Frameworks/MessagingSDK.framework/MessagingSDK'>', hardenedRuntime='0'>'>: {
}
2022-07-04 10:34:03 +0000  Entitlements for <IDEDistributionItem: 0x7f974d313d10; bundleID='com.zendesk.MessagingSDK', path='<DVTFilePath:0x7f9790c5f6c0:'/Users/cbl-mac-033/Library/Developer/Xcode/Archives/2022-07-04/MyFiji(Prod) 04-07-22, 3.52 PM.xcarchive/Products/Applications/MyFiji.app/Frameworks/MessagingSDK.framework'>', codeSigningInfo='<_DVTCodeSigningInformation_Path: 0x7f97502a3e10; isSigned='1', isAdHocSigned='0', signingCertificate='<DVTSigningCertificate: 0x7f975ff9c850; name='iPhone Distribution: Shanil Chandra (6NR225DSDF)', hash='86A9114CFE562B44AEB2EE0627EE4D6C6FEB57BC', serialNumber='3AD5C0AE2F5B0BABB8BE7BA311479E1C', certificateKinds='(
    "1.2.840.113635.100.6.1.4"
), issueDate='2022-07-01 12:03:33 +0000''>', entitlements='(null)', teamID='6NR225DSDF', identifier='com.zendesk.MessagingSDK', executablePath='<DVTFilePath:0x7f975f41f520:'/Users/cbl-mac-033/Library/Developer/Xcode/Archives/2022-07-04/MyFiji(Prod) 04-07-22, 3.52 PM.xcarchive/Products/Applications/MyFiji.app/Frameworks/MessagingSDK.framework/MessagingSDK'>', hardenedRuntime='0'>'> are: {
}
2022-07-04 10:34:03 +0000  Writing entitlements for <IDEDistributionItem: 0x7f974d313d10; bundleID='com.zendesk.MessagingSDK', path='<DVTFilePath:0x7f9790c5f6c0:'/Users/cbl-mac-033/Library/Developer/Xcode/Archives/2022-07-04/MyFiji(Prod) 04-07-22, 3.52 PM.xcarchive/Products/Applications/MyFiji.app/Frameworks/MessagingSDK.framework'>', codeSigningInfo='<_DVTCodeSigningInformation_Path: 0x7f97502a3e10; isSigned='1', isAdHocSigned='0', signingCertificate='<DVTSigningCertificate: 0x7f975bed5280; name='iPhone Distribution: Shanil Chandra (6NR225DSDF)', hash='86A9114CFE562B44AEB2EE0627EE4D6C6FEB57BC', serialNumber='3AD5C0AE2F5B0BABB8BE7BA311479E1C', certificateKinds='(
    "1.2.840.113635.100.6.1.4"
), issueDate='2022-07-01 12:03:33 +0000''>', entitlements='(null)', teamID='6NR225DSDF', identifier='com.zendesk.MessagingSDK', executablePath='<DVTFilePath:0x7f975f41f520:'/Users/cbl-mac-033/Library/Developer/Xcode/Archives/2022-07-04/MyFiji(Prod) 04-07-22, 3.52 PM.xcarchive/Products/Applications/MyFiji.app/Frameworks/MessagingSDK.framework/MessagingSDK'>', hardenedRuntime='0'>'> to: /var/folders/gs/6wh8jtrs5217v33bfm594jbr0000gn/T/XcodeDistPipeline.~~~iVo3xl/entitlements~~~4J5MkT
2022-07-04 10:34:03 +0000  Running /usr/bin/codesign '-vvv' '--force' '--sign' '86A9114CFE562B44AEB2EE0627EE4D6C6FEB57BC' '--entitlements' '/var/folders/gs/6wh8jtrs5217v33bfm594jbr0000gn/T/XcodeDistPipeline.~~~iVo3xl/entitlements~~~4J5MkT' '--generate-entitlement-der' '--preserve-metadata=identifier,flags,runtime' '/var/folders/gs/6wh8jtrs5217v33bfm594jbr0000gn/T/XcodeDistPipeline.~~~iVo3xl/Root/Payload/MyFiji.app/Frameworks/MessagingSDK.framework'
2022-07-04 10:34:03 +0000  /var/folders/gs/6wh8jtrs5217v33bfm594jbr0000gn/T/XcodeDistPipeline.~~~iVo3xl/Root/Payload/MyFiji.app/Frameworks/MessagingSDK.framework: replacing existing signature
2022-07-04 10:34:03 +0000  /var/folders/gs/6wh8jtrs5217v33bfm594jbr0000gn/T/XcodeDistPipeline.~~~iVo3xl/Root/Payload/MyFiji.app/Frameworks/MessagingSDK.framework: signed bundle with Mach-O universal (arm64) [com.zendesk.MessagingSDK]
2022-07-04 10:34:03 +0000  /usr/bin/codesign exited with 0
2022-07-04 10:34:03 +0000  Entitlements for <IDEDistributionItem: 0x7f97504156c0; bundleID='com.razorpay.CheckoutOtpelf', path='<DVTFilePath:0x7f975c3e10d0:'/Users/cbl-mac-033/Library/Developer/Xcode/Archives/2022-07-04/MyFiji(Prod) 04-07-22, 3.52 PM.xcarchive/Products/Applications/MyFiji.app/Frameworks/Razorpay.framework'>', codeSigningInfo='<_DVTCodeSigningInformation_Path: 0x7f975c3552b0; isSigned='1', isAdHocSigned='0', signingCertificate='<DVTSigningCertificate: 0x7f97504d6460; name='iPhone Distribution: Shanil Chandra (6NR225DSDF)', hash='86A9114CFE562B44AEB2EE0627EE4D6C6FEB57BC', serialNumber='3AD5C0AE2F5B0BABB8BE7BA311479E1C', certificateKinds='(
    "1.2.840.113635.100.6.1.4"
), issueDate='2022-07-01 12:03:33 +0000''>', entitlements='(null)', teamID='6NR225DSDF', identifier='com.razorpay.CheckoutOtpelf', executablePath='<DVTFilePath:0x7f975bf62510:'/Users/cbl-mac-033/Library/Developer/Xcode/Archives/2022-07-04/MyFiji(Prod) 04-07-22, 3.52 PM.xcarchive/Products/Applications/MyFiji.app/Frameworks/Razorpay.framework/Razorpay'>', hardenedRuntime='0'>'>: {
}
2022-07-04 10:34:03 +0000  Entitlements for <IDEDistributionItem: 0x7f97504156c0; bundleID='com.razorpay.CheckoutOtpelf', path='<DVTFilePath:0x7f975c3e10d0:'/Users/cbl-mac-033/Library/Developer/Xcode/Archives/2022-07-04/MyFiji(Prod) 04-07-22, 3.52 PM.xcarchive/Products/Applications/MyFiji.app/Frameworks/Razorpay.framework'>', codeSigningInfo='<_DVTCodeSigningInformation_Path: 0x7f975c3552b0; isSigned='1', isAdHocSigned='0', signingCertificate='<DVTSigningCertificate: 0x7f974ca05960; name='iPhone Distribution: Shanil Chandra (6NR225DSDF)', hash='86A9114CFE562B44AEB2EE0627EE4D6C6FEB57BC', serialNumber='3AD5C0AE2F5B0BABB8BE7BA311479E1C', certificateKinds='(
    "1.2.840.113635.100.6.1.4"
), issueDate='2022-07-01 12:03:33 +0000''>', entitlements='(null)', teamID='6NR225DSDF', identifier='com.razorpay.CheckoutOtpelf', executablePath='<DVTFilePath:0x7f975bf62510:'/Users/cbl-mac-033/Library/Developer/Xcode/Archives/2022-07-04/MyFiji(Prod) 04-07-22, 3.52 PM.xcarchive/Products/Applications/MyFiji.app/Frameworks/Razorpay.framework/Razorpay'>', hardenedRuntime='0'>'> are: {
}
2022-07-04 10:34:03 +0000  Writing entitlements for <IDEDistributionItem: 0x7f97504156c0; bundleID='com.razorpay.CheckoutOtpelf', path='<DVTFilePath:0x7f975c3e10d0:'/Users/cbl-mac-033/Library/Developer/Xcode/Archives/2022-07-04/MyFiji(Prod) 04-07-22, 3.52 PM.xcarchive/Products/Applications/MyFiji.app/Frameworks/Razorpay.framework'>', codeSigningInfo='<_DVTCodeSigningInformation_Path: 0x7f975c3552b0; isSigned='1', isAdHocSigned='0', signingCertificate='<DVTSigningCertificate: 0x7f974ca33750; name='iPhone Distribution: Shanil Chandra (6NR225DSDF)', hash='86A9114CFE562B44AEB2EE0627EE4D6C6FEB57BC', serialNumber='3AD5C0AE2F5B0BABB8BE7BA311479E1C', certificateKinds='(
    "1.2.840.113635.100.6.1.4"
), issueDate='2022-07-01 12:03:33 +0000''>', entitlements='(null)', teamID='6NR225DSDF', identifier='com.razorpay.CheckoutOtpelf', executablePath='<DVTFilePath:0x7f975bf62510:'/Users/cbl-mac-033/Library/Developer/Xcode/Archives/2022-07-04/MyFiji(Prod) 04-07-22, 3.52 PM.xcarchive/Products/Applications/MyFiji.app/Frameworks/Razorpay.framework/Razorpay'>', hardenedRuntime='0'>'> to: /var/folders/gs/6wh8jtrs5217v33bfm594jbr0000gn/T/XcodeDistPipeline.~~~iVo3xl/entitlements~~~EznYpP
2022-07-04 10:34:03 +0000  Running /usr/bin/codesign '-vvv' '--force' '--sign' '86A9114CFE562B44AEB2EE0627EE4D6C6FEB57BC' '--entitlements' '/var/folders/gs/6wh8jtrs5217v33bfm594jbr0000gn/T/XcodeDistPipeline.~~~iVo3xl/entitlements~~~EznYpP' '--generate-entitlement-der' '--preserve-metadata=identifier,flags,runtime' '/var/folders/gs/6wh8jtrs5217v33bfm594jbr0000gn/T/XcodeDistPipeline.~~~iVo3xl/Root/Payload/MyFiji.app/Frameworks/Razorpay.framework'
2022-07-04 10:34:03 +0000  /var/folders/gs/6wh8jtrs5217v33bfm594jbr0000gn/T/XcodeDistPipeline.~~~iVo3xl/Root/Payload/MyFiji.app/Frameworks/Razorpay.framework: replacing existing signature
2022-07-04 10:34:03 +0000  /var/folders/gs/6wh8jtrs5217v33bfm594jbr0000gn/T/XcodeDistPipeline.~~~iVo3xl/Root/Payload/MyFiji.app/Frameworks/Razorpay.framework: signed bundle with Mach-O universal (arm64) [com.razorpay.CheckoutOtpelf]
2022-07-04 10:34:03 +0000  /usr/bin/codesign exited with 0
2022-07-04 10:34:03 +0000  Entitlements for <IDEDistributionItem: 0x7f97f7c76f70; bundleID='com.regula.RegulaCommon', path='<DVTFilePath:0x7f977bc2eb90:'/Users/cbl-mac-033/Library/Developer/Xcode/Archives/2022-07-04/MyFiji(Prod) 04-07-22, 3.52 PM.xcarchive/Products/Applications/MyFiji.app/Frameworks/RegulaCommon.framework'>', codeSigningInfo='<_DVTCodeSigningInformation_Path: 0x7f975fea1a80; isSigned='1', isAdHocSigned='0', signingCertificate='<DVTSigningCertificate: 0x7f97602efbe0; name='iPhone Distribution: Shanil Chandra (6NR225DSDF)', hash='86A9114CFE562B44AEB2EE0627EE4D6C6FEB57BC', serialNumber='3AD5C0AE2F5B0BABB8BE7BA311479E1C', certificateKinds='(
    "1.2.840.113635.100.6.1.4"
), issueDate='2022-07-01 12:03:33 +0000''>', entitlements='(null)', teamID='6NR225DSDF', identifier='com.regula.RegulaCommon', executablePath='<DVTFilePath:0x7f977bc89930:'/Users/cbl-mac-033/Library/Developer/Xcode/Archives/2022-07-04/MyFiji(Prod) 04-07-22, 3.52 PM.xcarchive/Products/Applications/MyFiji.app/Frameworks/RegulaCommon.framework/RegulaCommon'>', hardenedRuntime='0'>'>: {
}
2022-07-04 10:34:03 +0000  Entitlements for <IDEDistributionItem: 0x7f97f7c76f70; bundleID='com.regula.RegulaCommon', path='<DVTFilePath:0x7f977bc2eb90:'/Users/cbl-mac-033/Library/Developer/Xcode/Archives/2022-07-04/MyFiji(Prod) 04-07-22, 3.52 PM.xcarchive/Products/Applications/MyFiji.app/Frameworks/RegulaCommon.framework'>', codeSigningInfo='<_DVTCodeSigningInformation_Path: 0x7f975fea1a80; isSigned='1', isAdHocSigned='0', signingCertificate='<DVTSigningCertificate: 0x7f9795914a10; name='iPhone Distribution: Shanil Chandra (6NR225DSDF)', hash='86A9114CFE562B44AEB2EE0627EE4D6C6FEB57BC', serialNumber='3AD5C0AE2F5B0BABB8BE7BA311479E1C', certificateKinds='(
    "1.2.840.113635.100.6.1.4"
), issueDate='2022-07-01 12:03:33 +0000''>', entitlements='(null)', teamID='6NR225DSDF', identifier='com.regula.RegulaCommon', executablePath='<DVTFilePath:0x7f977bc89930:'/Users/cbl-mac-033/Library/Developer/Xcode/Archives/2022-07-04/MyFiji(Prod) 04-07-22, 3.52 PM.xcarchive/Products/Applications/MyFiji.app/Frameworks/RegulaCommon.framework/RegulaCommon'>', hardenedRuntime='0'>'> are: {
}
2022-07-04 10:34:03 +0000  Writing entitlements for <IDEDistributionItem: 0x7f97f7c76f70; bundleID='com.regula.RegulaCommon', path='<DVTFilePath:0x7f977bc2eb90:'/Users/cbl-mac-033/Library/Developer/Xcode/Archives/2022-07-04/MyFiji(Prod) 04-07-22, 3.52 PM.xcarchive/Products/Applications/MyFiji.app/Frameworks/RegulaCommon.framework'>', codeSigningInfo='<_DVTCodeSigningInformation_Path: 0x7f975fea1a80; isSigned='1', isAdHocSigned='0', signingCertificate='<DVTSigningCertificate: 0x7f9790c3c290; name='iPhone Distribution: Shanil Chandra (6NR225DSDF)', hash='86A9114CFE562B44AEB2EE0627EE4D6C6FEB57BC', serialNumber='3AD5C0AE2F5B0BABB8BE7BA311479E1C', certificateKinds='(
    "1.2.840.113635.100.6.1.4"
), issueDate='2022-07-01 12:03:33 +0000''>', entitlements='(null)', teamID='6NR225DSDF', identifier='com.regula.RegulaCommon', executablePath='<DVTFilePath:0x7f977bc89930:'/Users/cbl-mac-033/Library/Developer/Xcode/Archives/2022-07-04/MyFiji(Prod) 04-07-22, 3.52 PM.xcarchive/Products/Applications/MyFiji.app/Frameworks/RegulaCommon.framework/RegulaCommon'>', hardenedRuntime='0'>'> to: /var/folders/gs/6wh8jtrs5217v33bfm594jbr0000gn/T/XcodeDistPipeline.~~~iVo3xl/entitlements~~~k6q4yx
2022-07-04 10:34:03 +0000  Running /usr/bin/codesign '-vvv' '--force' '--sign' '86A9114CFE562B44AEB2EE0627EE4D6C6FEB57BC' '--entitlements' '/var/folders/gs/6wh8jtrs5217v33bfm594jbr0000gn/T/XcodeDistPipeline.~~~iVo3xl/entitlements~~~k6q4yx' '--generate-entitlement-der' '--preserve-metadata=identifier,flags,runtime' '/var/folders/gs/6wh8jtrs5217v33bfm594jbr0000gn/T/XcodeDistPipeline.~~~iVo3xl/Root/Payload/MyFiji.app/Frameworks/RegulaCommon.framework'
2022-07-04 10:34:03 +0000  /var/folders/gs/6wh8jtrs5217v33bfm594jbr0000gn/T/XcodeDistPipeline.~~~iVo3xl/Root/Payload/MyFiji.app/Frameworks/RegulaCommon.framework: replacing existing signature
2022-07-04 10:34:03 +0000  /var/folders/gs/6wh8jtrs5217v33bfm594jbr0000gn/T/XcodeDistPipeline.~~~iVo3xl/Root/Payload/MyFiji.app/Frameworks/RegulaCommon.framework: signed bundle with Mach-O universal (arm64) [com.regula.RegulaCommon]
2022-07-04 10:34:03 +0000  /usr/bin/codesign exited with 0
2022-07-04 10:34:03 +0000  Entitlements for <IDEDistributionItem: 0x7f975bf1f590; bundleID='com.zendesk.SDKConfigurations', path='<DVTFilePath:0x7f978e2a5d00:'/Users/cbl-mac-033/Library/Developer/Xcode/Archives/2022-07-04/MyFiji(Prod) 04-07-22, 3.52 PM.xcarchive/Products/Applications/MyFiji.app/Frameworks/SDKConfigurations.framework'>', codeSigningInfo='<_DVTCodeSigningInformation_Path: 0x7f975ff13f90; isSigned='1', isAdHocSigned='0', signingCertificate='<DVTSigningCertificate: 0x7f975fb3b1d0; name='iPhone Distribution: Shanil Chandra (6NR225DSDF)', hash='86A9114CFE562B44AEB2EE0627EE4D6C6FEB57BC', serialNumber='3AD5C0AE2F5B0BABB8BE7BA311479E1C', certificateKinds='(
    "1.2.840.113635.100.6.1.4"
), issueDate='2022-07-01 12:03:33 +0000''>', entitlements='(null)', teamID='6NR225DSDF', identifier='com.zendesk.SDKConfigurations', executablePath='<DVTFilePath:0x7f97b7693050:'/Users/cbl-mac-033/Library/Developer/Xcode/Archives/2022-07-04/MyFiji(Prod) 04-07-22, 3.52 PM.xcarchive/Products/Applications/MyFiji.app/Frameworks/SDKConfigurations.framework/SDKConfigurations'>', hardenedRuntime='0'>'>: {
}
2022-07-04 10:34:03 +0000  Entitlements for <IDEDistributionItem: 0x7f975bf1f590; bundleID='com.zendesk.SDKConfigurations', path='<DVTFilePath:0x7f978e2a5d00:'/Users/cbl-mac-033/Library/Developer/Xcode/Archives/2022-07-04/MyFiji(Prod) 04-07-22, 3.52 PM.xcarchive/Products/Applications/MyFiji.app/Frameworks/SDKConfigurations.framework'>', codeSigningInfo='<_DVTCodeSigningInformation_Path: 0x7f975ff13f90; isSigned='1', isAdHocSigned='0', signingCertificate='<DVTSigningCertificate: 0x7f974c2e6c10; name='iPhone Distribution: Shanil Chandra (6NR225DSDF)', hash='86A9114CFE562B44AEB2EE0627EE4D6C6FEB57BC', serialNumber='3AD5C0AE2F5B0BABB8BE7BA311479E1C', certificateKinds='(
    "1.2.840.113635.100.6.1.4"
), issueDate='2022-07-01 12:03:33 +0000''>', entitlements='(null)', teamID='6NR225DSDF', identifier='com.zendesk.SDKConfigurations', executablePath='<DVTFilePath:0x7f97b7693050:'/Users/cbl-mac-033/Library/Developer/Xcode/Archives/2022-07-04/MyFiji(Prod) 04-07-22, 3.52 PM.xcarchive/Products/Applications/MyFiji.app/Frameworks/SDKConfigurations.framework/SDKConfigurations'>', hardenedRuntime='0'>'> are: {
}
2022-07-04 10:34:03 +0000  Writing entitlements for <IDEDistributionItem: 0x7f975bf1f590; bundleID='com.zendesk.SDKConfigurations', path='<DVTFilePath:0x7f978e2a5d00:'/Users/cbl-mac-033/Library/Developer/Xcode/Archives/2022-07-04/MyFiji(Prod) 04-07-22, 3.52 PM.xcarchive/Products/Applications/MyFiji.app/Frameworks/SDKConfigurations.framework'>', codeSigningInfo='<_DVTCodeSigningInformation_Path: 0x7f975ff13f90; isSigned='1', isAdHocSigned='0', signingCertificate='<DVTSigningCertificate: 0x7f975fa2f0e0; name='iPhone Distribution: Shanil Chandra (6NR225DSDF)', hash='86A9114CFE562B44AEB2EE0627EE4D6C6FEB57BC', serialNumber='3AD5C0AE2F5B0BABB8BE7BA311479E1C', certificateKinds='(
    "1.2.840.113635.100.6.1.4"
), issueDate='2022-07-01 12:03:33 +0000''>', entitlements='(null)', teamID='6NR225DSDF', identifier='com.zendesk.SDKConfigurations', executablePath='<DVTFilePath:0x7f97b7693050:'/Users/cbl-mac-033/Library/Developer/Xcode/Archives/2022-07-04/MyFiji(Prod) 04-07-22, 3.52 PM.xcarchive/Products/Applications/MyFiji.app/Frameworks/SDKConfigurations.framework/SDKConfigurations'>', hardenedRuntime='0'>'> to: /var/folders/gs/6wh8jtrs5217v33bfm594jbr0000gn/T/XcodeDistPipeline.~~~iVo3xl/entitlements~~~Y8HoVl
2022-07-04 10:34:03 +0000  Running /usr/bin/codesign '-vvv' '--force' '--sign' '86A9114CFE562B44AEB2EE0627EE4D6C6FEB57BC' '--entitlements' '/var/folders/gs/6wh8jtrs5217v33bfm594jbr0000gn/T/XcodeDistPipeline.~~~iVo3xl/entitlements~~~Y8HoVl' '--generate-entitlement-der' '--preserve-metadata=identifier,flags,runtime' '/var/folders/gs/6wh8jtrs5217v33bfm594jbr0000gn/T/XcodeDistPipeline.~~~iVo3xl/Root/Payload/MyFiji.app/Frameworks/SDKConfigurations.framework'
2022-07-04 10:34:03 +0000  /var/folders/gs/6wh8jtrs5217v33bfm594jbr0000gn/T/XcodeDistPipeline.~~~iVo3xl/Root/Payload/MyFiji.app/Frameworks/SDKConfigurations.framework: replacing existing signature
2022-07-04 10:34:03 +0000  /var/folders/gs/6wh8jtrs5217v33bfm594jbr0000gn/T/XcodeDistPipeline.~~~iVo3xl/Root/Payload/MyFiji.app/Frameworks/SDKConfigurations.framework: signed bundle with Mach-O universal (arm64) [com.zendesk.SDKConfigurations]
2022-07-04 10:34:03 +0000  /usr/bin/codesign exited with 0
2022-07-04 10:34:03 +0000  Entitlements for <IDEDistributionItem: 0x7f97509e8eb0; bundleID='com.apple.dt.runtime.swiftAVFoundation', path='<DVTFilePath:0x7f974fd35b90:'/Users/cbl-mac-033/Library/Developer/Xcode/Archives/2022-07-04/MyFiji(Prod) 04-07-22, 3.52 PM.xcarchive/Products/Applications/MyFiji.app/Frameworks/libswiftAVFoundation.dylib'>', codeSigningInfo='<_DVTCodeSigningInformation_Path: 0x7f9750549af0; isSigned='1', isAdHocSigned='0', signingCertificate='<DVTSigningCertificate: 0x7f974c1a43e0; name='iPhone Distribution: Shanil Chandra (6NR225DSDF)', hash='86A9114CFE562B44AEB2EE0627EE4D6C6FEB57BC', serialNumber='3AD5C0AE2F5B0BABB8BE7BA311479E1C', certificateKinds='(
    "1.2.840.113635.100.6.1.4"
), issueDate='2022-07-01 12:03:33 +0000''>', entitlements='(null)', teamID='6NR225DSDF', identifier='com.apple.dt.runtime.swiftAVFoundation', executablePath='<DVTFilePath:0x7f974fd35b90:'/Users/cbl-mac-033/Library/Developer/Xcode/Archives/2022-07-04/MyFiji(Prod) 04-07-22, 3.52 PM.xcarchive/Products/Applications/MyFiji.app/Frameworks/libswiftAVFoundation.dylib'>', hardenedRuntime='0'>'>: {
}
2022-07-04 10:34:03 +0000  Entitlements for <IDEDistributionItem: 0x7f97509e8eb0; bundleID='com.apple.dt.runtime.swiftAVFoundation', path='<DVTFilePath:0x7f974fd35b90:'/Users/cbl-mac-033/Library/Developer/Xcode/Archives/2022-07-04/MyFiji(Prod) 04-07-22, 3.52 PM.xcarchive/Products/Applications/MyFiji.app/Frameworks/libswiftAVFoundation.dylib'>', codeSigningInfo='<_DVTCodeSigningInformation_Path: 0x7f9750549af0; isSigned='1', isAdHocSigned='0', signingCertificate='<DVTSigningCertificate: 0x7f9750934e10; name='iPhone Distribution: Shanil Chandra (6NR225DSDF)', hash='86A9114CFE562B44AEB2EE0627EE4D6C6FEB57BC', serialNumber='3AD5C0AE2F5B0BABB8BE7BA311479E1C', certificateKinds='(
    "1.2.840.113635.100.6.1.4"
), issueDate='2022-07-01 12:03:33 +0000''>', entitlements='(null)', teamID='6NR225DSDF', identifier='com.apple.dt.runtime.swiftAVFoundation', executablePath='<DVTFilePath:0x7f974fd35b90:'/Users/cbl-mac-033/Library/Developer/Xcode/Archives/2022-07-04/MyFiji(Prod) 04-07-22, 3.52 PM.xcarchive/Products/Applications/MyFiji.app/Frameworks/libswiftAVFoundation.dylib'>', hardenedRuntime='0'>'> are: {
}
2022-07-04 10:34:03 +0000  Writing entitlements for <IDEDistributionItem: 0x7f97509e8eb0; bundleID='com.apple.dt.runtime.swiftAVFoundation', path='<DVTFilePath:0x7f974fd35b90:'/Users/cbl-mac-033/Library/Developer/Xcode/Archives/2022-07-04/MyFiji(Prod) 04-07-22, 3.52 PM.xcarchive/Products/Applications/MyFiji.app/Frameworks/libswiftAVFoundation.dylib'>', codeSigningInfo='<_DVTCodeSigningInformation_Path: 0x7f9750549af0; isSigned='1', isAdHocSigned='0', signingCertificate='<DVTSigningCertificate: 0x7f970d812290; name='iPhone Distribution: Shanil Chandra (6NR225DSDF)', hash='86A9114CFE562B44AEB2EE0627EE4D6C6FEB57BC', serialNumber='3AD5C0AE2F5B0BABB8BE7BA311479E1C', certificateKinds='(
    "1.2.840.113635.100.6.1.4"
), issueDate='2022-07-01 12:03:33 +0000''>', entitlements='(null)', teamID='6NR225DSDF', identifier='com.apple.dt.runtime.swiftAVFoundation', executablePath='<DVTFilePath:0x7f974fd35b90:'/Users/cbl-mac-033/Library/Developer/Xcode/Archives/2022-07-04/MyFiji(Prod) 04-07-22, 3.52 PM.xcarchive/Products/Applications/MyFiji.app/Frameworks/libswiftAVFoundation.dylib'>', hardenedRuntime='0'>'> to: /var/folders/gs/6wh8jtrs5217v33bfm594jbr0000gn/T/XcodeDistPipeline.~~~iVo3xl/entitlements~~~QEAlIx
2022-07-04 10:34:03 +0000  Running /usr/bin/codesign '-vvv' '--force' '--sign' '86A9114CFE562B44AEB2EE0627EE4D6C6FEB57BC' '--entitlements' '/var/folders/gs/6wh8jtrs5217v33bfm594jbr0000gn/T/XcodeDistPipeline.~~~iVo3xl/entitlements~~~QEAlIx' '--generate-entitlement-der' '--preserve-metadata=identifier,flags,runtime' '/var/folders/gs/6wh8jtrs5217v33bfm594jbr0000gn/T/XcodeDistPipeline.~~~iVo3xl/Root/Payload/MyFiji.app/Frameworks/libswiftAVFoundation.dylib'
2022-07-04 10:34:03 +0000  /var/folders/gs/6wh8jtrs5217v33bfm594jbr0000gn/T/XcodeDistPipeline.~~~iVo3xl/Root/Payload/MyFiji.app/Frameworks/libswiftAVFoundation.dylib: replacing existing signature
2022-07-04 10:34:03 +0000  /var/folders/gs/6wh8jtrs5217v33bfm594jbr0000gn/T/XcodeDistPipeline.~~~iVo3xl/Root/Payload/MyFiji.app/Frameworks/libswiftAVFoundation.dylib: signed Mach-O universal (armv7 armv7s arm64) [com.apple.dt.runtime.swiftAVFoundation]
2022-07-04 10:34:03 +0000  /usr/bin/codesign exited with 0
2022-07-04 10:34:03 +0000  Entitlements for <IDEDistributionItem: 0x7f979ce17cf0; bundleID='com.apple.dt.runtime.swiftContacts', path='<DVTFilePath:0x7f97967ab2c0:'/Users/cbl-mac-033/Library/Developer/Xcode/Archives/2022-07-04/MyFiji(Prod) 04-07-22, 3.52 PM.xcarchive/Products/Applications/MyFiji.app/Frameworks/libswiftContacts.dylib'>', codeSigningInfo='<_DVTCodeSigningInformation_Path: 0x7f975ed81f00; isSigned='1', isAdHocSigned='0', signingCertificate='<DVTSigningCertificate: 0x7f970d812290; name='iPhone Distribution: Shanil Chandra (6NR225DSDF)', hash='86A9114CFE562B44AEB2EE0627EE4D6C6FEB57BC', serialNumber='3AD5C0AE2F5B0BABB8BE7BA311479E1C', certificateKinds='(
    "1.2.840.113635.100.6.1.4"
), issueDate='2022-07-01 12:03:33 +0000''>', entitlements='(null)', teamID='6NR225DSDF', identifier='com.apple.dt.runtime.swiftContacts', executablePath='<DVTFilePath:0x7f97967ab2c0:'/Users/cbl-mac-033/Library/Developer/Xcode/Archives/2022-07-04/MyFiji(Prod) 04-07-22, 3.52 PM.xcarchive/Products/Applications/MyFiji.app/Frameworks/libswiftContacts.dylib'>', hardenedRuntime='0'>'>: {
}
2022-07-04 10:34:03 +0000  Entitlements for <IDEDistributionItem: 0x7f979ce17cf0; bundleID='com.apple.dt.runtime.swiftContacts', path='<DVTFilePath:0x7f97967ab2c0:'/Users/cbl-mac-033/Library/Developer/Xcode/Archives/2022-07-04/MyFiji(Prod) 04-07-22, 3.52 PM.xcarchive/Products/Applications/MyFiji.app/Frameworks/libswiftContacts.dylib'>', codeSigningInfo='<_DVTCodeSigningInformation_Path: 0x7f975ed81f00; isSigned='1', isAdHocSigned='0', signingCertificate='<DVTSigningCertificate: 0x7f977d9c00f0; name='iPhone Distribution: Shanil Chandra (6NR225DSDF)', hash='86A9114CFE562B44AEB2EE0627EE4D6C6FEB57BC', serialNumber='3AD5C0AE2F5B0BABB8BE7BA311479E1C', certificateKinds='(
    "1.2.840.113635.100.6.1.4"
), issueDate='2022-07-01 12:03:33 +0000''>', entitlements='(null)', teamID='6NR225DSDF', identifier='com.apple.dt.runtime.swiftContacts', executablePath='<DVTFilePath:0x7f97967ab2c0:'/Users/cbl-mac-033/Library/Developer/Xcode/Archives/2022-07-04/MyFiji(Prod) 04-07-22, 3.52 PM.xcarchive/Products/Applications/MyFiji.app/Frameworks/libswiftContacts.dylib'>', hardenedRuntime='0'>'> are: {
}
2022-07-04 10:34:03 +0000  Writing entitlements for <IDEDistributionItem: 0x7f979ce17cf0; bundleID='com.apple.dt.runtime.swiftContacts', path='<DVTFilePath:0x7f97967ab2c0:'/Users/cbl-mac-033/Library/Developer/Xcode/Archives/2022-07-04/MyFiji(Prod) 04-07-22, 3.52 PM.xcarchive/Products/Applications/MyFiji.app/Frameworks/libswiftContacts.dylib'>', codeSigningInfo='<_DVTCodeSigningInformation_Path: 0x7f975ed81f00; isSigned='1', isAdHocSigned='0', signingCertificate='<DVTSigningCertificate: 0x7f975c224aa0; name='iPhone Distribution: Shanil Chandra (6NR225DSDF)', hash='86A9114CFE562B44AEB2EE0627EE4D6C6FEB57BC', serialNumber='3AD5C0AE2F5B0BABB8BE7BA311479E1C', certificateKinds='(
    "1.2.840.113635.100.6.1.4"
), issueDate='2022-07-01 12:03:33 +0000''>', entitlements='(null)', teamID='6NR225DSDF', identifier='com.apple.dt.runtime.swiftContacts', executablePath='<DVTFilePath:0x7f97967ab2c0:'/Users/cbl-mac-033/Library/Developer/Xcode/Archives/2022-07-04/MyFiji(Prod) 04-07-22, 3.52 PM.xcarchive/Products/Applications/MyFiji.app/Frameworks/libswiftContacts.dylib'>', hardenedRuntime='0'>'> to: /var/folders/gs/6wh8jtrs5217v33bfm594jbr0000gn/T/XcodeDistPipeline.~~~iVo3xl/entitlements~~~m9ulWD
2022-07-04 10:34:03 +0000  Running /usr/bin/codesign '-vvv' '--force' '--sign' '86A9114CFE562B44AEB2EE0627EE4D6C6FEB57BC' '--entitlements' '/var/folders/gs/6wh8jtrs5217v33bfm594jbr0000gn/T/XcodeDistPipeline.~~~iVo3xl/entitlements~~~m9ulWD' '--generate-entitlement-der' '--preserve-metadata=identifier,flags,runtime' '/var/folders/gs/6wh8jtrs5217v33bfm594jbr0000gn/T/XcodeDistPipeline.~~~iVo3xl/Root/Payload/MyFiji.app/Frameworks/libswiftContacts.dylib'
2022-07-04 10:34:04 +0000  /var/folders/gs/6wh8jtrs5217v33bfm594jbr0000gn/T/XcodeDistPipeline.~~~iVo3xl/Root/Payload/MyFiji.app/Frameworks/libswiftContacts.dylib: replacing existing signature
2022-07-04 10:34:04 +0000  /var/folders/gs/6wh8jtrs5217v33bfm594jbr0000gn/T/XcodeDistPipeline.~~~iVo3xl/Root/Payload/MyFiji.app/Frameworks/libswiftContacts.dylib: signed Mach-O universal (armv7 armv7s arm64) [com.apple.dt.runtime.swiftContacts]
2022-07-04 10:34:04 +0000  /usr/bin/codesign exited with 0
2022-07-04 10:34:04 +0000  Entitlements for <IDEDistributionItem: 0x7f975f516fd0; bundleID='com.apple.dt.runtime.swiftCore', path='<DVTFilePath:0x7f975bf492f0:'/Users/cbl-mac-033/Library/Developer/Xcode/Archives/2022-07-04/MyFiji(Prod) 04-07-22, 3.52 PM.xcarchive/Products/Applications/MyFiji.app/Frameworks/libswiftCore.dylib'>', codeSigningInfo='<_DVTCodeSigningInformation_Path: 0x7f974d8cb640; isSigned='1', isAdHocSigned='0', signingCertificate='<DVTSigningCertificate: 0x7f9750210850; name='iPhone Distribution: Shanil Chandra (6NR225DSDF)', hash='86A9114CFE562B44AEB2EE0627EE4D6C6FEB57BC', serialNumber='3AD5C0AE2F5B0BABB8BE7BA311479E1C', certificateKinds='(
    "1.2.840.113635.100.6.1.4"
), issueDate='2022-07-01 12:03:33 +0000''>', entitlements='(null)', teamID='6NR225DSDF', identifier='com.apple.dt.runtime.swiftCore', executablePath='<DVTFilePath:0x7f975bf492f0:'/Users/cbl-mac-033/Library/Developer/Xcode/Archives/2022-07-04/MyFiji(Prod) 04-07-22, 3.52 PM.xcarchive/Products/Applications/MyFiji.app/Frameworks/libswiftCore.dylib'>', hardenedRuntime='0'>'>: {
}
2022-07-04 10:34:04 +0000  Entitlements for <IDEDistributionItem: 0x7f975f516fd0; bundleID='com.apple.dt.runtime.swiftCore', path='<DVTFilePath:0x7f975bf492f0:'/Users/cbl-mac-033/Library/Developer/Xcode/Archives/2022-07-04/MyFiji(Prod) 04-07-22, 3.52 PM.xcarchive/Products/Applications/MyFiji.app/Frameworks/libswiftCore.dylib'>', codeSigningInfo='<_DVTCodeSigningInformation_Path: 0x7f974d8cb640; isSigned='1', isAdHocSigned='0', signingCertificate='<DVTSigningCertificate: 0x7f97502f87f0; name='iPhone Distribution: Shanil Chandra (6NR225DSDF)', hash='86A9114CFE562B44AEB2EE0627EE4D6C6FEB57BC', serialNumber='3AD5C0AE2F5B0BABB8BE7BA311479E1C', certificateKinds='(
    "1.2.840.113635.100.6.1.4"
), issueDate='2022-07-01 12:03:33 +0000''>', entitlements='(null)', teamID='6NR225DSDF', identifier='com.apple.dt.runtime.swiftCore', executablePath='<DVTFilePath:0x7f975bf492f0:'/Users/cbl-mac-033/Library/Developer/Xcode/Archives/2022-07-04/MyFiji(Prod) 04-07-22, 3.52 PM.xcarchive/Products/Applications/MyFiji.app/Frameworks/libswiftCore.dylib'>', hardenedRuntime='0'>'> are: {
}
2022-07-04 10:34:04 +0000  Writing entitlements for <IDEDistributionItem: 0x7f975f516fd0; bundleID='com.apple.dt.runtime.swiftCore', path='<DVTFilePath:0x7f975bf492f0:'/Users/cbl-mac-033/Library/Developer/Xcode/Archives/2022-07-04/MyFiji(Prod) 04-07-22, 3.52 PM.xcarchive/Products/Applications/MyFiji.app/Frameworks/libswiftCore.dylib'>', codeSigningInfo='<_DVTCodeSigningInformation_Path: 0x7f974d8cb640; isSigned='1', isAdHocSigned='0', signingCertificate='<DVTSigningCertificate: 0x7f975c134be0; name='iPhone Distribution: Shanil Chandra (6NR225DSDF)', hash='86A9114CFE562B44AEB2EE0627EE4D6C6FEB57BC', serialNumber='3AD5C0AE2F5B0BABB8BE7BA311479E1C', certificateKinds='(
    "1.2.840.113635.100.6.1.4"
), issueDate='2022-07-01 12:03:33 +0000''>', entitlements='(null)', teamID='6NR225DSDF', identifier='com.apple.dt.runtime.swiftCore', executablePath='<DVTFilePath:0x7f975bf492f0:'/Users/cbl-mac-033/Library/Developer/Xcode/Archives/2022-07-04/MyFiji(Prod) 04-07-22, 3.52 PM.xcarchive/Products/Applications/MyFiji.app/Frameworks/libswiftCore.dylib'>', hardenedRuntime='0'>'> to: /var/folders/gs/6wh8jtrs5217v33bfm594jbr0000gn/T/XcodeDistPipeline.~~~iVo3xl/entitlements~~~HGBTdk
2022-07-04 10:34:04 +0000  Running /usr/bin/codesign '-vvv' '--force' '--sign' '86A9114CFE562B44AEB2EE0627EE4D6C6FEB57BC' '--entitlements' '/var/folders/gs/6wh8jtrs5217v33bfm594jbr0000gn/T/XcodeDistPipeline.~~~iVo3xl/entitlements~~~HGBTdk' '--generate-entitlement-der' '--preserve-metadata=identifier,flags,runtime' '/var/folders/gs/6wh8jtrs5217v33bfm594jbr0000gn/T/XcodeDistPipeline.~~~iVo3xl/Root/Payload/MyFiji.app/Frameworks/libswiftCore.dylib'
2022-07-04 10:34:04 +0000  /var/folders/gs/6wh8jtrs5217v33bfm594jbr0000gn/T/XcodeDistPipeline.~~~iVo3xl/Root/Payload/MyFiji.app/Frameworks/libswiftCore.dylib: replacing existing signature
2022-07-04 10:34:04 +0000  /var/folders/gs/6wh8jtrs5217v33bfm594jbr0000gn/T/XcodeDistPipeline.~~~iVo3xl/Root/Payload/MyFiji.app/Frameworks/libswiftCore.dylib: signed Mach-O universal (armv7 armv7s arm64) [com.apple.dt.runtime.swiftCore]
2022-07-04 10:34:04 +0000  /usr/bin/codesign exited with 0
2022-07-04 10:34:04 +0000  Entitlements for <IDEDistributionItem: 0x7f97898c39a0; bundleID='com.apple.dt.runtime.swiftCoreAudio', path='<DVTFilePath:0x7f97501e51d0:'/Users/cbl-mac-033/Library/Developer/Xcode/Archives/2022-07-04/MyFiji(Prod) 04-07-22, 3.52 PM.xcarchive/Products/Applications/MyFiji.app/Frameworks/libswiftCoreAudio.dylib'>', codeSigningInfo='<_DVTCodeSigningInformation_Path: 0x7f974d836500; isSigned='1', isAdHocSigned='0', signingCertificate='<DVTSigningCertificate: 0x7f9795c31360; name='iPhone Distribution: Shanil Chandra (6NR225DSDF)', hash='86A9114CFE562B44AEB2EE0627EE4D6C6FEB57BC', serialNumber='3AD5C0AE2F5B0BABB8BE7BA311479E1C', certificateKinds='(
    "1.2.840.113635.100.6.1.4"
), issueDate='2022-07-01 12:03:33 +0000''>', entitlements='(null)', teamID='6NR225DSDF', identifier='com.apple.dt.runtime.swiftCoreAudio', executablePath='<DVTFilePath:0x7f97501e51d0:'/Users/cbl-mac-033/Library/Developer/Xcode/Archives/2022-07-04/MyFiji(Prod) 04-07-22, 3.52 PM.xcarchive/Products/Applications/MyFiji.app/Frameworks/libswiftCoreAudio.dylib'>', hardenedRuntime='0'>'>: {
}
2022-07-04 10:34:04 +0000  Entitlements for <IDEDistributionItem: 0x7f97898c39a0; bundleID='com.apple.dt.runtime.swiftCoreAudio', path='<DVTFilePath:0x7f97501e51d0:'/Users/cbl-mac-033/Library/Developer/Xcode/Archives/2022-07-04/MyFiji(Prod) 04-07-22, 3.52 PM.xcarchive/Products/Applications/MyFiji.app/Frameworks/libswiftCoreAudio.dylib'>', codeSigningInfo='<_DVTCodeSigningInformation_Path: 0x7f974d836500; isSigned='1', isAdHocSigned='0', signingCertificate='<DVTSigningCertificate: 0x7f9788c40020; name='iPhone Distribution: Shanil Chandra (6NR225DSDF)', hash='86A9114CFE562B44AEB2EE0627EE4D6C6FEB57BC', serialNumber='3AD5C0AE2F5B0BABB8BE7BA311479E1C', certificateKinds='(
    "1.2.840.113635.100.6.1.4"
), issueDate='2022-07-01 12:03:33 +0000''>', entitlements='(null)', teamID='6NR225DSDF', identifier='com.apple.dt.runtime.swiftCoreAudio', executablePath='<DVTFilePath:0x7f97501e51d0:'/Users/cbl-mac-033/Library/Developer/Xcode/Archives/2022-07-04/MyFiji(Prod) 04-07-22, 3.52 PM.xcarchive/Products/Applications/MyFiji.app/Frameworks/libswiftCoreAudio.dylib'>', hardenedRuntime='0'>'> are: {
}
2022-07-04 10:34:04 +0000  Writing entitlements for <IDEDistributionItem: 0x7f97898c39a0; bundleID='com.apple.dt.runtime.swiftCoreAudio', path='<DVTFilePath:0x7f97501e51d0:'/Users/cbl-mac-033/Library/Developer/Xcode/Archives/2022-07-04/MyFiji(Prod) 04-07-22, 3.52 PM.xcarchive/Products/Applications/MyFiji.app/Frameworks/libswiftCoreAudio.dylib'>', codeSigningInfo='<_DVTCodeSigningInformation_Path: 0x7f974d836500; isSigned='1', isAdHocSigned='0', signingCertificate='<DVTSigningCertificate: 0x7f9760d71a90; name='iPhone Distribution: Shanil Chandra (6NR225DSDF)', hash='86A9114CFE562B44AEB2EE0627EE4D6C6FEB57BC', serialNumber='3AD5C0AE2F5B0BABB8BE7BA311479E1C', certificateKinds='(
    "1.2.840.113635.100.6.1.4"
), issueDate='2022-07-01 12:03:33 +0000''>', entitlements='(null)', teamID='6NR225DSDF', identifier='com.apple.dt.runtime.swiftCoreAudio', executablePath='<DVTFilePath:0x7f97501e51d0:'/Users/cbl-mac-033/Library/Developer/Xcode/Archives/2022-07-04/MyFiji(Prod) 04-07-22, 3.52 PM.xcarchive/Products/Applications/MyFiji.app/Frameworks/libswiftCoreAudio.dylib'>', hardenedRuntime='0'>'> to: /var/folders/gs/6wh8jtrs5217v33bfm594jbr0000gn/T/XcodeDistPipeline.~~~iVo3xl/entitlements~~~9a3meE
2022-07-04 10:34:04 +0000  Running /usr/bin/codesign '-vvv' '--force' '--sign' '86A9114CFE562B44AEB2EE0627EE4D6C6FEB57BC' '--entitlements' '/var/folders/gs/6wh8jtrs5217v33bfm594jbr0000gn/T/XcodeDistPipeline.~~~iVo3xl/entitlements~~~9a3meE' '--generate-entitlement-der' '--preserve-metadata=identifier,flags,runtime' '/var/folders/gs/6wh8jtrs5217v33bfm594jbr0000gn/T/XcodeDistPipeline.~~~iVo3xl/Root/Payload/MyFiji.app/Frameworks/libswiftCoreAudio.dylib'
2022-07-04 10:34:04 +0000  /var/folders/gs/6wh8jtrs5217v33bfm594jbr0000gn/T/XcodeDistPipeline.~~~iVo3xl/Root/Payload/MyFiji.app/Frameworks/libswiftCoreAudio.dylib: replacing existing signature
2022-07-04 10:34:04 +0000  /var/folders/gs/6wh8jtrs5217v33bfm594jbr0000gn/T/XcodeDistPipeline.~~~iVo3xl/Root/Payload/MyFiji.app/Frameworks/libswiftCoreAudio.dylib: signed Mach-O universal (armv7 armv7s arm64) [com.apple.dt.runtime.swiftCoreAudio]
2022-07-04 10:34:04 +0000  /usr/bin/codesign exited with 0
2022-07-04 10:34:04 +0000  Entitlements for <IDEDistributionItem: 0x7f9750670ef0; bundleID='com.apple.dt.runtime.swiftCoreData', path='<DVTFilePath:0x7f975fbb8980:'/Users/cbl-mac-033/Library/Developer/Xcode/Archives/2022-07-04/MyFiji(Prod) 04-07-22, 3.52 PM.xcarchive/Products/Applications/MyFiji.app/Frameworks/libswiftCoreData.dylib'>', codeSigningInfo='<_DVTCodeSigningInformation_Path: 0x7f975bfa3e70; isSigned='1', isAdHocSigned='0', signingCertificate='<DVTSigningCertificate: 0x7f9760d71a90; name='iPhone Distribution: Shanil Chandra (6NR225DSDF)', hash='86A9114CFE562B44AEB2EE0627EE4D6C6FEB57BC', serialNumber='3AD5C0AE2F5B0BABB8BE7BA311479E1C', certificateKinds='(
    "1.2.840.113635.100.6.1.4"
), issueDate='2022-07-01 12:03:33 +0000''>', entitlements='(null)', teamID='6NR225DSDF', identifier='com.apple.dt.runtime.swiftCoreData', executablePath='<DVTFilePath:0x7f975fbb8980:'/Users/cbl-mac-033/Library/Developer/Xcode/Archives/2022-07-04/MyFiji(Prod) 04-07-22, 3.52 PM.xcarchive/Products/Applications/MyFiji.app/Frameworks/libswiftCoreData.dylib'>', hardenedRuntime='0'>'>: {
}
2022-07-04 10:34:04 +0000  Entitlements for <IDEDistributionItem: 0x7f9750670ef0; bundleID='com.apple.dt.runtime.swiftCoreData', path='<DVTFilePath:0x7f975fbb8980:'/Users/cbl-mac-033/Library/Developer/Xcode/Archives/2022-07-04/MyFiji(Prod) 04-07-22, 3.52 PM.xcarchive/Products/Applications/MyFiji.app/Frameworks/libswiftCoreData.dylib'>', codeSigningInfo='<_DVTCodeSigningInformation_Path: 0x7f975bfa3e70; isSigned='1', isAdHocSigned='0', signingCertificate='<DVTSigningCertificate: 0x7f975cf811a0; name='iPhone Distribution: Shanil Chandra (6NR225DSDF)', hash='86A9114CFE562B44AEB2EE0627EE4D6C6FEB57BC', serialNumber='3AD5C0AE2F5B0BABB8BE7BA311479E1C', certificateKinds='(
    "1.2.840.113635.100.6.1.4"
), issueDate='2022-07-01 12:03:33 +0000''>', entitlements='(null)', teamID='6NR225DSDF', identifier='com.apple.dt.runtime.swiftCoreData', executablePath='<DVTFilePath:0x7f975fbb8980:'/Users/cbl-mac-033/Library/Developer/Xcode/Archives/2022-07-04/MyFiji(Prod) 04-07-22, 3.52 PM.xcarchive/Products/Applications/MyFiji.app/Frameworks/libswiftCoreData.dylib'>', hardenedRuntime='0'>'> are: {
}
2022-07-04 10:34:04 +0000  Writing entitlements for <IDEDistributionItem: 0x7f9750670ef0; bundleID='com.apple.dt.runtime.swiftCoreData', path='<DVTFilePath:0x7f975fbb8980:'/Users/cbl-mac-033/Library/Developer/Xcode/Archives/2022-07-04/MyFiji(Prod) 04-07-22, 3.52 PM.xcarchive/Products/Applications/MyFiji.app/Frameworks/libswiftCoreData.dylib'>', codeSigningInfo='<_DVTCodeSigningInformation_Path: 0x7f975bfa3e70; isSigned='1', isAdHocSigned='0', signingCertificate='<DVTSigningCertificate: 0x7f974ffe1490; name='iPhone Distribution: Shanil Chandra (6NR225DSDF)', hash='86A9114CFE562B44AEB2EE0627EE4D6C6FEB57BC', serialNumber='3AD5C0AE2F5B0BABB8BE7BA311479E1C', certificateKinds='(
    "1.2.840.113635.100.6.1.4"
), issueDate='2022-07-01 12:03:33 +0000''>', entitlements='(null)', teamID='6NR225DSDF', identifier='com.apple.dt.runtime.swiftCoreData', executablePath='<DVTFilePath:0x7f975fbb8980:'/Users/cbl-mac-033/Library/Developer/Xcode/Archives/2022-07-04/MyFiji(Prod) 04-07-22, 3.52 PM.xcarchive/Products/Applications/MyFiji.app/Frameworks/libswiftCoreData.dylib'>', hardenedRuntime='0'>'> to: /var/folders/gs/6wh8jtrs5217v33bfm594jbr0000gn/T/XcodeDistPipeline.~~~iVo3xl/entitlements~~~qC7N0r
2022-07-04 10:34:04 +0000  Running /usr/bin/codesign '-vvv' '--force' '--sign' '86A9114CFE562B44AEB2EE0627EE4D6C6FEB57BC' '--entitlements' '/var/folders/gs/6wh8jtrs5217v33bfm594jbr0000gn/T/XcodeDistPipeline.~~~iVo3xl/entitlements~~~qC7N0r' '--generate-entitlement-der' '--preserve-metadata=identifier,flags,runtime' '/var/folders/gs/6wh8jtrs5217v33bfm594jbr0000gn/T/XcodeDistPipeline.~~~iVo3xl/Root/Payload/MyFiji.app/Frameworks/libswiftCoreData.dylib'
2022-07-04 10:34:04 +0000  /var/folders/gs/6wh8jtrs5217v33bfm594jbr0000gn/T/XcodeDistPipeline.~~~iVo3xl/Root/Payload/MyFiji.app/Frameworks/libswiftCoreData.dylib: replacing existing signature
2022-07-04 10:34:04 +0000  /var/folders/gs/6wh8jtrs5217v33bfm594jbr0000gn/T/XcodeDistPipeline.~~~iVo3xl/Root/Payload/MyFiji.app/Frameworks/libswiftCoreData.dylib: signed Mach-O universal (armv7 armv7s arm64) [com.apple.dt.runtime.swiftCoreData]
2022-07-04 10:34:04 +0000  /usr/bin/codesign exited with 0
2022-07-04 10:34:04 +0000  Entitlements for <IDEDistributionItem: 0x7f97b92686b0; bundleID='com.apple.dt.runtime.swiftCoreFoundation', path='<DVTFilePath:0x7f97b82184f0:'/Users/cbl-mac-033/Library/Developer/Xcode/Archives/2022-07-04/MyFiji(Prod) 04-07-22, 3.52 PM.xcarchive/Products/Applications/MyFiji.app/Frameworks/libswiftCoreFoundation.dylib'>', codeSigningInfo='<_DVTCodeSigningInformation_Path: 0x7f974d828420; isSigned='1', isAdHocSigned='0', signingCertificate='<DVTSigningCertificate: 0x7f9760d71a90; name='iPhone Distribution: Shanil Chandra (6NR225DSDF)', hash='86A9114CFE562B44AEB2EE0627EE4D6C6FEB57BC', serialNumber='3AD5C0AE2F5B0BABB8BE7BA311479E1C', certificateKinds='(
    "1.2.840.113635.100.6.1.4"
), issueDate='2022-07-01 12:03:33 +0000''>', entitlements='(null)', teamID='6NR225DSDF', identifier='com.apple.dt.runtime.swiftCoreFoundation', executablePath='<DVTFilePath:0x7f97b82184f0:'/Users/cbl-mac-033/Library/Developer/Xcode/Archives/2022-07-04/MyFiji(Prod) 04-07-22, 3.52 PM.xcarchive/Products/Applications/MyFiji.app/Frameworks/libswiftCoreFoundation.dylib'>', hardenedRuntime='0'>'>: {
}
2022-07-04 10:34:04 +0000  Entitlements for <IDEDistributionItem: 0x7f97b92686b0; bundleID='com.apple.dt.runtime.swiftCoreFoundation', path='<DVTFilePath:0x7f97b82184f0:'/Users/cbl-mac-033/Library/Developer/Xcode/Archives/2022-07-04/MyFiji(Prod) 04-07-22, 3.52 PM.xcarchive/Products/Applications/MyFiji.app/Frameworks/libswiftCoreFoundation.dylib'>', codeSigningInfo='<_DVTCodeSigningInformation_Path: 0x7f974d828420; isSigned='1', isAdHocSigned='0', signingCertificate='<DVTSigningCertificate: 0x7f9750134290; name='iPhone Distribution: Shanil Chandra (6NR225DSDF)', hash='86A9114CFE562B44AEB2EE0627EE4D6C6FEB57BC', serialNumber='3AD5C0AE2F5B0BABB8BE7BA311479E1C', certificateKinds='(
    "1.2.840.113635.100.6.1.4"
), issueDate='2022-07-01 12:03:33 +0000''>', entitlements='(null)', teamID='6NR225DSDF', identifier='com.apple.dt.runtime.swiftCoreFoundation', executablePath='<DVTFilePath:0x7f97b82184f0:'/Users/cbl-mac-033/Library/Developer/Xcode/Archives/2022-07-04/MyFiji(Prod) 04-07-22, 3.52 PM.xcarchive/Products/Applications/MyFiji.app/Frameworks/libswiftCoreFoundation.dylib'>', hardenedRuntime='0'>'> are: {
}
2022-07-04 10:34:04 +0000  Writing entitlements for <IDEDistributionItem: 0x7f97b92686b0; bundleID='com.apple.dt.runtime.swiftCoreFoundation', path='<DVTFilePath:0x7f97b82184f0:'/Users/cbl-mac-033/Library/Developer/Xcode/Archives/2022-07-04/MyFiji(Prod) 04-07-22, 3.52 PM.xcarchive/Products/Applications/MyFiji.app/Frameworks/libswiftCoreFoundation.dylib'>', codeSigningInfo='<_DVTCodeSigningInformation_Path: 0x7f974d828420; isSigned='1', isAdHocSigned='0', signingCertificate='<DVTSigningCertificate: 0x7f974c0b0910; name='iPhone Distribution: Shanil Chandra (6NR225DSDF)', hash='86A9114CFE562B44AEB2EE0627EE4D6C6FEB57BC', serialNumber='3AD5C0AE2F5B0BABB8BE7BA311479E1C', certificateKinds='(
    "1.2.840.113635.100.6.1.4"
), issueDate='2022-07-01 12:03:33 +0000''>', entitlements='(null)', teamID='6NR225DSDF', identifier='com.apple.dt.runtime.swiftCoreFoundation', executablePath='<DVTFilePath:0x7f97b82184f0:'/Users/cbl-mac-033/Library/Developer/Xcode/Archives/2022-07-04/MyFiji(Prod) 04-07-22, 3.52 PM.xcarchive/Products/Applications/MyFiji.app/Frameworks/libswiftCoreFoundation.dylib'>', hardenedRuntime='0'>'> to: /var/folders/gs/6wh8jtrs5217v33bfm594jbr0000gn/T/XcodeDistPipeline.~~~iVo3xl/entitlements~~~8Wjvi8
2022-07-04 10:34:04 +0000  Running /usr/bin/codesign '-vvv' '--force' '--sign' '86A9114CFE562B44AEB2EE0627EE4D6C6FEB57BC' '--entitlements' '/var/folders/gs/6wh8jtrs5217v33bfm594jbr0000gn/T/XcodeDistPipeline.~~~iVo3xl/entitlements~~~8Wjvi8' '--generate-entitlement-der' '--preserve-metadata=identifier,flags,runtime' '/var/folders/gs/6wh8jtrs5217v33bfm594jbr0000gn/T/XcodeDistPipeline.~~~iVo3xl/Root/Payload/MyFiji.app/Frameworks/libswiftCoreFoundation.dylib'
2022-07-04 10:34:04 +0000  /var/folders/gs/6wh8jtrs5217v33bfm594jbr0000gn/T/XcodeDistPipeline.~~~iVo3xl/Root/Payload/MyFiji.app/Frameworks/libswiftCoreFoundation.dylib: replacing existing signature
2022-07-04 10:34:04 +0000  /var/folders/gs/6wh8jtrs5217v33bfm594jbr0000gn/T/XcodeDistPipeline.~~~iVo3xl/Root/Payload/MyFiji.app/Frameworks/libswiftCoreFoundation.dylib: signed Mach-O universal (armv7 armv7s arm64) [com.apple.dt.runtime.swiftCoreFoundation]
2022-07-04 10:34:04 +0000  /usr/bin/codesign exited with 0
2022-07-04 10:34:04 +0000  Entitlements for <IDEDistributionItem: 0x7f974d8b95e0; bundleID='com.apple.dt.runtime.swiftCoreGraphics', path='<DVTFilePath:0x7f975fb9cd40:'/Users/cbl-mac-033/Library/Developer/Xcode/Archives/2022-07-04/MyFiji(Prod) 04-07-22, 3.52 PM.xcarchive/Products/Applications/MyFiji.app/Frameworks/libswiftCoreGraphics.dylib'>', codeSigningInfo='<_DVTCodeSigningInformation_Path: 0x7f975c357050; isSigned='1', isAdHocSigned='0', signingCertificate='<DVTSigningCertificate: 0x7f9796418740; name='iPhone Distribution: Shanil Chandra (6NR225DSDF)', hash='86A9114CFE562B44AEB2EE0627EE4D6C6FEB57BC', serialNumber='3AD5C0AE2F5B0BABB8BE7BA311479E1C', certificateKinds='(
    "1.2.840.113635.100.6.1.4"
), issueDate='2022-07-01 12:03:33 +0000''>', entitlements='(null)', teamID='6NR225DSDF', identifier='com.apple.dt.runtime.swiftCoreGraphics', executablePath='<DVTFilePath:0x7f975fb9cd40:'/Users/cbl-mac-033/Library/Developer/Xcode/Archives/2022-07-04/MyFiji(Prod) 04-07-22, 3.52 PM.xcarchive/Products/Applications/MyFiji.app/Frameworks/libswiftCoreGraphics.dylib'>', hardenedRuntime='0'>'>: {
}
2022-07-04 10:34:04 +0000  Entitlements for <IDEDistributionItem: 0x7f974d8b95e0; bundleID='com.apple.dt.runtime.swiftCoreGraphics', path='<DVTFilePath:0x7f975fb9cd40:'/Users/cbl-mac-033/Library/Developer/Xcode/Archives/2022-07-04/MyFiji(Prod) 04-07-22, 3.52 PM.xcarchive/Products/Applications/MyFiji.app/Frameworks/libswiftCoreGraphics.dylib'>', codeSigningInfo='<_DVTCodeSigningInformation_Path: 0x7f975c357050; isSigned='1', isAdHocSigned='0', signingCertificate='<DVTSigningCertificate: 0x7f97967e3d90; name='iPhone Distribution: Shanil Chandra (6NR225DSDF)', hash='86A9114CFE562B44AEB2EE0627EE4D6C6FEB57BC', serialNumber='3AD5C0AE2F5B0BABB8BE7BA311479E1C', certificateKinds='(
    "1.2.840.113635.100.6.1.4"
), issueDate='2022-07-01 12:03:33 +0000''>', entitlements='(null)', teamID='6NR225DSDF', identifier='com.apple.dt.runtime.swiftCoreGraphics', executablePath='<DVTFilePath:0x7f975fb9cd40:'/Users/cbl-mac-033/Library/Developer/Xcode/Archives/2022-07-04/MyFiji(Prod) 04-07-22, 3.52 PM.xcarchive/Products/Applications/MyFiji.app/Frameworks/libswiftCoreGraphics.dylib'>', hardenedRuntime='0'>'> are: {
}
2022-07-04 10:34:04 +0000  Writing entitlements for <IDEDistributionItem: 0x7f974d8b95e0; bundleID='com.apple.dt.runtime.swiftCoreGraphics', path='<DVTFilePath:0x7f975fb9cd40:'/Users/cbl-mac-033/Library/Developer/Xcode/Archives/2022-07-04/MyFiji(Prod) 04-07-22, 3.52 PM.xcarchive/Products/Applications/MyFiji.app/Frameworks/libswiftCoreGraphics.dylib'>', codeSigningInfo='<_DVTCodeSigningInformation_Path: 0x7f975c357050; isSigned='1', isAdHocSigned='0', signingCertificate='<DVTSigningCertificate: 0x7f97502e5340; name='iPhone Distribution: Shanil Chandra (6NR225DSDF)', hash='86A9114CFE562B44AEB2EE0627EE4D6C6FEB57BC', serialNumber='3AD5C0AE2F5B0BABB8BE7BA311479E1C', certificateKinds='(
    "1.2.840.113635.100.6.1.4"
), issueDate='2022-07-01 12:03:33 +0000''>', entitlements='(null)', teamID='6NR225DSDF', identifier='com.apple.dt.runtime.swiftCoreGraphics', executablePath='<DVTFilePath:0x7f975fb9cd40:'/Users/cbl-mac-033/Library/Developer/Xcode/Archives/2022-07-04/MyFiji(Prod) 04-07-22, 3.52 PM.xcarchive/Products/Applications/MyFiji.app/Frameworks/libswiftCoreGraphics.dylib'>', hardenedRuntime='0'>'> to: /var/folders/gs/6wh8jtrs5217v33bfm594jbr0000gn/T/XcodeDistPipeline.~~~iVo3xl/entitlements~~~eXz6xo
2022-07-04 10:34:04 +0000  Running /usr/bin/codesign '-vvv' '--force' '--sign' '86A9114CFE562B44AEB2EE0627EE4D6C6FEB57BC' '--entitlements' '/var/folders/gs/6wh8jtrs5217v33bfm594jbr0000gn/T/XcodeDistPipeline.~~~iVo3xl/entitlements~~~eXz6xo' '--generate-entitlement-der' '--preserve-metadata=identifier,flags,runtime' '/var/folders/gs/6wh8jtrs5217v33bfm594jbr0000gn/T/XcodeDistPipeline.~~~iVo3xl/Root/Payload/MyFiji.app/Frameworks/libswiftCoreGraphics.dylib'
2022-07-04 10:34:04 +0000  /var/folders/gs/6wh8jtrs5217v33bfm594jbr0000gn/T/XcodeDistPipeline.~~~iVo3xl/Root/Payload/MyFiji.app/Frameworks/libswiftCoreGraphics.dylib: replacing existing signature
2022-07-04 10:34:04 +0000  /var/folders/gs/6wh8jtrs5217v33bfm594jbr0000gn/T/XcodeDistPipeline.~~~iVo3xl/Root/Payload/MyFiji.app/Frameworks/libswiftCoreGraphics.dylib: signed Mach-O universal (armv7 armv7s arm64) [com.apple.dt.runtime.swiftCoreGraphics]
2022-07-04 10:34:04 +0000  /usr/bin/codesign exited with 0
2022-07-04 10:34:04 +0000  Entitlements for <IDEDistributionItem: 0x7f9790d93c80; bundleID='com.apple.dt.runtime.swiftCoreImage', path='<DVTFilePath:0x7f977da7a120:'/Users/cbl-mac-033/Library/Developer/Xcode/Archives/2022-07-04/MyFiji(Prod) 04-07-22, 3.52 PM.xcarchive/Products/Applications/MyFiji.app/Frameworks/libswiftCoreImage.dylib'>', codeSigningInfo='<_DVTCodeSigningInformation_Path: 0x7f974c0c7710; isSigned='1', isAdHocSigned='0', signingCertificate='<DVTSigningCertificate: 0x7f975c923560; name='iPhone Distribution: Shanil Chandra (6NR225DSDF)', hash='86A9114CFE562B44AEB2EE0627EE4D6C6FEB57BC', serialNumber='3AD5C0AE2F5B0BABB8BE7BA311479E1C', certificateKinds='(
    "1.2.840.113635.100.6.1.4"
), issueDate='2022-07-01 12:03:33 +0000''>', entitlements='(null)', teamID='6NR225DSDF', identifier='com.apple.dt.runtime.swiftCoreImage', executablePath='<DVTFilePath:0x7f977da7a120:'/Users/cbl-mac-033/Library/Developer/Xcode/Archives/2022-07-04/MyFiji(Prod) 04-07-22, 3.52 PM.xcarchive/Products/Applications/MyFiji.app/Frameworks/libswiftCoreImage.dylib'>', hardenedRuntime='0'>'>: {
}
2022-07-04 10:34:04 +0000  Entitlements for <IDEDistributionItem: 0x7f9790d93c80; bundleID='com.apple.dt.runtime.swiftCoreImage', path='<DVTFilePath:0x7f977da7a120:'/Users/cbl-mac-033/Library/Developer/Xcode/Archives/2022-07-04/MyFiji(Prod) 04-07-22, 3.52 PM.xcarchive/Products/Applications/MyFiji.app/Frameworks/libswiftCoreImage.dylib'>', codeSigningInfo='<_DVTCodeSigningInformation_Path: 0x7f974c0c7710; isSigned='1', isAdHocSigned='0', signingCertificate='<DVTSigningCertificate: 0x7f97964a6860; name='iPhone Distribution: Shanil Chandra (6NR225DSDF)', hash='86A9114CFE562B44AEB2EE0627EE4D6C6FEB57BC', serialNumber='3AD5C0AE2F5B0BABB8BE7BA311479E1C', certificateKinds='(
    "1.2.840.113635.100.6.1.4"
), issueDate='2022-07-01 12:03:33 +0000''>', entitlements='(null)', teamID='6NR225DSDF', identifier='com.apple.dt.runtime.swiftCoreImage', executablePath='<DVTFilePath:0x7f977da7a120:'/Users/cbl-mac-033/Library/Developer/Xcode/Archives/2022-07-04/MyFiji(Prod) 04-07-22, 3.52 PM.xcarchive/Products/Applications/MyFiji.app/Frameworks/libswiftCoreImage.dylib'>', hardenedRuntime='0'>'> are: {
}
2022-07-04 10:34:04 +0000  Writing entitlements for <IDEDistributionItem: 0x7f9790d93c80; bundleID='com.apple.dt.runtime.swiftCoreImage', path='<DVTFilePath:0x7f977da7a120:'/Users/cbl-mac-033/Library/Developer/Xcode/Archives/2022-07-04/MyFiji(Prod) 04-07-22, 3.52 PM.xcarchive/Products/Applications/MyFiji.app/Frameworks/libswiftCoreImage.dylib'>', codeSigningInfo='<_DVTCodeSigningInformation_Path: 0x7f974c0c7710; isSigned='1', isAdHocSigned='0', signingCertificate='<DVTSigningCertificate: 0x7f977eb4cc40; name='iPhone Distribution: Shanil Chandra (6NR225DSDF)', hash='86A9114CFE562B44AEB2EE0627EE4D6C6FEB57BC', serialNumber='3AD5C0AE2F5B0BABB8BE7BA311479E1C', certificateKinds='(
    "1.2.840.113635.100.6.1.4"
), issueDate='2022-07-01 12:03:33 +0000''>', entitlements='(null)', teamID='6NR225DSDF', identifier='com.apple.dt.runtime.swiftCoreImage', executablePath='<DVTFilePath:0x7f977da7a120:'/Users/cbl-mac-033/Library/Developer/Xcode/Archives/2022-07-04/MyFiji(Prod) 04-07-22, 3.52 PM.xcarchive/Products/Applications/MyFiji.app/Frameworks/libswiftCoreImage.dylib'>', hardenedRuntime='0'>'> to: /var/folders/gs/6wh8jtrs5217v33bfm594jbr0000gn/T/XcodeDistPipeline.~~~iVo3xl/entitlements~~~ajYtFH
2022-07-04 10:34:04 +0000  Running /usr/bin/codesign '-vvv' '--force' '--sign' '86A9114CFE562B44AEB2EE0627EE4D6C6FEB57BC' '--entitlements' '/var/folders/gs/6wh8jtrs5217v33bfm594jbr0000gn/T/XcodeDistPipeline.~~~iVo3xl/entitlements~~~ajYtFH' '--generate-entitlement-der' '--preserve-metadata=identifier,flags,runtime' '/var/folders/gs/6wh8jtrs5217v33bfm594jbr0000gn/T/XcodeDistPipeline.~~~iVo3xl/Root/Payload/MyFiji.app/Frameworks/libswiftCoreImage.dylib'
2022-07-04 10:34:05 +0000  /var/folders/gs/6wh8jtrs5217v33bfm594jbr0000gn/T/XcodeDistPipeline.~~~iVo3xl/Root/Payload/MyFiji.app/Frameworks/libswiftCoreImage.dylib: replacing existing signature
2022-07-04 10:34:05 +0000  /var/folders/gs/6wh8jtrs5217v33bfm594jbr0000gn/T/XcodeDistPipeline.~~~iVo3xl/Root/Payload/MyFiji.app/Frameworks/libswiftCoreImage.dylib: signed Mach-O universal (armv7 armv7s arm64) [com.apple.dt.runtime.swiftCoreImage]
2022-07-04 10:34:05 +0000  /usr/bin/codesign exited with 0
2022-07-04 10:34:05 +0000  Entitlements for <IDEDistributionItem: 0x7f974d85ef90; bundleID='com.apple.dt.runtime.swiftCoreLocation', path='<DVTFilePath:0x7f97959e1730:'/Users/cbl-mac-033/Library/Developer/Xcode/Archives/2022-07-04/MyFiji(Prod) 04-07-22, 3.52 PM.xcarchive/Products/Applications/MyFiji.app/Frameworks/libswiftCoreLocation.dylib'>', codeSigningInfo='<_DVTCodeSigningInformation_Path: 0x7f974d318370; isSigned='1', isAdHocSigned='0', signingCertificate='<DVTSigningCertificate: 0x7f975c923560; name='iPhone Distribution: Shanil Chandra (6NR225DSDF)', hash='86A9114CFE562B44AEB2EE0627EE4D6C6FEB57BC', serialNumber='3AD5C0AE2F5B0BABB8BE7BA311479E1C', certificateKinds='(
    "1.2.840.113635.100.6.1.4"
), issueDate='2022-07-01 12:03:33 +0000''>', entitlements='(null)', teamID='6NR225DSDF', identifier='com.apple.dt.runtime.swiftCoreLocation', executablePath='<DVTFilePath:0x7f97959e1730:'/Users/cbl-mac-033/Library/Developer/Xcode/Archives/2022-07-04/MyFiji(Prod) 04-07-22, 3.52 PM.xcarchive/Products/Applications/MyFiji.app/Frameworks/libswiftCoreLocation.dylib'>', hardenedRuntime='0'>'>: {
}
2022-07-04 10:34:05 +0000  Entitlements for <IDEDistributionItem: 0x7f974d85ef90; bundleID='com.apple.dt.runtime.swiftCoreLocation', path='<DVTFilePath:0x7f97959e1730:'/Users/cbl-mac-033/Library/Developer/Xcode/Archives/2022-07-04/MyFiji(Prod) 04-07-22, 3.52 PM.xcarchive/Products/Applications/MyFiji.app/Frameworks/libswiftCoreLocation.dylib'>', codeSigningInfo='<_DVTCodeSigningInformation_Path: 0x7f974d318370; isSigned='1', isAdHocSigned='0', signingCertificate='<DVTSigningCertificate: 0x7f975cf718e0; name='iPhone Distribution: Shanil Chandra (6NR225DSDF)', hash='86A9114CFE562B44AEB2EE0627EE4D6C6FEB57BC', serialNumber='3AD5C0AE2F5B0BABB8BE7BA311479E1C', certificateKinds='(
    "1.2.840.113635.100.6.1.4"
), issueDate='2022-07-01 12:03:33 +0000''>', entitlements='(null)', teamID='6NR225DSDF', identifier='com.apple.dt.runtime.swiftCoreLocation', executablePath='<DVTFilePath:0x7f97959e1730:'/Users/cbl-mac-033/Library/Developer/Xcode/Archives/2022-07-04/MyFiji(Prod) 04-07-22, 3.52 PM.xcarchive/Products/Applications/MyFiji.app/Frameworks/libswiftCoreLocation.dylib'>', hardenedRuntime='0'>'> are: {
}
2022-07-04 10:34:05 +0000  Writing entitlements for <IDEDistributionItem: 0x7f974d85ef90; bundleID='com.apple.dt.runtime.swiftCoreLocation', path='<DVTFilePath:0x7f97959e1730:'/Users/cbl-mac-033/Library/Developer/Xcode/Archives/2022-07-04/MyFiji(Prod) 04-07-22, 3.52 PM.xcarchive/Products/Applications/MyFiji.app/Frameworks/libswiftCoreLocation.dylib'>', codeSigningInfo='<_DVTCodeSigningInformation_Path: 0x7f974d318370; isSigned='1', isAdHocSigned='0', signingCertificate='<DVTSigningCertificate: 0x7f978994e740; name='iPhone Distribution: Shanil Chandra (6NR225DSDF)', hash='86A9114CFE562B44AEB2EE0627EE4D6C6FEB57BC', serialNumber='3AD5C0AE2F5B0BABB8BE7BA311479E1C', certificateKinds='(
    "1.2.840.113635.100.6.1.4"
), issueDate='2022-07-01 12:03:33 +0000''>', entitlements='(null)', teamID='6NR225DSDF', identifier='com.apple.dt.runtime.swiftCoreLocation', executablePath='<DVTFilePath:0x7f97959e1730:'/Users/cbl-mac-033/Library/Developer/Xcode/Archives/2022-07-04/MyFiji(Prod) 04-07-22, 3.52 PM.xcarchive/Products/Applications/MyFiji.app/Frameworks/libswiftCoreLocation.dylib'>', hardenedRuntime='0'>'> to: /var/folders/gs/6wh8jtrs5217v33bfm594jbr0000gn/T/XcodeDistPipeline.~~~iVo3xl/entitlements~~~cRgTGa
2022-07-04 10:34:05 +0000  Running /usr/bin/codesign '-vvv' '--force' '--sign' '86A9114CFE562B44AEB2EE0627EE4D6C6FEB57BC' '--entitlements' '/var/folders/gs/6wh8jtrs5217v33bfm594jbr0000gn/T/XcodeDistPipeline.~~~iVo3xl/entitlements~~~cRgTGa' '--generate-entitlement-der' '--preserve-metadata=identifier,flags,runtime' '/var/folders/gs/6wh8jtrs5217v33bfm594jbr0000gn/T/XcodeDistPipeline.~~~iVo3xl/Root/Payload/MyFiji.app/Frameworks/libswiftCoreLocation.dylib'
2022-07-04 10:34:05 +0000  /var/folders/gs/6wh8jtrs5217v33bfm594jbr0000gn/T/XcodeDistPipeline.~~~iVo3xl/Root/Payload/MyFiji.app/Frameworks/libswiftCoreLocation.dylib: replacing existing signature
2022-07-04 10:34:05 +0000  /var/folders/gs/6wh8jtrs5217v33bfm594jbr0000gn/T/XcodeDistPipeline.~~~iVo3xl/Root/Payload/MyFiji.app/Frameworks/libswiftCoreLocation.dylib: signed Mach-O universal (armv7 armv7s arm64) [com.apple.dt.runtime.swiftCoreLocation]
2022-07-04 10:34:05 +0000  /usr/bin/codesign exited with 0
2022-07-04 10:34:05 +0000  Entitlements for <IDEDistributionItem: 0x7f975058f490; bundleID='com.apple.dt.runtime.swiftCoreMedia', path='<DVTFilePath:0x7f97e5c4fdc0:'/Users/cbl-mac-033/Library/Developer/Xcode/Archives/2022-07-04/MyFiji(Prod) 04-07-22, 3.52 PM.xcarchive/Products/Applications/MyFiji.app/Frameworks/libswiftCoreMedia.dylib'>', codeSigningInfo='<_DVTCodeSigningInformation_Path: 0x7f97505d6d80; isSigned='1', isAdHocSigned='0', signingCertificate='<DVTSigningCertificate: 0x7f97a0ada0d0; name='iPhone Distribution: Shanil Chandra (6NR225DSDF)', hash='86A9114CFE562B44AEB2EE0627EE4D6C6FEB57BC', serialNumber='3AD5C0AE2F5B0BABB8BE7BA311479E1C', certificateKinds='(
    "1.2.840.113635.100.6.1.4"
), issueDate='2022-07-01 12:03:33 +0000''>', entitlements='(null)', teamID='6NR225DSDF', identifier='com.apple.dt.runtime.swiftCoreMedia', executablePath='<DVTFilePath:0x7f97e5c4fdc0:'/Users/cbl-mac-033/Library/Developer/Xcode/Archives/2022-07-04/MyFiji(Prod) 04-07-22, 3.52 PM.xcarchive/Products/Applications/MyFiji.app/Frameworks/libswiftCoreMedia.dylib'>', hardenedRuntime='0'>'>: {
}
2022-07-04 10:34:05 +0000  Entitlements for <IDEDistributionItem: 0x7f975058f490; bundleID='com.apple.dt.runtime.swiftCoreMedia', path='<DVTFilePath:0x7f97e5c4fdc0:'/Users/cbl-mac-033/Library/Developer/Xcode/Archives/2022-07-04/MyFiji(Prod) 04-07-22, 3.52 PM.xcarchive/Products/Applications/MyFiji.app/Frameworks/libswiftCoreMedia.dylib'>', codeSigningInfo='<_DVTCodeSigningInformation_Path: 0x7f97505d6d80; isSigned='1', isAdHocSigned='0', signingCertificate='<DVTSigningCertificate: 0x7f9750371450; name='iPhone Distribution: Shanil Chandra (6NR225DSDF)', hash='86A9114CFE562B44AEB2EE0627EE4D6C6FEB57BC', serialNumber='3AD5C0AE2F5B0BABB8BE7BA311479E1C', certificateKinds='(
    "1.2.840.113635.100.6.1.4"
), issueDate='2022-07-01 12:03:33 +0000''>', entitlements='(null)', teamID='6NR225DSDF', identifier='com.apple.dt.runtime.swiftCoreMedia', executablePath='<DVTFilePath:0x7f97e5c4fdc0:'/Users/cbl-mac-033/Library/Developer/Xcode/Archives/2022-07-04/MyFiji(Prod) 04-07-22, 3.52 PM.xcarchive/Products/Applications/MyFiji.app/Frameworks/libswiftCoreMedia.dylib'>', hardenedRuntime='0'>'> are: {
}
2022-07-04 10:34:05 +0000  Writing entitlements for <IDEDistributionItem: 0x7f975058f490; bundleID='com.apple.dt.runtime.swiftCoreMedia', path='<DVTFilePath:0x7f97e5c4fdc0:'/Users/cbl-mac-033/Library/Developer/Xcode/Archives/2022-07-04/MyFiji(Prod) 04-07-22, 3.52 PM.xcarchive/Products/Applications/MyFiji.app/Frameworks/libswiftCoreMedia.dylib'>', codeSigningInfo='<_DVTCodeSigningInformation_Path: 0x7f97505d6d80; isSigned='1', isAdHocSigned='0', signingCertificate='<DVTSigningCertificate: 0x7f9789678f10; name='iPhone Distribution: Shanil Chandra (6NR225DSDF)', hash='86A9114CFE562B44AEB2EE0627EE4D6C6FEB57BC', serialNumber='3AD5C0AE2F5B0BABB8BE7BA311479E1C', certificateKinds='(
    "1.2.840.113635.100.6.1.4"
), issueDate='2022-07-01 12:03:33 +0000''>', entitlements='(null)', teamID='6NR225DSDF', identifier='com.apple.dt.runtime.swiftCoreMedia', executablePath='<DVTFilePath:0x7f97e5c4fdc0:'/Users/cbl-mac-033/Library/Developer/Xcode/Archives/2022-07-04/MyFiji(Prod) 04-07-22, 3.52 PM.xcarchive/Products/Applications/MyFiji.app/Frameworks/libswiftCoreMedia.dylib'>', hardenedRuntime='0'>'> to: /var/folders/gs/6wh8jtrs5217v33bfm594jbr0000gn/T/XcodeDistPipeline.~~~iVo3xl/entitlements~~~b3eclD
2022-07-04 10:34:05 +0000  Running /usr/bin/codesign '-vvv' '--force' '--sign' '86A9114CFE562B44AEB2EE0627EE4D6C6FEB57BC' '--entitlements' '/var/folders/gs/6wh8jtrs5217v33bfm594jbr0000gn/T/XcodeDistPipeline.~~~iVo3xl/entitlements~~~b3eclD' '--generate-entitlement-der' '--preserve-metadata=identifier,flags,runtime' '/var/folders/gs/6wh8jtrs5217v33bfm594jbr0000gn/T/XcodeDistPipeline.~~~iVo3xl/Root/Payload/MyFiji.app/Frameworks/libswiftCoreMedia.dylib'
2022-07-04 10:34:05 +0000  /var/folders/gs/6wh8jtrs5217v33bfm594jbr0000gn/T/XcodeDistPipeline.~~~iVo3xl/Root/Payload/MyFiji.app/Frameworks/libswiftCoreMedia.dylib: replacing existing signature
2022-07-04 10:34:05 +0000  /var/folders/gs/6wh8jtrs5217v33bfm594jbr0000gn/T/XcodeDistPipeline.~~~iVo3xl/Root/Payload/MyFiji.app/Frameworks/libswiftCoreMedia.dylib: signed Mach-O universal (armv7 armv7s arm64) [com.apple.dt.runtime.swiftCoreMedia]
2022-07-04 10:34:05 +0000  /usr/bin/codesign exited with 0
2022-07-04 10:34:05 +0000  Entitlements for <IDEDistributionItem: 0x7f978ce5d120; bundleID='com.apple.dt.runtime.swiftDarwin', path='<DVTFilePath:0x7f979675a280:'/Users/cbl-mac-033/Library/Developer/Xcode/Archives/2022-07-04/MyFiji(Prod) 04-07-22, 3.52 PM.xcarchive/Products/Applications/MyFiji.app/Frameworks/libswiftDarwin.dylib'>', codeSigningInfo='<_DVTCodeSigningInformation_Path: 0x7f9750387670; isSigned='1', isAdHocSigned='0', signingCertificate='<DVTSigningCertificate: 0x7f975f5d66b0; name='iPhone Distribution: Shanil Chandra (6NR225DSDF)', hash='86A9114CFE562B44AEB2EE0627EE4D6C6FEB57BC', serialNumber='3AD5C0AE2F5B0BABB8BE7BA311479E1C', certificateKinds='(
    "1.2.840.113635.100.6.1.4"
), issueDate='2022-07-01 12:03:33 +0000''>', entitlements='(null)', teamID='6NR225DSDF', identifier='com.apple.dt.runtime.swiftDarwin', executablePath='<DVTFilePath:0x7f979675a280:'/Users/cbl-mac-033/Library/Developer/Xcode/Archives/2022-07-04/MyFiji(Prod) 04-07-22, 3.52 PM.xcarchive/Products/Applications/MyFiji.app/Frameworks/libswiftDarwin.dylib'>', hardenedRuntime='0'>'>: {
}
2022-07-04 10:34:05 +0000  Entitlements for <IDEDistributionItem: 0x7f978ce5d120; bundleID='com.apple.dt.runtime.swiftDarwin', path='<DVTFilePath:0x7f979675a280:'/Users/cbl-mac-033/Library/Developer/Xcode/Archives/2022-07-04/MyFiji(Prod) 04-07-22, 3.52 PM.xcarchive/Products/Applications/MyFiji.app/Frameworks/libswiftDarwin.dylib'>', codeSigningInfo='<_DVTCodeSigningInformation_Path: 0x7f9750387670; isSigned='1', isAdHocSigned='0', signingCertificate='<DVTSigningCertificate: 0x7f970d6df100; name='iPhone Distribution: Shanil Chandra (6NR225DSDF)', hash='86A9114CFE562B44AEB2EE0627EE4D6C6FEB57BC', serialNumber='3AD5C0AE2F5B0BABB8BE7BA311479E1C', certificateKinds='(
    "1.2.840.113635.100.6.1.4"
), issueDate='2022-07-01 12:03:33 +0000''>', entitlements='(null)', teamID='6NR225DSDF', identifier='com.apple.dt.runtime.swiftDarwin', executablePath='<DVTFilePath:0x7f979675a280:'/Users/cbl-mac-033/Library/Developer/Xcode/Archives/2022-07-04/MyFiji(Prod) 04-07-22, 3.52 PM.xcarchive/Products/Applications/MyFiji.app/Frameworks/libswiftDarwin.dylib'>', hardenedRuntime='0'>'> are: {
}
2022-07-04 10:34:05 +0000  Writing entitlements for <IDEDistributionItem: 0x7f978ce5d120; bundleID='com.apple.dt.runtime.swiftDarwin', path='<DVTFilePath:0x7f979675a280:'/Users/cbl-mac-033/Library/Developer/Xcode/Archives/2022-07-04/MyFiji(Prod) 04-07-22, 3.52 PM.xcarchive/Products/Applications/MyFiji.app/Frameworks/libswiftDarwin.dylib'>', codeSigningInfo='<_DVTCodeSigningInformation_Path: 0x7f9750387670; isSigned='1', isAdHocSigned='0', signingCertificate='<DVTSigningCertificate: 0x7f974c0f76a0; name='iPhone Distribution: Shanil Chandra (6NR225DSDF)', hash='86A9114CFE562B44AEB2EE0627EE4D6C6FEB57BC', serialNumber='3AD5C0AE2F5B0BABB8BE7BA311479E1C', certificateKinds='(
    "1.2.840.113635.100.6.1.4"
), issueDate='2022-07-01 12:03:33 +0000''>', entitlements='(null)', teamID='6NR225DSDF', identifier='com.apple.dt.runtime.swiftDarwin', executablePath='<DVTFilePath:0x7f979675a280:'/Users/cbl-mac-033/Library/Developer/Xcode/Archives/2022-07-04/MyFiji(Prod) 04-07-22, 3.52 PM.xcarchive/Products/Applications/MyFiji.app/Frameworks/libswiftDarwin.dylib'>', hardenedRuntime='0'>'> to: /var/folders/gs/6wh8jtrs5217v33bfm594jbr0000gn/T/XcodeDistPipeline.~~~iVo3xl/entitlements~~~XEcIMo
2022-07-04 10:34:05 +0000  Running /usr/bin/codesign '-vvv' '--force' '--sign' '86A9114CFE562B44AEB2EE0627EE4D6C6FEB57BC' '--entitlements' '/var/folders/gs/6wh8jtrs5217v33bfm594jbr0000gn/T/XcodeDistPipeline.~~~iVo3xl/entitlements~~~XEcIMo' '--generate-entitlement-der' '--preserve-metadata=identifier,flags,runtime' '/var/folders/gs/6wh8jtrs5217v33bfm594jbr0000gn/T/XcodeDistPipeline.~~~iVo3xl/Root/Payload/MyFiji.app/Frameworks/libswiftDarwin.dylib'
2022-07-04 10:34:05 +0000  /var/folders/gs/6wh8jtrs5217v33bfm594jbr0000gn/T/XcodeDistPipeline.~~~iVo3xl/Root/Payload/MyFiji.app/Frameworks/libswiftDarwin.dylib: replacing existing signature
2022-07-04 10:34:05 +0000  /var/folders/gs/6wh8jtrs5217v33bfm594jbr0000gn/T/XcodeDistPipeline.~~~iVo3xl/Root/Payload/MyFiji.app/Frameworks/libswiftDarwin.dylib: signed Mach-O universal (armv7 armv7s arm64) [com.apple.dt.runtime.swiftDarwin]
2022-07-04 10:34:05 +0000  /usr/bin/codesign exited with 0
2022-07-04 10:34:05 +0000  Entitlements for <IDEDistributionItem: 0x7f975092c5e0; bundleID='com.apple.dt.runtime.swiftDispatch', path='<DVTFilePath:0x7f982bd4b540:'/Users/cbl-mac-033/Library/Developer/Xcode/Archives/2022-07-04/MyFiji(Prod) 04-07-22, 3.52 PM.xcarchive/Products/Applications/MyFiji.app/Frameworks/libswiftDispatch.dylib'>', codeSigningInfo='<_DVTCodeSigningInformation_Path: 0x7f9791f8ab00; isSigned='1', isAdHocSigned='0', signingCertificate='<DVTSigningCertificate: 0x7f975fb7e360; name='iPhone Distribution: Shanil Chandra (6NR225DSDF)', hash='86A9114CFE562B44AEB2EE0627EE4D6C6FEB57BC', serialNumber='3AD5C0AE2F5B0BABB8BE7BA311479E1C', certificateKinds='(
    "1.2.840.113635.100.6.1.4"
), issueDate='2022-07-01 12:03:33 +0000''>', entitlements='(null)', teamID='6NR225DSDF', identifier='com.apple.dt.runtime.swiftDispatch', executablePath='<DVTFilePath:0x7f982bd4b540:'/Users/cbl-mac-033/Library/Developer/Xcode/Archives/2022-07-04/MyFiji(Prod) 04-07-22, 3.52 PM.xcarchive/Products/Applications/MyFiji.app/Frameworks/libswiftDispatch.dylib'>', hardenedRuntime='0'>'>: {
}
2022-07-04 10:34:05 +0000  Entitlements for <IDEDistributionItem: 0x7f975092c5e0; bundleID='com.apple.dt.runtime.swiftDispatch', path='<DVTFilePath:0x7f982bd4b540:'/Users/cbl-mac-033/Library/Developer/Xcode/Archives/2022-07-04/MyFiji(Prod) 04-07-22, 3.52 PM.xcarchive/Products/Applications/MyFiji.app/Frameworks/libswiftDispatch.dylib'>', codeSigningInfo='<_DVTCodeSigningInformation_Path: 0x7f9791f8ab00; isSigned='1', isAdHocSigned='0', signingCertificate='<DVTSigningCertificate: 0x7f974d71ba30; name='iPhone Distribution: Shanil Chandra (6NR225DSDF)', hash='86A9114CFE562B44AEB2EE0627EE4D6C6FEB57BC', serialNumber='3AD5C0AE2F5B0BABB8BE7BA311479E1C', certificateKinds='(
    "1.2.840.113635.100.6.1.4"
), issueDate='2022-07-01 12:03:33 +0000''>', entitlements='(null)', teamID='6NR225DSDF', identifier='com.apple.dt.runtime.swiftDispatch', executablePath='<DVTFilePath:0x7f982bd4b540:'/Users/cbl-mac-033/Library/Developer/Xcode/Archives/2022-07-04/MyFiji(Prod) 04-07-22, 3.52 PM.xcarchive/Products/Applications/MyFiji.app/Frameworks/libswiftDispatch.dylib'>', hardenedRuntime='0'>'> are: {
}
2022-07-04 10:34:05 +0000  Writing entitlements for <IDEDistributionItem: 0x7f975092c5e0; bundleID='com.apple.dt.runtime.swiftDispatch', path='<DVTFilePath:0x7f982bd4b540:'/Users/cbl-mac-033/Library/Developer/Xcode/Archives/2022-07-04/MyFiji(Prod) 04-07-22, 3.52 PM.xcarchive/Products/Applications/MyFiji.app/Frameworks/libswiftDispatch.dylib'>', codeSigningInfo='<_DVTCodeSigningInformation_Path: 0x7f9791f8ab00; isSigned='1', isAdHocSigned='0', signingCertificate='<DVTSigningCertificate: 0x7f97913bab90; name='iPhone Distribution: Shanil Chandra (6NR225DSDF)', hash='86A9114CFE562B44AEB2EE0627EE4D6C6FEB57BC', serialNumber='3AD5C0AE2F5B0BABB8BE7BA311479E1C', certificateKinds='(
    "1.2.840.113635.100.6.1.4"
), issueDate='2022-07-01 12:03:33 +0000''>', entitlements='(null)', teamID='6NR225DSDF', identifier='com.apple.dt.runtime.swiftDispatch', executablePath='<DVTFilePath:0x7f982bd4b540:'/Users/cbl-mac-033/Library/Developer/Xcode/Archives/2022-07-04/MyFiji(Prod) 04-07-22, 3.52 PM.xcarchive/Products/Applications/MyFiji.app/Frameworks/libswiftDispatch.dylib'>', hardenedRuntime='0'>'> to: /var/folders/gs/6wh8jtrs5217v33bfm594jbr0000gn/T/XcodeDistPipeline.~~~iVo3xl/entitlements~~~hIniI9
2022-07-04 10:34:05 +0000  Running /usr/bin/codesign '-vvv' '--force' '--sign' '86A9114CFE562B44AEB2EE0627EE4D6C6FEB57BC' '--entitlements' '/var/folders/gs/6wh8jtrs5217v33bfm594jbr0000gn/T/XcodeDistPipeline.~~~iVo3xl/entitlements~~~hIniI9' '--generate-entitlement-der' '--preserve-metadata=identifier,flags,runtime' '/var/folders/gs/6wh8jtrs5217v33bfm594jbr0000gn/T/XcodeDistPipeline.~~~iVo3xl/Root/Payload/MyFiji.app/Frameworks/libswiftDispatch.dylib'
2022-07-04 10:34:05 +0000  /var/folders/gs/6wh8jtrs5217v33bfm594jbr0000gn/T/XcodeDistPipeline.~~~iVo3xl/Root/Payload/MyFiji.app/Frameworks/libswiftDispatch.dylib: replacing existing signature
2022-07-04 10:34:05 +0000  /var/folders/gs/6wh8jtrs5217v33bfm594jbr0000gn/T/XcodeDistPipeline.~~~iVo3xl/Root/Payload/MyFiji.app/Frameworks/libswiftDispatch.dylib: signed Mach-O universal (armv7 armv7s arm64) [com.apple.dt.runtime.swiftDispatch]
2022-07-04 10:34:05 +0000  /usr/bin/codesign exited with 0
2022-07-04 10:34:05 +0000  Entitlements for <IDEDistributionItem: 0x7f97501b7190; bundleID='com.apple.dt.runtime.swiftFoundation', path='<DVTFilePath:0x7f97903995e0:'/Users/cbl-mac-033/Library/Developer/Xcode/Archives/2022-07-04/MyFiji(Prod) 04-07-22, 3.52 PM.xcarchive/Products/Applications/MyFiji.app/Frameworks/libswiftFoundation.dylib'>', codeSigningInfo='<_DVTCodeSigningInformation_Path: 0x7f979643b340; isSigned='1', isAdHocSigned='0', signingCertificate='<DVTSigningCertificate: 0x7f97913bab90; name='iPhone Distribution: Shanil Chandra (6NR225DSDF)', hash='86A9114CFE562B44AEB2EE0627EE4D6C6FEB57BC', serialNumber='3AD5C0AE2F5B0BABB8BE7BA311479E1C', certificateKinds='(
    "1.2.840.113635.100.6.1.4"
), issueDate='2022-07-01 12:03:33 +0000''>', entitlements='(null)', teamID='6NR225DSDF', identifier='com.apple.dt.runtime.swiftFoundation', executablePath='<DVTFilePath:0x7f97903995e0:'/Users/cbl-mac-033/Library/Developer/Xcode/Archives/2022-07-04/MyFiji(Prod) 04-07-22, 3.52 PM.xcarchive/Products/Applications/MyFiji.app/Frameworks/libswiftFoundation.dylib'>', hardenedRuntime='0'>'>: {
}
2022-07-04 10:34:05 +0000  Entitlements for <IDEDistributionItem: 0x7f97501b7190; bundleID='com.apple.dt.runtime.swiftFoundation', path='<DVTFilePath:0x7f97903995e0:'/Users/cbl-mac-033/Library/Developer/Xcode/Archives/2022-07-04/MyFiji(Prod) 04-07-22, 3.52 PM.xcarchive/Products/Applications/MyFiji.app/Frameworks/libswiftFoundation.dylib'>', codeSigningInfo='<_DVTCodeSigningInformation_Path: 0x7f979643b340; isSigned='1', isAdHocSigned='0', signingCertificate='<DVTSigningCertificate: 0x7f970c7ba3e0; name='iPhone Distribution: Shanil Chandra (6NR225DSDF)', hash='86A9114CFE562B44AEB2EE0627EE4D6C6FEB57BC', serialNumber='3AD5C0AE2F5B0BABB8BE7BA311479E1C', certificateKinds='(
    "1.2.840.113635.100.6.1.4"
), issueDate='2022-07-01 12:03:33 +0000''>', entitlements='(null)', teamID='6NR225DSDF', identifier='com.apple.dt.runtime.swiftFoundation', executablePath='<DVTFilePath:0x7f97903995e0:'/Users/cbl-mac-033/Library/Developer/Xcode/Archives/2022-07-04/MyFiji(Prod) 04-07-22, 3.52 PM.xcarchive/Products/Applications/MyFiji.app/Frameworks/libswiftFoundation.dylib'>', hardenedRuntime='0'>'> are: {
}
2022-07-04 10:34:05 +0000  Writing entitlements for <IDEDistributionItem: 0x7f97501b7190; bundleID='com.apple.dt.runtime.swiftFoundation', path='<DVTFilePath:0x7f97903995e0:'/Users/cbl-mac-033/Library/Developer/Xcode/Archives/2022-07-04/MyFiji(Prod) 04-07-22, 3.52 PM.xcarchive/Products/Applications/MyFiji.app/Frameworks/libswiftFoundation.dylib'>', codeSigningInfo='<_DVTCodeSigningInformation_Path: 0x7f979643b340; isSigned='1', isAdHocSigned='0', signingCertificate='<DVTSigningCertificate: 0x7f975faa23a0; name='iPhone Distribution: Shanil Chandra (6NR225DSDF)', hash='86A9114CFE562B44AEB2EE0627EE4D6C6FEB57BC', serialNumber='3AD5C0AE2F5B0BABB8BE7BA311479E1C', certificateKinds='(
    "1.2.840.113635.100.6.1.4"
), issueDate='2022-07-01 12:03:33 +0000''>', entitlements='(null)', teamID='6NR225DSDF', identifier='com.apple.dt.runtime.swiftFoundation', executablePath='<DVTFilePath:0x7f97903995e0:'/Users/cbl-mac-033/Library/Developer/Xcode/Archives/2022-07-04/MyFiji(Prod) 04-07-22, 3.52 PM.xcarchive/Products/Applications/MyFiji.app/Frameworks/libswiftFoundation.dylib'>', hardenedRuntime='0'>'> to: /var/folders/gs/6wh8jtrs5217v33bfm594jbr0000gn/T/XcodeDistPipeline.~~~iVo3xl/entitlements~~~xkl8jF
2022-07-04 10:34:05 +0000  Running /usr/bin/codesign '-vvv' '--force' '--sign' '86A9114CFE562B44AEB2EE0627EE4D6C6FEB57BC' '--entitlements' '/var/folders/gs/6wh8jtrs5217v33bfm594jbr0000gn/T/XcodeDistPipeline.~~~iVo3xl/entitlements~~~xkl8jF' '--generate-entitlement-der' '--preserve-metadata=identifier,flags,runtime' '/var/folders/gs/6wh8jtrs5217v33bfm594jbr0000gn/T/XcodeDistPipeline.~~~iVo3xl/Root/Payload/MyFiji.app/Frameworks/libswiftFoundation.dylib'
2022-07-04 10:34:05 +0000  /var/folders/gs/6wh8jtrs5217v33bfm594jbr0000gn/T/XcodeDistPipeline.~~~iVo3xl/Root/Payload/MyFiji.app/Frameworks/libswiftFoundation.dylib: replacing existing signature
2022-07-04 10:34:05 +0000  /var/folders/gs/6wh8jtrs5217v33bfm594jbr0000gn/T/XcodeDistPipeline.~~~iVo3xl/Root/Payload/MyFiji.app/Frameworks/libswiftFoundation.dylib: signed Mach-O universal (armv7 armv7s arm64) [com.apple.dt.runtime.swiftFoundation]
2022-07-04 10:34:05 +0000  /usr/bin/codesign exited with 0
2022-07-04 10:34:05 +0000  Entitlements for <IDEDistributionItem: 0x7f974d8ea190; bundleID='com.apple.dt.runtime.swiftMetal', path='<DVTFilePath:0x7f975fb3e2f0:'/Users/cbl-mac-033/Library/Developer/Xcode/Archives/2022-07-04/MyFiji(Prod) 04-07-22, 3.52 PM.xcarchive/Products/Applications/MyFiji.app/Frameworks/libswiftMetal.dylib'>', codeSigningInfo='<_DVTCodeSigningInformation_Path: 0x7f97503cc6b0; isSigned='1', isAdHocSigned='0', signingCertificate='<DVTSigningCertificate: 0x7f975010f250; name='iPhone Distribution: Shanil Chandra (6NR225DSDF)', hash='86A9114CFE562B44AEB2EE0627EE4D6C6FEB57BC', serialNumber='3AD5C0AE2F5B0BABB8BE7BA311479E1C', certificateKinds='(
    "1.2.840.113635.100.6.1.4"
), issueDate='2022-07-01 12:03:33 +0000''>', entitlements='(null)', teamID='6NR225DSDF', identifier='com.apple.dt.runtime.swiftMetal', executablePath='<DVTFilePath:0x7f975fb3e2f0:'/Users/cbl-mac-033/Library/Developer/Xcode/Archives/2022-07-04/MyFiji(Prod) 04-07-22, 3.52 PM.xcarchive/Products/Applications/MyFiji.app/Frameworks/libswiftMetal.dylib'>', hardenedRuntime='0'>'>: {
}
2022-07-04 10:34:05 +0000  Entitlements for <IDEDistributionItem: 0x7f974d8ea190; bundleID='com.apple.dt.runtime.swiftMetal', path='<DVTFilePath:0x7f975fb3e2f0:'/Users/cbl-mac-033/Library/Developer/Xcode/Archives/2022-07-04/MyFiji(Prod) 04-07-22, 3.52 PM.xcarchive/Products/Applications/MyFiji.app/Frameworks/libswiftMetal.dylib'>', codeSigningInfo='<_DVTCodeSigningInformation_Path: 0x7f97503cc6b0; isSigned='1', isAdHocSigned='0', signingCertificate='<DVTSigningCertificate: 0x7f974c114d80; name='iPhone Distribution: Shanil Chandra (6NR225DSDF)', hash='86A9114CFE562B44AEB2EE0627EE4D6C6FEB57BC', serialNumber='3AD5C0AE2F5B0BABB8BE7BA311479E1C', certificateKinds='(
    "1.2.840.113635.100.6.1.4"
), issueDate='2022-07-01 12:03:33 +0000''>', entitlements='(null)', teamID='6NR225DSDF', identifier='com.apple.dt.runtime.swiftMetal', executablePath='<DVTFilePath:0x7f975fb3e2f0:'/Users/cbl-mac-033/Library/Developer/Xcode/Archives/2022-07-04/MyFiji(Prod) 04-07-22, 3.52 PM.xcarchive/Products/Applications/MyFiji.app/Frameworks/libswiftMetal.dylib'>', hardenedRuntime='0'>'> are: {
}
2022-07-04 10:34:05 +0000  Writing entitlements for <IDEDistributionItem: 0x7f974d8ea190; bundleID='com.apple.dt.runtime.swiftMetal', path='<DVTFilePath:0x7f975fb3e2f0:'/Users/cbl-mac-033/Library/Developer/Xcode/Archives/2022-07-04/MyFiji(Prod) 04-07-22, 3.52 PM.xcarchive/Products/Applications/MyFiji.app/Frameworks/libswiftMetal.dylib'>', codeSigningInfo='<_DVTCodeSigningInformation_Path: 0x7f97503cc6b0; isSigned='1', isAdHocSigned='0', signingCertificate='<DVTSigningCertificate: 0x7f97503fc080; name='iPhone Distribution: Shanil Chandra (6NR225DSDF)', hash='86A9114CFE562B44AEB2EE0627EE4D6C6FEB57BC', serialNumber='3AD5C0AE2F5B0BABB8BE7BA311479E1C', certificateKinds='(
    "1.2.840.113635.100.6.1.4"
), issueDate='2022-07-01 12:03:33 +0000''>', entitlements='(null)', teamID='6NR225DSDF', identifier='com.apple.dt.runtime.swiftMetal', executablePath='<DVTFilePath:0x7f975fb3e2f0:'/Users/cbl-mac-033/Library/Developer/Xcode/Archives/2022-07-04/MyFiji(Prod) 04-07-22, 3.52 PM.xcarchive/Products/Applications/MyFiji.app/Frameworks/libswiftMetal.dylib'>', hardenedRuntime='0'>'> to: /var/folders/gs/6wh8jtrs5217v33bfm594jbr0000gn/T/XcodeDistPipeline.~~~iVo3xl/entitlements~~~TGEB4B
2022-07-04 10:34:05 +0000  Running /usr/bin/codesign '-vvv' '--force' '--sign' '86A9114CFE562B44AEB2EE0627EE4D6C6FEB57BC' '--entitlements' '/var/folders/gs/6wh8jtrs5217v33bfm594jbr0000gn/T/XcodeDistPipeline.~~~iVo3xl/entitlements~~~TGEB4B' '--generate-entitlement-der' '--preserve-metadata=identifier,flags,runtime' '/var/folders/gs/6wh8jtrs5217v33bfm594jbr0000gn/T/XcodeDistPipeline.~~~iVo3xl/Root/Payload/MyFiji.app/Frameworks/libswiftMetal.dylib'
2022-07-04 10:34:06 +0000  /var/folders/gs/6wh8jtrs5217v33bfm594jbr0000gn/T/XcodeDistPipeline.~~~iVo3xl/Root/Payload/MyFiji.app/Frameworks/libswiftMetal.dylib: replacing existing signature
2022-07-04 10:34:06 +0000  /var/folders/gs/6wh8jtrs5217v33bfm594jbr0000gn/T/XcodeDistPipeline.~~~iVo3xl/Root/Payload/MyFiji.app/Frameworks/libswiftMetal.dylib: signed Mach-O universal (armv7 armv7s arm64) [com.apple.dt.runtime.swiftMetal]
2022-07-04 10:34:06 +0000  /usr/bin/codesign exited with 0
2022-07-04 10:34:06 +0000  Entitlements for <IDEDistributionItem: 0x7f974d9dc390; bundleID='com.apple.dt.runtime.swiftObjectiveC', path='<DVTFilePath:0x7f974b219c00:'/Users/cbl-mac-033/Library/Developer/Xcode/Archives/2022-07-04/MyFiji(Prod) 04-07-22, 3.52 PM.xcarchive/Products/Applications/MyFiji.app/Frameworks/libswiftObjectiveC.dylib'>', codeSigningInfo='<_DVTCodeSigningInformation_Path: 0x7f975013f1a0; isSigned='1', isAdHocSigned='0', signingCertificate='<DVTSigningCertificate: 0x7f97502cf250; name='iPhone Distribution: Shanil Chandra (6NR225DSDF)', hash='86A9114CFE562B44AEB2EE0627EE4D6C6FEB57BC', serialNumber='3AD5C0AE2F5B0BABB8BE7BA311479E1C', certificateKinds='(
    "1.2.840.113635.100.6.1.4"
), issueDate='2022-07-01 12:03:33 +0000''>', entitlements='(null)', teamID='6NR225DSDF', identifier='com.apple.dt.runtime.swiftObjectiveC', executablePath='<DVTFilePath:0x7f974b219c00:'/Users/cbl-mac-033/Library/Developer/Xcode/Archives/2022-07-04/MyFiji(Prod) 04-07-22, 3.52 PM.xcarchive/Products/Applications/MyFiji.app/Frameworks/libswiftObjectiveC.dylib'>', hardenedRuntime='0'>'>: {
}
2022-07-04 10:34:06 +0000  Entitlements for <IDEDistributionItem: 0x7f974d9dc390; bundleID='com.apple.dt.runtime.swiftObjectiveC', path='<DVTFilePath:0x7f974b219c00:'/Users/cbl-mac-033/Library/Developer/Xcode/Archives/2022-07-04/MyFiji(Prod) 04-07-22, 3.52 PM.xcarchive/Products/Applications/MyFiji.app/Frameworks/libswiftObjectiveC.dylib'>', codeSigningInfo='<_DVTCodeSigningInformation_Path: 0x7f975013f1a0; isSigned='1', isAdHocSigned='0', signingCertificate='<DVTSigningCertificate: 0x7f974d9af890; name='iPhone Distribution: Shanil Chandra (6NR225DSDF)', hash='86A9114CFE562B44AEB2EE0627EE4D6C6FEB57BC', serialNumber='3AD5C0AE2F5B0BABB8BE7BA311479E1C', certificateKinds='(
    "1.2.840.113635.100.6.1.4"
), issueDate='2022-07-01 12:03:33 +0000''>', entitlements='(null)', teamID='6NR225DSDF', identifier='com.apple.dt.runtime.swiftObjectiveC', executablePath='<DVTFilePath:0x7f974b219c00:'/Users/cbl-mac-033/Library/Developer/Xcode/Archives/2022-07-04/MyFiji(Prod) 04-07-22, 3.52 PM.xcarchive/Products/Applications/MyFiji.app/Frameworks/libswiftObjectiveC.dylib'>', hardenedRuntime='0'>'> are: {
}
2022-07-04 10:34:06 +0000  Writing entitlements for <IDEDistributionItem: 0x7f974d9dc390; bundleID='com.apple.dt.runtime.swiftObjectiveC', path='<DVTFilePath:0x7f974b219c00:'/Users/cbl-mac-033/Library/Developer/Xcode/Archives/2022-07-04/MyFiji(Prod) 04-07-22, 3.52 PM.xcarchive/Products/Applications/MyFiji.app/Frameworks/libswiftObjectiveC.dylib'>', codeSigningInfo='<_DVTCodeSigningInformation_Path: 0x7f975013f1a0; isSigned='1', isAdHocSigned='0', signingCertificate='<DVTSigningCertificate: 0x7f9750287850; name='iPhone Distribution: Shanil Chandra (6NR225DSDF)', hash='86A9114CFE562B44AEB2EE0627EE4D6C6FEB57BC', serialNumber='3AD5C0AE2F5B0BABB8BE7BA311479E1C', certificateKinds='(
    "1.2.840.113635.100.6.1.4"
), issueDate='2022-07-01 12:03:33 +0000''>', entitlements='(null)', teamID='6NR225DSDF', identifier='com.apple.dt.runtime.swiftObjectiveC', executablePath='<DVTFilePath:0x7f974b219c00:'/Users/cbl-mac-033/Library/Developer/Xcode/Archives/2022-07-04/MyFiji(Prod) 04-07-22, 3.52 PM.xcarchive/Products/Applications/MyFiji.app/Frameworks/libswiftObjectiveC.dylib'>', hardenedRuntime='0'>'> to: /var/folders/gs/6wh8jtrs5217v33bfm594jbr0000gn/T/XcodeDistPipeline.~~~iVo3xl/entitlements~~~qWCzZ3
2022-07-04 10:34:06 +0000  Running /usr/bin/codesign '-vvv' '--force' '--sign' '86A9114CFE562B44AEB2EE0627EE4D6C6FEB57BC' '--entitlements' '/var/folders/gs/6wh8jtrs5217v33bfm594jbr0000gn/T/XcodeDistPipeline.~~~iVo3xl/entitlements~~~qWCzZ3' '--generate-entitlement-der' '--preserve-metadata=identifier,flags,runtime' '/var/folders/gs/6wh8jtrs5217v33bfm594jbr0000gn/T/XcodeDistPipeline.~~~iVo3xl/Root/Payload/MyFiji.app/Frameworks/libswiftObjectiveC.dylib'
2022-07-04 10:34:06 +0000  /var/folders/gs/6wh8jtrs5217v33bfm594jbr0000gn/T/XcodeDistPipeline.~~~iVo3xl/Root/Payload/MyFiji.app/Frameworks/libswiftObjectiveC.dylib: replacing existing signature
2022-07-04 10:34:06 +0000  /var/folders/gs/6wh8jtrs5217v33bfm594jbr0000gn/T/XcodeDistPipeline.~~~iVo3xl/Root/Payload/MyFiji.app/Frameworks/libswiftObjectiveC.dylib: signed Mach-O universal (armv7 armv7s arm64) [com.apple.dt.runtime.swiftObjectiveC]
2022-07-04 10:34:06 +0000  /usr/bin/codesign exited with 0
2022-07-04 10:34:06 +0000  Entitlements for <IDEDistributionItem: 0x7f97e4654560; bundleID='com.apple.dt.runtime.swiftPhotos', path='<DVTFilePath:0x7f977da3e240:'/Users/cbl-mac-033/Library/Developer/Xcode/Archives/2022-07-04/MyFiji(Prod) 04-07-22, 3.52 PM.xcarchive/Products/Applications/MyFiji.app/Frameworks/libswiftPhotos.dylib'>', codeSigningInfo='<_DVTCodeSigningInformation_Path: 0x7f97910448c0; isSigned='1', isAdHocSigned='0', signingCertificate='<DVTSigningCertificate: 0x7f974d949660; name='iPhone Distribution: Shanil Chandra (6NR225DSDF)', hash='86A9114CFE562B44AEB2EE0627EE4D6C6FEB57BC', serialNumber='3AD5C0AE2F5B0BABB8BE7BA311479E1C', certificateKinds='(
    "1.2.840.113635.100.6.1.4"
), issueDate='2022-07-01 12:03:33 +0000''>', entitlements='(null)', teamID='6NR225DSDF', identifier='com.apple.dt.runtime.swiftPhotos', executablePath='<DVTFilePath:0x7f977da3e240:'/Users/cbl-mac-033/Library/Developer/Xcode/Archives/2022-07-04/MyFiji(Prod) 04-07-22, 3.52 PM.xcarchive/Products/Applications/MyFiji.app/Frameworks/libswiftPhotos.dylib'>', hardenedRuntime='0'>'>: {
}
2022-07-04 10:34:06 +0000  Entitlements for <IDEDistributionItem: 0x7f97e4654560; bundleID='com.apple.dt.runtime.swiftPhotos', path='<DVTFilePath:0x7f977da3e240:'/Users/cbl-mac-033/Library/Developer/Xcode/Archives/2022-07-04/MyFiji(Prod) 04-07-22, 3.52 PM.xcarchive/Products/Applications/MyFiji.app/Frameworks/libswiftPhotos.dylib'>', codeSigningInfo='<_DVTCodeSigningInformation_Path: 0x7f97910448c0; isSigned='1', isAdHocSigned='0', signingCertificate='<DVTSigningCertificate: 0x7f974cac9550; name='iPhone Distribution: Shanil Chandra (6NR225DSDF)', hash='86A9114CFE562B44AEB2EE0627EE4D6C6FEB57BC', serialNumber='3AD5C0AE2F5B0BABB8BE7BA311479E1C', certificateKinds='(
    "1.2.840.113635.100.6.1.4"
), issueDate='2022-07-01 12:03:33 +0000''>', entitlements='(null)', teamID='6NR225DSDF', identifier='com.apple.dt.runtime.swiftPhotos', executablePath='<DVTFilePath:0x7f977da3e240:'/Users/cbl-mac-033/Library/Developer/Xcode/Archives/2022-07-04/MyFiji(Prod) 04-07-22, 3.52 PM.xcarchive/Products/Applications/MyFiji.app/Frameworks/libswiftPhotos.dylib'>', hardenedRuntime='0'>'> are: {
}
2022-07-04 10:34:06 +0000  Writing entitlements for <IDEDistributionItem: 0x7f97e4654560; bundleID='com.apple.dt.runtime.swiftPhotos', path='<DVTFilePath:0x7f977da3e240:'/Users/cbl-mac-033/Library/Developer/Xcode/Archives/2022-07-04/MyFiji(Prod) 04-07-22, 3.52 PM.xcarchive/Products/Applications/MyFiji.app/Frameworks/libswiftPhotos.dylib'>', codeSigningInfo='<_DVTCodeSigningInformation_Path: 0x7f97910448c0; isSigned='1', isAdHocSigned='0', signingCertificate='<DVTSigningCertificate: 0x7f9760bae2b0; name='iPhone Distribution: Shanil Chandra (6NR225DSDF)', hash='86A9114CFE562B44AEB2EE0627EE4D6C6FEB57BC', serialNumber='3AD5C0AE2F5B0BABB8BE7BA311479E1C', certificateKinds='(
    "1.2.840.113635.100.6.1.4"
), issueDate='2022-07-01 12:03:33 +0000''>', entitlements='(null)', teamID='6NR225DSDF', identifier='com.apple.dt.runtime.swiftPhotos', executablePath='<DVTFilePath:0x7f977da3e240:'/Users/cbl-mac-033/Library/Developer/Xcode/Archives/2022-07-04/MyFiji(Prod) 04-07-22, 3.52 PM.xcarchive/Products/Applications/MyFiji.app/Frameworks/libswiftPhotos.dylib'>', hardenedRuntime='0'>'> to: /var/folders/gs/6wh8jtrs5217v33bfm594jbr0000gn/T/XcodeDistPipeline.~~~iVo3xl/entitlements~~~759vjI
2022-07-04 10:34:06 +0000  Running /usr/bin/codesign '-vvv' '--force' '--sign' '86A9114CFE562B44AEB2EE0627EE4D6C6FEB57BC' '--entitlements' '/var/folders/gs/6wh8jtrs5217v33bfm594jbr0000gn/T/XcodeDistPipeline.~~~iVo3xl/entitlements~~~759vjI' '--generate-entitlement-der' '--preserve-metadata=identifier,flags,runtime' '/var/folders/gs/6wh8jtrs5217v33bfm594jbr0000gn/T/XcodeDistPipeline.~~~iVo3xl/Root/Payload/MyFiji.app/Frameworks/libswiftPhotos.dylib'
2022-07-04 10:34:06 +0000  /var/folders/gs/6wh8jtrs5217v33bfm594jbr0000gn/T/XcodeDistPipeline.~~~iVo3xl/Root/Payload/MyFiji.app/Frameworks/libswiftPhotos.dylib: replacing existing signature
2022-07-04 10:34:06 +0000  /var/folders/gs/6wh8jtrs5217v33bfm594jbr0000gn/T/XcodeDistPipeline.~~~iVo3xl/Root/Payload/MyFiji.app/Frameworks/libswiftPhotos.dylib: signed Mach-O universal (armv7 armv7s arm64) [com.apple.dt.runtime.swiftPhotos]
2022-07-04 10:34:06 +0000  /usr/bin/codesign exited with 0
2022-07-04 10:34:06 +0000  Entitlements for <IDEDistributionItem: 0x7f97cdcba700; bundleID='com.apple.dt.runtime.swiftQuartzCore', path='<DVTFilePath:0x7f97507a1670:'/Users/cbl-mac-033/Library/Developer/Xcode/Archives/2022-07-04/MyFiji(Prod) 04-07-22, 3.52 PM.xcarchive/Products/Applications/MyFiji.app/Frameworks/libswiftQuartzCore.dylib'>', codeSigningInfo='<_DVTCodeSigningInformation_Path: 0x7f97505d37a0; isSigned='1', isAdHocSigned='0', signingCertificate='<DVTSigningCertificate: 0x7f9750181590; name='iPhone Distribution: Shanil Chandra (6NR225DSDF)', hash='86A9114CFE562B44AEB2EE0627EE4D6C6FEB57BC', serialNumber='3AD5C0AE2F5B0BABB8BE7BA311479E1C', certificateKinds='(
    "1.2.840.113635.100.6.1.4"
), issueDate='2022-07-01 12:03:33 +0000''>', entitlements='(null)', teamID='6NR225DSDF', identifier='com.apple.dt.runtime.swiftQuartzCore', executablePath='<DVTFilePath:0x7f97507a1670:'/Users/cbl-mac-033/Library/Developer/Xcode/Archives/2022-07-04/MyFiji(Prod) 04-07-22, 3.52 PM.xcarchive/Products/Applications/MyFiji.app/Frameworks/libswiftQuartzCore.dylib'>', hardenedRuntime='0'>'>: {
}
2022-07-04 10:34:06 +0000  Entitlements for <IDEDistributionItem: 0x7f97cdcba700; bundleID='com.apple.dt.runtime.swiftQuartzCore', path='<DVTFilePath:0x7f97507a1670:'/Users/cbl-mac-033/Library/Developer/Xcode/Archives/2022-07-04/MyFiji(Prod) 04-07-22, 3.52 PM.xcarchive/Products/Applications/MyFiji.app/Frameworks/libswiftQuartzCore.dylib'>', codeSigningInfo='<_DVTCodeSigningInformation_Path: 0x7f97505d37a0; isSigned='1', isAdHocSigned='0', signingCertificate='<DVTSigningCertificate: 0x7f970d69e980; name='iPhone Distribution: Shanil Chandra (6NR225DSDF)', hash='86A9114CFE562B44AEB2EE0627EE4D6C6FEB57BC', serialNumber='3AD5C0AE2F5B0BABB8BE7BA311479E1C', certificateKinds='(
    "1.2.840.113635.100.6.1.4"
), issueDate='2022-07-01 12:03:33 +0000''>', entitlements='(null)', teamID='6NR225DSDF', identifier='com.apple.dt.runtime.swiftQuartzCore', executablePath='<DVTFilePath:0x7f97507a1670:'/Users/cbl-mac-033/Library/Developer/Xcode/Archives/2022-07-04/MyFiji(Prod) 04-07-22, 3.52 PM.xcarchive/Products/Applications/MyFiji.app/Frameworks/libswiftQuartzCore.dylib'>', hardenedRuntime='0'>'> are: {
}
2022-07-04 10:34:06 +0000  Writing entitlements for <IDEDistributionItem: 0x7f97cdcba700; bundleID='com.apple.dt.runtime.swiftQuartzCore', path='<DVTFilePath:0x7f97507a1670:'/Users/cbl-mac-033/Library/Developer/Xcode/Archives/2022-07-04/MyFiji(Prod) 04-07-22, 3.52 PM.xcarchive/Products/Applications/MyFiji.app/Frameworks/libswiftQuartzCore.dylib'>', codeSigningInfo='<_DVTCodeSigningInformation_Path: 0x7f97505d37a0; isSigned='1', isAdHocSigned='0', signingCertificate='<DVTSigningCertificate: 0x7f974d871b00; name='iPhone Distribution: Shanil Chandra (6NR225DSDF)', hash='86A9114CFE562B44AEB2EE0627EE4D6C6FEB57BC', serialNumber='3AD5C0AE2F5B0BABB8BE7BA311479E1C', certificateKinds='(
    "1.2.840.113635.100.6.1.4"
), issueDate='2022-07-01 12:03:33 +0000''>', entitlements='(null)', teamID='6NR225DSDF', identifier='com.apple.dt.runtime.swiftQuartzCore', executablePath='<DVTFilePath:0x7f97507a1670:'/Users/cbl-mac-033/Library/Developer/Xcode/Archives/2022-07-04/MyFiji(Prod) 04-07-22, 3.52 PM.xcarchive/Products/Applications/MyFiji.app/Frameworks/libswiftQuartzCore.dylib'>', hardenedRuntime='0'>'> to: /var/folders/gs/6wh8jtrs5217v33bfm594jbr0000gn/T/XcodeDistPipeline.~~~iVo3xl/entitlements~~~i7TrO1
2022-07-04 10:34:06 +0000  Running /usr/bin/codesign '-vvv' '--force' '--sign' '86A9114CFE562B44AEB2EE0627EE4D6C6FEB57BC' '--entitlements' '/var/folders/gs/6wh8jtrs5217v33bfm594jbr0000gn/T/XcodeDistPipeline.~~~iVo3xl/entitlements~~~i7TrO1' '--generate-entitlement-der' '--preserve-metadata=identifier,flags,runtime' '/var/folders/gs/6wh8jtrs5217v33bfm594jbr0000gn/T/XcodeDistPipeline.~~~iVo3xl/Root/Payload/MyFiji.app/Frameworks/libswiftQuartzCore.dylib'
2022-07-04 10:34:06 +0000  /var/folders/gs/6wh8jtrs5217v33bfm594jbr0000gn/T/XcodeDistPipeline.~~~iVo3xl/Root/Payload/MyFiji.app/Frameworks/libswiftQuartzCore.dylib: replacing existing signature
2022-07-04 10:34:06 +0000  /var/folders/gs/6wh8jtrs5217v33bfm594jbr0000gn/T/XcodeDistPipeline.~~~iVo3xl/Root/Payload/MyFiji.app/Frameworks/libswiftQuartzCore.dylib: signed Mach-O universal (armv7 armv7s arm64) [com.apple.dt.runtime.swiftQuartzCore]
2022-07-04 10:34:06 +0000  /usr/bin/codesign exited with 0
2022-07-04 10:34:06 +0000  Entitlements for <IDEDistributionItem: 0x7f9790c1ddf0; bundleID='com.apple.dt.runtime.swiftUIKit', path='<DVTFilePath:0x7f975fbbc2f0:'/Users/cbl-mac-033/Library/Developer/Xcode/Archives/2022-07-04/MyFiji(Prod) 04-07-22, 3.52 PM.xcarchive/Products/Applications/MyFiji.app/Frameworks/libswiftUIKit.dylib'>', codeSigningInfo='<_DVTCodeSigningInformation_Path: 0x7f974d8fe040; isSigned='1', isAdHocSigned='0', signingCertificate='<DVTSigningCertificate: 0x7f978cd4abb0; name='iPhone Distribution: Shanil Chandra (6NR225DSDF)', hash='86A9114CFE562B44AEB2EE0627EE4D6C6FEB57BC', serialNumber='3AD5C0AE2F5B0BABB8BE7BA311479E1C', certificateKinds='(
    "1.2.840.113635.100.6.1.4"
), issueDate='2022-07-01 12:03:33 +0000''>', entitlements='(null)', teamID='6NR225DSDF', identifier='com.apple.dt.runtime.swiftUIKit', executablePath='<DVTFilePath:0x7f975fbbc2f0:'/Users/cbl-mac-033/Library/Developer/Xcode/Archives/2022-07-04/MyFiji(Prod) 04-07-22, 3.52 PM.xcarchive/Products/Applications/MyFiji.app/Frameworks/libswiftUIKit.dylib'>', hardenedRuntime='0'>'>: {
}
2022-07-04 10:34:06 +0000  Entitlements for <IDEDistributionItem: 0x7f9790c1ddf0; bundleID='com.apple.dt.runtime.swiftUIKit', path='<DVTFilePath:0x7f975fbbc2f0:'/Users/cbl-mac-033/Library/Developer/Xcode/Archives/2022-07-04/MyFiji(Prod) 04-07-22, 3.52 PM.xcarchive/Products/Applications/MyFiji.app/Frameworks/libswiftUIKit.dylib'>', codeSigningInfo='<_DVTCodeSigningInformation_Path: 0x7f974d8fe040; isSigned='1', isAdHocSigned='0', signingCertificate='<DVTSigningCertificate: 0x7f975fec8e90; name='iPhone Distribution: Shanil Chandra (6NR225DSDF)', hash='86A9114CFE562B44AEB2EE0627EE4D6C6FEB57BC', serialNumber='3AD5C0AE2F5B0BABB8BE7BA311479E1C', certificateKinds='(
    "1.2.840.113635.100.6.1.4"
), issueDate='2022-07-01 12:03:33 +0000''>', entitlements='(null)', teamID='6NR225DSDF', identifier='com.apple.dt.runtime.swiftUIKit', executablePath='<DVTFilePath:0x7f975fbbc2f0:'/Users/cbl-mac-033/Library/Developer/Xcode/Archives/2022-07-04/MyFiji(Prod) 04-07-22, 3.52 PM.xcarchive/Products/Applications/MyFiji.app/Frameworks/libswiftUIKit.dylib'>', hardenedRuntime='0'>'> are: {
}
2022-07-04 10:34:06 +0000  Writing entitlements for <IDEDistributionItem: 0x7f9790c1ddf0; bundleID='com.apple.dt.runtime.swiftUIKit', path='<DVTFilePath:0x7f975fbbc2f0:'/Users/cbl-mac-033/Library/Developer/Xcode/Archives/2022-07-04/MyFiji(Prod) 04-07-22, 3.52 PM.xcarchive/Products/Applications/MyFiji.app/Frameworks/libswiftUIKit.dylib'>', codeSigningInfo='<_DVTCodeSigningInformation_Path: 0x7f974d8fe040; isSigned='1', isAdHocSigned='0', signingCertificate='<DVTSigningCertificate: 0x7f975cf39960; name='iPhone Distribution: Shanil Chandra (6NR225DSDF)', hash='86A9114CFE562B44AEB2EE0627EE4D6C6FEB57BC', serialNumber='3AD5C0AE2F5B0BABB8BE7BA311479E1C', certificateKinds='(
    "1.2.840.113635.100.6.1.4"
), issueDate='2022-07-01 12:03:33 +0000''>', entitlements='(null)', teamID='6NR225DSDF', identifier='com.apple.dt.runtime.swiftUIKit', executablePath='<DVTFilePath:0x7f975fbbc2f0:'/Users/cbl-mac-033/Library/Developer/Xcode/Archives/2022-07-04/MyFiji(Prod) 04-07-22, 3.52 PM.xcarchive/Products/Applications/MyFiji.app/Frameworks/libswiftUIKit.dylib'>', hardenedRuntime='0'>'> to: /var/folders/gs/6wh8jtrs5217v33bfm594jbr0000gn/T/XcodeDistPipeline.~~~iVo3xl/entitlements~~~yLDHmD
2022-07-04 10:34:06 +0000  Running /usr/bin/codesign '-vvv' '--force' '--sign' '86A9114CFE562B44AEB2EE0627EE4D6C6FEB57BC' '--entitlements' '/var/folders/gs/6wh8jtrs5217v33bfm594jbr0000gn/T/XcodeDistPipeline.~~~iVo3xl/entitlements~~~yLDHmD' '--generate-entitlement-der' '--preserve-metadata=identifier,flags,runtime' '/var/folders/gs/6wh8jtrs5217v33bfm594jbr0000gn/T/XcodeDistPipeline.~~~iVo3xl/Root/Payload/MyFiji.app/Frameworks/libswiftUIKit.dylib'
2022-07-04 10:34:06 +0000  /var/folders/gs/6wh8jtrs5217v33bfm594jbr0000gn/T/XcodeDistPipeline.~~~iVo3xl/Root/Payload/MyFiji.app/Frameworks/libswiftUIKit.dylib: replacing existing signature
2022-07-04 10:34:06 +0000  /var/folders/gs/6wh8jtrs5217v33bfm594jbr0000gn/T/XcodeDistPipeline.~~~iVo3xl/Root/Payload/MyFiji.app/Frameworks/libswiftUIKit.dylib: signed Mach-O universal (armv7 armv7s arm64) [com.apple.dt.runtime.swiftUIKit]
2022-07-04 10:34:06 +0000  /usr/bin/codesign exited with 0
2022-07-04 10:34:06 +0000  Entitlements for <IDEDistributionItem: 0x7f975fb161f0; bundleID='com.apple.dt.runtime.swiftVision', path='<DVTFilePath:0x7f977da418b0:'/Users/cbl-mac-033/Library/Developer/Xcode/Archives/2022-07-04/MyFiji(Prod) 04-07-22, 3.52 PM.xcarchive/Products/Applications/MyFiji.app/Frameworks/libswiftVision.dylib'>', codeSigningInfo='<_DVTCodeSigningInformation_Path: 0x7f975070b030; isSigned='1', isAdHocSigned='0', signingCertificate='<DVTSigningCertificate: 0x7f9760081ab0; name='iPhone Distribution: Shanil Chandra (6NR225DSDF)', hash='86A9114CFE562B44AEB2EE0627EE4D6C6FEB57BC', serialNumber='3AD5C0AE2F5B0BABB8BE7BA311479E1C', certificateKinds='(
    "1.2.840.113635.100.6.1.4"
), issueDate='2022-07-01 12:03:33 +0000''>', entitlements='(null)', teamID='6NR225DSDF', identifier='com.apple.dt.runtime.swiftVision', executablePath='<DVTFilePath:0x7f977da418b0:'/Users/cbl-mac-033/Library/Developer/Xcode/Archives/2022-07-04/MyFiji(Prod) 04-07-22, 3.52 PM.xcarchive/Products/Applications/MyFiji.app/Frameworks/libswiftVision.dylib'>', hardenedRuntime='0'>'>: {
}
2022-07-04 10:34:06 +0000  Entitlements for <IDEDistributionItem: 0x7f975fb161f0; bundleID='com.apple.dt.runtime.swiftVision', path='<DVTFilePath:0x7f977da418b0:'/Users/cbl-mac-033/Library/Developer/Xcode/Archives/2022-07-04/MyFiji(Prod) 04-07-22, 3.52 PM.xcarchive/Products/Applications/MyFiji.app/Frameworks/libswiftVision.dylib'>', codeSigningInfo='<_DVTCodeSigningInformation_Path: 0x7f975070b030; isSigned='1', isAdHocSigned='0', signingCertificate='<DVTSigningCertificate: 0x7f974d976760; name='iPhone Distribution: Shanil Chandra (6NR225DSDF)', hash='86A9114CFE562B44AEB2EE0627EE4D6C6FEB57BC', serialNumber='3AD5C0AE2F5B0BABB8BE7BA311479E1C', certificateKinds='(
    "1.2.840.113635.100.6.1.4"
), issueDate='2022-07-01 12:03:33 +0000''>', entitlements='(null)', teamID='6NR225DSDF', identifier='com.apple.dt.runtime.swiftVision', executablePath='<DVTFilePath:0x7f977da418b0:'/Users/cbl-mac-033/Library/Developer/Xcode/Archives/2022-07-04/MyFiji(Prod) 04-07-22, 3.52 PM.xcarchive/Products/Applications/MyFiji.app/Frameworks/libswiftVision.dylib'>', hardenedRuntime='0'>'> are: {
}
2022-07-04 10:34:06 +0000  Writing entitlements for <IDEDistributionItem: 0x7f975fb161f0; bundleID='com.apple.dt.runtime.swiftVision', path='<DVTFilePath:0x7f977da418b0:'/Users/cbl-mac-033/Library/Developer/Xcode/Archives/2022-07-04/MyFiji(Prod) 04-07-22, 3.52 PM.xcarchive/Products/Applications/MyFiji.app/Frameworks/libswiftVision.dylib'>', codeSigningInfo='<_DVTCodeSigningInformation_Path: 0x7f975070b030; isSigned='1', isAdHocSigned='0', signingCertificate='<DVTSigningCertificate: 0x7f975faba3b0; name='iPhone Distribution: Shanil Chandra (6NR225DSDF)', hash='86A9114CFE562B44AEB2EE0627EE4D6C6FEB57BC', serialNumber='3AD5C0AE2F5B0BABB8BE7BA311479E1C', certificateKinds='(
    "1.2.840.113635.100.6.1.4"
), issueDate='2022-07-01 12:03:33 +0000''>', entitlements='(null)', teamID='6NR225DSDF', identifier='com.apple.dt.runtime.swiftVision', executablePath='<DVTFilePath:0x7f977da418b0:'/Users/cbl-mac-033/Library/Developer/Xcode/Archives/2022-07-04/MyFiji(Prod) 04-07-22, 3.52 PM.xcarchive/Products/Applications/MyFiji.app/Frameworks/libswiftVision.dylib'>', hardenedRuntime='0'>'> to: /var/folders/gs/6wh8jtrs5217v33bfm594jbr0000gn/T/XcodeDistPipeline.~~~iVo3xl/entitlements~~~1qO6Lw
2022-07-04 10:34:06 +0000  Running /usr/bin/codesign '-vvv' '--force' '--sign' '86A9114CFE562B44AEB2EE0627EE4D6C6FEB57BC' '--entitlements' '/var/folders/gs/6wh8jtrs5217v33bfm594jbr0000gn/T/XcodeDistPipeline.~~~iVo3xl/entitlements~~~1qO6Lw' '--generate-entitlement-der' '--preserve-metadata=identifier,flags,runtime' '/var/folders/gs/6wh8jtrs5217v33bfm594jbr0000gn/T/XcodeDistPipeline.~~~iVo3xl/Root/Payload/MyFiji.app/Frameworks/libswiftVision.dylib'
2022-07-04 10:34:06 +0000  /var/folders/gs/6wh8jtrs5217v33bfm594jbr0000gn/T/XcodeDistPipeline.~~~iVo3xl/Root/Payload/MyFiji.app/Frameworks/libswiftVision.dylib: replacing existing signature
2022-07-04 10:34:06 +0000  /var/folders/gs/6wh8jtrs5217v33bfm594jbr0000gn/T/XcodeDistPipeline.~~~iVo3xl/Root/Payload/MyFiji.app/Frameworks/libswiftVision.dylib: signed Mach-O universal (armv7 armv7s arm64) [com.apple.dt.runtime.swiftVision]
2022-07-04 10:34:06 +0000  /usr/bin/codesign exited with 0
2022-07-04 10:34:06 +0000  Entitlements for <IDEDistributionItem: 0x7f974d814e80; bundleID='com.apple.dt.runtime.swiftos', path='<DVTFilePath:0x7f977daae080:'/Users/cbl-mac-033/Library/Developer/Xcode/Archives/2022-07-04/MyFiji(Prod) 04-07-22, 3.52 PM.xcarchive/Products/Applications/MyFiji.app/Frameworks/libswiftos.dylib'>', codeSigningInfo='<_DVTCodeSigningInformation_Path: 0x7f975ed48450; isSigned='1', isAdHocSigned='0', signingCertificate='<DVTSigningCertificate: 0x7f974d976760; name='iPhone Distribution: Shanil Chandra (6NR225DSDF)', hash='86A9114CFE562B44AEB2EE0627EE4D6C6FEB57BC', serialNumber='3AD5C0AE2F5B0BABB8BE7BA311479E1C', certificateKinds='(
    "1.2.840.113635.100.6.1.4"
), issueDate='2022-07-01 12:03:33 +0000''>', entitlements='(null)', teamID='6NR225DSDF', identifier='com.apple.dt.runtime.swiftos', executablePath='<DVTFilePath:0x7f977daae080:'/Users/cbl-mac-033/Library/Developer/Xcode/Archives/2022-07-04/MyFiji(Prod) 04-07-22, 3.52 PM.xcarchive/Products/Applications/MyFiji.app/Frameworks/libswiftos.dylib'>', hardenedRuntime='0'>'>: {
}
2022-07-04 10:34:06 +0000  Entitlements for <IDEDistributionItem: 0x7f974d814e80; bundleID='com.apple.dt.runtime.swiftos', path='<DVTFilePath:0x7f977daae080:'/Users/cbl-mac-033/Library/Developer/Xcode/Archives/2022-07-04/MyFiji(Prod) 04-07-22, 3.52 PM.xcarchive/Products/Applications/MyFiji.app/Frameworks/libswiftos.dylib'>', codeSigningInfo='<_DVTCodeSigningInformation_Path: 0x7f975ed48450; isSigned='1', isAdHocSigned='0', signingCertificate='<DVTSigningCertificate: 0x7f978938fde0; name='iPhone Distribution: Shanil Chandra (6NR225DSDF)', hash='86A9114CFE562B44AEB2EE0627EE4D6C6FEB57BC', serialNumber='3AD5C0AE2F5B0BABB8BE7BA311479E1C', certificateKinds='(
    "1.2.840.113635.100.6.1.4"
), issueDate='2022-07-01 12:03:33 +0000''>', entitlements='(null)', teamID='6NR225DSDF', identifier='com.apple.dt.runtime.swiftos', executablePath='<DVTFilePath:0x7f977daae080:'/Users/cbl-mac-033/Library/Developer/Xcode/Archives/2022-07-04/MyFiji(Prod) 04-07-22, 3.52 PM.xcarchive/Products/Applications/MyFiji.app/Frameworks/libswiftos.dylib'>', hardenedRuntime='0'>'> are: {
}
2022-07-04 10:34:06 +0000  Writing entitlements for <IDEDistributionItem: 0x7f974d814e80; bundleID='com.apple.dt.runtime.swiftos', path='<DVTFilePath:0x7f977daae080:'/Users/cbl-mac-033/Library/Developer/Xcode/Archives/2022-07-04/MyFiji(Prod) 04-07-22, 3.52 PM.xcarchive/Products/Applications/MyFiji.app/Frameworks/libswiftos.dylib'>', codeSigningInfo='<_DVTCodeSigningInformation_Path: 0x7f975ed48450; isSigned='1', isAdHocSigned='0', signingCertificate='<DVTSigningCertificate: 0x7f975edac400; name='iPhone Distribution: Shanil Chandra (6NR225DSDF)', hash='86A9114CFE562B44AEB2EE0627EE4D6C6FEB57BC', serialNumber='3AD5C0AE2F5B0BABB8BE7BA311479E1C', certificateKinds='(
    "1.2.840.113635.100.6.1.4"
), issueDate='2022-07-01 12:03:33 +0000''>', entitlements='(null)', teamID='6NR225DSDF', identifier='com.apple.dt.runtime.swiftos', executablePath='<DVTFilePath:0x7f977daae080:'/Users/cbl-mac-033/Library/Developer/Xcode/Archives/2022-07-04/MyFiji(Prod) 04-07-22, 3.52 PM.xcarchive/Products/Applications/MyFiji.app/Frameworks/libswiftos.dylib'>', hardenedRuntime='0'>'> to: /var/folders/gs/6wh8jtrs5217v33bfm594jbr0000gn/T/XcodeDistPipeline.~~~iVo3xl/entitlements~~~NfOT3Z
2022-07-04 10:34:06 +0000  Running /usr/bin/codesign '-vvv' '--force' '--sign' '86A9114CFE562B44AEB2EE0627EE4D6C6FEB57BC' '--entitlements' '/var/folders/gs/6wh8jtrs5217v33bfm594jbr0000gn/T/XcodeDistPipeline.~~~iVo3xl/entitlements~~~NfOT3Z' '--generate-entitlement-der' '--preserve-metadata=identifier,flags,runtime' '/var/folders/gs/6wh8jtrs5217v33bfm594jbr0000gn/T/XcodeDistPipeline.~~~iVo3xl/Root/Payload/MyFiji.app/Frameworks/libswiftos.dylib'
2022-07-04 10:34:06 +0000  /var/folders/gs/6wh8jtrs5217v33bfm594jbr0000gn/T/XcodeDistPipeline.~~~iVo3xl/Root/Payload/MyFiji.app/Frameworks/libswiftos.dylib: replacing existing signature
2022-07-04 10:34:06 +0000  /var/folders/gs/6wh8jtrs5217v33bfm594jbr0000gn/T/XcodeDistPipeline.~~~iVo3xl/Root/Payload/MyFiji.app/Frameworks/libswiftos.dylib: signed Mach-O universal (armv7 armv7s arm64) [com.apple.dt.runtime.swiftos]
2022-07-04 10:34:06 +0000  /usr/bin/codesign exited with 0
2022-07-04 10:34:06 +0000  Entitlements for <IDEDistributionItem: 0x7f97d8ce7dd0; bundleID='com.apple.dt.runtime.swiftsimd', path='<DVTFilePath:0x7f977da54fb0:'/Users/cbl-mac-033/Library/Developer/Xcode/Archives/2022-07-04/MyFiji(Prod) 04-07-22, 3.52 PM.xcarchive/Products/Applications/MyFiji.app/Frameworks/libswiftsimd.dylib'>', codeSigningInfo='<_DVTCodeSigningInformation_Path: 0x7f974fdca8e0; isSigned='1', isAdHocSigned='0', signingCertificate='<DVTSigningCertificate: 0x7f974c0e8330; name='iPhone Distribution: Shanil Chandra (6NR225DSDF)', hash='86A9114CFE562B44AEB2EE0627EE4D6C6FEB57BC', serialNumber='3AD5C0AE2F5B0BABB8BE7BA311479E1C', certificateKinds='(
    "1.2.840.113635.100.6.1.4"
), issueDate='2022-07-01 12:03:33 +0000''>', entitlements='(null)', teamID='6NR225DSDF', identifier='com.apple.dt.runtime.swiftsimd', executablePath='<DVTFilePath:0x7f977da54fb0:'/Users/cbl-mac-033/Library/Developer/Xcode/Archives/2022-07-04/MyFiji(Prod) 04-07-22, 3.52 PM.xcarchive/Products/Applications/MyFiji.app/Frameworks/libswiftsimd.dylib'>', hardenedRuntime='0'>'>: {
}
2022-07-04 10:34:06 +0000  Entitlements for <IDEDistributionItem: 0x7f97d8ce7dd0; bundleID='com.apple.dt.runtime.swiftsimd', path='<DVTFilePath:0x7f977da54fb0:'/Users/cbl-mac-033/Library/Developer/Xcode/Archives/2022-07-04/MyFiji(Prod) 04-07-22, 3.52 PM.xcarchive/Products/Applications/MyFiji.app/Frameworks/libswiftsimd.dylib'>', codeSigningInfo='<_DVTCodeSigningInformation_Path: 0x7f974fdca8e0; isSigned='1', isAdHocSigned='0', signingCertificate='<DVTSigningCertificate: 0x7f974c15df50; name='iPhone Distribution: Shanil Chandra (6NR225DSDF)', hash='86A9114CFE562B44AEB2EE0627EE4D6C6FEB57BC', serialNumber='3AD5C0AE2F5B0BABB8BE7BA311479E1C', certificateKinds='(
    "1.2.840.113635.100.6.1.4"
), issueDate='2022-07-01 12:03:33 +0000''>', entitlements='(null)', teamID='6NR225DSDF', identifier='com.apple.dt.runtime.swiftsimd', executablePath='<DVTFilePath:0x7f977da54fb0:'/Users/cbl-mac-033/Library/Developer/Xcode/Archives/2022-07-04/MyFiji(Prod) 04-07-22, 3.52 PM.xcarchive/Products/Applications/MyFiji.app/Frameworks/libswiftsimd.dylib'>', hardenedRuntime='0'>'> are: {
}
2022-07-04 10:34:06 +0000  Writing entitlements for <IDEDistributionItem: 0x7f97d8ce7dd0; bundleID='com.apple.dt.runtime.swiftsimd', path='<DVTFilePath:0x7f977da54fb0:'/Users/cbl-mac-033/Library/Developer/Xcode/Archives/2022-07-04/MyFiji(Prod) 04-07-22, 3.52 PM.xcarchive/Products/Applications/MyFiji.app/Frameworks/libswiftsimd.dylib'>', codeSigningInfo='<_DVTCodeSigningInformation_Path: 0x7f974fdca8e0; isSigned='1', isAdHocSigned='0', signingCertificate='<DVTSigningCertificate: 0x7f975bfd99d0; name='iPhone Distribution: Shanil Chandra (6NR225DSDF)', hash='86A9114CFE562B44AEB2EE0627EE4D6C6FEB57BC', serialNumber='3AD5C0AE2F5B0BABB8BE7BA311479E1C', certificateKinds='(
    "1.2.840.113635.100.6.1.4"
), issueDate='2022-07-01 12:03:33 +0000''>', entitlements='(null)', teamID='6NR225DSDF', identifier='com.apple.dt.runtime.swiftsimd', executablePath='<DVTFilePath:0x7f977da54fb0:'/Users/cbl-mac-033/Library/Developer/Xcode/Archives/2022-07-04/MyFiji(Prod) 04-07-22, 3.52 PM.xcarchive/Products/Applications/MyFiji.app/Frameworks/libswiftsimd.dylib'>', hardenedRuntime='0'>'> to: /var/folders/gs/6wh8jtrs5217v33bfm594jbr0000gn/T/XcodeDistPipeline.~~~iVo3xl/entitlements~~~lqFmxB
2022-07-04 10:34:06 +0000  Running /usr/bin/codesign '-vvv' '--force' '--sign' '86A9114CFE562B44AEB2EE0627EE4D6C6FEB57BC' '--entitlements' '/var/folders/gs/6wh8jtrs5217v33bfm594jbr0000gn/T/XcodeDistPipeline.~~~iVo3xl/entitlements~~~lqFmxB' '--generate-entitlement-der' '--preserve-metadata=identifier,flags,runtime' '/var/folders/gs/6wh8jtrs5217v33bfm594jbr0000gn/T/XcodeDistPipeline.~~~iVo3xl/Root/Payload/MyFiji.app/Frameworks/libswiftsimd.dylib'
2022-07-04 10:34:06 +0000  /var/folders/gs/6wh8jtrs5217v33bfm594jbr0000gn/T/XcodeDistPipeline.~~~iVo3xl/Root/Payload/MyFiji.app/Frameworks/libswiftsimd.dylib: replacing existing signature
2022-07-04 10:34:07 +0000  /var/folders/gs/6wh8jtrs5217v33bfm594jbr0000gn/T/XcodeDistPipeline.~~~iVo3xl/Root/Payload/MyFiji.app/Frameworks/libswiftsimd.dylib: signed Mach-O universal (armv7 armv7s arm64) [com.apple.dt.runtime.swiftsimd]
2022-07-04 10:34:07 +0000  /usr/bin/codesign exited with 0
2022-07-04 10:34:07 +0000  Entitlements for <IDEDistributionItem: 0x7f97ac2826f0; bundleID='com.fijiEats.dispatcher', path='<DVTFilePath:0x7f975d95fbc0:'/Users/cbl-mac-033/Library/Developer/Xcode/Archives/2022-07-04/MyFiji(Prod) 04-07-22, 3.52 PM.xcarchive/Products/Applications/MyFiji.app'>', codeSigningInfo='<_DVTCodeSigningInformation_Path: 0x7f975bebd450; isSigned='1', isAdHocSigned='0', signingCertificate='<DVTSigningCertificate: 0x7f974d397ea0; name='iPhone Distribution: Shanil Chandra (6NR225DSDF)', hash='86A9114CFE562B44AEB2EE0627EE4D6C6FEB57BC', serialNumber='3AD5C0AE2F5B0BABB8BE7BA311479E1C', certificateKinds='(
    "1.2.840.113635.100.6.1.4"
), issueDate='2022-07-01 12:03:33 +0000''>', entitlements='{
    "application-identifier" = "6NR225DSDF.com.fijiEats.dispatcher";
    "aps-environment" = production;
    "beta-reports-active" = 1;
    "com.apple.developer.team-identifier" = 6NR225DSDF;
    "get-task-allow" = 0;
}', teamID='6NR225DSDF', identifier='com.fijiEats.dispatcher', executablePath='<DVTFilePath:0x7f9750720f00:'/Users/cbl-mac-033/Library/Developer/Xcode/Archives/2022-07-04/MyFiji(Prod) 04-07-22, 3.52 PM.xcarchive/Products/Applications/MyFiji.app/MyFiji'>', hardenedRuntime='0'>'>: {
    "application-identifier" = "6NR225DSDF.com.fijiEats.dispatcher";
    "aps-environment" = production;
    "beta-reports-active" = 1;
    "com.apple.developer.team-identifier" = 6NR225DSDF;
    "get-task-allow" = 0;
}
2022-07-04 10:34:07 +0000  Entitlements for <IDEDistributionItem: 0x7f97ac2826f0; bundleID='com.fijiEats.dispatcher', path='<DVTFilePath:0x7f975d95fbc0:'/Users/cbl-mac-033/Library/Developer/Xcode/Archives/2022-07-04/MyFiji(Prod) 04-07-22, 3.52 PM.xcarchive/Products/Applications/MyFiji.app'>', codeSigningInfo='<_DVTCodeSigningInformation_Path: 0x7f975bebd450; isSigned='1', isAdHocSigned='0', signingCertificate='<DVTSigningCertificate: 0x7f975cf74d40; name='iPhone Distribution: Shanil Chandra (6NR225DSDF)', hash='86A9114CFE562B44AEB2EE0627EE4D6C6FEB57BC', serialNumber='3AD5C0AE2F5B0BABB8BE7BA311479E1C', certificateKinds='(
    "1.2.840.113635.100.6.1.4"
), issueDate='2022-07-01 12:03:33 +0000''>', entitlements='{
    "application-identifier" = "6NR225DSDF.com.fijiEats.dispatcher";
    "aps-environment" = production;
    "beta-reports-active" = 1;
    "com.apple.developer.team-identifier" = 6NR225DSDF;
    "get-task-allow" = 0;
}', teamID='6NR225DSDF', identifier='com.fijiEats.dispatcher', executablePath='<DVTFilePath:0x7f9750720f00:'/Users/cbl-mac-033/Library/Developer/Xcode/Archives/2022-07-04/MyFiji(Prod) 04-07-22, 3.52 PM.xcarchive/Products/Applications/MyFiji.app/MyFiji'>', hardenedRuntime='0'>'> are: {
    "application-identifier" = "6NR225DSDF.com.fijiEats.dispatcher";
    "aps-environment" = production;
    "beta-reports-active" = 1;
    "com.apple.developer.team-identifier" = 6NR225DSDF;
    "get-task-allow" = 0;
}
2022-07-04 10:34:07 +0000  Writing entitlements for <IDEDistributionItem: 0x7f97ac2826f0; bundleID='com.fijiEats.dispatcher', path='<DVTFilePath:0x7f975d95fbc0:'/Users/cbl-mac-033/Library/Developer/Xcode/Archives/2022-07-04/MyFiji(Prod) 04-07-22, 3.52 PM.xcarchive/Products/Applications/MyFiji.app'>', codeSigningInfo='<_DVTCodeSigningInformation_Path: 0x7f975bebd450; isSigned='1', isAdHocSigned='0', signingCertificate='<DVTSigningCertificate: 0x7f975035c110; name='iPhone Distribution: Shanil Chandra (6NR225DSDF)', hash='86A9114CFE562B44AEB2EE0627EE4D6C6FEB57BC', serialNumber='3AD5C0AE2F5B0BABB8BE7BA311479E1C', certificateKinds='(
    "1.2.840.113635.100.6.1.4"
), issueDate='2022-07-01 12:03:33 +0000''>', entitlements='{
    "application-identifier" = "6NR225DSDF.com.fijiEats.dispatcher";
    "aps-environment" = production;
    "beta-reports-active" = 1;
    "com.apple.developer.team-identifier" = 6NR225DSDF;
    "get-task-allow" = 0;
}', teamID='6NR225DSDF', identifier='com.fijiEats.dispatcher', executablePath='<DVTFilePath:0x7f9750720f00:'/Users/cbl-mac-033/Library/Developer/Xcode/Archives/2022-07-04/MyFiji(Prod) 04-07-22, 3.52 PM.xcarchive/Products/Applications/MyFiji.app/MyFiji'>', hardenedRuntime='0'>'> to: /var/folders/gs/6wh8jtrs5217v33bfm594jbr0000gn/T/XcodeDistPipeline.~~~iVo3xl/entitlements~~~uE9FRq
2022-07-04 10:34:07 +0000  Running /usr/bin/codesign '-vvv' '--force' '--sign' '86A9114CFE562B44AEB2EE0627EE4D6C6FEB57BC' '--entitlements' '/var/folders/gs/6wh8jtrs5217v33bfm594jbr0000gn/T/XcodeDistPipeline.~~~iVo3xl/entitlements~~~uE9FRq' '--generate-entitlement-der' '--preserve-metadata=identifier,flags,runtime' '/var/folders/gs/6wh8jtrs5217v33bfm594jbr0000gn/T/XcodeDistPipeline.~~~iVo3xl/Root/Payload/MyFiji.app'
2022-07-04 10:34:07 +0000  /var/folders/gs/6wh8jtrs5217v33bfm594jbr0000gn/T/XcodeDistPipeline.~~~iVo3xl/Root/Payload/MyFiji.app: replacing existing signature
2022-07-04 10:34:07 +0000  /var/folders/gs/6wh8jtrs5217v33bfm594jbr0000gn/T/XcodeDistPipeline.~~~iVo3xl/Root/Payload/MyFiji.app: signed app bundle with Mach-O thin (arm64) [com.fijiEats.dispatcher]
2022-07-04 10:34:07 +0000  /usr/bin/codesign exited with 0
2022-07-04 10:34:07 +0000  Processing step: IDEDistributionZipODRItemStep
2022-07-04 10:34:07 +0000  Skipping step: IDEDistributionZipODRItemStep because it said so
2022-07-04 10:34:07 +0000  Skipping step: IDEDistributionZipODRItemStep because it said so
2022-07-04 10:34:07 +0000  Skipping step: IDEDistributionZipODRItemStep because it said so
2022-07-04 10:34:07 +0000  Skipping step: IDEDistributionZipODRItemStep because it said so
2022-07-04 10:34:07 +0000  Skipping step: IDEDistributionZipODRItemStep because it said so
2022-07-04 10:34:07 +0000  Skipping step: IDEDistributionZipODRItemStep because it said so
2022-07-04 10:34:07 +0000  Skipping step: IDEDistributionZipODRItemStep because it said so
2022-07-04 10:34:07 +0000  Skipping step: IDEDistributionZipODRItemStep because it said so
2022-07-04 10:34:07 +0000  Skipping step: IDEDistributionZipODRItemStep because it said so
2022-07-04 10:34:07 +0000  Skipping step: IDEDistributionZipODRItemStep because it said so
2022-07-04 10:34:07 +0000  Skipping step: IDEDistributionZipODRItemStep because it said so
2022-07-04 10:34:07 +0000  Skipping step: IDEDistributionZipODRItemStep because it said so
2022-07-04 10:34:07 +0000  Skipping step: IDEDistributionZipODRItemStep because it said so
2022-07-04 10:34:07 +0000  Skipping step: IDEDistributionZipODRItemStep because it said so
2022-07-04 10:34:07 +0000  Skipping step: IDEDistributionZipODRItemStep because it said so
2022-07-04 10:34:07 +0000  Skipping step: IDEDistributionZipODRItemStep because it said so
2022-07-04 10:34:07 +0000  Skipping step: IDEDistributionZipODRItemStep because it said so
2022-07-04 10:34:07 +0000  Skipping step: IDEDistributionZipODRItemStep because it said so
2022-07-04 10:34:07 +0000  Skipping step: IDEDistributionZipODRItemStep because it said so
2022-07-04 10:34:07 +0000  Skipping step: IDEDistributionZipODRItemStep because it said so
2022-07-04 10:34:07 +0000  Skipping step: IDEDistributionZipODRItemStep because it said so
2022-07-04 10:34:07 +0000  Skipping step: IDEDistributionZipODRItemStep because it said so
2022-07-04 10:34:07 +0000  Skipping step: IDEDistributionZipODRItemStep because it said so
2022-07-04 10:34:07 +0000  Skipping step: IDEDistributionZipODRItemStep because it said so
2022-07-04 10:34:07 +0000  Skipping step: IDEDistributionZipODRItemStep because it said so
2022-07-04 10:34:07 +0000  Skipping step: IDEDistributionZipODRItemStep because it said so
2022-07-04 10:34:07 +0000  Skipping step: IDEDistributionZipODRItemStep because it said so
2022-07-04 10:34:07 +0000  Skipping step: IDEDistributionZipODRItemStep because it said so
2022-07-04 10:34:07 +0000  Skipping step: IDEDistributionZipODRItemStep because it said so
2022-07-04 10:34:07 +0000  Skipping step: IDEDistributionZipODRItemStep because it said so
2022-07-04 10:34:07 +0000  Skipping step: IDEDistributionZipODRItemStep because it said so
2022-07-04 10:34:07 +0000  Processing step: IDEDistributionCreateIPAStep
2022-07-04 10:34:07 +0000  Running /usr/bin/rsync '-8aPhhE' '/var/folders/gs/6wh8jtrs5217v33bfm594jbr0000gn/T/XcodeDistPipeline.~~~iVo3xl/Symbols' '--link-dest' '/var/folders/gs/6wh8jtrs5217v33bfm594jbr0000gn/T/XcodeDistPipeline.~~~iVo3xl' '/var/folders/gs/6wh8jtrs5217v33bfm594jbr0000gn/T/XcodeDistPipeline.~~~iVo3xl/Root'
2022-07-04 10:34:07 +0000  building file list ... 
2022-07-04 10:34:07 +0000   0 files...2022-07-04 10:34:07 +0000  19 files to consider
2022-07-04 10:34:07 +0000  Symbols/
2022-07-04 10:34:07 +0000  
sent 1.06K bytes  received 26 bytes  2.17K bytes/sec
total size is 52.94M  speedup is 49916.14
2022-07-04 10:34:07 +0000  /usr/bin/rsync exited with 0
2022-07-04 10:34:07 +0000  Running /usr/bin/ditto '-V' '-c' '-k' '--norsrc' '/var/folders/gs/6wh8jtrs5217v33bfm594jbr0000gn/T/XcodeDistPipeline.~~~iVo3xl/Root' '/var/folders/gs/6wh8jtrs5217v33bfm594jbr0000gn/T/XcodeDistPipeline.~~~iVo3xl/Packages/MyFiji.ipa'
2022-07-04 10:34:07 +0000  >>> Copying /var/folders/gs/6wh8jtrs5217v33bfm594jbr0000gn/T/XcodeDistPipeline.~~~iVo3xl/Root 
2022-07-04 10:34:07 +0000  copying file ./Payload/MyFiji.app/_CodeSignature/CodeResources ... 
2022-07-04 10:34:07 +0000  328609 bytes for ./Payload/MyFiji.app/_CodeSignature/CodeResources
2022-07-04 10:34:07 +0000  copying file ./Payload/MyFiji.app/Stripe3DS2.bundle/de.lproj/Localizable.strings ... 
2022-07-04 10:34:07 +0000  1591 bytes for ./Payload/MyFiji.app/Stripe3DS2.bundle/de.lproj/Localizable.strings
copying file ./Payload/MyFiji.app/Stripe3DS2.bundle/lt-LT.lproj/Localizable.strings ... 
1775 bytes for ./Payload/MyFiji.app/Stripe3DS2.bundle/lt-LT.lproj/Localizable.strings
copying file ./Payload/MyFiji.app/Stripe3DS2.bundle/zh-Hans.lproj/Localizable.strings ... 
1483 bytes for ./Payload/MyFiji.app/Stripe3DS2.bundle/zh-Hans.lproj/Localizable.strings
copying file ./Payload/MyFiji.app/Stripe3DS2.bundle/ja.lproj/Localizable.strings ... 
1673 bytes for ./Payload/MyFiji.app/Stripe3DS2.bundle/ja.lproj/Localizable.strings
copying file ./Payload/MyFiji.app/Stripe3DS2.bundle/error@3x.png ... 
2030 bytes for ./Payload/MyFiji.app/Stripe3DS2.bundle/error@3x.png
copying file ./Payload/MyFiji.app/Stripe3DS2.bundle/el-GR.lproj/Localizable.strings ... 
1775 bytes for ./Payload/MyFiji.app/Stripe3DS2.bundle/el-GR.lproj/Localizable.strings
copying file ./Payload/MyFiji.app/Stripe3DS2.bundle/ms-MY.lproj/Localizable.strings ... 
1775 bytes for ./Payload/MyFiji.app/Stripe3DS2.bundle/ms-MY.lproj/Localizable.strings
copying file ./Payload/MyFiji.app/Stripe3DS2.bundle/en.lproj/Localizable.strings ... 
2022-07-04 10:34:07 +0000  1775 bytes for ./Payload/MyFiji.app/Stripe3DS2.bundle/en.lproj/Localizable.strings
2022-07-04 10:34:07 +0000  copying file ./Payload/MyFiji.app/Stripe3DS2.bundle/zh-HK.lproj/Localizable.strings ... 
1470 bytes for ./Payload/MyFiji.app/Stripe3DS2.bundle/zh-HK.lproj/Localizable.strings
copying file ./Payload/MyFiji.app/Stripe3DS2.bundle/mt.lproj/Localizable.strings ... 
2022-07-04 10:34:07 +0000  1598 bytes for ./Payload/MyFiji.app/Stripe3DS2.bundle/mt.lproj/Localizable.strings
2022-07-04 10:34:07 +0000  copying file ./Payload/MyFiji.app/Stripe3DS2.bundle/nb.lproj/Localizable.strings ... 
2022-07-04 10:34:07 +0000  1479 bytes for ./Payload/MyFiji.app/Stripe3DS2.bundle/nb.lproj/Localizable.strings
2022-07-04 10:34:07 +0000  copying file ./Payload/MyFiji.app/Stripe3DS2.bundle/ca-ES.lproj/Localizable.strings ... 
2022-07-04 10:34:07 +0000  1775 bytes for ./Payload/MyFiji.app/Stripe3DS2.bundle/ca-ES.lproj/Localizable.strings
2022-07-04 10:34:07 +0000  copying file ./Payload/MyFiji.app/Stripe3DS2.bundle/en-GB.lproj/Localizable.strings ... 
2022-07-04 10:34:07 +0000  1511 bytes for ./Payload/MyFiji.app/Stripe3DS2.bundle/en-GB.lproj/Localizable.strings
2022-07-04 10:34:07 +0000  copying file ./Payload/MyFiji.app/Stripe3DS2.bundle/es.lproj/Localizable.strings ... 
1570 bytes for ./Payload/MyFiji.app/Stripe3DS2.bundle/es.lproj/Localizable.strings
copying file ./Payload/MyFiji.app/Stripe3DS2.bundle/da.lproj/Localizable.strings ... 
1530 bytes for ./Payload/MyFiji.app/Stripe3DS2.bundle/da.lproj/Localizable.strings
copying file ./Payload/MyFiji.app/Stripe3DS2.bundle/es-419.lproj/Localizable.strings ... 
1570 bytes for ./Payload/MyFiji.app/Stripe3DS2.bundle/es-419.lproj/Localizable.strings
copying file ./Payload/MyFiji.app/Stripe3DS2.bundle/cartes-bancaires-logo.png ... 
23990 bytes for ./Payload/MyFiji.app/Stripe3DS2.bundle/cartes-bancaires-logo.png
copying file ./Payload/MyFiji.app/Stripe3DS2.bundle/it.lproj/Localizable.strings ... 
1584 bytes for ./Payload/MyFiji.app/Stripe3DS2.bundle/it.lproj/Localizable.strings
copying file ./Payload/MyFiji.app/Stripe3DS2.bundle/nn-NO.lproj/Localizable.strings ... 
1483 bytes for ./Payload/MyFiji.app/Stripe3DS2.bundle/nn-NO.lproj/Localizable.strings
copying file ./Payload/MyFiji.app/Stripe3DS2.bundle/fr-CA.lproj/Localizable.strings ... 
1599 bytes for ./Payload/MyFiji.app/Stripe3DS2.bundle/fr-CA.lproj/Localizable.strings
copying file ./Payload/MyFiji.app/Stripe3DS2.bundle/mastercard-logo@3x.png ... 
4619 bytes for ./Payload/MyFiji.app/Stripe3DS2.bundle/mastercard-logo@3x.png
copying file ./Payload/MyFiji.app/Stripe3DS2.bundle/bg-BG.lproj/Localizable.strings ... 
2022-07-04 10:34:07 +0000  1775 bytes for ./Payload/MyFiji.app/Stripe3DS2.bundle/bg-BG.lproj/Localizable.strings
copying file ./Payload/MyFiji.app/Stripe3DS2.bundle/sv.lproj/Localizable.strings ... 
2022-07-04 10:34:07 +0000  1490 bytes for ./Payload/MyFiji.app/Stripe3DS2.bundle/sv.lproj/Localizable.strings
2022-07-04 10:34:07 +0000  copying file ./Payload/MyFiji.app/Stripe3DS2.bundle/visa-white-logo@3x.png ... 
2022-07-04 10:34:07 +0000  5690 bytes for ./Payload/MyFiji.app/Stripe3DS2.bundle/visa-white-logo@3x.png
2022-07-04 10:34:07 +0000  copying file ./Payload/MyFiji.app/Stripe3DS2.bundle/ko.lproj/Localizable.strings ... 
2022-07-04 10:34:07 +0000  1585 bytes for ./Payload/MyFiji.app/Stripe3DS2.bundle/ko.lproj/Localizable.strings
copying file ./Payload/MyFiji.app/Stripe3DS2.bundle/fil.lproj/Localizable.strings ... 
1775 bytes for ./Payload/MyFiji.app/Stripe3DS2.bundle/fil.lproj/Localizable.strings
copying file ./Payload/MyFiji.app/Stripe3DS2.bundle/discover-logo.png ... 
2022-07-04 10:34:07 +0000  4601 bytes for ./Payload/MyFiji.app/Stripe3DS2.bundle/discover-logo.png
2022-07-04 10:34:07 +0000  copying file ./Payload/MyFiji.app/Stripe3DS2.bundle/zh-Hant.lproj/Localizable.strings ... 
1473 bytes for ./Payload/MyFiji.app/Stripe3DS2.bundle/zh-Hant.lproj/Localizable.strings
copying file ./Payload/MyFiji.app/Stripe3DS2.bundle/tk.lproj/Localizable.strings ... 
1775 bytes for ./Payload/MyFiji.app/Stripe3DS2.bundle/tk.lproj/Localizable.strings
copying file ./Payload/MyFiji.app/Stripe3DS2.bundle/Chevron@3x.png ... 
699 bytes for ./Payload/MyFiji.app/Stripe3DS2.bundle/Chevron@3x.png
copying file ./Payload/MyFiji.app/Stripe3DS2.bundle/ro-RO.lproj/Localizable.strings ... 
1775 bytes for ./Payload/MyFiji.app/Stripe3DS2.bundle/ro-RO.lproj/Localizable.strings
copying file ./Payload/MyFiji.app/Stripe3DS2.bundle/hu.lproj/Localizable.strings ... 
1542 bytes for ./Payload/MyFiji.app/Stripe3DS2.bundle/hu.lproj/Localizable.strings
copying file ./Payload/MyFiji.app/Stripe3DS2.bundle/visa-logo@3x.png ... 
5103 bytes for ./Payload/MyFiji.app/Stripe3DS2.bundle/visa-logo@3x.png
copying file ./Payload/MyFiji.app/Stripe3DS2.bundle/tr.lproj/Localizable.strings ... 
1566 bytes for ./Payload/MyFiji.app/Stripe3DS2.bundle/tr.lproj/Localizable.strings
2022-07-04 10:34:07 +0000  copying file ./Payload/MyFiji.app/Stripe3DS2.bundle/et-EE.lproj/Localizable.strings ... 
1775 bytes for ./Payload/MyFiji.app/Stripe3DS2.bundle/et-EE.lproj/Localizable.strings
2022-07-04 10:34:07 +0000  copying file ./Payload/MyFiji.app/Stripe3DS2.bundle/pt-BR.lproj/Localizable.strings ... 
2022-07-04 10:34:07 +0000  1564 bytes for ./Payload/MyFiji.app/Stripe3DS2.bundle/pt-BR.lproj/Localizable.strings
2022-07-04 10:34:07 +0000  copying file ./Payload/MyFiji.app/Stripe3DS2.bundle/lv-LV.lproj/Localizable.strings ... 
1775 bytes for ./Payload/MyFiji.app/Stripe3DS2.bundle/lv-LV.lproj/Localizable.strings
copying file ./Payload/MyFiji.app/Stripe3DS2.bundle/vi.lproj/Localizable.strings ... 
1775 bytes for ./Payload/MyFiji.app/Stripe3DS2.bundle/vi.lproj/Localizable.strings
copying file ./Payload/MyFiji.app/Stripe3DS2.bundle/ru.lproj/Localizable.strings ... 
1956 bytes for ./Payload/MyFiji.app/Stripe3DS2.bundle/ru.lproj/Localizable.strings
copying file ./Payload/MyFiji.app/Stripe3DS2.bundle/cs-CZ.lproj/Localizable.strings ... 
1775 bytes for ./Payload/MyFiji.app/Stripe3DS2.bundle/cs-CZ.lproj/Localizable.strings
copying file ./Payload/MyFiji.app/Stripe3DS2.bundle/sk-SK.lproj/Localizable.strings ... 
2022-07-04 10:34:07 +0000  1775 bytes for ./Payload/MyFiji.app/Stripe3DS2.bundle/sk-SK.lproj/Localizable.strings
2022-07-04 10:34:07 +0000  copying file ./Payload/MyFiji.app/Stripe3DS2.bundle/sl-SI.lproj/Localizable.strings ... 
2022-07-04 10:34:07 +0000  1775 bytes for ./Payload/MyFiji.app/Stripe3DS2.bundle/sl-SI.lproj/Localizable.strings
2022-07-04 10:34:07 +0000  copying file ./Payload/MyFiji.app/Stripe3DS2.bundle/fr.lproj/Localizable.strings ... 
2022-07-04 10:34:07 +0000  1597 bytes for ./Payload/MyFiji.app/Stripe3DS2.bundle/fr.lproj/Localizable.strings
2022-07-04 10:34:07 +0000  copying file ./Payload/MyFiji.app/Stripe3DS2.bundle/fi.lproj/Localizable.strings ... 
2022-07-04 10:34:07 +0000  1589 bytes for ./Payload/MyFiji.app/Stripe3DS2.bundle/fi.lproj/Localizable.strings
2022-07-04 10:34:07 +0000  copying file ./Payload/MyFiji.app/Stripe3DS2.bundle/id.lproj/Localizable.strings ... 
2022-07-04 10:34:07 +0000  1775 bytes for ./Payload/MyFiji.app/Stripe3DS2.bundle/id.lproj/Localizable.strings
2022-07-04 10:34:07 +0000  copying file ./Payload/MyFiji.app/Stripe3DS2.bundle/nl.lproj/Localizable.strings ... 
2022-07-04 10:34:07 +0000  1603 bytes for ./Payload/MyFiji.app/Stripe3DS2.bundle/nl.lproj/Localizable.strings
2022-07-04 10:34:07 +0000  copying file ./Payload/MyFiji.app/Stripe3DS2.bundle/pl-PL.lproj/Localizable.strings ... 
2022-07-04 10:34:07 +0000  1775 bytes for ./Payload/MyFiji.app/Stripe3DS2.bundle/pl-PL.lproj/Localizable.strings
copying file ./Payload/MyFiji.app/Stripe3DS2.bundle/amex-logo@3x.png ... 
2022-07-04 10:34:07 +0000  5414 bytes for ./Payload/MyFiji.app/Stripe3DS2.bundle/amex-logo@3x.png
2022-07-04 10:34:07 +0000  copying file ./Payload/MyFiji.app/Stripe3DS2.bundle/pt-PT.lproj/Localizable.strings ... 
2022-07-04 10:34:07 +0000  1592 bytes for ./Payload/MyFiji.app/Stripe3DS2.bundle/pt-PT.lproj/Localizable.strings
2022-07-04 10:34:07 +0000  copying file ./Payload/MyFiji.app/Stripe3DS2.bundle/Info.plist ... 
2022-07-04 10:34:07 +0000  767 bytes for ./Payload/MyFiji.app/Stripe3DS2.bundle/Info.plist
2022-07-04 10:34:07 +0000  copying file ./Payload/MyFiji.app/Stripe3DS2.bundle/hr.lproj/Localizable.strings ... 
2022-07-04 10:34:07 +0000  1775 bytes for ./Payload/MyFiji.app/Stripe3DS2.bundle/hr.lproj/Localizable.strings
2022-07-04 10:34:07 +0000  copying file ./Payload/MyFiji.app/notification.mp3 ... 
2022-07-04 10:34:07 +0000  231549 bytes for ./Payload/MyFiji.app/notification.mp3
2022-07-04 10:34:07 +0000  copying file ./Payload/MyFiji.app/GoogleMaps.bundle/bubble_left@3x.png ... 
2022-07-04 10:34:07 +0000  2386 bytes for ./Payload/MyFiji.app/GoogleMaps.bundle/bubble_left@3x.png
2022-07-04 10:34:07 +0000  copying file ./Payload/MyFiji.app/GoogleMaps.bundle/bubble_left.png ... 
2022-07-04 10:34:07 +0000  451 bytes for ./Payload/MyFiji.app/GoogleMaps.bundle/bubble_left.png
2022-07-04 10:34:07 +0000  copying file ./Payload/MyFiji.app/GoogleMaps.bundle/bubble_left@2x.png ... 
2022-07-04 10:34:07 +0000  1055 bytes for ./Payload/MyFiji.app/GoogleMaps.bundle/bubble_left@2x.png
copying file ./Payload/MyFiji.app/GoogleMaps.bundle/bubble_right@3x.png ... 
2022-07-04 10:34:07 +0000  2374 bytes for ./Payload/MyFiji.app/GoogleMaps.bundle/bubble_right@3x.png
2022-07-04 10:34:07 +0000  copying file ./Payload/MyFiji.app/GoogleMaps.bundle/ic_error.png ... 
2022-07-04 10:34:07 +0000  236 bytes for ./Payload/MyFiji.app/GoogleMaps.bundle/ic_error.png
2022-07-04 10:34:07 +0000  copying file ./Payload/MyFiji.app/GoogleMaps.bundle/bubble_right@2x.png ... 
2022-07-04 10:34:07 +0000  1051 bytes for ./Payload/MyFiji.app/GoogleMaps.bundle/bubble_right@2x.png
2022-07-04 10:34:07 +0000  copying file ./Payload/MyFiji.app/GoogleMaps.bundle/GMSCoreResources.bundle/de.lproj/GMSCore.strings ... 
3571 bytes for ./Payload/MyFiji.app/GoogleMaps.bundle/GMSCoreResources.bundle/de.lproj/GMSCore.strings
copying file ./Payload/MyFiji.app/GoogleMaps.bundle/GMSCoreResources.bundle/he.lproj/GMSCore.strings ... 
3684 bytes for ./Payload/MyFiji.app/GoogleMaps.bundle/GMSCoreResources.bundle/he.lproj/GMSCore.strings
2022-07-04 10:34:07 +0000  copying file ./Payload/MyFiji.app/GoogleMaps.bundle/GMSCoreResources.bundle/en_AU.lproj/GMSCore.strings ... 
2022-07-04 10:34:07 +0000  3340 bytes for ./Payload/MyFiji.app/GoogleMaps.bundle/GMSCoreResources.bundle/en_AU.lproj/GMSCore.strings
2022-07-04 10:34:07 +0000  copying file ./Payload/MyFiji.app/GoogleMaps.bundle/GMSCoreResources.bundle/ar.lproj/GMSCore.strings ... 
2022-07-04 10:34:07 +0000  4459 bytes for ./Payload/MyFiji.app/GoogleMaps.bundle/GMSCoreResources.bundle/ar.lproj/GMSCore.strings
copying file ./Payload/MyFiji.app/GoogleMaps.bundle/GMSCoreResources.bundle/el.lproj/GMSCore.strings ... 
3947 bytes for ./Payload/MyFiji.app/GoogleMaps.bundle/GMSCoreResources.bundle/el.lproj/GMSCore.strings
copying file ./Payload/MyFiji.app/GoogleMaps.bundle/GMSCoreResources.bundle/ja.lproj/GMSCore.strings ... 
3138 bytes for ./Payload/MyFiji.app/GoogleMaps.bundle/GMSCoreResources.bundle/ja.lproj/GMSCore.strings
copying file ./Payload/MyFiji.app/GoogleMaps.bundle/GMSCoreResources.bundle/ic_qu_direction_mylocation@2x.png ... 
2022-07-04 10:34:07 +0000  663 bytes for ./Payload/MyFiji.app/GoogleMaps.bundle/GMSCoreResources.bundle/ic_qu_direction_mylocation@2x.png
copying file ./Payload/MyFiji.app/GoogleMaps.bundle/GMSCoreResources.bundle/en.lproj/GMSCore.strings ... 
3323 bytes for ./Payload/MyFiji.app/GoogleMaps.bundle/GMSCoreResources.bundle/en.lproj/GMSCore.strings
copying file ./Payload/MyFiji.app/GoogleMaps.bundle/GMSCoreResources.bundle/uk.lproj/GMSCore.strings ... 
4204 bytes for ./Payload/MyFiji.app/GoogleMaps.bundle/GMSCoreResources.bundle/uk.lproj/GMSCore.strings
copying file ./Payload/MyFiji.app/GoogleMaps.bundle/GMSCoreResources.bundle/ic_qu_direction_mylocation.png ... 
362 bytes for ./Payload/MyFiji.app/GoogleMaps.bundle/GMSCoreResources.bundle/ic_qu_direction_mylocation.png
copying file ./Payload/MyFiji.app/GoogleMaps.bundle/GMSCoreResources.bundle/es_419.lproj/GMSCore.strings ... 
2022-07-04 10:34:07 +0000  3619 bytes for ./Payload/MyFiji.app/GoogleMaps.bundle/GMSCoreResources.bundle/es_419.lproj/GMSCore.strings
copying file ./Payload/MyFiji.app/GoogleMaps.bundle/GMSCoreResources.bundle/GMSSprites-0-1x.png ... 
2022-07-04 10:34:07 +0000  10597 bytes for ./Payload/MyFiji.app/GoogleMaps.bundle/GMSCoreResources.bundle/GMSSprites-0-1x.png
copying file ./Payload/MyFiji.app/GoogleMaps.bundle/GMSCoreResources.bundle/ic_compass_needle_large@2x.png ... 
2446 bytes for ./Payload/MyFiji.app/GoogleMaps.bundle/GMSCoreResources.bundle/ic_compass_needle_large@2x.png
copying file ./Payload/MyFiji.app/GoogleMaps.bundle/GMSCoreResources.bundle/ic_compass_needle_large@3x.png ... 
3304 bytes for ./Payload/MyFiji.app/GoogleMaps.bundle/GMSCoreResources.bundle/ic_compass_needle_large@3x.png
copying file ./Payload/MyFiji.app/GoogleMaps.bundle/GMSCoreResources.bundle/es_MX.lproj/GMSCore.strings ... 
3619 bytes for ./Payload/MyFiji.app/GoogleMaps.bundle/GMSCoreResources.bundle/es_MX.lproj/GMSCore.strings
copying file ./Payload/MyFiji.app/GoogleMaps.bundle/GMSCoreResources.bundle/ic_compass_needle_large.png ... 
1114 bytes for ./Payload/MyFiji.app/GoogleMaps.bundle/GMSCoreResources.bundle/ic_compass_needle_large.png
copying file ./Payload/MyFiji.app/GoogleMaps.bundle/GMSCoreResources.bundle/zh_CN.lproj/GMSCore.strings ... 
3114 bytes for ./Payload/MyFiji.app/GoogleMaps.bundle/GMSCoreResources.bundle/zh_CN.lproj/GMSCore.strings
copying file ./Payload/MyFiji.app/GoogleMaps.bundle/GMSCoreResources.bundle/ic_qu_direction_mylocation@3x.png ... 
1240 bytes for ./Payload/MyFiji.app/GoogleMaps.bundle/GMSCoreResources.bundle/ic_qu_direction_mylocation@3x.png
copying file ./Payload/MyFiji.app/GoogleMaps.bundle/GMSCoreResources.bundle/DroidSansMerged-Regular.ttf ... 
2022-07-04 10:34:07 +0000  392092 bytes for ./Payload/MyFiji.app/GoogleMaps.bundle/GMSCoreResources.bundle/DroidSansMerged-Regular.ttf
copying file ./Payload/MyFiji.app/GoogleMaps.bundle/GMSCoreResources.bundle/nb.lproj/GMSCore.strings ... 
2022-07-04 10:34:07 +0000  3497 bytes for ./Payload/MyFiji.app/GoogleMaps.bundle/GMSCoreResources.bundle/nb.lproj/GMSCore.strings
copying file ./Payload/MyFiji.app/GoogleMaps.bundle/GMSCoreResources.bundle/es.lproj/GMSCore.strings ... 
2022-07-04 10:34:07 +0000  3620 bytes for ./Payload/MyFiji.app/GoogleMaps.bundle/GMSCoreResources.bundle/es.lproj/GMSCore.strings
copying file ./Payload/MyFiji.app/GoogleMaps.bundle/GMSCoreResources.bundle/pt_BR.lproj/GMSCore.strings ... 
2022-07-04 10:34:07 +0000  3668 bytes for ./Payload/MyFiji.app/GoogleMaps.bundle/GMSCoreResources.bundle/pt_BR.lproj/GMSCore.strings
copying file ./Payload/MyFiji.app/GoogleMaps.bundle/GMSCoreResources.bundle/da.lproj/GMSCore.strings ... 
3584 bytes for ./Payload/MyFiji.app/GoogleMaps.bundle/GMSCoreResources.bundle/da.lproj/GMSCore.strings
copying file ./Payload/MyFiji.app/GoogleMaps.bundle/GMSCoreResources.bundle/ic_location_off@3x.png ... 
2022-07-04 10:34:07 +0000  1577 bytes for ./Payload/MyFiji.app/GoogleMaps.bundle/GMSCoreResources.bundle/ic_location_off@3x.png
copying file ./Payload/MyFiji.app/GoogleMaps.bundle/GMSCoreResources.bundle/it.lproj/GMSCore.strings ... 
3395 bytes for ./Payload/MyFiji.app/GoogleMaps.bundle/GMSCoreResources.bundle/it.lproj/GMSCore.strings
copying file ./Payload/MyFiji.app/GoogleMaps.bundle/GMSCoreResources.bundle/sk.lproj/GMSCore.strings ... 
3679 bytes for ./Payload/MyFiji.app/GoogleMaps.bundle/GMSCoreResources.bundle/sk.lproj/GMSCore.strings
copying file ./Payload/MyFiji.app/GoogleMaps.bundle/GMSCoreResources.bundle/GMSNavSprites-0-3x.png ... 
20924 bytes for ./Payload/MyFiji.app/GoogleMaps.bundle/GMSCoreResources.bundle/GMSNavSprites-0-3x.png
copying file ./Payload/MyFiji.app/GoogleMaps.bundle/GMSCoreResources.bundle/pt_PT.lproj/GMSCore.strings ... 
3651 bytes for ./Payload/MyFiji.app/GoogleMaps.bundle/GMSCoreResources.bundle/pt_PT.lproj/GMSCore.strings
copying file ./Payload/MyFiji.app/GoogleMaps.bundle/GMSCoreResources.bundle/button_compass_night.png ... 
2022-07-04 10:34:07 +0000  720 bytes for ./Payload/MyFiji.app/GoogleMaps.bundle/GMSCoreResources.bundle/button_compass_night.png
copying file ./Payload/MyFiji.app/GoogleMaps.bundle/GMSCoreResources.bundle/button_my_location.png ... 
2022-07-04 10:34:08 +0000  492 bytes for ./Payload/MyFiji.app/GoogleMaps.bundle/GMSCoreResources.bundle/button_my_location.png
copying file ./Payload/MyFiji.app/GoogleMaps.bundle/GMSCoreResources.bundle/road_16-4.png ... 
127 bytes for ./Payload/MyFiji.app/GoogleMaps.bundle/GMSCoreResources.bundle/road_16-4.png
copying file ./Payload/MyFiji.app/GoogleMaps.bundle/GMSCoreResources.bundle/ms.lproj/GMSCore.strings ... 
3279 bytes for ./Payload/MyFiji.app/GoogleMaps.bundle/GMSCoreResources.bundle/ms.lproj/GMSCore.strings
copying file ./Payload/MyFiji.app/GoogleMaps.bundle/GMSCoreResources.bundle/road_256-64.png ... 
1934 bytes for ./Payload/MyFiji.app/GoogleMaps.bundle/GMSCoreResources.bundle/road_256-64.png
copying file ./Payload/MyFiji.app/GoogleMaps.bundle/GMSCoreResources.bundle/button_compass.png ... 
631 bytes for ./Payload/MyFiji.app/GoogleMaps.bundle/GMSCoreResources.bundle/button_compass.png
copying file ./Payload/MyFiji.app/GoogleMaps.bundle/GMSCoreResources.bundle/sv.lproj/GMSCore.strings ... 
3717 bytes for ./Payload/MyFiji.app/GoogleMaps.bundle/GMSCoreResources.bundle/sv.lproj/GMSCore.strings
copying file ./Payload/MyFiji.app/GoogleMaps.bundle/GMSCoreResources.bundle/road_8-2.png ... 
93 bytes for ./Payload/MyFiji.app/GoogleMaps.bundle/GMSCoreResources.bundle/road_8-2.png
copying file ./Payload/MyFiji.app/GoogleMaps.bundle/GMSCoreResources.bundle/cs.lproj/GMSCore.strings ... 
3914 bytes for ./Payload/MyFiji.app/GoogleMaps.bundle/GMSCoreResources.bundle/cs.lproj/GMSCore.strings
copying file ./Payload/MyFiji.app/GoogleMaps.bundle/GMSCoreResources.bundle/button_background.png ... 
334 bytes for ./Payload/MyFiji.app/GoogleMaps.bundle/GMSCoreResources.bundle/button_background.png
copying file ./Payload/MyFiji.app/GoogleMaps.bundle/GMSCoreResources.bundle/GMSNavNightModeSprites-0-1x.png ... 
3393 bytes for ./Payload/MyFiji.app/GoogleMaps.bundle/GMSCoreResources.bundle/GMSNavNightModeSprites-0-1x.png
copying file ./Payload/MyFiji.app/GoogleMaps.bundle/GMSCoreResources.bundle/button_my_location@2x.png ... 
1229 bytes for ./Payload/MyFiji.app/GoogleMaps.bundle/GMSCoreResources.bundle/button_my_location@2x.png
copying file ./Payload/MyFiji.app/GoogleMaps.bundle/GMSCoreResources.bundle/en_IN.lproj/GMSCore.strings ... 
3340 bytes for ./Payload/MyFiji.app/GoogleMaps.bundle/GMSCoreResources.bundle/en_IN.lproj/GMSCore.strings
copying file ./Payload/MyFiji.app/GoogleMaps.bundle/GMSCoreResources.bundle/ko.lproj/GMSCore.strings ... 
3184 bytes for ./Payload/MyFiji.app/GoogleMaps.bundle/GMSCoreResources.bundle/ko.lproj/GMSCore.strings
copying file ./Payload/MyFiji.app/GoogleMaps.bundle/GMSCoreResources.bundle/GMSNavSprites-0-2x.png ... 
2022-07-04 10:34:08 +0000  13321 bytes for ./Payload/MyFiji.app/GoogleMaps.bundle/GMSCoreResources.bundle/GMSNavSprites-0-2x.png
copying file ./Payload/MyFiji.app/GoogleMaps.bundle/GMSCoreResources.bundle/ic_location_off@2x.png ... 
860 bytes for ./Payload/MyFiji.app/GoogleMaps.bundle/GMSCoreResources.bundle/ic_location_off@2x.png
copying file ./Payload/MyFiji.app/GoogleMaps.bundle/GMSCoreResources.bundle/GMSNavSprites-0-1x.png ... 
2022-07-04 10:34:08 +0000  5684 bytes for ./Payload/MyFiji.app/GoogleMaps.bundle/GMSCoreResources.bundle/GMSNavSprites-0-1x.png
copying file ./Payload/MyFiji.app/GoogleMaps.bundle/GMSCoreResources.bundle/Tharlon-Regular.ttf ... 
2022-07-04 10:34:08 +0000  353228 bytes for ./Payload/MyFiji.app/GoogleMaps.bundle/GMSCoreResources.bundle/Tharlon-Regular.ttf
copying file ./Payload/MyFiji.app/GoogleMaps.bundle/GMSCoreResources.bundle/hu.lproj/GMSCore.strings ... 
2022-07-04 10:34:08 +0000  3454 bytes for ./Payload/MyFiji.app/GoogleMaps.bundle/GMSCoreResources.bundle/hu.lproj/GMSCore.strings
copying file ./Payload/MyFiji.app/GoogleMaps.bundle/GMSCoreResources.bundle/zh_HK.lproj/GMSCore.strings ... 
2022-07-04 10:34:08 +0000  3112 bytes for ./Payload/MyFiji.app/GoogleMaps.bundle/GMSCoreResources.bundle/zh_HK.lproj/GMSCore.strings
copying file ./Payload/MyFiji.app/GoogleMaps.bundle/GMSCoreResources.bundle/road_4-1.png ... 
74 bytes for ./Payload/MyFiji.app/GoogleMaps.bundle/GMSCoreResources.bundle/road_4-1.png
copying file ./Payload/MyFiji.app/GoogleMaps.bundle/GMSCoreResources.bundle/button_background@2x.png ... 
2022-07-04 10:34:08 +0000  433 bytes for ./Payload/MyFiji.app/GoogleMaps.bundle/GMSCoreResources.bundle/button_background@2x.png
copying file ./Payload/MyFiji.app/GoogleMaps.bundle/GMSCoreResources.bundle/ic_compass_needle@2x.png ... 
2022-07-04 10:34:08 +0000  992 bytes for ./Payload/MyFiji.app/GoogleMaps.bundle/GMSCoreResources.bundle/ic_compass_needle@2x.png
copying file ./Payload/MyFiji.app/GoogleMaps.bundle/GMSCoreResources.bundle/Assets.car ... 
2022-07-04 10:34:08 +0000  73656 bytes for ./Payload/MyFiji.app/GoogleMaps.bundle/GMSCoreResources.bundle/Assets.car
copying file ./Payload/MyFiji.app/GoogleMaps.bundle/GMSCoreResources.bundle/tr.lproj/GMSCore.strings ... 
2022-07-04 10:34:08 +0000  3455 bytes for ./Payload/MyFiji.app/GoogleMaps.bundle/GMSCoreResources.bundle/tr.lproj/GMSCore.strings
copying file ./Payload/MyFiji.app/GoogleMaps.bundle/GMSCoreResources.bundle/pl.lproj/GMSCore.strings ... 
3745 bytes for ./Payload/MyFiji.app/GoogleMaps.bundle/GMSCoreResources.bundle/pl.lproj/GMSCore.strings
copying file ./Payload/MyFiji.app/GoogleMaps.bundle/GMSCoreResources.bundle/zh_TW.lproj/GMSCore.strings ... 
2022-07-04 10:34:08 +0000  3137 bytes for ./Payload/MyFiji.app/GoogleMaps.bundle/GMSCoreResources.bundle/zh_TW.lproj/GMSCore.strings
copying file ./Payload/MyFiji.app/GoogleMaps.bundle/GMSCoreResources.bundle/GMSNavNightModeSprites-0-2x.png ... 
7660 bytes for ./Payload/MyFiji.app/GoogleMaps.bundle/GMSCoreResources.bundle/GMSNavNightModeSprites-0-2x.png
copying file ./Payload/MyFiji.app/GoogleMaps.bundle/GMSCoreResources.bundle/GMSNavNightModeSprites-0-3x.png ... 
2022-07-04 10:34:08 +0000  12519 bytes for ./Payload/MyFiji.app/GoogleMaps.bundle/GMSCoreResources.bundle/GMSNavNightModeSprites-0-3x.png
2022-07-04 10:34:08 +0000  copying file ./Payload/MyFiji.app/GoogleMaps.bundle/GMSCoreResources.bundle/en_GB.lproj/GMSCore.strings ... 
2022-07-04 10:34:08 +0000  3340 bytes for ./Payload/MyFiji.app/GoogleMaps.bundle/GMSCoreResources.bundle/en_GB.lproj/GMSCore.strings
copying file ./Payload/MyFiji.app/GoogleMaps.bundle/GMSCoreResources.bundle/dav_one_way_16_256.png ... 
315 bytes for ./Payload/MyFiji.app/GoogleMaps.bundle/GMSCoreResources.bundle/dav_one_way_16_256.png
copying file ./Payload/MyFiji.app/GoogleMaps.bundle/GMSCoreResources.bundle/road_2-1.png ... 
84 bytes for ./Payload/MyFiji.app/GoogleMaps.bundle/GMSCoreResources.bundle/road_2-1.png
copying file ./Payload/MyFiji.app/GoogleMaps.bundle/GMSCoreResources.bundle/vi.lproj/GMSCore.strings ... 
2022-07-04 10:34:08 +0000  3510 bytes for ./Payload/MyFiji.app/GoogleMaps.bundle/GMSCoreResources.bundle/vi.lproj/GMSCore.strings
2022-07-04 10:34:08 +0000  copying file ./Payload/MyFiji.app/GoogleMaps.bundle/GMSCoreResources.bundle/button_background@3x.png ... 
515 bytes for ./Payload/MyFiji.app/GoogleMaps.bundle/GMSCoreResources.bundle/button_background@3x.png
copying file ./Payload/MyFiji.app/GoogleMaps.bundle/GMSCoreResources.bundle/road_32-8.png ... 
223 bytes for ./Payload/MyFiji.app/GoogleMaps.bundle/GMSCoreResources.bundle/road_32-8.png
copying file ./Payload/MyFiji.app/GoogleMaps.bundle/GMSCoreResources.bundle/lv.lproj/GMSCore.strings ... 
2022-07-04 10:34:08 +0000  3897 bytes for ./Payload/MyFiji.app/GoogleMaps.bundle/GMSCoreResources.bundle/lv.lproj/GMSCore.strings
2022-07-04 10:34:08 +0000  copying file ./Payload/MyFiji.app/GoogleMaps.bundle/GMSCoreResources.bundle/lt.lproj/GMSCore.strings ... 
3601 bytes for ./Payload/MyFiji.app/GoogleMaps.bundle/GMSCoreResources.bundle/lt.lproj/GMSCore.strings
copying file ./Payload/MyFiji.app/GoogleMaps.bundle/GMSCoreResources.bundle/ru.lproj/GMSCore.strings ... 
4024 bytes for ./Payload/MyFiji.app/GoogleMaps.bundle/GMSCoreResources.bundle/ru.lproj/GMSCore.strings
copying file ./Payload/MyFiji.app/GoogleMaps.bundle/GMSCoreResources.bundle/polyline_colors_texture_dim.png ... 
2022-07-04 10:34:08 +0000  7485 bytes for ./Payload/MyFiji.app/GoogleMaps.bundle/GMSCoreResources.bundle/polyline_colors_texture_dim.png
copying file ./Payload/MyFiji.app/GoogleMaps.bundle/GMSCoreResources.bundle/fr_CA.lproj/GMSCore.strings ... 
3604 bytes for ./Payload/MyFiji.app/GoogleMaps.bundle/GMSCoreResources.bundle/fr_CA.lproj/GMSCore.strings
copying file ./Payload/MyFiji.app/GoogleMaps.bundle/GMSCoreResources.bundle/road_128-32.png ... 
1029 bytes for ./Payload/MyFiji.app/GoogleMaps.bundle/GMSCoreResources.bundle/road_128-32.png
copying file ./Payload/MyFiji.app/GoogleMaps.bundle/GMSCoreResources.bundle/fr.lproj/GMSCore.strings ... 
3895 bytes for ./Payload/MyFiji.app/GoogleMaps.bundle/GMSCoreResources.bundle/fr.lproj/GMSCore.strings
copying file ./Payload/MyFiji.app/GoogleMaps.bundle/GMSCoreResources.bundle/fi.lproj/GMSCore.strings ... 
3527 bytes for ./Payload/MyFiji.app/GoogleMaps.bundle/GMSCoreResources.bundle/fi.lproj/GMSCore.strings
copying file ./Payload/MyFiji.app/GoogleMaps.bundle/GMSCoreResources.bundle/id.lproj/GMSCore.strings ... 
3261 bytes for ./Payload/MyFiji.app/GoogleMaps.bundle/GMSCoreResources.bundle/id.lproj/GMSCore.strings
copying file ./Payload/MyFiji.app/GoogleMaps.bundle/GMSCoreResources.bundle/nl.lproj/GMSCore.strings ... 
3421 bytes for ./Payload/MyFiji.app/GoogleMaps.bundle/GMSCoreResources.bundle/nl.lproj/GMSCore.strings
copying file ./Payload/MyFiji.app/GoogleMaps.bundle/GMSCoreResources.bundle/th.lproj/GMSCore.strings ... 
3458 bytes for ./Payload/MyFiji.app/GoogleMaps.bundle/GMSCoreResources.bundle/th.lproj/GMSCore.strings
copying file ./Payload/MyFiji.app/GoogleMaps.bundle/GMSCoreResources.bundle/road_64-16.png ... 
425 bytes for ./Payload/MyFiji.app/GoogleMaps.bundle/GMSCoreResources.bundle/road_64-16.png
copying file ./Payload/MyFiji.app/GoogleMaps.bundle/GMSCoreResources.bundle/GMSSprites-0-3x.png ... 
2022-07-04 10:34:08 +0000  43676 bytes for ./Payload/MyFiji.app/GoogleMaps.bundle/GMSCoreResources.bundle/GMSSprites-0-3x.png
copying file ./Payload/MyFiji.app/GoogleMaps.bundle/GMSCoreResources.bundle/polyline_colors_texture.png ... 
7433 bytes for ./Payload/MyFiji.app/GoogleMaps.bundle/GMSCoreResources.bundle/polyline_colors_texture.png
copying file ./Payload/MyFiji.app/GoogleMaps.bundle/GMSCoreResources.bundle/ic_compass_needle.png ... 
2022-07-04 10:34:08 +0000  483 bytes for ./Payload/MyFiji.app/GoogleMaps.bundle/GMSCoreResources.bundle/ic_compass_needle.png
copying file ./Payload/MyFiji.app/GoogleMaps.bundle/GMSCoreResources.bundle/pt.lproj/GMSCore.strings ... 
3668 bytes for ./Payload/MyFiji.app/GoogleMaps.bundle/GMSCoreResources.bundle/pt.lproj/GMSCore.strings
copying file ./Payload/MyFiji.app/GoogleMaps.bundle/GMSCoreResources.bundle/road_1-1.png ... 
95 bytes for ./Payload/MyFiji.app/GoogleMaps.bundle/GMSCoreResources.bundle/road_1-1.png
copying file ./Payload/MyFiji.app/GoogleMaps.bundle/GMSCoreResources.bundle/ic_location_off.png ... 
498 bytes for ./Payload/MyFiji.app/GoogleMaps.bundle/GMSCoreResources.bundle/ic_location_off.png
copying file ./Payload/MyFiji.app/GoogleMaps.bundle/GMSCoreResources.bundle/ro.lproj/GMSCore.strings ... 
3762 bytes for ./Payload/MyFiji.app/GoogleMaps.bundle/GMSCoreResources.bundle/ro.lproj/GMSCore.strings
copying file ./Payload/MyFiji.app/GoogleMaps.bundle/GMSCoreResources.bundle/Info.plist ... 
364 bytes for ./Payload/MyFiji.app/GoogleMaps.bundle/GMSCoreResources.bundle/Info.plist
copying file ./Payload/MyFiji.app/GoogleMaps.bundle/GMSCoreResources.bundle/GMSSprites-0-2x.png ... 
2022-07-04 10:34:08 +0000  24703 bytes for ./Payload/MyFiji.app/GoogleMaps.bundle/GMSCoreResources.bundle/GMSSprites-0-2x.png
copying file ./Payload/MyFiji.app/GoogleMaps.bundle/GMSCoreResources.bundle/button_compass_night@2x.png ... 
2221 bytes for ./Payload/MyFiji.app/GoogleMaps.bundle/GMSCoreResources.bundle/button_compass_night@2x.png
copying file ./Payload/MyFiji.app/GoogleMaps.bundle/GMSCoreResources.bundle/button_compass@2x.png ... 
2560 bytes for ./Payload/MyFiji.app/GoogleMaps.bundle/GMSCoreResources.bundle/button_compass@2x.png
copying file ./Payload/MyFiji.app/GoogleMaps.bundle/GMSCoreResources.bundle/hr.lproj/GMSCore.strings ... 
3544 bytes for ./Payload/MyFiji.app/GoogleMaps.bundle/GMSCoreResources.bundle/hr.lproj/GMSCore.strings
2022-07-04 10:34:08 +0000  copying file ./Payload/MyFiji.app/GoogleMaps.bundle/GMSCoreResources.bundle/hi.lproj/GMSCore.strings ... 
2022-07-04 10:34:08 +0000  3516 bytes for ./Payload/MyFiji.app/GoogleMaps.bundle/GMSCoreResources.bundle/hi.lproj/GMSCore.strings
2022-07-04 10:34:08 +0000  copying file ./Payload/MyFiji.app/GoogleMaps.bundle/GMSCoreResources.bundle/ca.lproj/GMSCore.strings ... 
3518 bytes for ./Payload/MyFiji.app/GoogleMaps.bundle/GMSCoreResources.bundle/ca.lproj/GMSCore.strings
copying file ./Payload/MyFiji.app/GoogleMaps.bundle/default_marker.png ... 
1379 bytes for ./Payload/MyFiji.app/GoogleMaps.bundle/default_marker.png
copying file ./Payload/MyFiji.app/GoogleMaps.bundle/ic_error@3x.png ... 
743 bytes for ./Payload/MyFiji.app/GoogleMaps.bundle/ic_error@3x.png
copying file ./Payload/MyFiji.app/GoogleMaps.bundle/oss_licenses_maps.txt.gz ... 
2022-07-04 10:34:08 +0000  51475 bytes for ./Payload/MyFiji.app/GoogleMaps.bundle/oss_licenses_maps.txt.gz
copying file ./Payload/MyFiji.app/GoogleMaps.bundle/bubble_right.png ... 
455 bytes for ./Payload/MyFiji.app/GoogleMaps.bundle/bubble_right.png
copying file ./Payload/MyFiji.app/GoogleMaps.bundle/default_marker@3x.png ... 
4275 bytes for ./Payload/MyFiji.app/GoogleMaps.bundle/default_marker@3x.png
copying file ./Payload/MyFiji.app/GoogleMaps.bundle/default_marker@2x.png ... 
2815 bytes for ./Payload/MyFiji.app/GoogleMaps.bundle/default_marker@2x.png
copying file ./Payload/MyFiji.app/GoogleMaps.bundle/ic_error@2x.png ... 
454 bytes for ./Payload/MyFiji.app/GoogleMaps.bundle/ic_error@2x.png
copying file ./Payload/MyFiji.app/GoogleMaps.bundle/GMSCacheStorage.momd/Storage.mom ... 
4576 bytes for ./Payload/MyFiji.app/GoogleMaps.bundle/GMSCacheStorage.momd/Storage.mom
copying file ./Payload/MyFiji.app/GoogleMaps.bundle/GMSCacheStorage.momd/VersionInfo.plist ... 
1197 bytes for ./Payload/MyFiji.app/GoogleMaps.bundle/GMSCacheStorage.momd/VersionInfo.plist
copying file ./Payload/MyFiji.app/GoogleMaps.bundle/GMSCacheStorage.momd/StorageWithTileProto.mom ... 
2022-07-04 10:34:08 +0000  5172 bytes for ./Payload/MyFiji.app/GoogleMaps.bundle/GMSCacheStorage.momd/StorageWithTileProto.mom
copying file ./Payload/MyFiji.app/GoogleMaps.bundle/GMSCacheStorage.momd/StorageWithTileVersionID.mom ... 
2022-07-04 10:34:08 +0000  4682 bytes for ./Payload/MyFiji.app/GoogleMaps.bundle/GMSCacheStorage.momd/StorageWithTileVersionID.mom
copying file ./Payload/MyFiji.app/GoogleMaps.bundle/GMSCacheStorage.momd/StorageWithTileProto.omo ... 
11904 bytes for ./Payload/MyFiji.app/GoogleMaps.bundle/GMSCacheStorage.momd/StorageWithTileProto.omo
copying file ./Payload/MyFiji.app/GoogleMaps.bundle/Info.plist ... 
2022-07-04 10:34:08 +0000  366 bytes for ./Payload/MyFiji.app/GoogleMaps.bundle/Info.plist
copying file ./Payload/MyFiji.app/QBImagePicker.bundle/de.lproj/QBImagePicker.strings ... 
686 bytes for ./Payload/MyFiji.app/QBImagePicker.bundle/de.lproj/QBImagePicker.strings
copying file ./Payload/MyFiji.app/QBImagePicker.bundle/zh-Hans.lproj/QBImagePicker.strings ... 
738 bytes for ./Payload/MyFiji.app/QBImagePicker.bundle/zh-Hans.lproj/QBImagePicker.strings
copying file ./Payload/MyFiji.app/QBImagePicker.bundle/ja.lproj/QBImagePicker.strings ... 
764 bytes for ./Payload/MyFiji.app/QBImagePicker.bundle/ja.lproj/QBImagePicker.strings
copying file ./Payload/MyFiji.app/QBImagePicker.bundle/en.lproj/QBImagePicker.strings ... 
681 bytes for ./Payload/MyFiji.app/QBImagePicker.bundle/en.lproj/QBImagePicker.strings
copying file ./Payload/MyFiji.app/QBImagePicker.bundle/QBImagePicker.storyboardc/QiH-NZ-ZGN-view-sD2-zK-ryo.nib/runtime.nib ... 
2022-07-04 10:34:08 +0000  10163 bytes for ./Payload/MyFiji.app/QBImagePicker.bundle/QBImagePicker.storyboardc/QiH-NZ-ZGN-view-sD2-zK-ryo.nib/runtime.nib
copying file ./Payload/MyFiji.app/QBImagePicker.bundle/QBImagePicker.storyboardc/QiH-NZ-ZGN-view-sD2-zK-ryo.nib/objects-12.3+.nib ... 
10390 bytes for ./Payload/MyFiji.app/QBImagePicker.bundle/QBImagePicker.storyboardc/QiH-NZ-ZGN-view-sD2-zK-ryo.nib/objects-12.3+.nib
copying file ./Payload/MyFiji.app/QBImagePicker.bundle/QBImagePicker.storyboardc/QBAlbumsViewController.nib/runtime.nib ... 
2022-07-04 10:34:08 +0000  1775 bytes for ./Payload/MyFiji.app/QBImagePicker.bundle/QBImagePicker.storyboardc/QBAlbumsViewController.nib/runtime.nib
copying file ./Payload/MyFiji.app/QBImagePicker.bundle/QBImagePicker.storyboardc/QBAlbumsViewController.nib/objects-12.3+.nib ... 
2022-07-04 10:34:08 +0000  1775 bytes for ./Payload/MyFiji.app/QBImagePicker.bundle/QBImagePicker.storyboardc/QBAlbumsViewController.nib/objects-12.3+.nib
2022-07-04 10:34:08 +0000  copying file ./Payload/MyFiji.app/QBImagePicker.bundle/QBImagePicker.storyboardc/QBAssetsViewController.nib/runtime.nib ... 
2022-07-04 10:34:08 +0000  1368 bytes for ./Payload/MyFiji.app/QBImagePicker.bundle/QBImagePicker.storyboardc/QBAssetsViewController.nib/runtime.nib
copying file ./Payload/MyFiji.app/QBImagePicker.bundle/QBImagePicker.storyboardc/QBAssetsViewController.nib/objects-12.3+.nib ... 
1368 bytes for ./Payload/MyFiji.app/QBImagePicker.bundle/QBImagePicker.storyboardc/QBAssetsViewController.nib/objects-12.3+.nib
copying file ./Payload/MyFiji.app/QBImagePicker.bundle/QBImagePicker.storyboardc/QL5-wR-LYt-view-66K-TS-Yoc.nib/runtime.nib ... 
2022-07-04 10:34:08 +0000  7159 bytes for ./Payload/MyFiji.app/QBImagePicker.bundle/QBImagePicker.storyboardc/QL5-wR-LYt-view-66K-TS-Yoc.nib/runtime.nib
copying file ./Payload/MyFiji.app/QBImagePicker.bundle/QBImagePicker.storyboardc/QL5-wR-LYt-view-66K-TS-Yoc.nib/objects-12.3+.nib ... 
2022-07-04 10:34:08 +0000  7159 bytes for ./Payload/MyFiji.app/QBImagePicker.bundle/QBImagePicker.storyboardc/QL5-wR-LYt-view-66K-TS-Yoc.nib/objects-12.3+.nib
2022-07-04 10:34:08 +0000  copying file ./Payload/MyFiji.app/QBImagePicker.bundle/QBImagePicker.storyboardc/QBAlbumsNavigationController.nib/runtime.nib ... 
2022-07-04 10:34:08 +0000  2592 bytes for ./Payload/MyFiji.app/QBImagePicker.bundle/QBImagePicker.storyboardc/QBAlbumsNavigationController.nib/runtime.nib
copying file ./Payload/MyFiji.app/QBImagePicker.bundle/QBImagePicker.storyboardc/QBAlbumsNavigationController.nib/objects-12.3+.nib ... 
2592 bytes for ./Payload/MyFiji.app/QBImagePicker.bundle/QBImagePicker.storyboardc/QBAlbumsNavigationController.nib/objects-12.3+.nib
copying file ./Payload/MyFiji.app/QBImagePicker.bundle/QBImagePicker.storyboardc/Info.plist ... 
289 bytes for ./Payload/MyFiji.app/QBImagePicker.bundle/QBImagePicker.storyboardc/Info.plist
copying file ./Payload/MyFiji.app/QBImagePicker.bundle/es.lproj/QBImagePicker.strings ... 
2022-07-04 10:34:08 +0000  685 bytes for ./Payload/MyFiji.app/QBImagePicker.bundle/es.lproj/QBImagePicker.strings
2022-07-04 10:34:08 +0000  copying file ./Payload/MyFiji.app/QBImagePicker.bundle/it.lproj/QBImagePicker.strings ... 
2022-07-04 10:34:08 +0000  679 bytes for ./Payload/MyFiji.app/QBImagePicker.bundle/it.lproj/QBImagePicker.strings
2022-07-04 10:34:08 +0000  copying file ./Payload/MyFiji.app/QBImagePicker.bundle/ko.lproj/QBImagePicker.strings ... 
716 bytes for ./Payload/MyFiji.app/QBImagePicker.bundle/ko.lproj/QBImagePicker.strings
copying file ./Payload/MyFiji.app/QBImagePicker.bundle/zh-Hant.lproj/QBImagePicker.strings ... 
737 bytes for ./Payload/MyFiji.app/QBImagePicker.bundle/zh-Hant.lproj/QBImagePicker.strings
copying file ./Payload/MyFiji.app/QBImagePicker.bundle/tr.lproj/QBImagePicker.strings ... 
703 bytes for ./Payload/MyFiji.app/QBImagePicker.bundle/tr.lproj/QBImagePicker.strings
copying file ./Payload/MyFiji.app/QBImagePicker.bundle/pl.lproj/QBImagePicker.strings ... 
702 bytes for ./Payload/MyFiji.app/QBImagePicker.bundle/pl.lproj/QBImagePicker.strings
copying file ./Payload/MyFiji.app/QBImagePicker.bundle/ru.lproj/QBImagePicker.strings ... 
772 bytes for ./Payload/MyFiji.app/QBImagePicker.bundle/ru.lproj/QBImagePicker.strings
copying file ./Payload/MyFiji.app/QBImagePicker.bundle/fr.lproj/QBImagePicker.strings ... 
2022-07-04 10:34:08 +0000  702 bytes for ./Payload/MyFiji.app/QBImagePicker.bundle/fr.lproj/QBImagePicker.strings
copying file ./Payload/MyFiji.app/QBImagePicker.bundle/pt.lproj/QBImagePicker.strings ... 
2022-07-04 10:34:08 +0000  686 bytes for ./Payload/MyFiji.app/QBImagePicker.bundle/pt.lproj/QBImagePicker.strings
2022-07-04 10:34:08 +0000  copying file ./Payload/MyFiji.app/QBImagePicker.bundle/ro.lproj/QBImagePicker.strings ... 
680 bytes for ./Payload/MyFiji.app/QBImagePicker.bundle/ro.lproj/QBImagePicker.strings
copying file ./Payload/MyFiji.app/QBImagePicker.bundle/Info.plist ... 
724 bytes for ./Payload/MyFiji.app/QBImagePicker.bundle/Info.plist
copying file ./Payload/MyFiji.app/RoyoDriverInfo.plist ... 
1563 bytes for ./Payload/MyFiji.app/RoyoDriverInfo.plist
copying file ./Payload/MyFiji.app/AppIcon60x60@2x.png ... 
2022-07-04 10:34:08 +0000  7111 bytes for ./Payload/MyFiji.app/AppIcon60x60@2x.png
2022-07-04 10:34:08 +0000  copying file ./Payload/MyFiji.app/MyFiji(Development).xcconfig ... 
2022-07-04 10:34:08 +0000  306 bytes for ./Payload/MyFiji.app/MyFiji(Development).xcconfig
copying file ./Payload/MyFiji.app/MyFijiInfo.plist ... 
2022-07-04 10:34:08 +0000  1563 bytes for ./Payload/MyFiji.app/MyFijiInfo.plist
2022-07-04 10:34:08 +0000  copying file ./Payload/MyFiji.app/Stripe.bundle/de.lproj/Localizable.strings ... 
2022-07-04 10:34:08 +0000  19033 bytes for ./Payload/MyFiji.app/Stripe.bundle/de.lproj/Localizable.strings
copying file ./Payload/MyFiji.app/Stripe.bundle/card_unknown_icon_dark@3x.png ... 
2022-07-04 10:34:08 +0000  492 bytes for ./Payload/MyFiji.app/Stripe.bundle/card_unknown_icon_dark@3x.png
copying file ./Payload/MyFiji.app/Stripe.bundle/stp_card_error_amex@3x.png ... 
2022-07-04 10:34:08 +0000  1597 bytes for ./Payload/MyFiji.app/Stripe.bundle/stp_card_error_amex@3x.png
copying file ./Payload/MyFiji.app/Stripe.bundle/lt-LT.lproj/Localizable.strings ... 
2022-07-04 10:34:08 +0000  19313 bytes for ./Payload/MyFiji.app/Stripe.bundle/lt-LT.lproj/Localizable.strings
copying file ./Payload/MyFiji.app/Stripe.bundle/icon-pm-afterpay@3x.png ... 
1059 bytes for ./Payload/MyFiji.app/Stripe.bundle/icon-pm-afterpay@3x.png
copying file ./Payload/MyFiji.app/Stripe.bundle/zh-Hans.lproj/Localizable.strings ... 
18107 bytes for ./Payload/MyFiji.app/Stripe.bundle/zh-Hans.lproj/Localizable.strings
copying file ./Payload/MyFiji.app/Stripe.bundle/ja.lproj/Localizable.strings ... 
2022-07-04 10:34:08 +0000  19735 bytes for ./Payload/MyFiji.app/Stripe.bundle/ja.lproj/Localizable.strings
copying file ./Payload/MyFiji.app/Stripe.bundle/stp_card_visa_template@3x.png ... 
2022-07-04 10:34:08 +0000  2303 bytes for ./Payload/MyFiji.app/Stripe.bundle/stp_card_visa_template@3x.png
copying file ./Payload/MyFiji.app/Stripe.bundle/icon-pm-giropay@3x.png ... 
1245 bytes for ./Payload/MyFiji.app/Stripe.bundle/icon-pm-giropay@3x.png
copying file ./Payload/MyFiji.app/Stripe.bundle/card_diners@3x.png ... 
3723 bytes for ./Payload/MyFiji.app/Stripe.bundle/card_diners@3x.png
copying file ./Payload/MyFiji.app/Stripe.bundle/el-GR.lproj/Localizable.strings ... 
23029 bytes for ./Payload/MyFiji.app/Stripe.bundle/el-GR.lproj/Localizable.strings
2022-07-04 10:34:08 +0000  copying file ./Payload/MyFiji.app/Stripe.bundle/stp_card_form_back@3x.png ... 
2022-07-04 10:34:08 +0000  10419 bytes for ./Payload/MyFiji.app/Stripe.bundle/stp_card_form_back@3x.png
copying file ./Payload/MyFiji.app/Stripe.bundle/stp_card_unknown@3x.png ... 
2022-07-04 10:34:08 +0000  667 bytes for ./Payload/MyFiji.app/Stripe.bundle/stp_card_unknown@3x.png
2022-07-04 10:34:08 +0000  copying file ./Payload/MyFiji.app/Stripe.bundle/ms-MY.lproj/Localizable.strings ... 
18734 bytes for ./Payload/MyFiji.app/Stripe.bundle/ms-MY.lproj/Localizable.strings
copying file ./Payload/MyFiji.app/Stripe.bundle/icon_x@3x.png ... 
3637 bytes for ./Payload/MyFiji.app/Stripe.bundle/icon_x@3x.png
copying file ./Payload/MyFiji.app/Stripe.bundle/stp_card_amex@3x.png ... 
1041 bytes for ./Payload/MyFiji.app/Stripe.bundle/stp_card_amex@3x.png
copying file ./Payload/MyFiji.app/Stripe.bundle/en.lproj/Localizable.strings ... 
2022-07-04 10:34:08 +0000  13737 bytes for ./Payload/MyFiji.app/Stripe.bundle/en.lproj/Localizable.strings
copying file ./Payload/MyFiji.app/Stripe.bundle/stp_bank_fpx_ocbc@3x.png ... 
3395 bytes for ./Payload/MyFiji.app/Stripe.bundle/stp_bank_fpx_ocbc@3x.png
copying file ./Payload/MyFiji.app/Stripe.bundle/icon-pm-ideal@3x.png ... 
2022-07-04 10:34:08 +0000  1139 bytes for ./Payload/MyFiji.app/Stripe.bundle/icon-pm-ideal@3x.png
copying file ./Payload/MyFiji.app/Stripe.bundle/icon-pm-bancontact_dark@3x.png ... 
472 bytes for ./Payload/MyFiji.app/Stripe.bundle/icon-pm-bancontact_dark@3x.png
copying file ./Payload/MyFiji.app/Stripe.bundle/zh-HK.lproj/Localizable.strings ... 
18035 bytes for ./Payload/MyFiji.app/Stripe.bundle/zh-HK.lproj/Localizable.strings
copying file ./Payload/MyFiji.app/Stripe.bundle/icon-pm-bancontact@3x.png ... 
2417 bytes for ./Payload/MyFiji.app/Stripe.bundle/icon-pm-bancontact@3x.png
copying file ./Payload/MyFiji.app/Stripe.bundle/afterpay_icon_info@3x.png ... 
1055 bytes for ./Payload/MyFiji.app/Stripe.bundle/afterpay_icon_info@3x.png
copying file ./Payload/MyFiji.app/Stripe.bundle/stp_card_amex_template@3x.png ... 
2022-07-04 10:34:08 +0000  870 bytes for ./Payload/MyFiji.app/Stripe.bundle/stp_card_amex_template@3x.png
2022-07-04 10:34:08 +0000  copying file ./Payload/MyFiji.app/Stripe.bundle/icon-pm-ideal_dark@3x.png ... 
2022-07-04 10:34:08 +0000  585 bytes for ./Payload/MyFiji.app/Stripe.bundle/icon-pm-ideal_dark@3x.png
copying file ./Payload/MyFiji.app/Stripe.bundle/stp_card_diners_template@3x.png ... 
1142 bytes for ./Payload/MyFiji.app/Stripe.bundle/stp_card_diners_template@3x.png
copying file ./Payload/MyFiji.app/Stripe.bundle/card_discover_dark@3x.png ... 
5658 bytes for ./Payload/MyFiji.app/Stripe.bundle/card_discover_dark@3x.png
copying file ./Payload/MyFiji.app/Stripe.bundle/card_unionpay_dark@3x.png ... 
6124 bytes for ./Payload/MyFiji.app/Stripe.bundle/card_unionpay_dark@3x.png
copying file ./Payload/MyFiji.app/Stripe.bundle/mt.lproj/Localizable.strings ... 
19425 bytes for ./Payload/MyFiji.app/Stripe.bundle/mt.lproj/Localizable.strings
copying file ./Payload/MyFiji.app/Stripe.bundle/stp_card_diners@3x.png ... 
1075 bytes for ./Payload/MyFiji.app/Stripe.bundle/stp_card_diners@3x.png
copying file ./Payload/MyFiji.app/Stripe.bundle/stp_icon_bank@3x.png ... 
875 bytes for ./Payload/MyFiji.app/Stripe.bundle/stp_icon_bank@3x.png
copying file ./Payload/MyFiji.app/Stripe.bundle/nb.lproj/Localizable.strings ... 
2022-07-04 10:34:08 +0000  18357 bytes for ./Payload/MyFiji.app/Stripe.bundle/nb.lproj/Localizable.strings
copying file ./Payload/MyFiji.app/Stripe.bundle/ca-ES.lproj/Localizable.strings ... 
2022-07-04 10:34:08 +0000  19131 bytes for ./Payload/MyFiji.app/Stripe.bundle/ca-ES.lproj/Localizable.strings
copying file ./Payload/MyFiji.app/Stripe.bundle/en-GB.lproj/Localizable.strings ... 
2022-07-04 10:34:08 +0000  18342 bytes for ./Payload/MyFiji.app/Stripe.bundle/en-GB.lproj/Localizable.strings
2022-07-04 10:34:08 +0000  copying file ./Payload/MyFiji.app/Stripe.bundle/es.lproj/Localizable.strings ... 
2022-07-04 10:34:08 +0000  19097 bytes for ./Payload/MyFiji.app/Stripe.bundle/es.lproj/Localizable.strings
copying file ./Payload/MyFiji.app/Stripe.bundle/stp_bank_fpx_rhb@3x.png ... 
2432 bytes for ./Payload/MyFiji.app/Stripe.bundle/stp_bank_fpx_rhb@3x.png
copying file ./Payload/MyFiji.app/Stripe.bundle/da.lproj/Localizable.strings ... 
18577 bytes for ./Payload/MyFiji.app/Stripe.bundle/da.lproj/Localizable.strings
copying file ./Payload/MyFiji.app/Stripe.bundle/anz@3x.png ... 
1701 bytes for ./Payload/MyFiji.app/Stripe.bundle/anz@3x.png
copying file ./Payload/MyFiji.app/Stripe.bundle/card_mastercard_dark@3x.png ... 
5500 bytes for ./Payload/MyFiji.app/Stripe.bundle/card_mastercard_dark@3x.png
copying file ./Payload/MyFiji.app/Stripe.bundle/es-419.lproj/Localizable.strings ... 
19115 bytes for ./Payload/MyFiji.app/Stripe.bundle/es-419.lproj/Localizable.strings
copying file ./Payload/MyFiji.app/Stripe.bundle/au_becs_bsb.json ... 
2022-07-04 10:34:08 +0000  7696 bytes for ./Payload/MyFiji.app/Stripe.bundle/au_becs_bsb.json
copying file ./Payload/MyFiji.app/Stripe.bundle/stp_bank_fpx_bsn@3x.png ... 
3875 bytes for ./Payload/MyFiji.app/Stripe.bundle/stp_bank_fpx_bsn@3x.png
copying file ./Payload/MyFiji.app/Stripe.bundle/it.lproj/Localizable.strings ... 
2022-07-04 10:34:08 +0000  19056 bytes for ./Payload/MyFiji.app/Stripe.bundle/it.lproj/Localizable.strings
copying file ./Payload/MyFiji.app/Stripe.bundle/icon-pm-klarna_dark@3x.png ... 
497 bytes for ./Payload/MyFiji.app/Stripe.bundle/icon-pm-klarna_dark@3x.png
copying file ./Payload/MyFiji.app/Stripe.bundle/stp_card_cvc_amex@3x.png ... 
2332 bytes for ./Payload/MyFiji.app/Stripe.bundle/stp_card_cvc_amex@3x.png
copying file ./Payload/MyFiji.app/Stripe.bundle/stp_card_discover@3x.png ... 
1215 bytes for ./Payload/MyFiji.app/Stripe.bundle/stp_card_discover@3x.png
copying file ./Payload/MyFiji.app/Stripe.bundle/stp_card_error@3x.png ... 
1585 bytes for ./Payload/MyFiji.app/Stripe.bundle/stp_card_error@3x.png
copying file ./Payload/MyFiji.app/Stripe.bundle/clearpay_mark_dark@3x.png ... 
3938 bytes for ./Payload/MyFiji.app/Stripe.bundle/clearpay_mark_dark@3x.png
copying file ./Payload/MyFiji.app/Stripe.bundle/icon-pm-klarna@3x.png ... 
686 bytes for ./Payload/MyFiji.app/Stripe.bundle/icon-pm-klarna@3x.png
copying file ./Payload/MyFiji.app/Stripe.bundle/icon-pm-eps@3x.png ... 
1310 bytes for ./Payload/MyFiji.app/Stripe.bundle/icon-pm-eps@3x.png
copying file ./Payload/MyFiji.app/Stripe.bundle/nab@3x.png ... 
2460 bytes for ./Payload/MyFiji.app/Stripe.bundle/nab@3x.png
copying file ./Payload/MyFiji.app/Stripe.bundle/stgeorges@3x.png ... 
3593 bytes for ./Payload/MyFiji.app/Stripe.bundle/stgeorges@3x.png
copying file ./Payload/MyFiji.app/Stripe.bundle/nn-NO.lproj/Localizable.strings ... 
18065 bytes for ./Payload/MyFiji.app/Stripe.bundle/nn-NO.lproj/Localizable.strings
copying file ./Payload/MyFiji.app/Stripe.bundle/icon-pm-eps_dark@3x.png ... 
830 bytes for ./Payload/MyFiji.app/Stripe.bundle/icon-pm-eps_dark@3x.png
copying file ./Payload/MyFiji.app/Stripe.bundle/fr-CA.lproj/Localizable.strings ... 
19525 bytes for ./Payload/MyFiji.app/Stripe.bundle/fr-CA.lproj/Localizable.strings
copying file ./Payload/MyFiji.app/Stripe.bundle/icon-pm-paypal@3x.png ... 
989 bytes for ./Payload/MyFiji.app/Stripe.bundle/icon-pm-paypal@3x.png
copying file ./Payload/MyFiji.app/Stripe.bundle/afterpay_mark@3x.png ... 
3493 bytes for ./Payload/MyFiji.app/Stripe.bundle/afterpay_mark@3x.png
copying file ./Payload/MyFiji.app/Stripe.bundle/stp_card_jcb_template@3x.png ... 
1015 bytes for ./Payload/MyFiji.app/Stripe.bundle/stp_card_jcb_template@3x.png
copying file ./Payload/MyFiji.app/Stripe.bundle/westpac@3x.png ... 
1114 bytes for ./Payload/MyFiji.app/Stripe.bundle/westpac@3x.png
copying file ./Payload/MyFiji.app/Stripe.bundle/icon-pm-p24_dark@3x.png ... 
916 bytes for ./Payload/MyFiji.app/Stripe.bundle/icon-pm-p24_dark@3x.png
copying file ./Payload/MyFiji.app/Stripe.bundle/stp_card_jcb@3x.png ... 
1760 bytes for ./Payload/MyFiji.app/Stripe.bundle/stp_card_jcb@3x.png
copying file ./Payload/MyFiji.app/Stripe.bundle/stp_card_form_amex_cvc@3x.png ... 
10360 bytes for ./Payload/MyFiji.app/Stripe.bundle/stp_card_form_amex_cvc@3x.png
copying file ./Payload/MyFiji.app/Stripe.bundle/card_diners_dark@3x.png ... 
5555 bytes for ./Payload/MyFiji.app/Stripe.bundle/card_diners_dark@3x.png
copying file ./Payload/MyFiji.app/Stripe.bundle/bg-BG.lproj/Localizable.strings ... 
2022-07-04 10:34:08 +0000  22461 bytes for ./Payload/MyFiji.app/Stripe.bundle/bg-BG.lproj/Localizable.strings
copying file ./Payload/MyFiji.app/Stripe.bundle/sv.lproj/Localizable.strings ... 
18524 bytes for ./Payload/MyFiji.app/Stripe.bundle/sv.lproj/Localizable.strings
copying file ./Payload/MyFiji.app/Stripe.bundle/stp_bank_fpx_hong_leong_bank@3x.png ... 
3310 bytes for ./Payload/MyFiji.app/Stripe.bundle/stp_bank_fpx_hong_leong_bank@3x.png
copying file ./Payload/MyFiji.app/Stripe.bundle/stp_card_cvc@3x.png ... 
1985 bytes for ./Payload/MyFiji.app/Stripe.bundle/stp_card_cvc@3x.png
copying file ./Payload/MyFiji.app/Stripe.bundle/card_unionpay@3x.png ... 
6068 bytes for ./Payload/MyFiji.app/Stripe.bundle/card_unionpay@3x.png
copying file ./Payload/MyFiji.app/Stripe.bundle/icon-pm-card@3x.png ... 
3650 bytes for ./Payload/MyFiji.app/Stripe.bundle/icon-pm-card@3x.png
copying file ./Payload/MyFiji.app/Stripe.bundle/stp_fpx_logo@3x.png ... 
2073 bytes for ./Payload/MyFiji.app/Stripe.bundle/stp_fpx_logo@3x.png
copying file ./Payload/MyFiji.app/Stripe.bundle/stp_bank_fpx_standard_chartered@3x.png ... 
3263 bytes for ./Payload/MyFiji.app/Stripe.bundle/stp_bank_fpx_standard_chartered@3x.png
copying file ./Payload/MyFiji.app/Stripe.bundle/ko.lproj/Localizable.strings ... 
18869 bytes for ./Payload/MyFiji.app/Stripe.bundle/ko.lproj/Localizable.strings
copying file ./Payload/MyFiji.app/Stripe.bundle/stp_bank_fpx_bank_islam@3x.png ... 
1932 bytes for ./Payload/MyFiji.app/Stripe.bundle/stp_bank_fpx_bank_islam@3x.png
copying file ./Payload/MyFiji.app/Stripe.bundle/stp_fpx_big_logo@3x.png ... 
2022-07-04 10:34:08 +0000  14603 bytes for ./Payload/MyFiji.app/Stripe.bundle/stp_fpx_big_logo@3x.png
copying file ./Payload/MyFiji.app/Stripe.bundle/fil.lproj/Localizable.strings ... 
2022-07-04 10:34:08 +0000  19356 bytes for ./Payload/MyFiji.app/Stripe.bundle/fil.lproj/Localizable.strings
copying file ./Payload/MyFiji.app/Stripe.bundle/card_amex@3x.png ... 
2962 bytes for ./Payload/MyFiji.app/Stripe.bundle/card_amex@3x.png
copying file ./Payload/MyFiji.app/Stripe.bundle/bankwest@3x.png ... 
3589 bytes for ./Payload/MyFiji.app/Stripe.bundle/bankwest@3x.png
copying file ./Payload/MyFiji.app/Stripe.bundle/suncorpmetway@3x.png ... 
3152 bytes for ./Payload/MyFiji.app/Stripe.bundle/suncorpmetway@3x.png
copying file ./Payload/MyFiji.app/Stripe.bundle/card_jcb_dark@3x.png ... 
4978 bytes for ./Payload/MyFiji.app/Stripe.bundle/card_jcb_dark@3x.png
2022-07-04 10:34:08 +0000  copying file ./Payload/MyFiji.app/Stripe.bundle/boq@3x.png ... 
2244 bytes for ./Payload/MyFiji.app/Stripe.bundle/boq@3x.png
copying file ./Payload/MyFiji.app/Stripe.bundle/stp_bank_fpx_cimb@3x.png ... 
812 bytes for ./Payload/MyFiji.app/Stripe.bundle/stp_bank_fpx_cimb@3x.png
copying file ./Payload/MyFiji.app/Stripe.bundle/zh-Hant.lproj/Localizable.strings ... 
18020 bytes for ./Payload/MyFiji.app/Stripe.bundle/zh-Hant.lproj/Localizable.strings
copying file ./Payload/MyFiji.app/Stripe.bundle/stp_bank_fpx_public_bank@3x.png ... 
1521 bytes for ./Payload/MyFiji.app/Stripe.bundle/stp_bank_fpx_public_bank@3x.png
copying file ./Payload/MyFiji.app/Stripe.bundle/bankofmelbourne@3x.png ... 
3187 bytes for ./Payload/MyFiji.app/Stripe.bundle/bankofmelbourne@3x.png
copying file ./Payload/MyFiji.app/Stripe.bundle/icon-pm-p24@3x.png ... 
1500 bytes for ./Payload/MyFiji.app/Stripe.bundle/icon-pm-p24@3x.png
copying file ./Payload/MyFiji.app/Stripe.bundle/stp_card_form_front@3x.png ... 
7239 bytes for ./Payload/MyFiji.app/Stripe.bundle/stp_card_form_front@3x.png
copying file ./Payload/MyFiji.app/Stripe.bundle/card_visa_dark@3x.png ... 
5440 bytes for ./Payload/MyFiji.app/Stripe.bundle/card_visa_dark@3x.png
copying file ./Payload/MyFiji.app/Stripe.bundle/stripe@3x.png ... 
2022-07-04 10:34:08 +0000  1232 bytes for ./Payload/MyFiji.app/Stripe.bundle/stripe@3x.png
copying file ./Payload/MyFiji.app/Stripe.bundle/stp_bank_fpx_alliance_bank@3x.png ... 
1394 bytes for ./Payload/MyFiji.app/Stripe.bundle/stp_bank_fpx_alliance_bank@3x.png
copying file ./Payload/MyFiji.app/Stripe.bundle/stp_card_visa@3x.png ... 
1174 bytes for ./Payload/MyFiji.app/Stripe.bundle/stp_card_visa@3x.png
copying file ./Payload/MyFiji.app/Stripe.bundle/tk.lproj/Localizable.strings ... 
16854 bytes for ./Payload/MyFiji.app/Stripe.bundle/tk.lproj/Localizable.strings
copying file ./Payload/MyFiji.app/Stripe.bundle/ro-RO.lproj/Localizable.strings ... 
2022-07-04 10:34:08 +0000  19442 bytes for ./Payload/MyFiji.app/Stripe.bundle/ro-RO.lproj/Localizable.strings
copying file ./Payload/MyFiji.app/Stripe.bundle/hu.lproj/Localizable.strings ... 
2022-07-04 10:34:08 +0000  19098 bytes for ./Payload/MyFiji.app/Stripe.bundle/hu.lproj/Localizable.strings
copying file ./Payload/MyFiji.app/Stripe.bundle/card_unknown_dark@3x.png ... 
4088 bytes for ./Payload/MyFiji.app/Stripe.bundle/card_unknown_dark@3x.png
copying file ./Payload/MyFiji.app/Stripe.bundle/icon_lock@3x.png ... 
3838 bytes for ./Payload/MyFiji.app/Stripe.bundle/icon_lock@3x.png
copying file ./Payload/MyFiji.app/Stripe.bundle/stp_bank_fpx_hsbc@3x.png ... 
1828 bytes for ./Payload/MyFiji.app/Stripe.bundle/stp_bank_fpx_hsbc@3x.png
copying file ./Payload/MyFiji.app/Stripe.bundle/stp_bank_fpx_affin_bank@3x.png ... 
2325 bytes for ./Payload/MyFiji.app/Stripe.bundle/stp_bank_fpx_affin_bank@3x.png
copying file ./Payload/MyFiji.app/Stripe.bundle/stp_bank_fpx_maybank2u@3x.png ... 
2022-07-04 10:34:08 +0000  6474 bytes for ./Payload/MyFiji.app/Stripe.bundle/stp_bank_fpx_maybank2u@3x.png
copying file ./Payload/MyFiji.app/Stripe.bundle/card_cvc_icon@3x.png ... 
2022-07-04 10:34:08 +0000  1105 bytes for ./Payload/MyFiji.app/Stripe.bundle/card_cvc_icon@3x.png
copying file ./Payload/MyFiji.app/Stripe.bundle/card_unknown@3x.png ... 
1260 bytes for ./Payload/MyFiji.app/Stripe.bundle/card_unknown@3x.png
copying file ./Payload/MyFiji.app/Stripe.bundle/tr.lproj/Localizable.strings ... 
18564 bytes for ./Payload/MyFiji.app/Stripe.bundle/tr.lproj/Localizable.strings
copying file ./Payload/MyFiji.app/Stripe.bundle/banksa@3x.png ... 
2704 bytes for ./Payload/MyFiji.app/Stripe.bundle/banksa@3x.png
2022-07-04 10:34:08 +0000  copying file ./Payload/MyFiji.app/Stripe.bundle/card_jcb@3x.png ... 
3029 bytes for ./Payload/MyFiji.app/Stripe.bundle/card_jcb@3x.png
copying file ./Payload/MyFiji.app/Stripe.bundle/et-EE.lproj/Localizable.strings ... 
18332 bytes for ./Payload/MyFiji.app/Stripe.bundle/et-EE.lproj/Localizable.strings
copying file ./Payload/MyFiji.app/Stripe.bundle/card_cvc_icon_dark@3x.png ... 
1031 bytes for ./Payload/MyFiji.app/Stripe.bundle/card_cvc_icon_dark@3x.png
copying file ./Payload/MyFiji.app/Stripe.bundle/form_error_icon_dark@3x.png ... 
1004 bytes for ./Payload/MyFiji.app/Stripe.bundle/form_error_icon_dark@3x.png
copying file ./Payload/MyFiji.app/Stripe.bundle/stp_card_applepay@3x.png ... 
2022-07-04 10:34:08 +0000  2724 bytes for ./Payload/MyFiji.app/Stripe.bundle/stp_card_applepay@3x.png
copying file ./Payload/MyFiji.app/Stripe.bundle/icon-pm-afterpay_dark@3x.png ... 
737 bytes for ./Payload/MyFiji.app/Stripe.bundle/icon-pm-afterpay_dark@3x.png
copying file ./Payload/MyFiji.app/Stripe.bundle/card_cvc_amex_icon_dark@3x.png ... 
1297 bytes for ./Payload/MyFiji.app/Stripe.bundle/card_cvc_amex_icon_dark@3x.png
copying file ./Payload/MyFiji.app/Stripe.bundle/stp_card_unionpay_zh@3x.png ... 
2901 bytes for ./Payload/MyFiji.app/Stripe.bundle/stp_card_unionpay_zh@3x.png
copying file ./Payload/MyFiji.app/Stripe.bundle/icon-pm-sepa_dark@3x.png ... 
1100 bytes for ./Payload/MyFiji.app/Stripe.bundle/icon-pm-sepa_dark@3x.png
copying file ./Payload/MyFiji.app/Stripe.bundle/pt-BR.lproj/Localizable.strings ... 
18649 bytes for ./Payload/MyFiji.app/Stripe.bundle/pt-BR.lproj/Localizable.strings
copying file ./Payload/MyFiji.app/Stripe.bundle/lv-LV.lproj/Localizable.strings ... 
18930 bytes for ./Payload/MyFiji.app/Stripe.bundle/lv-LV.lproj/Localizable.strings
copying file ./Payload/MyFiji.app/Stripe.bundle/vi.lproj/Localizable.strings ... 
2022-07-04 10:34:08 +0000  19997 bytes for ./Payload/MyFiji.app/Stripe.bundle/vi.lproj/Localizable.strings
copying file ./Payload/MyFiji.app/Stripe.bundle/ru.lproj/Localizable.strings ... 
22234 bytes for ./Payload/MyFiji.app/Stripe.bundle/ru.lproj/Localizable.strings
copying file ./Payload/MyFiji.app/Stripe.bundle/stp_icon_add@3x.png ... 
224 bytes for ./Payload/MyFiji.app/Stripe.bundle/stp_icon_add@3x.png
copying file ./Payload/MyFiji.app/Stripe.bundle/cs-CZ.lproj/Localizable.strings ... 
18672 bytes for ./Payload/MyFiji.app/Stripe.bundle/cs-CZ.lproj/Localizable.strings
copying file ./Payload/MyFiji.app/Stripe.bundle/stp_card_unionpay_en@3x.png ... 
3053 bytes for ./Payload/MyFiji.app/Stripe.bundle/stp_card_unionpay_en@3x.png
copying file ./Payload/MyFiji.app/Stripe.bundle/stp_bank_fpx_kfh@3x.png ... 
4610 bytes for ./Payload/MyFiji.app/Stripe.bundle/stp_bank_fpx_kfh@3x.png
copying file ./Payload/MyFiji.app/Stripe.bundle/sk-SK.lproj/Localizable.strings ... 
19038 bytes for ./Payload/MyFiji.app/Stripe.bundle/sk-SK.lproj/Localizable.strings
2022-07-04 10:34:08 +0000  copying file ./Payload/MyFiji.app/Stripe.bundle/sl-SI.lproj/Localizable.strings ... 
18969 bytes for ./Payload/MyFiji.app/Stripe.bundle/sl-SI.lproj/Localizable.strings
copying file ./Payload/MyFiji.app/Stripe.bundle/icon-pm-paypal_dark@3x.png ... 
630 bytes for ./Payload/MyFiji.app/Stripe.bundle/icon-pm-paypal_dark@3x.png
copying file ./Payload/MyFiji.app/Stripe.bundle/cba@3x.png ... 
851 bytes for ./Payload/MyFiji.app/Stripe.bundle/cba@3x.png
copying file ./Payload/MyFiji.app/Stripe.bundle/icon-pm-sepa@3x.png ... 
1939 bytes for ./Payload/MyFiji.app/Stripe.bundle/icon-pm-sepa@3x.png
copying file ./Payload/MyFiji.app/Stripe.bundle/stp_card_mastercard_template@3x.png ... 
2401 bytes for ./Payload/MyFiji.app/Stripe.bundle/stp_card_mastercard_template@3x.png
copying file ./Payload/MyFiji.app/Stripe.bundle/fr.lproj/Localizable.strings ... 
19632 bytes for ./Payload/MyFiji.app/Stripe.bundle/fr.lproj/Localizable.strings
copying file ./Payload/MyFiji.app/Stripe.bundle/fi.lproj/Localizable.strings ... 
18465 bytes for ./Payload/MyFiji.app/Stripe.bundle/fi.lproj/Localizable.strings
copying file ./Payload/MyFiji.app/Stripe.bundle/stp_bank_fpx_bank_muamalat@3x.png ... 
3913 bytes for ./Payload/MyFiji.app/Stripe.bundle/stp_bank_fpx_bank_muamalat@3x.png
copying file ./Payload/MyFiji.app/Stripe.bundle/stp_bank_fpx_uob@3x.png ... 
1086 bytes for ./Payload/MyFiji.app/Stripe.bundle/stp_bank_fpx_uob@3x.png
copying file ./Payload/MyFiji.app/Stripe.bundle/id.lproj/Localizable.strings ... 
18713 bytes for ./Payload/MyFiji.app/Stripe.bundle/id.lproj/Localizable.strings
copying file ./Payload/MyFiji.app/Stripe.bundle/nl.lproj/Localizable.strings ... 
18792 bytes for ./Payload/MyFiji.app/Stripe.bundle/nl.lproj/Localizable.strings
copying file ./Payload/MyFiji.app/Stripe.bundle/stp_card_unionpay_template_zh@3x.png ... 
1092 bytes for ./Payload/MyFiji.app/Stripe.bundle/stp_card_unionpay_template_zh@3x.png
copying file ./Payload/MyFiji.app/Stripe.bundle/pl-PL.lproj/Localizable.strings ... 
18825 bytes for ./Payload/MyFiji.app/Stripe.bundle/pl-PL.lproj/Localizable.strings
copying file ./Payload/MyFiji.app/Stripe.bundle/apple_pay_mark@3x.png ... 
10637 bytes for ./Payload/MyFiji.app/Stripe.bundle/apple_pay_mark@3x.png
copying file ./Payload/MyFiji.app/Stripe.bundle/stp_card_unionpay_template_en@3x.png ... 
1023 bytes for ./Payload/MyFiji.app/Stripe.bundle/stp_card_unionpay_template_en@3x.png
copying file ./Payload/MyFiji.app/Stripe.bundle/card_discover@3x.png ... 
3909 bytes for ./Payload/MyFiji.app/Stripe.bundle/card_discover@3x.png
copying file ./Payload/MyFiji.app/Stripe.bundle/icon-pm-giropay_dark@3x.png ... 
767 bytes for ./Payload/MyFiji.app/Stripe.bundle/icon-pm-giropay_dark@3x.png
copying file ./Payload/MyFiji.app/Stripe.bundle/card_amex_dark@3x.png ... 
5094 bytes for ./Payload/MyFiji.app/Stripe.bundle/card_amex_dark@3x.png
copying file ./Payload/MyFiji.app/Stripe.bundle/afterpay_mark_dark@3x.png ... 
3489 bytes for ./Payload/MyFiji.app/Stripe.bundle/afterpay_mark_dark@3x.png
copying file ./Payload/MyFiji.app/Stripe.bundle/card_mastercard@3x.png ... 
3151 bytes for ./Payload/MyFiji.app/Stripe.bundle/card_mastercard@3x.png
copying file ./Payload/MyFiji.app/Stripe.bundle/icon_plus@3x.png ... 
3618 bytes for ./Payload/MyFiji.app/Stripe.bundle/icon_plus@3x.png
copying file ./Payload/MyFiji.app/Stripe.bundle/pt-PT.lproj/Localizable.strings ... 
19076 bytes for ./Payload/MyFiji.app/Stripe.bundle/pt-PT.lproj/Localizable.strings
copying file ./Payload/MyFiji.app/Stripe.bundle/stp_bank_fpx_ambank@3x.png ... 
2022-07-04 10:34:08 +0000  2075 bytes for ./Payload/MyFiji.app/Stripe.bundle/stp_bank_fpx_ambank@3x.png
copying file ./Payload/MyFiji.app/Stripe.bundle/card_visa@3x.png ... 
3580 bytes for ./Payload/MyFiji.app/Stripe.bundle/card_visa@3x.png
copying file ./Payload/MyFiji.app/Stripe.bundle/stp_icon_checkmark@3x.png ... 
994 bytes for ./Payload/MyFiji.app/Stripe.bundle/stp_icon_checkmark@3x.png
2022-07-04 10:34:08 +0000  copying file ./Payload/MyFiji.app/Stripe.bundle/icon_checkmark@3x.png ... 
3700 bytes for ./Payload/MyFiji.app/Stripe.bundle/icon_checkmark@3x.png
copying file ./Payload/MyFiji.app/Stripe.bundle/stp_card_mastercard@3x.png ... 
1129 bytes for ./Payload/MyFiji.app/Stripe.bundle/stp_card_mastercard@3x.png
copying file ./Payload/MyFiji.app/Stripe.bundle/stp_shipping_form@3x.png ... 
12929 bytes for ./Payload/MyFiji.app/Stripe.bundle/stp_shipping_form@3x.png
copying file ./Payload/MyFiji.app/Stripe.bundle/stp_bank_fpx_maybank2e@3x.png ... 
6474 bytes for ./Payload/MyFiji.app/Stripe.bundle/stp_bank_fpx_maybank2e@3x.png
copying file ./Payload/MyFiji.app/Stripe.bundle/form_error_icon@3x.png ... 
993 bytes for ./Payload/MyFiji.app/Stripe.bundle/form_error_icon@3x.png
copying file ./Payload/MyFiji.app/Stripe.bundle/Info.plist ... 
759 bytes for ./Payload/MyFiji.app/Stripe.bundle/Info.plist
copying file ./Payload/MyFiji.app/Stripe.bundle/stp_card_discover_template@3x.png ... 
2319 bytes for ./Payload/MyFiji.app/Stripe.bundle/stp_card_discover_template@3x.png
copying file ./Payload/MyFiji.app/Stripe.bundle/card_cvc_amex_icon@3x.png ... 
2022-07-04 10:34:08 +0000  1372 bytes for ./Payload/MyFiji.app/Stripe.bundle/card_cvc_amex_icon@3x.png
copying file ./Payload/MyFiji.app/Stripe.bundle/stp_bank_fpx_bank_rakyat@3x.png ... 
1988 bytes for ./Payload/MyFiji.app/Stripe.bundle/stp_bank_fpx_bank_rakyat@3x.png
copying file ./Payload/MyFiji.app/Stripe.bundle/hr.lproj/Localizable.strings ... 
18658 bytes for ./Payload/MyFiji.app/Stripe.bundle/hr.lproj/Localizable.strings
copying file ./Payload/MyFiji.app/Stripe.bundle/card_unknown_icon@3x.png ... 
498 bytes for ./Payload/MyFiji.app/Stripe.bundle/card_unknown_icon@3x.png
copying file ./Payload/MyFiji.app/Stripe.bundle/clearpay_mark@3x.png ... 
2022-07-04 10:34:08 +0000  3880 bytes for ./Payload/MyFiji.app/Stripe.bundle/clearpay_mark@3x.png
copying file ./Payload/MyFiji.app/Stripe.bundle/icon_chevron_left@3x.png ... 
3677 bytes for ./Payload/MyFiji.app/Stripe.bundle/icon_chevron_left@3x.png
copying file ./Payload/MyFiji.app/campton-light.ttf ... 
2022-07-04 10:34:08 +0000  56168 bytes for ./Payload/MyFiji.app/campton-light.ttf
copying file ./Payload/MyFiji.app/AccessibilityResources.bundle/en.lproj/Localizable.strings ... 
518 bytes for ./Payload/MyFiji.app/AccessibilityResources.bundle/en.lproj/Localizable.strings
copying file ./Payload/MyFiji.app/AccessibilityResources.bundle/Info.plist ... 
792 bytes for ./Payload/MyFiji.app/AccessibilityResources.bundle/Info.plist
copying file ./Payload/MyFiji.app/GoogleService-Info.plist ... 
678 bytes for ./Payload/MyFiji.app/GoogleService-Info.plist
copying file ./Payload/MyFiji.app/StripeCore.bundle/de.lproj/Localizable.strings ... 
1708 bytes for ./Payload/MyFiji.app/StripeCore.bundle/de.lproj/Localizable.strings
copying file ./Payload/MyFiji.app/StripeCore.bundle/lt-LT.lproj/Localizable.strings ... 
2022-07-04 10:34:08 +0000  1677 bytes for ./Payload/MyFiji.app/StripeCore.bundle/lt-LT.lproj/Localizable.strings
2022-07-04 10:34:08 +0000  copying file ./Payload/MyFiji.app/StripeCore.bundle/zh-Hans.lproj/Localizable.strings ... 
1586 bytes for ./Payload/MyFiji.app/StripeCore.bundle/zh-Hans.lproj/Localizable.strings
copying file ./Payload/MyFiji.app/StripeCore.bundle/ja.lproj/Localizable.strings ... 
1975 bytes for ./Payload/MyFiji.app/StripeCore.bundle/ja.lproj/Localizable.strings
copying file ./Payload/MyFiji.app/StripeCore.bundle/el-GR.lproj/Localizable.strings ... 
2178 bytes for ./Payload/MyFiji.app/StripeCore.bundle/el-GR.lproj/Localizable.strings
copying file ./Payload/MyFiji.app/StripeCore.bundle/ms-MY.lproj/Localizable.strings ... 
1633 bytes for ./Payload/MyFiji.app/StripeCore.bundle/ms-MY.lproj/Localizable.strings
copying file ./Payload/MyFiji.app/StripeCore.bundle/en.lproj/Localizable.strings ... 
1608 bytes for ./Payload/MyFiji.app/StripeCore.bundle/en.lproj/Localizable.strings
copying file ./Payload/MyFiji.app/StripeCore.bundle/zh-HK.lproj/Localizable.strings ... 
1566 bytes for ./Payload/MyFiji.app/StripeCore.bundle/zh-HK.lproj/Localizable.strings
copying file ./Payload/MyFiji.app/StripeCore.bundle/mt.lproj/Localizable.strings ... 
1743 bytes for ./Payload/MyFiji.app/StripeCore.bundle/mt.lproj/Localizable.strings
copying file ./Payload/MyFiji.app/StripeCore.bundle/nb.lproj/Localizable.strings ... 
1607 bytes for ./Payload/MyFiji.app/StripeCore.bundle/nb.lproj/Localizable.strings
copying file ./Payload/MyFiji.app/StripeCore.bundle/ca-ES.lproj/Localizable.strings ... 
1720 bytes for ./Payload/MyFiji.app/StripeCore.bundle/ca-ES.lproj/Localizable.strings
copying file ./Payload/MyFiji.app/StripeCore.bundle/en-GB.lproj/Localizable.strings ... 
1632 bytes for ./Payload/MyFiji.app/StripeCore.bundle/en-GB.lproj/Localizable.strings
copying file ./Payload/MyFiji.app/StripeCore.bundle/es.lproj/Localizable.strings ... 
1701 bytes for ./Payload/MyFiji.app/StripeCore.bundle/es.lproj/Localizable.strings
copying file ./Payload/MyFiji.app/StripeCore.bundle/da.lproj/Localizable.strings ... 
2022-07-04 10:34:08 +0000  1615 bytes for ./Payload/MyFiji.app/StripeCore.bundle/da.lproj/Localizable.strings
copying file ./Payload/MyFiji.app/StripeCore.bundle/es-419.lproj/Localizable.strings ... 
1707 bytes for ./Payload/MyFiji.app/StripeCore.bundle/es-419.lproj/Localizable.strings
copying file ./Payload/MyFiji.app/StripeCore.bundle/it.lproj/Localizable.strings ... 
1692 bytes for ./Payload/MyFiji.app/StripeCore.bundle/it.lproj/Localizable.strings
copying file ./Payload/MyFiji.app/StripeCore.bundle/nn-NO.lproj/Localizable.strings ... 
2022-07-04 10:34:08 +0000  1547 bytes for ./Payload/MyFiji.app/StripeCore.bundle/nn-NO.lproj/Localizable.strings
copying file ./Payload/MyFiji.app/StripeCore.bundle/fr-CA.lproj/Localizable.strings ... 
1752 bytes for ./Payload/MyFiji.app/StripeCore.bundle/fr-CA.lproj/Localizable.strings
copying file ./Payload/MyFiji.app/StripeCore.bundle/bg-BG.lproj/Localizable.strings ... 
2125 bytes for ./Payload/MyFiji.app/StripeCore.bundle/bg-BG.lproj/Localizable.strings
copying file ./Payload/MyFiji.app/StripeCore.bundle/sv.lproj/Localizable.strings ... 
1614 bytes for ./Payload/MyFiji.app/StripeCore.bundle/sv.lproj/Localizable.strings
copying file ./Payload/MyFiji.app/StripeCore.bundle/ko.lproj/Localizable.strings ... 
1784 bytes for ./Payload/MyFiji.app/StripeCore.bundle/ko.lproj/Localizable.strings
copying file ./Payload/MyFiji.app/StripeCore.bundle/fil.lproj/Localizable.strings ... 
1714 bytes for ./Payload/MyFiji.app/StripeCore.bundle/fil.lproj/Localizable.strings
copying file ./Payload/MyFiji.app/StripeCore.bundle/zh-Hant.lproj/Localizable.strings ... 
1587 bytes for ./Payload/MyFiji.app/StripeCore.bundle/zh-Hant.lproj/Localizable.strings
copying file ./Payload/MyFiji.app/StripeCore.bundle/tk.lproj/Localizable.strings ... 
2022-07-04 10:34:08 +0000  248 bytes for ./Payload/MyFiji.app/StripeCore.bundle/tk.lproj/Localizable.strings
copying file ./Payload/MyFiji.app/StripeCore.bundle/ro-RO.lproj/Localizable.strings ... 
1735 bytes for ./Payload/MyFiji.app/StripeCore.bundle/ro-RO.lproj/Localizable.strings
copying file ./Payload/MyFiji.app/StripeCore.bundle/hu.lproj/Localizable.strings ... 
2022-07-04 10:34:08 +0000  1707 bytes for ./Payload/MyFiji.app/StripeCore.bundle/hu.lproj/Localizable.strings
2022-07-04 10:34:08 +0000  copying file ./Payload/MyFiji.app/StripeCore.bundle/tr.lproj/Localizable.strings ... 
1645 bytes for ./Payload/MyFiji.app/StripeCore.bundle/tr.lproj/Localizable.strings
copying file ./Payload/MyFiji.app/StripeCore.bundle/et-EE.lproj/Localizable.strings ... 
1596 bytes for ./Payload/MyFiji.app/StripeCore.bundle/et-EE.lproj/Localizable.strings
copying file ./Payload/MyFiji.app/StripeCore.bundle/pt-BR.lproj/Localizable.strings ... 
1643 bytes for ./Payload/MyFiji.app/StripeCore.bundle/pt-BR.lproj/Localizable.strings
copying file ./Payload/MyFiji.app/StripeCore.bundle/lv-LV.lproj/Localizable.strings ... 
1690 bytes for ./Payload/MyFiji.app/StripeCore.bundle/lv-LV.lproj/Localizable.strings
copying file ./Payload/MyFiji.app/StripeCore.bundle/vi.lproj/Localizable.strings ... 
1680 bytes for ./Payload/MyFiji.app/StripeCore.bundle/vi.lproj/Localizable.strings
copying file ./Payload/MyFiji.app/StripeCore.bundle/ru.lproj/Localizable.strings ... 
2058 bytes for ./Payload/MyFiji.app/StripeCore.bundle/ru.lproj/Localizable.strings
copying file ./Payload/MyFiji.app/StripeCore.bundle/cs-CZ.lproj/Localizable.strings ... 
1728 bytes for ./Payload/MyFiji.app/StripeCore.bundle/cs-CZ.lproj/Localizable.strings
copying file ./Payload/MyFiji.app/StripeCore.bundle/sk-SK.lproj/Localizable.strings ... 
1720 bytes for ./Payload/MyFiji.app/StripeCore.bundle/sk-SK.lproj/Localizable.strings
copying file ./Payload/MyFiji.app/StripeCore.bundle/sl-SI.lproj/Localizable.strings ... 
1698 bytes for ./Payload/MyFiji.app/StripeCore.bundle/sl-SI.lproj/Localizable.strings
copying file ./Payload/MyFiji.app/StripeCore.bundle/fr.lproj/Localizable.strings ... 
1774 bytes for ./Payload/MyFiji.app/StripeCore.bundle/fr.lproj/Localizable.strings
copying file ./Payload/MyFiji.app/StripeCore.bundle/fi.lproj/Localizable.strings ... 
1637 bytes for ./Payload/MyFiji.app/StripeCore.bundle/fi.lproj/Localizable.strings
copying file ./Payload/MyFiji.app/StripeCore.bundle/id.lproj/Localizable.strings ... 
1649 bytes for ./Payload/MyFiji.app/StripeCore.bundle/id.lproj/Localizable.strings
copying file ./Payload/MyFiji.app/StripeCore.bundle/nl.lproj/Localizable.strings ... 
1687 bytes for ./Payload/MyFiji.app/StripeCore.bundle/nl.lproj/Localizable.strings
copying file ./Payload/MyFiji.app/StripeCore.bundle/pl-PL.lproj/Localizable.strings ... 
1736 bytes for ./Payload/MyFiji.app/StripeCore.bundle/pl-PL.lproj/Localizable.strings
copying file ./Payload/MyFiji.app/StripeCore.bundle/pt-PT.lproj/Localizable.strings ... 
2022-07-04 10:34:08 +0000  1705 bytes for ./Payload/MyFiji.app/StripeCore.bundle/pt-PT.lproj/Localizable.strings
copying file ./Payload/MyFiji.app/StripeCore.bundle/Info.plist ... 
767 bytes for ./Payload/MyFiji.app/StripeCore.bundle/Info.plist
copying file ./Payload/MyFiji.app/StripeCore.bundle/hr.lproj/Localizable.strings ... 
1660 bytes for ./Payload/MyFiji.app/StripeCore.bundle/hr.lproj/Localizable.strings
copying file ./Payload/MyFiji.app/campton-book.ttf ... 
2022-07-04 10:34:08 +0000  55836 bytes for ./Payload/MyFiji.app/campton-book.ttf
2022-07-04 10:34:08 +0000  copying file ./Payload/MyFiji.app/Assets.car ... 
2022-07-04 10:34:08 +0000  505167 bytes for ./Payload/MyFiji.app/Assets.car
2022-07-04 10:34:08 +0000  copying file ./Payload/MyFiji.app/main.jsbundle ... 
2022-07-04 10:34:08 +0000  5180048 bytes for ./Payload/MyFiji.app/main.jsbundle
2022-07-04 10:34:08 +0000  copying file ./Payload/MyFiji.app/MyFiji ... 
2022-07-04 10:34:09 +0000  19421472 bytes for ./Payload/MyFiji.app/MyFiji
2022-07-04 10:34:09 +0000  copying file ./Payload/MyFiji.app/LaunchScreen.storyboardc/01J-lp-oVM-view-Ze5-6b-2t3.nib ... 
2022-07-04 10:34:09 +0000  2435 bytes for ./Payload/MyFiji.app/LaunchScreen.storyboardc/01J-lp-oVM-view-Ze5-6b-2t3.nib
copying file ./Payload/MyFiji.app/LaunchScreen.storyboardc/UIViewController-01J-lp-oVM.nib ... 
2022-07-04 10:34:09 +0000  896 bytes for ./Payload/MyFiji.app/LaunchScreen.storyboardc/UIViewController-01J-lp-oVM.nib
2022-07-04 10:34:09 +0000  copying file ./Payload/MyFiji.app/LaunchScreen.storyboardc/Info.plist ... 
2022-07-04 10:34:09 +0000  258 bytes for ./Payload/MyFiji.app/LaunchScreen.storyboardc/Info.plist
copying file ./Payload/MyFiji.app/campton-semibold.ttf ... 
2022-07-04 10:34:09 +0000  57036 bytes for ./Payload/MyFiji.app/campton-semibold.ttf
copying file ./Payload/MyFiji.app/campton-medium.ttf ... 
2022-07-04 10:34:09 +0000  56508 bytes for ./Payload/MyFiji.app/campton-medium.ttf
copying file ./Payload/MyFiji.app/MyFiji(Production).xcconfig ... 
308 bytes for ./Payload/MyFiji.app/MyFiji(Production).xcconfig
2022-07-04 10:34:09 +0000  copying file ./Payload/MyFiji.app/StripeUICore.bundle/de.lproj/Localizable.strings ... 
2022-07-04 10:34:09 +0000  2714 bytes for ./Payload/MyFiji.app/StripeUICore.bundle/de.lproj/Localizable.strings
2022-07-04 10:34:09 +0000  copying file ./Payload/MyFiji.app/StripeUICore.bundle/lt-LT.lproj/Localizable.strings ... 
2022-07-04 10:34:09 +0000  2769 bytes for ./Payload/MyFiji.app/StripeUICore.bundle/lt-LT.lproj/Localizable.strings
copying file ./Payload/MyFiji.app/StripeUICore.bundle/zh-Hans.lproj/Localizable.strings ... 
2666 bytes for ./Payload/MyFiji.app/StripeUICore.bundle/zh-Hans.lproj/Localizable.strings
2022-07-04 10:34:09 +0000  copying file ./Payload/MyFiji.app/StripeUICore.bundle/ja.lproj/Localizable.strings ... 
2022-07-04 10:34:09 +0000  2765 bytes for ./Payload/MyFiji.app/StripeUICore.bundle/ja.lproj/Localizable.strings
copying file ./Payload/MyFiji.app/StripeUICore.bundle/el-GR.lproj/Localizable.strings ... 
3131 bytes for ./Payload/MyFiji.app/StripeUICore.bundle/el-GR.lproj/Localizable.strings
2022-07-04 10:34:09 +0000  copying file ./Payload/MyFiji.app/StripeUICore.bundle/ms-MY.lproj/Localizable.strings ... 
2022-07-04 10:34:09 +0000  2687 bytes for ./Payload/MyFiji.app/StripeUICore.bundle/ms-MY.lproj/Localizable.strings
2022-07-04 10:34:09 +0000  copying file ./Payload/MyFiji.app/StripeUICore.bundle/en.lproj/Localizable.strings ... 
2022-07-04 10:34:09 +0000  2660 bytes for ./Payload/MyFiji.app/StripeUICore.bundle/en.lproj/Localizable.strings
copying file ./Payload/MyFiji.app/StripeUICore.bundle/zh-HK.lproj/Localizable.strings ... 
2022-07-04 10:34:09 +0000  2673 bytes for ./Payload/MyFiji.app/StripeUICore.bundle/zh-HK.lproj/Localizable.strings
2022-07-04 10:34:09 +0000  copying file ./Payload/MyFiji.app/StripeUICore.bundle/mt.lproj/Localizable.strings ... 
2022-07-04 10:34:09 +0000  2754 bytes for ./Payload/MyFiji.app/StripeUICore.bundle/mt.lproj/Localizable.strings
2022-07-04 10:34:09 +0000  copying file ./Payload/MyFiji.app/StripeUICore.bundle/nb.lproj/Localizable.strings ... 
2022-07-04 10:34:09 +0000  2663 bytes for ./Payload/MyFiji.app/StripeUICore.bundle/nb.lproj/Localizable.strings
2022-07-04 10:34:09 +0000  copying file ./Payload/MyFiji.app/StripeUICore.bundle/ca-ES.lproj/Localizable.strings ... 
2739 bytes for ./Payload/MyFiji.app/StripeUICore.bundle/ca-ES.lproj/Localizable.strings
2022-07-04 10:34:09 +0000  copying file ./Payload/MyFiji.app/StripeUICore.bundle/en-GB.lproj/Localizable.strings ... 
2022-07-04 10:34:09 +0000  2656 bytes for ./Payload/MyFiji.app/StripeUICore.bundle/en-GB.lproj/Localizable.strings
2022-07-04 10:34:09 +0000  copying file ./Payload/MyFiji.app/StripeUICore.bundle/es.lproj/Localizable.strings ... 
2022-07-04 10:34:09 +0000  2789 bytes for ./Payload/MyFiji.app/StripeUICore.bundle/es.lproj/Localizable.strings
copying file ./Payload/MyFiji.app/StripeUICore.bundle/da.lproj/Localizable.strings ... 
2022-07-04 10:34:09 +0000  2674 bytes for ./Payload/MyFiji.app/StripeUICore.bundle/da.lproj/Localizable.strings
2022-07-04 10:34:09 +0000  copying file ./Payload/MyFiji.app/StripeUICore.bundle/es-419.lproj/Localizable.strings ... 
2777 bytes for ./Payload/MyFiji.app/StripeUICore.bundle/es-419.lproj/Localizable.strings
copying file ./Payload/MyFiji.app/StripeUICore.bundle/it.lproj/Localizable.strings ... 
2022-07-04 10:34:09 +0000  2722 bytes for ./Payload/MyFiji.app/StripeUICore.bundle/it.lproj/Localizable.strings
2022-07-04 10:34:09 +0000  copying file ./Payload/MyFiji.app/StripeUICore.bundle/nn-NO.lproj/Localizable.strings ... 
2621 bytes for ./Payload/MyFiji.app/StripeUICore.bundle/nn-NO.lproj/Localizable.strings
copying file ./Payload/MyFiji.app/StripeUICore.bundle/fr-CA.lproj/Localizable.strings ... 
2022-07-04 10:34:09 +0000  2740 bytes for ./Payload/MyFiji.app/StripeUICore.bundle/fr-CA.lproj/Localizable.strings
2022-07-04 10:34:09 +0000  copying file ./Payload/MyFiji.app/StripeUICore.bundle/bg-BG.lproj/Localizable.strings ... 
2968 bytes for ./Payload/MyFiji.app/StripeUICore.bundle/bg-BG.lproj/Localizable.strings
copying file ./Payload/MyFiji.app/StripeUICore.bundle/sv.lproj/Localizable.strings ... 
2022-07-04 10:34:09 +0000  2679 bytes for ./Payload/MyFiji.app/StripeUICore.bundle/sv.lproj/Localizable.strings
copying file ./Payload/MyFiji.app/StripeUICore.bundle/ko.lproj/Localizable.strings ... 
2714 bytes for ./Payload/MyFiji.app/StripeUICore.bundle/ko.lproj/Localizable.strings
2022-07-04 10:34:09 +0000  copying file ./Payload/MyFiji.app/StripeUICore.bundle/fil.lproj/Localizable.strings ... 
2022-07-04 10:34:09 +0000  2702 bytes for ./Payload/MyFiji.app/StripeUICore.bundle/fil.lproj/Localizable.strings
2022-07-04 10:34:09 +0000  copying file ./Payload/MyFiji.app/StripeUICore.bundle/zh-Hant.lproj/Localizable.strings ... 
2022-07-04 10:34:09 +0000  2673 bytes for ./Payload/MyFiji.app/StripeUICore.bundle/zh-Hant.lproj/Localizable.strings
2022-07-04 10:34:09 +0000  copying file ./Payload/MyFiji.app/StripeUICore.bundle/ro-RO.lproj/Localizable.strings ... 
2022-07-04 10:34:09 +0000  2763 bytes for ./Payload/MyFiji.app/StripeUICore.bundle/ro-RO.lproj/Localizable.strings
2022-07-04 10:34:09 +0000  copying file ./Payload/MyFiji.app/StripeUICore.bundle/hu.lproj/Localizable.strings ... 
2022-07-04 10:34:09 +0000  2736 bytes for ./Payload/MyFiji.app/StripeUICore.bundle/hu.lproj/Localizable.strings
copying file ./Payload/MyFiji.app/StripeUICore.bundle/tr.lproj/Localizable.strings ... 
2022-07-04 10:34:09 +0000  2354 bytes for ./Payload/MyFiji.app/StripeUICore.bundle/tr.lproj/Localizable.strings
2022-07-04 10:34:09 +0000  copying file ./Payload/MyFiji.app/StripeUICore.bundle/et-EE.lproj/Localizable.strings ... 
2022-07-04 10:34:09 +0000  2672 bytes for ./Payload/MyFiji.app/StripeUICore.bundle/et-EE.lproj/Localizable.strings
2022-07-04 10:34:09 +0000  copying file ./Payload/MyFiji.app/StripeUICore.bundle/pt-BR.lproj/Localizable.strings ... 
2736 bytes for ./Payload/MyFiji.app/StripeUICore.bundle/pt-BR.lproj/Localizable.strings
2022-07-04 10:34:09 +0000  copying file ./Payload/MyFiji.app/StripeUICore.bundle/lv-LV.lproj/Localizable.strings ... 
2022-07-04 10:34:09 +0000  2799 bytes for ./Payload/MyFiji.app/StripeUICore.bundle/lv-LV.lproj/Localizable.strings
2022-07-04 10:34:09 +0000  copying file ./Payload/MyFiji.app/StripeUICore.bundle/vi.lproj/Localizable.strings ... 
2022-07-04 10:34:09 +0000  2830 bytes for ./Payload/MyFiji.app/StripeUICore.bundle/vi.lproj/Localizable.strings
copying file ./Payload/MyFiji.app/StripeUICore.bundle/ru.lproj/Localizable.strings ... 
2022-07-04 10:34:09 +0000  3104 bytes for ./Payload/MyFiji.app/StripeUICore.bundle/ru.lproj/Localizable.strings
copying file ./Payload/MyFiji.app/StripeUICore.bundle/localized_address_data.json ... 
2022-07-04 10:34:09 +0000  18164 bytes for ./Payload/MyFiji.app/StripeUICore.bundle/localized_address_data.json
2022-07-04 10:34:09 +0000  copying file ./Payload/MyFiji.app/StripeUICore.bundle/cs-CZ.lproj/Localizable.strings ... 
2751 bytes for ./Payload/MyFiji.app/StripeUICore.bundle/cs-CZ.lproj/Localizable.strings
copying file ./Payload/MyFiji.app/StripeUICore.bundle/sk-SK.lproj/Localizable.strings ... 
2022-07-04 10:34:09 +0000  2700 bytes for ./Payload/MyFiji.app/StripeUICore.bundle/sk-SK.lproj/Localizable.strings
copying file ./Payload/MyFiji.app/StripeUICore.bundle/sl-SI.lproj/Localizable.strings ... 
2760 bytes for ./Payload/MyFiji.app/StripeUICore.bundle/sl-SI.lproj/Localizable.strings
copying file ./Payload/MyFiji.app/StripeUICore.bundle/fr.lproj/Localizable.strings ... 
2744 bytes for ./Payload/MyFiji.app/StripeUICore.bundle/fr.lproj/Localizable.strings
copying file ./Payload/MyFiji.app/StripeUICore.bundle/fi.lproj/Localizable.strings ... 
2717 bytes for ./Payload/MyFiji.app/StripeUICore.bundle/fi.lproj/Localizable.strings
copying file ./Payload/MyFiji.app/StripeUICore.bundle/id.lproj/Localizable.strings ... 
2699 bytes for ./Payload/MyFiji.app/StripeUICore.bundle/id.lproj/Localizable.strings
copying file ./Payload/MyFiji.app/StripeUICore.bundle/nl.lproj/Localizable.strings ... 
2698 bytes for ./Payload/MyFiji.app/StripeUICore.bundle/nl.lproj/Localizable.strings
copying file ./Payload/MyFiji.app/StripeUICore.bundle/pl-PL.lproj/Localizable.strings ... 
2022-07-04 10:34:09 +0000  2729 bytes for ./Payload/MyFiji.app/StripeUICore.bundle/pl-PL.lproj/Localizable.strings
2022-07-04 10:34:09 +0000  copying file ./Payload/MyFiji.app/StripeUICore.bundle/pt-PT.lproj/Localizable.strings ... 
2757 bytes for ./Payload/MyFiji.app/StripeUICore.bundle/pt-PT.lproj/Localizable.strings
copying file ./Payload/MyFiji.app/StripeUICore.bundle/icon_chevron_down@3x.png ... 
2022-07-04 10:34:09 +0000  481 bytes for ./Payload/MyFiji.app/StripeUICore.bundle/icon_chevron_down@3x.png
copying file ./Payload/MyFiji.app/StripeUICore.bundle/Info.plist ... 
771 bytes for ./Payload/MyFiji.app/StripeUICore.bundle/Info.plist
copying file ./Payload/MyFiji.app/StripeUICore.bundle/hr.lproj/Localizable.strings ... 
2022-07-04 10:34:09 +0000  2738 bytes for ./Payload/MyFiji.app/StripeUICore.bundle/hr.lproj/Localizable.strings
copying file ./Payload/MyFiji.app/TOCropViewControllerBundle.bundle/de.lproj/TOCropViewControllerLocalizable.strings ... 
189 bytes for ./Payload/MyFiji.app/TOCropViewControllerBundle.bundle/de.lproj/TOCropViewControllerLocalizable.strings
copying file ./Payload/MyFiji.app/TOCropViewControllerBundle.bundle/ar.lproj/TOCropViewControllerLocalizable.strings ... 
2022-07-04 10:34:09 +0000  207 bytes for ./Payload/MyFiji.app/TOCropViewControllerBundle.bundle/ar.lproj/TOCropViewControllerLocalizable.strings
2022-07-04 10:34:09 +0000  copying file ./Payload/MyFiji.app/TOCropViewControllerBundle.bundle/zh-Hans.lproj/TOCropViewControllerLocalizable.strings ... 
2022-07-04 10:34:09 +0000  172 bytes for ./Payload/MyFiji.app/TOCropViewControllerBundle.bundle/zh-Hans.lproj/TOCropViewControllerLocalizable.strings
2022-07-04 10:34:09 +0000  copying file ./Payload/MyFiji.app/TOCropViewControllerBundle.bundle/ja.lproj/TOCropViewControllerLocalizable.strings ... 
2022-07-04 10:34:09 +0000  210 bytes for ./Payload/MyFiji.app/TOCropViewControllerBundle.bundle/ja.lproj/TOCropViewControllerLocalizable.strings
2022-07-04 10:34:09 +0000  copying file ./Payload/MyFiji.app/TOCropViewControllerBundle.bundle/fa.lproj/TOCropViewControllerLocalizable.strings ... 
2022-07-04 10:34:09 +0000  210 bytes for ./Payload/MyFiji.app/TOCropViewControllerBundle.bundle/fa.lproj/TOCropViewControllerLocalizable.strings
copying file ./Payload/MyFiji.app/TOCropViewControllerBundle.bundle/en.lproj/TOCropViewControllerLocalizable.strings ... 
168 bytes for ./Payload/MyFiji.app/TOCropViewControllerBundle.bundle/en.lproj/TOCropViewControllerLocalizable.strings
copying file ./Payload/MyFiji.app/TOCropViewControllerBundle.bundle/es.lproj/TOCropViewControllerLocalizable.strings ... 
179 bytes for ./Payload/MyFiji.app/TOCropViewControllerBundle.bundle/es.lproj/TOCropViewControllerLocalizable.strings
copying file ./Payload/MyFiji.app/TOCropViewControllerBundle.bundle/it.lproj/TOCropViewControllerLocalizable.strings ... 
181 bytes for ./Payload/MyFiji.app/TOCropViewControllerBundle.bundle/it.lproj/TOCropViewControllerLocalizable.strings
copying file ./Payload/MyFiji.app/TOCropViewControllerBundle.bundle/sk.lproj/TOCropViewControllerLocalizable.strings ... 
176 bytes for ./Payload/MyFiji.app/TOCropViewControllerBundle.bundle/sk.lproj/TOCropViewControllerLocalizable.strings
copying file ./Payload/MyFiji.app/TOCropViewControllerBundle.bundle/ms.lproj/TOCropViewControllerLocalizable.strings ... 
173 bytes for ./Payload/MyFiji.app/TOCropViewControllerBundle.bundle/ms.lproj/TOCropViewControllerLocalizable.strings
copying file ./Payload/MyFiji.app/TOCropViewControllerBundle.bundle/cs.lproj/TOCropViewControllerLocalizable.strings ... 
173 bytes for ./Payload/MyFiji.app/TOCropViewControllerBundle.bundle/cs.lproj/TOCropViewControllerLocalizable.strings
copying file ./Payload/MyFiji.app/TOCropViewControllerBundle.bundle/ko.lproj/TOCropViewControllerLocalizable.strings ... 
187 bytes for ./Payload/MyFiji.app/TOCropViewControllerBundle.bundle/ko.lproj/TOCropViewControllerLocalizable.strings
2022-07-04 10:34:09 +0000  copying file ./Payload/MyFiji.app/TOCropViewControllerBundle.bundle/Base.lproj/TOCropViewControllerLocalizable.strings ... 
2022-07-04 10:34:09 +0000  168 bytes for ./Payload/MyFiji.app/TOCropViewControllerBundle.bundle/Base.lproj/TOCropViewControllerLocalizable.strings
2022-07-04 10:34:09 +0000  copying file ./Payload/MyFiji.app/TOCropViewControllerBundle.bundle/zh-Hant.lproj/TOCropViewControllerLocalizable.strings ... 
175 bytes for ./Payload/MyFiji.app/TOCropViewControllerBundle.bundle/zh-Hant.lproj/TOCropViewControllerLocalizable.strings
copying file ./Payload/MyFiji.app/TOCropViewControllerBundle.bundle/fa-IR.lproj/TOCropViewControllerLocalizable.strings ... 
2022-07-04 10:34:09 +0000  210 bytes for ./Payload/MyFiji.app/TOCropViewControllerBundle.bundle/fa-IR.lproj/TOCropViewControllerLocalizable.strings
copying file ./Payload/MyFiji.app/TOCropViewControllerBundle.bundle/hu.lproj/TOCropViewControllerLocalizable.strings ... 
2022-07-04 10:34:09 +0000  194 bytes for ./Payload/MyFiji.app/TOCropViewControllerBundle.bundle/hu.lproj/TOCropViewControllerLocalizable.strings
copying file ./Payload/MyFiji.app/TOCropViewControllerBundle.bundle/da-DK.lproj/TOCropViewControllerLocalizable.strings ... 
174 bytes for ./Payload/MyFiji.app/TOCropViewControllerBundle.bundle/da-DK.lproj/TOCropViewControllerLocalizable.strings
2022-07-04 10:34:09 +0000  copying file ./Payload/MyFiji.app/TOCropViewControllerBundle.bundle/tr.lproj/TOCropViewControllerLocalizable.strings ... 
183 bytes for ./Payload/MyFiji.app/TOCropViewControllerBundle.bundle/tr.lproj/TOCropViewControllerLocalizable.strings
copying file ./Payload/MyFiji.app/TOCropViewControllerBundle.bundle/pl.lproj/TOCropViewControllerLocalizable.strings ... 
2022-07-04 10:34:09 +0000  171 bytes for ./Payload/MyFiji.app/TOCropViewControllerBundle.bundle/pl.lproj/TOCropViewControllerLocalizable.strings
copying file ./Payload/MyFiji.app/TOCropViewControllerBundle.bundle/pt-BR.lproj/TOCropViewControllerLocalizable.strings ... 
181 bytes for ./Payload/MyFiji.app/TOCropViewControllerBundle.bundle/pt-BR.lproj/TOCropViewControllerLocalizable.strings
2022-07-04 10:34:09 +0000  copying file ./Payload/MyFiji.app/TOCropViewControllerBundle.bundle/vi.lproj/TOCropViewControllerLocalizable.strings ... 
178 bytes for ./Payload/MyFiji.app/TOCropViewControllerBundle.bundle/vi.lproj/TOCropViewControllerLocalizable.strings
copying file ./Payload/MyFiji.app/TOCropViewControllerBundle.bundle/ru.lproj/TOCropViewControllerLocalizable.strings ... 
237 bytes for ./Payload/MyFiji.app/TOCropViewControllerBundle.bundle/ru.lproj/TOCropViewControllerLocalizable.strings
copying file ./Payload/MyFiji.app/TOCropViewControllerBundle.bundle/fr.lproj/TOCropViewControllerLocalizable.strings ... 
193 bytes for ./Payload/MyFiji.app/TOCropViewControllerBundle.bundle/fr.lproj/TOCropViewControllerLocalizable.strings
copying file ./Payload/MyFiji.app/TOCropViewControllerBundle.bundle/fi.lproj/TOCropViewControllerLocalizable.strings ... 
179 bytes for ./Payload/MyFiji.app/TOCropViewControllerBundle.bundle/fi.lproj/TOCropViewControllerLocalizable.strings
copying file ./Payload/MyFiji.app/TOCropViewControllerBundle.bundle/id.lproj/TOCropViewControllerLocalizable.strings ... 
178 bytes for ./Payload/MyFiji.app/TOCropViewControllerBundle.bundle/id.lproj/TOCropViewControllerLocalizable.strings
2022-07-04 10:34:09 +0000  copying file ./Payload/MyFiji.app/TOCropViewControllerBundle.bundle/nl.lproj/TOCropViewControllerLocalizable.strings ... 
2022-07-04 10:34:09 +0000  178 bytes for ./Payload/MyFiji.app/TOCropViewControllerBundle.bundle/nl.lproj/TOCropViewControllerLocalizable.strings
copying file ./Payload/MyFiji.app/TOCropViewControllerBundle.bundle/pt.lproj/TOCropViewControllerLocalizable.strings ... 
2022-07-04 10:34:09 +0000  181 bytes for ./Payload/MyFiji.app/TOCropViewControllerBundle.bundle/pt.lproj/TOCropViewControllerLocalizable.strings
2022-07-04 10:34:09 +0000  copying file ./Payload/MyFiji.app/TOCropViewControllerBundle.bundle/ro.lproj/TOCropViewControllerLocalizable.strings ... 
2022-07-04 10:34:09 +0000  181 bytes for ./Payload/MyFiji.app/TOCropViewControllerBundle.bundle/ro.lproj/TOCropViewControllerLocalizable.strings
copying file ./Payload/MyFiji.app/TOCropViewControllerBundle.bundle/Info.plist ... 
2022-07-04 10:34:09 +0000  751 bytes for ./Payload/MyFiji.app/TOCropViewControllerBundle.bundle/Info.plist
2022-07-04 10:34:09 +0000  copying file ./Payload/MyFiji.app/TOCropViewControllerBundle.bundle/ca.lproj/TOCropViewControllerLocalizable.strings ... 
2022-07-04 10:34:09 +0000  177 bytes for ./Payload/MyFiji.app/TOCropViewControllerBundle.bundle/ca.lproj/TOCropViewControllerLocalizable.strings
2022-07-04 10:34:09 +0000  copying file ./Payload/MyFiji.app/Frameworks/libswiftPhotos.dylib ... 
2022-07-04 10:34:09 +0000  255152 bytes for ./Payload/MyFiji.app/Frameworks/libswiftPhotos.dylib
copying file ./Payload/MyFiji.app/Frameworks/libswiftCoreImage.dylib ... 
2022-07-04 10:34:09 +0000  253648 bytes for ./Payload/MyFiji.app/Frameworks/libswiftCoreImage.dylib
2022-07-04 10:34:09 +0000  copying file ./Payload/MyFiji.app/Frameworks/Razorpay.framework/_CodeSignature/CodeResources ... 
2022-07-04 10:34:09 +0000  5030 bytes for ./Payload/MyFiji.app/Frameworks/Razorpay.framework/_CodeSignature/CodeResources
2022-07-04 10:34:09 +0000  copying file ./Payload/MyFiji.app/Frameworks/Razorpay.framework/Hash.txt ... 
32 bytes for ./Payload/MyFiji.app/Frameworks/Razorpay.framework/Hash.txt
2022-07-04 10:34:09 +0000  copying file ./Payload/MyFiji.app/Frameworks/Razorpay.framework/EncryptedOtpelf.js ... 
2022-07-04 10:34:09 +0000  87788 bytes for ./Payload/MyFiji.app/Frameworks/Razorpay.framework/EncryptedOtpelf.js
2022-07-04 10:34:09 +0000  copying file ./Payload/MyFiji.app/Frameworks/Razorpay.framework/Checkout.storyboardc/UINavigationController-ODs-ga-9IN.nib/objects-11.0+.nib ... 
2022-07-04 10:34:09 +0000  2073 bytes for ./Payload/MyFiji.app/Frameworks/Razorpay.framework/Checkout.storyboardc/UINavigationController-ODs-ga-9IN.nib/objects-11.0+.nib
copying file ./Payload/MyFiji.app/Frameworks/Razorpay.framework/Checkout.storyboardc/UINavigationController-ODs-ga-9IN.nib/runtime.nib ... 
2073 bytes for ./Payload/MyFiji.app/Frameworks/Razorpay.framework/Checkout.storyboardc/UINavigationController-ODs-ga-9IN.nib/runtime.nib
copying file ./Payload/MyFiji.app/Frameworks/Razorpay.framework/Checkout.storyboardc/RazorpayCheckoutVC.nib/objects-11.0+.nib ... 
1418 bytes for ./Payload/MyFiji.app/Frameworks/Razorpay.framework/Checkout.storyboardc/RazorpayCheckoutVC.nib/objects-11.0+.nib
copying file ./Payload/MyFiji.app/Frameworks/Razorpay.framework/Checkout.storyboardc/RazorpayCheckoutVC.nib/runtime.nib ... 
2022-07-04 10:34:09 +0000  1418 bytes for ./Payload/MyFiji.app/Frameworks/Razorpay.framework/Checkout.storyboardc/RazorpayCheckoutVC.nib/runtime.nib
2022-07-04 10:34:09 +0000  copying file ./Payload/MyFiji.app/Frameworks/Razorpay.framework/Checkout.storyboardc/RBq-mH-fUs-view-vI7-59-shd.nib/objects-11.0+.nib ... 
2022-07-04 10:34:09 +0000  2694 bytes for ./Payload/MyFiji.app/Frameworks/Razorpay.framework/Checkout.storyboardc/RBq-mH-fUs-view-vI7-59-shd.nib/objects-11.0+.nib
copying file ./Payload/MyFiji.app/Frameworks/Razorpay.framework/Checkout.storyboardc/RBq-mH-fUs-view-vI7-59-shd.nib/runtime.nib ... 
2811 bytes for ./Payload/MyFiji.app/Frameworks/Razorpay.framework/Checkout.storyboardc/RBq-mH-fUs-view-vI7-59-shd.nib/runtime.nib
2022-07-04 10:34:09 +0000  copying file ./Payload/MyFiji.app/Frameworks/Razorpay.framework/Checkout.storyboardc/Info.plist ... 
333 bytes for ./Payload/MyFiji.app/Frameworks/Razorpay.framework/Checkout.storyboardc/Info.plist
copying file ./Payload/MyFiji.app/Frameworks/Razorpay.framework/Razorpay ... 
2022-07-04 10:34:09 +0000  1042688 bytes for ./Payload/MyFiji.app/Frameworks/Razorpay.framework/Razorpay
2022-07-04 10:34:09 +0000  copying file ./Payload/MyFiji.app/Frameworks/Razorpay.framework/Info.plist ... 
2022-07-04 10:34:09 +0000  713 bytes for ./Payload/MyFiji.app/Frameworks/Razorpay.framework/Info.plist
copying file ./Payload/MyFiji.app/Frameworks/libswiftObjectiveC.dylib ... 
2022-07-04 10:34:09 +0000  302640 bytes for ./Payload/MyFiji.app/Frameworks/libswiftObjectiveC.dylib
2022-07-04 10:34:09 +0000  copying file ./Payload/MyFiji.app/Frameworks/libswiftVision.dylib ... 
2022-07-04 10:34:09 +0000  254944 bytes for ./Payload/MyFiji.app/Frameworks/libswiftVision.dylib
2022-07-04 10:34:09 +0000  copying file ./Payload/MyFiji.app/Frameworks/libswiftCore.dylib ... 
2022-07-04 10:34:10 +0000  16915040 bytes for ./Payload/MyFiji.app/Frameworks/libswiftCore.dylib
2022-07-04 10:34:10 +0000  copying file ./Payload/MyFiji.app/Frameworks/ChatSDK.framework/_CodeSignature/CodeResources ... 
17346 bytes for ./Payload/MyFiji.app/Frameworks/ChatSDK.framework/_CodeSignature/CodeResources
copying file ./Payload/MyFiji.app/Frameworks/ChatSDK.framework/ChatSDK ... 
2022-07-04 10:34:10 +0000  365456 bytes for ./Payload/MyFiji.app/Frameworks/ChatSDK.framework/ChatSDK
2022-07-04 10:34:10 +0000  copying file ./Payload/MyFiji.app/Frameworks/ChatSDK.framework/Info.plist ... 
698 bytes for ./Payload/MyFiji.app/Frameworks/ChatSDK.framework/Info.plist
copying file ./Payload/MyFiji.app/Frameworks/ChatSDK.framework/ChatStrings/de.lproj/Localizable.strings ... 
4377 bytes for ./Payload/MyFiji.app/Frameworks/ChatSDK.framework/ChatStrings/de.lproj/Localizable.strings
copying file ./Payload/MyFiji.app/Frameworks/ChatSDK.framework/ChatStrings/he.lproj/Localizable.strings ... 
4688 bytes for ./Payload/MyFiji.app/Frameworks/ChatSDK.framework/ChatStrings/he.lproj/Localizable.strings
copying file ./Payload/MyFiji.app/Frameworks/ChatSDK.framework/ChatStrings/ar.lproj/Localizable.strings ... 
4909 bytes for ./Payload/MyFiji.app/Frameworks/ChatSDK.framework/ChatStrings/ar.lproj/Localizable.strings
copying file ./Payload/MyFiji.app/Frameworks/ChatSDK.framework/ChatStrings/el.lproj/Localizable.strings ... 
6085 bytes for ./Payload/MyFiji.app/Frameworks/ChatSDK.framework/ChatStrings/el.lproj/Localizable.strings
copying file ./Payload/MyFiji.app/Frameworks/ChatSDK.framework/ChatStrings/zh-Hans.lproj/Localizable.strings ... 
4178 bytes for ./Payload/MyFiji.app/Frameworks/ChatSDK.framework/ChatStrings/zh-Hans.lproj/Localizable.strings
copying file ./Payload/MyFiji.app/Frameworks/ChatSDK.framework/ChatStrings/ja.lproj/Localizable.strings ... 
5196 bytes for ./Payload/MyFiji.app/Frameworks/ChatSDK.framework/ChatStrings/ja.lproj/Localizable.strings
copying file ./Payload/MyFiji.app/Frameworks/ChatSDK.framework/ChatStrings/en.lproj/Localizable.strings ... 
4125 bytes for ./Payload/MyFiji.app/Frameworks/ChatSDK.framework/ChatStrings/en.lproj/Localizable.strings
copying file ./Payload/MyFiji.app/Frameworks/ChatSDK.framework/ChatStrings/nb.lproj/Localizable.strings ... 
4242 bytes for ./Payload/MyFiji.app/Frameworks/ChatSDK.framework/ChatStrings/nb.lproj/Localizable.strings
copying file ./Payload/MyFiji.app/Frameworks/ChatSDK.framework/ChatStrings/en-GB.lproj/Localizable.strings ... 
4125 bytes for ./Payload/MyFiji.app/Frameworks/ChatSDK.framework/ChatStrings/en-GB.lproj/Localizable.strings
copying file ./Payload/MyFiji.app/Frameworks/ChatSDK.framework/ChatStrings/es.lproj/Localizable.strings ... 
4482 bytes for ./Payload/MyFiji.app/Frameworks/ChatSDK.framework/ChatStrings/es.lproj/Localizable.strings
copying file ./Payload/MyFiji.app/Frameworks/ChatSDK.framework/ChatStrings/da.lproj/Localizable.strings ... 
4198 bytes for ./Payload/MyFiji.app/Frameworks/ChatSDK.framework/ChatStrings/da.lproj/Localizable.strings
copying file ./Payload/MyFiji.app/Frameworks/ChatSDK.framework/ChatStrings/it.lproj/Localizable.strings ... 
4326 bytes for ./Payload/MyFiji.app/Frameworks/ChatSDK.framework/ChatStrings/it.lproj/Localizable.strings
copying file ./Payload/MyFiji.app/Frameworks/ChatSDK.framework/ChatStrings/bg.lproj/Localizable.strings ... 
5375 bytes for ./Payload/MyFiji.app/Frameworks/ChatSDK.framework/ChatStrings/bg.lproj/Localizable.strings
copying file ./Payload/MyFiji.app/Frameworks/ChatSDK.framework/ChatStrings/fr-CA.lproj/Localizable.strings ... 
4656 bytes for ./Payload/MyFiji.app/Frameworks/ChatSDK.framework/ChatStrings/fr-CA.lproj/Localizable.strings
copying file ./Payload/MyFiji.app/Frameworks/ChatSDK.framework/ChatStrings/ms.lproj/Localizable.strings ... 
4370 bytes for ./Payload/MyFiji.app/Frameworks/ChatSDK.framework/ChatStrings/ms.lproj/Localizable.strings
copying file ./Payload/MyFiji.app/Frameworks/ChatSDK.framework/ChatStrings/sv.lproj/Localizable.strings ... 
4168 bytes for ./Payload/MyFiji.app/Frameworks/ChatSDK.framework/ChatStrings/sv.lproj/Localizable.strings
copying file ./Payload/MyFiji.app/Frameworks/ChatSDK.framework/ChatStrings/cs.lproj/Localizable.strings ... 
4283 bytes for ./Payload/MyFiji.app/Frameworks/ChatSDK.framework/ChatStrings/cs.lproj/Localizable.strings
copying file ./Payload/MyFiji.app/Frameworks/ChatSDK.framework/ChatStrings/ko.lproj/Localizable.strings ... 
4668 bytes for ./Payload/MyFiji.app/Frameworks/ChatSDK.framework/ChatStrings/ko.lproj/Localizable.strings
copying file ./Payload/MyFiji.app/Frameworks/ChatS
2022-07-04 10:34:10 +0000  DK.framework/ChatStrings/fil.lproj/Localizable.strings ... 
4301 bytes for ./Payload/MyFiji.app/Frameworks/ChatSDK.framework/ChatStrings/fil.lproj/Localizable.strings
copying file ./Payload/MyFiji.app/Frameworks/ChatSDK.framework/ChatStrings/zh-Hant.lproj/Localizable.strings ... 
4102 bytes for ./Payload/MyFiji.app/Frameworks/ChatSDK.framework/ChatStrings/zh-Hant.lproj/Localizable.strings
copying file ./Payload/MyFiji.app/Frameworks/ChatSDK.framework/ChatStrings/hu.lproj/Localizable.strings ... 
4417 bytes for ./Payload/MyFiji.app/Frameworks/ChatSDK.framework/ChatStrings/hu.lproj/Localizable.strings
copying file ./Payload/MyFiji.app/Frameworks/ChatSDK.framework/ChatStrings/tr.lproj/Localizable.strings ... 
4367 bytes for ./Payload/MyFiji.app/Frameworks/ChatSDK.framework/ChatStrings/tr.lproj/Localizable.strings
copying file ./Payload/MyFiji.app/Frameworks/ChatSDK.framework/ChatStrings/pl.lproj/Localizable.strings ... 
4308 bytes for ./Payload/MyFiji.app/Frameworks/ChatSDK.framework/ChatStrings/pl.lproj/Localizable.strings
copying file ./Payload/MyFiji.app/Frameworks/ChatSDK.framework/ChatStrings/pt-BR.lproj/Localizable.strings ... 
4251 bytes for ./Payload/MyFiji.app/Frameworks/ChatSDK.framework/ChatStrings/pt-BR.lproj/Localizable.strings
copying file ./Payload/MyFiji.app/Frameworks/ChatSDK.framework/ChatStrings/vi.lproj/Localizable.strings ... 
4953 bytes for ./Payload/MyFiji.app/Frameworks/ChatSDK.framework/ChatStrings/vi.lproj/Localizable.strings
copying file ./Payload/MyFiji.app/Frameworks/ChatSDK.framework/ChatStrings/ru.lproj/Localizable.strings ... 
5432 bytes for ./Payload/MyFiji.app/Frameworks/ChatSDK.framework/ChatStrings/ru.lproj/Localizable.strings
copying file ./Payload/MyFiji.app/Frameworks/ChatSDK.framework/ChatStrings/fr.lproj/Localizable.strings ... 
4558 bytes for ./Payload/MyFiji.app/Frameworks/ChatSDK.framework/ChatStrings/fr.lproj/Localizable.strings
copying file ./Payload/MyFiji.app/Frameworks/ChatSDK.framework/ChatStrings/fi.lproj/Localizable.strings ... 
4431 bytes for ./Payload/MyFiji.app/Frameworks/ChatSDK.framework/ChatStrings/fi.lproj/Localizable.strings
copying file ./Payload/MyFiji.app/Frameworks/ChatSDK.framework/ChatStrings/id.lproj/Localizable.strings ... 
4370 bytes for ./Payload/MyFiji.app/Frameworks/ChatSDK.framework/ChatStrings/id.lproj/Localizable.strings
copying file ./Payload/MyFiji.app/Frameworks/ChatSDK.framework/ChatStrings/nl.lproj/Localizable.strings ... 
4257 bytes for ./Payload/MyFiji.app/Frameworks/ChatSDK.framework/ChatStrings/nl.lproj/Localizable.strings
copying file ./Payload/MyFiji.app/Frameworks/ChatSDK.framework/ChatStrings/th.lproj/Localizable.strings ... 
6604 bytes for ./Payload/MyFiji.app/Frameworks/ChatSDK.framework/ChatStrings/th.lproj/Localizable.strings
copying file ./Payload/MyFiji.app/Frameworks/ChatSDK.framework/ChatStrings/pt.lproj/Localizable.strings ... 
4251 bytes for ./Payload/MyFiji.app/Frameworks/ChatSDK.framework/ChatStrings/pt.lproj/Localizable.strings
copying file ./Payload/MyFiji.app/Frameworks/ChatSDK.framework/ChatStrings/ro.lproj/Localizable.strings ... 
4619 bytes for ./Payload/MyFiji.app/Frameworks/ChatSDK.framework/ChatStrings/ro.lproj/Localizable.strings
copying file ./Payload/MyFiji.app/Frameworks/ChatSDK.framework/ChatStrings/Info.plist ... 
784 bytes for ./Payload/MyFiji.app/Frameworks/ChatSDK.framework/ChatStrings/Info.plist
copying file ./Payload/MyFiji.app/Frameworks/ChatSDK.framework/ChatStrings/hi.lproj/Localizable.strings ... 
2022-07-04 10:34:10 +0000  6716 bytes for ./Payload/MyFiji.app/Frameworks/ChatSDK.framework/ChatStrings/hi.lproj/Localizable.strings
copying file ./Payload/MyFiji.app/Frameworks/libswiftCoreGraphics.dylib ... 
2022-07-04 10:34:10 +0000  646848 bytes for ./Payload/MyFiji.app/Frameworks/libswiftCoreGraphics.dylib
2022-07-04 10:34:10 +0000  copying file ./Payload/MyFiji.app/Frameworks/libswiftUIKit.dylib ... 
2022-07-04 10:34:10 +0000  477152 bytes for ./Payload/MyFiji.app/Frameworks/libswiftUIKit.dylib
2022-07-04 10:34:10 +0000  copying file ./Payload/MyFiji.app/Frameworks/libswiftMetal.dylib ... 
2022-07-04 10:34:10 +0000  298096 bytes for ./Payload/MyFiji.app/Frameworks/libswiftMetal.dylib
copying file ./Payload/MyFiji.app/Frameworks/libswiftCoreData.dylib ... 
2022-07-04 10:34:10 +0000  354944 bytes for ./Payload/MyFiji.app/Frameworks/libswiftCoreData.dylib
2022-07-04 10:34:10 +0000  copying file ./Payload/MyFiji.app/Frameworks/CommonUISDK.framework/_CodeSignature/CodeResources ... 
2022-07-04 10:34:10 +0000  17904 bytes for ./Payload/MyFiji.app/Frameworks/CommonUISDK.framework/_CodeSignature/CodeResources
copying file ./Payload/MyFiji.app/Frameworks/CommonUISDK.framework/CommonUISDK ... 
2022-07-04 10:34:10 +0000  1122288 bytes for ./Payload/MyFiji.app/Frameworks/CommonUISDK.framework/CommonUISDK
2022-07-04 10:34:10 +0000  copying file ./Payload/MyFiji.app/Frameworks/CommonUISDK.framework/CommonUIStrings/de.lproj/Localizable.strings ... 
1804 bytes for ./Payload/MyFiji.app/Frameworks/CommonUISDK.framework/CommonUIStrings/de.lproj/Localizable.strings
copying file ./Payload/MyFiji.app/Frameworks/CommonUISDK.framework/CommonUIStrings/he.lproj/Localizable.strings ... 
1862 bytes for ./Payload/MyFiji.app/Frameworks/CommonUISDK.framework/CommonUIStrings/he.lproj/Localizable.strings
copying file ./Payload/MyFiji.app/Frameworks/CommonUISDK.framework/CommonUIStrings/ar.lproj/Localizable.strings ... 
1939 bytes for ./Payload/MyFiji.app/Frameworks/CommonUISDK.framework/CommonUIStrings/ar.lproj/Localizable.strings
copying file ./Payload/MyFiji.app/Frameworks/CommonUISDK.framework/CommonUIStrings/el.lproj/Localizable.strings ... 
2203 bytes for ./Payload/MyFiji.app/Frameworks/CommonUISDK.framework/CommonUIStrings/el.lproj/Localizable.strings
copying file ./Payload/MyFiji.app/Frameworks/CommonUISDK.framework/CommonUIStrings/zh-Hans.lproj/Localizable.strings ... 
1714 bytes for ./Payload/MyFiji.app/Frameworks/CommonUISDK.framework/CommonUIStrings/zh-Hans.lproj/Localizable.strings
copying file ./Payload/MyFiji.app/Frameworks/CommonUISDK.framework/CommonUIStrings/ja.lproj/Localizable.strings ... 
1915 bytes for ./Payload/MyFiji.app/Frameworks/CommonUISDK.framework/CommonUIStrings/ja.lproj/Localizable.strings
copying file ./Payload/MyFiji.app/Frameworks/CommonUISDK.framework/CommonUIStrings/en.lproj/Localizable.strings ... 
1668 bytes for ./Payload/MyFiji.app/Frameworks/CommonUISDK.framework/CommonUIStrings/en.lproj/Localizable.strings
copying file ./Payload/MyFiji.app/Frameworks/CommonUISDK.framework/CommonUIStrings/nb.lproj/Localizable.strings ... 
1751 bytes for ./Payload/MyFiji.app/Frameworks/CommonUISDK.framework/CommonUIStrings/nb.lproj/Localizable.strings
copying file ./Payload/MyFiji.app/Frameworks/CommonUISDK.framework/CommonUIStrings/en-GB.lproj/Localizable.strings ... 
1669 bytes for ./Payload/MyFiji.app/Frameworks/CommonUISDK.framework/CommonUIStrings/en-GB.lproj/Localizable.strings
copying file ./Payload/MyFiji.app/Frameworks/CommonUISDK.framework/CommonUIStrings/es.lproj/Localizable.strings ... 
1812 bytes for ./Payload/MyFiji.app/Frameworks/CommonUISDK.framework/CommonUIStrings/es.lproj/Localizable.strings
copying file ./Payload/MyFiji.app/Frameworks/CommonUISDK.framework/CommonUIStrings/da.lproj/Localizable.strings ... 
1764 bytes for ./Payload/MyFiji.app/Frameworks/CommonUISDK.framework/CommonUIStrings/da.lproj/Localizable.strings
copying file ./Payload/MyFiji.app/Frameworks/CommonUISDK.framework/CommonUIStrings/it.lproj/Localizable.strings ... 
1722 bytes for ./Payload/MyFiji.app/Frameworks/CommonUISDK.framework/CommonUIStrings/it.lproj/Localizable.strings
copying file ./Payload/MyFiji.app/Frameworks/CommonUISDK.framework/CommonUIStrings/bg.lproj/Localizable.strings ... 
2207 bytes for ./Payload/MyFiji.app/Frameworks/CommonUISDK.framework/CommonUIStrings/bg.lproj/Localizable.strings
copying file ./Payload/MyFiji.app/Frameworks/CommonUISDK.framework/CommonUIStrings/fr-CA.lproj/Localizable.strings ... 
1809 bytes for ./Payload/MyFiji.app/Frameworks/CommonUISDK.framework/CommonUIStrings/fr-CA.lproj/Localizable.strings
copying file ./Payload/MyFiji.app/Frameworks/CommonUISDK.framework/CommonUIStrings/ms.lproj/Localizable.strings ... 
1745 bytes for ./Payload/MyFiji.app/Frameworks/CommonUISDK.framework/CommonUIStrings/ms.lproj/Localizable.strings
copying file ./Payload/MyFiji.app/Frameworks/CommonUISDK.framework/CommonUIStrings/sv.lproj/Localizable.strings ... 
1740 bytes for ./Payload/MyFiji.app/Frameworks/CommonUISDK.framework/CommonUIStrings/sv.lproj/Localizable.strings
copying file ./Payload/MyFiji.app/Frameworks/CommonUISDK.framework/CommonUIStrings/cs.lproj/Localizable.strings ... 
1774 bytes for ./Payload/MyFiji.app/Frameworks/CommonUISDK.framework/CommonUIStrings/cs.lproj/Localizable.strings
copying file ./Payload/MyFiji.app/Frameworks/CommonUISDK.framework/CommonUIStrings/ko.lproj/Localizable.strings ... 
1856 bytes for ./Payload/MyFij
2022-07-04 10:34:10 +0000  i.app/Frameworks/CommonUISDK.framework/CommonUIStrings/ko.lproj/Localizable.strings
copying file ./Payload/MyFiji.app/Frameworks/CommonUISDK.framework/CommonUIStrings/fil.lproj/Localizable.strings ... 
1811 bytes for ./Payload/MyFiji.app/Frameworks/CommonUISDK.framework/CommonUIStrings/fil.lproj/Localizable.strings
copying file ./Payload/MyFiji.app/Frameworks/CommonUISDK.framework/CommonUIStrings/zh-Hant.lproj/Localizable.strings ... 
1676 bytes for ./Payload/MyFiji.app/Frameworks/CommonUISDK.framework/CommonUIStrings/zh-Hant.lproj/Localizable.strings
copying file ./Payload/MyFiji.app/Frameworks/CommonUISDK.framework/CommonUIStrings/hu.lproj/Localizable.strings ... 
1768 bytes for ./Payload/MyFiji.app/Frameworks/CommonUISDK.framework/CommonUIStrings/hu.lproj/Localizable.strings
copying file ./Payload/MyFiji.app/Frameworks/CommonUISDK.framework/CommonUIStrings/tr.lproj/Localizable.strings ... 
1733 bytes for ./Payload/MyFiji.app/Frameworks/CommonUISDK.framework/CommonUIStrings/tr.lproj/Localizable.strings
copying file ./Payload/MyFiji.app/Frameworks/CommonUISDK.framework/CommonUIStrings/pl.lproj/Localizable.strings ... 
1769 bytes for ./Payload/MyFiji.app/Frameworks/CommonUISDK.framework/CommonUIStrings/pl.lproj/Localizable.strings
copying file ./Payload/MyFiji.app/Frameworks/CommonUISDK.framework/CommonUIStrings/pt-BR.lproj/Localizable.strings ... 
1740 bytes for ./Payload/MyFiji.app/Frameworks/CommonUISDK.framework/CommonUIStrings/pt-BR.lproj/Localizable.strings
copying file ./Payload/MyFiji.app/Frameworks/CommonUISDK.framework/CommonUIStrings/vi.lproj/Localizable.strings ... 
1898 bytes for ./Payload/MyFiji.app/Frameworks/CommonUISDK.framework/CommonUIStrings/vi.lproj/Localizable.strings
copying file ./Payload/MyFiji.app/Frameworks/CommonUISDK.framework/CommonUIStrings/ru.lproj/Localizable.strings ... 
2164 bytes for ./Payload/MyFiji.app/Frameworks/CommonUISDK.framework/CommonUIStrings/ru.lproj/Localizable.strings
copying file ./Payload/MyFiji.app/Frameworks/CommonUISDK.framework/CommonUIStrings/fr.lproj/Localizable.strings ... 
1802 bytes for ./Payload/MyFiji.app/Frameworks/CommonUISDK.framework/CommonUIStrings/fr.lproj/Localizable.strings
copying file ./Payload/MyFiji.app/Frameworks/CommonUISDK.framework/CommonUIStrings/fi.lproj/Localizable.strings ... 
1783 bytes for ./Payload/MyFiji.app/Frameworks/CommonUISDK.framework/CommonUIStrings/fi.lproj/Localizable.strings
copying file ./Payload/MyFiji.app/Frameworks/CommonUISDK.framework/CommonUIStrings/id.lproj/Localizable.strings ... 
1736 bytes for ./Payload/MyFiji.app/Frameworks/CommonUISDK.framework/CommonUIStrings/id.lproj/Localizable.strings
copying file ./Payload/MyFiji.app/Frameworks/CommonUISDK.framework/CommonUIStrings/nl.lproj/Localizable.strings ... 
1779 bytes for ./Payload/MyFiji.app/Frameworks/CommonUISDK.framework/CommonUIStrings/nl.lproj/Localizable.strings
copying file ./Payload/MyFiji.app/Frameworks/CommonUISDK.framework/CommonUIStrings/th.lproj/Localizable.strings ... 
2300 bytes for ./Payload/MyFiji.app/Frameworks/CommonUISDK.framework/CommonUIStrings/th.lproj/Localizable.strings
copying file ./Payload/MyFiji.app/Frameworks/CommonUISDK.framework/CommonUIStrings/pt.lproj/Localizable.strings ... 
1740 bytes for ./Payload/MyFiji.app/Frameworks/CommonUISDK.framework/CommonUIStrings/pt.lproj/Localizable.strings
copying file ./Payload/MyFiji.app/Frameworks/CommonUISDK.framework/CommonUIStrings/ro.lproj/Localizable.strings ... 
1788 bytes for ./Payload/MyFiji.app/Frameworks/CommonUISDK.framework/CommonUIStrings/ro.lproj/Localizable.strings
copying file ./Payload/MyFiji.app/Frameworks/CommonUISDK.framework/CommonUIStrings/Info.plist ... 
763 bytes for ./Payload/MyFiji.app/Frameworks/CommonUISDK.framework/CommonUIStrings/Info.plist
copying file ./Payload/MyFiji.app/Frameworks/CommonUISDK.framework/CommonUIStrings/hi.lproj/Localizable.strings ... 
2663 bytes for ./Payload/MyFiji.app/Frameworks/CommonUISDK.framework/CommonUIStrings/hi.lproj/Localizable.strings
copying file ./Payload/MyFiji.app/Frameworks/CommonUISDK.framework/Assets.car ... 
2022-07-04 10:34:10 +0000  304095 bytes for ./Payload/MyFiji.app/Frameworks/CommonUISDK.framework/Assets.car
2022-07-04 10:34:10 +0000  copying file ./Payload/MyFiji.app/Frameworks/CommonUISDK.framework/Info.plist ... 
2022-07-04 10:34:10 +0000  711 bytes for ./Payload/MyFiji.app/Frameworks/CommonUISDK.framework/Info.plist
copying file ./Payload/MyFiji.app/Frameworks/libswiftDispatch.dylib ... 
2022-07-04 10:34:10 +0000  1018912 bytes for ./Payload/MyFiji.app/Frameworks/libswiftDispatch.dylib
2022-07-04 10:34:10 +0000  copying file ./Payload/MyFiji.app/Frameworks/libswiftos.dylib ... 
2022-07-04 10:34:10 +0000  299424 bytes for ./Payload/MyFiji.app/Frameworks/libswiftos.dylib
2022-07-04 10:34:10 +0000  copying file ./Payload/MyFiji.app/Frameworks/SDKConfigurations.framework/_CodeSignature/CodeResources ... 
2022-07-04 10:34:10 +0000  1798 bytes for ./Payload/MyFiji.app/Frameworks/SDKConfigurations.framework/_CodeSignature/CodeResources
2022-07-04 10:34:10 +0000  copying file ./Payload/MyFiji.app/Frameworks/SDKConfigurations.framework/SDKConfigurations ... 
2022-07-04 10:34:10 +0000  121984 bytes for ./Payload/MyFiji.app/Frameworks/SDKConfigurations.framework/SDKConfigurations
2022-07-04 10:34:10 +0000  copying file ./Payload/MyFiji.app/Frameworks/SDKConfigurations.framework/Info.plist ... 
2022-07-04 10:34:10 +0000  725 bytes for ./Payload/MyFiji.app/Frameworks/SDKConfigurations.framework/Info.plist
copying file ./Payload/MyFiji.app/Frameworks/libswiftCoreFoundation.dylib ... 
2022-07-04 10:34:10 +0000  253792 bytes for ./Payload/MyFiji.app/Frameworks/libswiftCoreFoundation.dylib
2022-07-04 10:34:10 +0000  copying file ./Payload/MyFiji.app/Frameworks/RegulaCommon.framework/_CodeSignature/CodeResources ... 
2022-07-04 10:34:10 +0000  1798 bytes for ./Payload/MyFiji.app/Frameworks/RegulaCommon.framework/_CodeSignature/CodeResources
2022-07-04 10:34:10 +0000  copying file ./Payload/MyFiji.app/Frameworks/RegulaCommon.framework/RegulaCommon ... 
2022-07-04 10:34:10 +0000  273200 bytes for ./Payload/MyFiji.app/Frameworks/RegulaCommon.framework/RegulaCommon
2022-07-04 10:34:10 +0000  copying file ./Payload/MyFiji.app/Frameworks/RegulaCommon.framework/Info.plist ... 
1382 bytes for ./Payload/MyFiji.app/Frameworks/RegulaCommon.framework/Info.plist
copying file ./Payload/MyFiji.app/Frameworks/libswiftDarwin.dylib ... 
2022-07-04 10:34:10 +0000  369728 bytes for ./Payload/MyFiji.app/Frameworks/libswiftDarwin.dylib
2022-07-04 10:34:10 +0000  copying file ./Payload/MyFiji.app/Frameworks/libswiftContacts.dylib ... 
2022-07-04 10:34:10 +0000  300272 bytes for ./Payload/MyFiji.app/Frameworks/libswiftContacts.dylib
2022-07-04 10:34:10 +0000  copying file ./Payload/MyFiji.app/Frameworks/FaceSDK.framework/_CodeSignature/CodeResources ... 
2022-07-04 10:34:10 +0000  17651 bytes for ./Payload/MyFiji.app/Frameworks/FaceSDK.framework/_CodeSignature/CodeResources
2022-07-04 10:34:10 +0000  copying file ./Payload/MyFiji.app/Frameworks/FaceSDK.framework/FaceSDK ... 
2022-07-04 10:34:10 +0000  511104 bytes for ./Payload/MyFiji.app/Frameworks/FaceSDK.framework/FaceSDK
2022-07-04 10:34:10 +0000  copying file ./Payload/MyFiji.app/Frameworks/FaceSDK.framework/FaceSDK.bundle/de.lproj/FaceSDK.strings ... 
2022-07-04 10:34:10 +0000  1820 bytes for ./Payload/MyFiji.app/Frameworks/FaceSDK.framework/FaceSDK.bundle/de.lproj/FaceSDK.strings
2022-07-04 10:34:10 +0000  copying file ./Payload/MyFiji.app/Frameworks/FaceSDK.framework/FaceSDK.bundle/he.lproj/FaceSDK.strings ... 
2022-07-04 10:34:10 +0000  1548 bytes for ./Payload/MyFiji.app/Frameworks/FaceSDK.framework/FaceSDK.bundle/he.lproj/FaceSDK.strings
2022-07-04 10:34:10 +0000  copying file ./Payload/MyFiji.app/Frameworks/FaceSDK.framework/FaceSDK.bundle/ar.lproj/FaceSDK.strings ... 
2022-07-04 10:34:10 +0000  1682 bytes for ./Payload/MyFiji.app/Frameworks/FaceSDK.framework/FaceSDK.bundle/ar.lproj/FaceSDK.strings
2022-07-04 10:34:10 +0000  copying file ./Payload/MyFiji.app/Frameworks/FaceSDK.framework/FaceSDK.bundle/el.lproj/FaceSDK.strings ... 
2022-07-04 10:34:10 +0000  1782 bytes for ./Payload/MyFiji.app/Frameworks/FaceSDK.framework/FaceSDK.bundle/el.lproj/FaceSDK.strings
copying file ./Payload/MyFiji.app/Frameworks/FaceSDK.framework/FaceSDK.bundle/zh-Hans.lproj/FaceSDK.strings ... 
2022-07-04 10:34:10 +0000  1198 bytes for ./Payload/MyFiji.app/Frameworks/FaceSDK.framework/FaceSDK.bundle/zh-Hans.lproj/FaceSDK.strings
2022-07-04 10:34:10 +0000  copying file ./Payload/MyFiji.app/Frameworks/FaceSDK.framework/FaceSDK.bundle/ja.lproj/FaceSDK.strings ... 
2022-07-04 10:34:10 +0000  1418 bytes for ./Payload/MyFiji.app/Frameworks/FaceSDK.framework/FaceSDK.bundle/ja.lproj/FaceSDK.strings
2022-07-04 10:34:10 +0000  copying file ./Payload/MyFiji.app/Frameworks/FaceSDK.framework/FaceSDK.bundle/torch-off.png ... 
2022-07-04 10:34:10 +0000  1435 bytes for ./Payload/MyFiji.app/Frameworks/FaceSDK.framework/FaceSDK.bundle/torch-off.png
2022-07-04 10:34:10 +0000  copying file ./Payload/MyFiji.app/Frameworks/FaceSDK.framework/FaceSDK.bundle/en.lproj/FaceSDK.strings ... 
2022-07-04 10:34:10 +0000  1664 bytes for ./Payload/MyFiji.app/Frameworks/FaceSDK.framework/FaceSDK.bundle/en.lproj/FaceSDK.strings
2022-07-04 10:34:10 +0000  copying file ./Payload/MyFiji.app/Frameworks/FaceSDK.framework/FaceSDK.bundle/es.lproj/FaceSDK.strings ... 
2022-07-04 10:34:10 +0000  1748 bytes for ./Payload/MyFiji.app/Frameworks/FaceSDK.framework/FaceSDK.bundle/es.lproj/FaceSDK.strings
2022-07-04 10:34:10 +0000  copying file ./Payload/MyFiji.app/Frameworks/FaceSDK.framework/FaceSDK.bundle/it.lproj/FaceSDK.strings ... 
2022-07-04 10:34:10 +0000  1794 bytes for ./Payload/MyFiji.app/Frameworks/FaceSDK.framework/FaceSDK.bundle/it.lproj/FaceSDK.strings
2022-07-04 10:34:10 +0000  copying file ./Payload/MyFiji.app/Frameworks/FaceSDK.framework/FaceSDK.bundle/ms.lproj/FaceSDK.strings ... 
2022-07-04 10:34:10 +0000  1704 bytes for ./Payload/MyFiji.app/Frameworks/FaceSDK.framework/FaceSDK.bundle/ms.lproj/FaceSDK.strings
2022-07-04 10:34:10 +0000  copying file ./Payload/MyFiji.app/Frameworks/FaceSDK.framework/FaceSDK.bundle/torch-on@2x.png ... 
2022-07-04 10:34:10 +0000  2416 bytes for ./Payload/MyFiji.app/Frameworks/FaceSDK.framework/FaceSDK.bundle/torch-on@2x.png
2022-07-04 10:34:10 +0000  copying file ./Payload/MyFiji.app/Frameworks/FaceSDK.framework/FaceSDK.bundle/torch-on@3x.png ... 
2022-07-04 10:34:10 +0000  3222 bytes for ./Payload/MyFiji.app/Frameworks/FaceSDK.framework/FaceSDK.bundle/torch-on@3x.png
2022-07-04 10:34:10 +0000  copying file ./Payload/MyFiji.app/Frameworks/FaceSDK.framework/FaceSDK.bundle/sv.lproj/FaceSDK.strings ... 
2022-07-04 10:34:10 +0000  1708 bytes for ./Payload/MyFiji.app/Frameworks/FaceSDK.framework/FaceSDK.bundle/sv.lproj/FaceSDK.strings
2022-07-04 10:34:10 +0000  copying file ./Payload/MyFiji.app/Frameworks/FaceSDK.framework/FaceSDK.bundle/cs.lproj/FaceSDK.strings ... 
2022-07-04 10:34:10 +0000  1748 bytes for ./Payload/MyFiji.app/Frameworks/FaceSDK.framework/FaceSDK.bundle/cs.lproj/FaceSDK.strings
2022-07-04 10:34:10 +0000  copying file ./Payload/MyFiji.app/Frameworks/FaceSDK.framework/FaceSDK.bundle/ko.lproj/FaceSDK.strings ... 
2022-07-04 10:34:10 +0000  1368 bytes for ./Payload/MyFiji.app/Frameworks/FaceSDK.framework/FaceSDK.bundle/ko.lproj/FaceSDK.strings
2022-07-04 10:34:10 +0000  copying file ./Payload/MyFiji.app/Frameworks/FaceSDK.framework/FaceSDK.bundle/zh-Hant.lproj/FaceSDK.strings ... 
2022-07-04 10:34:10 +0000  1198 bytes for ./Payload/MyFiji.app/Frameworks/FaceSDK.framework/FaceSDK.bundle/zh-Hant.lproj/FaceSDK.strings
2022-07-04 10:34:10 +0000  copying file ./Payload/MyFiji.app/Frameworks/FaceSDK.framework/FaceSDK.bundle/bn-BD.lproj/FaceSDK.strings ... 
2022-07-04 10:34:10 +0000  1732 bytes for ./Payload/MyFiji.app/Frameworks/FaceSDK.framework/FaceSDK.bundle/bn-BD.lproj/FaceSDK.strings
2022-07-04 10:34:10 +0000  copying file ./Payload/MyFiji.app/Frameworks/FaceSDK.framework/FaceSDK.bundle/camera-swap@3x.png ... 
2022-07-04 10:34:10 +0000  5487 bytes for ./Payload/MyFiji.app/Frameworks/FaceSDK.framework/FaceSDK.bundle/camera-swap@3x.png
2022-07-04 10:34:10 +0000  copying file ./Payload/MyFiji.app/Frameworks/FaceSDK.framework/FaceSDK.bundle/bn-IN.lproj/FaceSDK.strings ... 
2022-07-04 10:34:10 +0000  1732 bytes for ./Payload/MyFiji.app/Frameworks/FaceSDK.framework/FaceSDK.bundle/bn-IN.lproj/FaceSDK.strings
2022-07-04 10:34:10 +0000  copying file ./Payload/MyFiji.app/Frameworks/FaceSDK.framework/FaceSDK.bundle/tr.lproj/FaceSDK.strings ... 
2022-07-04 10:34:10 +0000  1712 bytes for ./Payload/MyFiji.app/Frameworks/FaceSDK.framework/FaceSDK.bundle/tr.lproj/FaceSDK.strings
2022-07-04 10:34:10 +0000  copying file ./Payload/MyFiji.app/Frameworks/FaceSDK.framework/FaceSDK.bundle/pl.lproj/FaceSDK.strings ... 
2022-07-04 10:34:10 +0000  1742 bytes for ./Payload/MyFiji.app/Frameworks/FaceSDK.framework/FaceSDK.bundle/pl.lproj/FaceSDK.strings
2022-07-04 10:34:10 +0000  copying file ./Payload/MyFiji.app/Frameworks/FaceSDK.framework/FaceSDK.bundle/torch-on.png ... 
2022-07-04 10:34:10 +0000  1346 bytes for ./Payload/MyFiji.app/Frameworks/FaceSDK.framework/FaceSDK.bundle/torch-on.png
copying file ./Payload/MyFiji.app/Frameworks/FaceSDK.framework/FaceSDK.bundle/vi.lproj/FaceSDK.strings ... 
2022-07-04 10:34:10 +0000  1690 bytes for ./Payload/MyFiji.app/Frameworks/FaceSDK.framework/FaceSDK.bundle/vi.lproj/FaceSDK.strings
2022-07-04 10:34:10 +0000  copying file ./Payload/MyFiji.app/Frameworks/FaceSDK.framework/FaceSDK.bundle/camera-swap@2x.png ... 
2022-07-04 10:34:10 +0000  5487 bytes for ./Payload/MyFiji.app/Frameworks/FaceSDK.framework/FaceSDK.bundle/camera-swap@2x.png
2022-07-04 10:34:10 +0000  copying file ./Payload/MyFiji.app/Frameworks/FaceSDK.framework/FaceSDK.bundle/ru.lproj/FaceSDK.strings ... 
2022-07-04 10:34:10 +0000  1790 bytes for ./Payload/MyFiji.app/Frameworks/FaceSDK.framework/FaceSDK.bundle/ru.lproj/FaceSDK.strings
2022-07-04 10:34:10 +0000  copying file ./Payload/MyFiji.app/Frameworks/FaceSDK.framework/FaceSDK.bundle/fr.lproj/FaceSDK.strings ... 
1702 bytes for ./Payload/MyFiji.app/Frameworks/FaceSDK.framework/FaceSDK.bundle/fr.lproj/FaceSDK.strings
copying file ./Payload/MyFiji.app/Frameworks/FaceSDK.framework/FaceSDK.bundle/fi.lproj/FaceSDK.strings ... 
2022-07-04 10:34:10 +0000  1692 bytes for ./Payload/MyFiji.app/Frameworks/FaceSDK.framework/FaceSDK.bundle/fi.lproj/FaceSDK.strings
copying file ./Payload/MyFiji.app/Frameworks/FaceSDK.framework/FaceSDK.bundle/torch-off@3x.png ... 
2022-07-04 10:34:10 +0000  3858 bytes for ./Payload/MyFiji.app/Frameworks/FaceSDK.framework/FaceSDK.bundle/torch-off@3x.png
2022-07-04 10:34:10 +0000  copying file ./Payload/MyFiji.app/Frameworks/FaceSDK.framework/FaceSDK.bundle/nl.lproj/FaceSDK.strings ... 
2022-07-04 10:34:10 +0000  1772 bytes for ./Payload/MyFiji.app/Frameworks/FaceSDK.framework/FaceSDK.bundle/nl.lproj/FaceSDK.strings
2022-07-04 10:34:10 +0000  copying file ./Payload/MyFiji.app/Frameworks/FaceSDK.framework/FaceSDK.bundle/th.lproj/FaceSDK.strings ... 
2022-07-04 10:34:10 +0000  1660 bytes for ./Payload/MyFiji.app/Frameworks/FaceSDK.framework/FaceSDK.bundle/th.lproj/FaceSDK.strings
2022-07-04 10:34:10 +0000  copying file ./Payload/MyFiji.app/Frameworks/FaceSDK.framework/FaceSDK.bundle/pt.lproj/FaceSDK.strings ... 
2022-07-04 10:34:10 +0000  1728 bytes for ./Payload/MyFiji.app/Frameworks/FaceSDK.framework/FaceSDK.bundle/pt.lproj/FaceSDK.strings
2022-07-04 10:34:10 +0000  copying file ./Payload/MyFiji.app/Frameworks/FaceSDK.framework/FaceSDK.bundle/bn.lproj/FaceSDK.strings ... 
2022-07-04 10:34:10 +0000  1732 bytes for ./Payload/MyFiji.app/Frameworks/FaceSDK.framework/FaceSDK.bundle/bn.lproj/FaceSDK.strings
copying file ./Payload/MyFiji.app/Frameworks/FaceSDK.framework/FaceSDK.bundle/close@3x.png ... 
1802 bytes for ./Payload/MyFiji.app/Frameworks/FaceSDK.framework/FaceSDK.bundle/close@3x.png
copying file ./Payload/MyFiji.app/Frameworks/FaceSDK.framework/FaceSDK.bundle/close@2x.png ... 
1350 bytes for ./Payload/MyFiji.app/Frameworks/FaceSDK.framework/FaceSDK.bundle/close@2x.png
copying file ./Payload/MyFiji.app/Frameworks/FaceSDK.framework/FaceSDK.bundle/camera-swap.png ... 
5487 bytes for ./Payload/MyFiji.app/Frameworks/FaceSDK.framework/FaceSDK.bundle/camera-swap.png
copying file ./Payload/MyFiji.app/Frameworks/FaceSDK.framework/FaceSDK.bundle/torch-off@2x.png ... 
2686 bytes for ./Payload/MyFiji.app/Frameworks/FaceSDK.framework/FaceSDK.bundle/torch-off@2x.png
2022-07-04 10:34:10 +0000  copying file ./Payload/MyFiji.app/Frameworks/FaceSDK.framework/FaceSDK.bundle/hi.lproj/FaceSDK.strings ... 
2022-07-04 10:34:10 +0000  1676 bytes for ./Payload/MyFiji.app/Frameworks/FaceSDK.framework/FaceSDK.bundle/hi.lproj/FaceSDK.strings
copying file ./Payload/MyFiji.app/Frameworks/FaceSDK.framework/FaceSDK.bundle/close.png ... 
2022-07-04 10:34:10 +0000  799 bytes for ./Payload/MyFiji.app/Frameworks/FaceSDK.framework/FaceSDK.bundle/close.png
2022-07-04 10:34:10 +0000  copying file ./Payload/MyFiji.app/Frameworks/FaceSDK.framework/Info.plist ... 
2022-07-04 10:34:10 +0000  1367 bytes for ./Payload/MyFiji.app/Frameworks/FaceSDK.framework/Info.plist
copying file ./Payload/MyFiji.app/Frameworks/libswiftQuartzCore.dylib ... 
2022-07-04 10:34:10 +0000  256864 bytes for ./Payload/MyFiji.app/Frameworks/libswiftQuartzCore.dylib
2022-07-04 10:34:10 +0000  copying file ./Payload/MyFiji.app/Frameworks/libswiftCoreAudio.dylib ... 
2022-07-04 10:34:10 +0000  311312 bytes for ./Payload/MyFiji.app/Frameworks/libswiftCoreAudio.dylib
2022-07-04 10:34:10 +0000  copying file ./Payload/MyFiji.app/Frameworks/MessagingAPI.framework/_CodeSignature/CodeResources ... 
2022-07-04 10:34:10 +0000  1798 bytes for ./Payload/MyFiji.app/Frameworks/MessagingAPI.framework/_CodeSignature/CodeResources
2022-07-04 10:34:10 +0000  copying file ./Payload/MyFiji.app/Frameworks/MessagingAPI.framework/MessagingAPI ... 
2022-07-04 10:34:10 +0000  245712 bytes for ./Payload/MyFiji.app/Frameworks/MessagingAPI.framework/MessagingAPI
2022-07-04 10:34:10 +0000  copying file ./Payload/MyFiji.app/Frameworks/MessagingAPI.framework/Info.plist ... 
2022-07-04 10:34:10 +0000  713 bytes for ./Payload/MyFiji.app/Frameworks/MessagingAPI.framework/Info.plist
copying file ./Payload/MyFiji.app/Frameworks/libswiftAVFoundation.dylib ... 
2022-07-04 10:34:10 +0000  503456 bytes for ./Payload/MyFiji.app/Frameworks/libswiftAVFoundation.dylib
2022-07-04 10:34:10 +0000  copying file ./Payload/MyFiji.app/Frameworks/MessagingSDK.framework/_CodeSignature/CodeResources ... 
2022-07-04 10:34:10 +0000  18184 bytes for ./Payload/MyFiji.app/Frameworks/MessagingSDK.framework/_CodeSignature/CodeResources
2022-07-04 10:34:10 +0000  copying file ./Payload/MyFiji.app/Frameworks/MessagingSDK.framework/MessagingSDK ... 
2022-07-04 10:34:10 +0000  261696 bytes for ./Payload/MyFiji.app/Frameworks/MessagingSDK.framework/MessagingSDK
2022-07-04 10:34:10 +0000  copying file ./Payload/MyFiji.app/Frameworks/MessagingSDK.framework/Assets.car ... 
2022-07-04 10:34:10 +0000  46495 bytes for ./Payload/MyFiji.app/Frameworks/MessagingSDK.framework/Assets.car
2022-07-04 10:34:10 +0000  copying file ./Payload/MyFiji.app/Frameworks/MessagingSDK.framework/Info.plist ... 
2022-07-04 10:34:10 +0000  713 bytes for ./Payload/MyFiji.app/Frameworks/MessagingSDK.framework/Info.plist
2022-07-04 10:34:10 +0000  copying file ./Payload/MyFiji.app/Frameworks/MessagingSDK.framework/MessagingSDKStrings/de.lproj/Localizable.strings ... 
2022-07-04 10:34:10 +0000  359 bytes for ./Payload/MyFiji.app/Frameworks/MessagingSDK.framework/MessagingSDKStrings/de.lproj/Localizable.strings
2022-07-04 10:34:10 +0000  copying file ./Payload/MyFiji.app/Frameworks/MessagingSDK.framework/MessagingSDKStrings/he.lproj/Localizable.strings ... 
2022-07-04 10:34:10 +0000  389 bytes for ./Payload/MyFiji.app/Frameworks/MessagingSDK.framework/MessagingSDKStrings/he.lproj/Localizable.strings
2022-07-04 10:34:10 +0000  copying file ./Payload/MyFiji.app/Frameworks/MessagingSDK.framework/MessagingSDKStrings/ar.lproj/Localizable.strings ... 
2022-07-04 10:34:10 +0000  362 bytes for ./Payload/MyFiji.app/Frameworks/MessagingSDK.framework/MessagingSDKStrings/ar.lproj/Localizable.strings
2022-07-04 10:34:10 +0000  copying file ./Payload/MyFiji.app/Frameworks/MessagingSDK.framework/MessagingSDKStrings/el.lproj/Localizable.strings ... 
2022-07-04 10:34:10 +0000  429 bytes for ./Payload/MyFiji.app/Frameworks/MessagingSDK.framework/MessagingSDKStrings/el.lproj/Localizable.strings
2022-07-04 10:34:10 +0000  copying file ./Payload/MyFiji.app/Frameworks/MessagingSDK.framework/MessagingSDKStrings/zh-Hans.lproj/Localizable.strings ... 
2022-07-04 10:34:10 +0000  335 bytes for ./Payload/MyFiji.app/Frameworks/MessagingSDK.framework/MessagingSDKStrings/zh-Hans.lproj/Localizable.strings
copying file ./Payload/MyFiji.app/Frameworks/MessagingSDK.framework/MessagingSDKStrings/ja.lproj/Localizable.strings ... 
2022-07-04 10:34:10 +0000  395 bytes for ./Payload/MyFiji.app/Frameworks/MessagingSDK.framework/MessagingSDKStrings/ja.lproj/Localizable.strings
2022-07-04 10:34:10 +0000  copying file ./Payload/MyFiji.app/Frameworks/MessagingSDK.framework/MessagingSDKStrings/en.lproj/Localizable.strings ... 
2022-07-04 10:34:10 +0000  325 bytes for ./Payload/MyFiji.app/Frameworks/MessagingSDK.framework/MessagingSDKStrings/en.lproj/Localizable.strings
2022-07-04 10:34:10 +0000  copying file ./Payload/MyFiji.app/Frameworks/MessagingSDK.framework/MessagingSDKStrings/nb.lproj/Localizable.strings ... 
2022-07-04 10:34:10 +0000  334 bytes for ./Payload/MyFiji.app/Frameworks/MessagingSDK.framework/MessagingSDKStrings/nb.lproj/Localizable.strings
copying file ./Payload/MyFiji.app/Frameworks/MessagingSDK.framework/MessagingSDKStrings/en-GB.lproj/Localizable.strings ... 
2022-07-04 10:34:10 +0000  325 bytes for ./Payload/MyFiji.app/Frameworks/MessagingSDK.framework/MessagingSDKStrings/en-GB.lproj/Localizable.strings
2022-07-04 10:34:10 +0000  copying file ./Payload/MyFiji.app/Frameworks/MessagingSDK.framework/MessagingSDKStrings/es.lproj/Localizable.strings ... 
2022-07-04 10:34:10 +0000  346 bytes for ./Payload/MyFiji.app/Frameworks/MessagingSDK.framework/MessagingSDKStrings/es.lproj/Localizable.strings
2022-07-04 10:34:10 +0000  copying file ./Payload/MyFiji.app/Frameworks/MessagingSDK.framework/MessagingSDKStrings/da.lproj/Localizable.strings ... 
2022-07-04 10:34:10 +0000  328 bytes for ./Payload/MyFiji.app/Frameworks/MessagingSDK.framework/MessagingSDKStrings/da.lproj/Localizable.strings
2022-07-04 10:34:10 +0000  copying file ./Payload/MyFiji.app/Frameworks/MessagingSDK.framework/MessagingSDKStrings/it.lproj/Localizable.strings ... 
354 bytes for ./Payload/MyFiji.app/Frameworks/MessagingSDK.framework/MessagingSDKStrings/it.lproj/Localizable.strings
copying file ./Payload/MyFiji.app/Frameworks/MessagingSDK.framework/MessagingSDKStrings/bg.lproj/Localizable.strings ... 
394 bytes for ./Payload/MyFiji.app/Frameworks/MessagingSDK.framework/MessagingSDKStrings/bg.lproj/Localizable.strings
copying file ./Payload/MyFiji.app/Frameworks/MessagingSDK.framework/MessagingSDKStrings/fr-CA.lproj/Localizable.strings ... 
357 bytes for ./Payload/MyFiji.app/Frameworks/MessagingSDK.framework/MessagingSDKStrings/fr-CA.lproj/Localizable.strings
copying file ./Payload/MyFiji.app/Frameworks/MessagingSDK.framework/MessagingSDKStrings/ms.lproj/Localizable.strings ... 
338 bytes for ./Payload/MyFiji.app/Frameworks/MessagingSDK.framework/MessagingSDKStrings/ms.lproj/Localizable.strings
copying file ./Payload/MyFiji.app/Frameworks/MessagingSDK.framework/MessagingSDKStrings/sv.lproj/Localizable.strings ... 
345 bytes for ./Payload/MyFiji.app/Frameworks/MessagingSDK.framework/MessagingSDKStrings/sv.lproj/Localizable.strings
copying file ./Payload/MyFiji.app/Frameworks/MessagingSDK.framework/MessagingSDKStrings/cs.lproj/Localizable.strings ... 
349 bytes for ./Payload/MyFiji.app/Frameworks/MessagingSDK.framework/MessagingSDKStrings/cs.lproj/Localizable.strings
copying file ./Payload/MyFiji.app/Frameworks/MessagingSDK.framework/MessagingSDKStrings/ko.lproj/Localizable.strings ... 
382 bytes for ./Payload/MyFiji.app/Frameworks/MessagingSDK.framework/MessagingSDKStrings/ko.lproj/Localizable.strings
copying file ./Payload/MyFiji.app/Frameworks/MessagingSDK.framework/MessagingSDKStrings/fil.lproj/Localizable.strings ... 
351 bytes for ./Payload/MyFiji.app/Frameworks/MessagingSDK.framework/MessagingSDKStrings/fil.lproj/Localizable.strings
copying file ./Payload/MyFiji.app/Frameworks/MessagingSDK.framework/MessagingSDKStrings/zh-Hant.lproj/Localizable.strings ... 
331 bytes for ./Payload/MyFiji.app/Frameworks/MessagingSDK.framework/MessagingSDKStrings/zh-Hant.lproj/Localizable.strings
copying file ./Payload/MyFiji.app/Frameworks/MessagingSDK.framework/MessagingSDKStrings/hu.lproj/Localizable.strings ... 
375 bytes for ./Payload/MyFiji.app/Frameworks/MessagingSDK.framework/MessagingSDKStrings/hu.lproj/Localizable.strings
copying file ./Payload/MyFiji.app/Frameworks/MessagingSDK.framework/MessagingSDKStrings/tr.lproj/Localizable.strings ... 
341 bytes for ./Payload/MyFiji.app/Frameworks/MessagingSDK.framework/MessagingSDKStrings/tr.lproj/Localizable.strings
copying file ./Payload/MyFiji.app/Frameworks/MessagingSDK.framework/MessagingSDKStrings/pl.lproj/Localizable.strings ... 
359 bytes for ./Payload/MyFiji.app/Frameworks/MessagingSDK.framework/MessagingSDKStrings/pl.lproj/Localizable.strings
copying file ./Payload/MyFiji.app/Frameworks/MessagingSDK.framework/MessagingSDKStrings/pt-BR.lproj/Localizable.strings ... 
330 bytes for ./Payload/MyFiji.app/Frameworks/MessagingSDK.framework/MessagingSDKStrings/pt-BR.lproj/Localizable.strings
copying file ./Payload/MyFiji.app/Frameworks/MessagingSDK.framework/MessagingSDKStrings/vi.lproj/Localizable.strings ... 
367 bytes for ./Payload/MyFiji.app/Frameworks/MessagingSDK.framework/MessagingSDKStrings/vi.lproj/Localizable.strings
copying file ./Payload/MyFiji.app/Frameworks/MessagingSDK.framework/MessagingSDKStrings/ru.lproj/Localizable.strings ... 
445 bytes for ./Payload/MyFiji.app/Frameworks/MessagingSDK.framework/MessagingSDKStrings/ru.lproj/Localizable.strings
copying file ./Payload/MyFiji.app/Frameworks/MessagingSDK.framework/MessagingSDKStrings/fr.lproj/Localizable.strings ... 
357 bytes for ./Payload/MyFiji.app/Frameworks/MessagingSDK.framework/MessagingSDKStrings/fr.lproj/Localizable.strings
copying file ./Payload/MyFiji.app/Frameworks/MessagingSDK.framework/MessagingSDKStrings/fi.lproj/Localizable.strings ... 
350 bytes for ./Payload/MyFiji.app/Frameworks/MessagingSDK.framework/MessagingSDKStrings/fi.lproj/Localizable.
2022-07-04 10:34:10 +0000  strings
copying file ./Payload/MyFiji.app/Frameworks/MessagingSDK.framework/MessagingSDKStrings/id.lproj/Localizable.strings ... 
331 bytes for ./Payload/MyFiji.app/Frameworks/MessagingSDK.framework/MessagingSDKStrings/id.lproj/Localizable.strings
copying file ./Payload/MyFiji.app/Frameworks/MessagingSDK.framework/MessagingSDKStrings/nl.lproj/Localizable.strings ... 
2022-07-04 10:34:10 +0000  358 bytes for ./Payload/MyFiji.app/Frameworks/MessagingSDK.framework/MessagingSDKStrings/nl.lproj/Localizable.strings
copying file ./Payload/MyFiji.app/Frameworks/MessagingSDK.framework/MessagingSDKStrings/th.lproj/Localizable.strings ... 
2022-07-04 10:34:10 +0000  430 bytes for ./Payload/MyFiji.app/Frameworks/MessagingSDK.framework/MessagingSDKStrings/th.lproj/Localizable.strings
2022-07-04 10:34:10 +0000  copying file ./Payload/MyFiji.app/Frameworks/MessagingSDK.framework/MessagingSDKStrings/pt.lproj/Localizable.strings ... 
2022-07-04 10:34:10 +0000  330 bytes for ./Payload/MyFiji.app/Frameworks/MessagingSDK.framework/MessagingSDKStrings/pt.lproj/Localizable.strings
2022-07-04 10:34:10 +0000  copying file ./Payload/MyFiji.app/Frameworks/MessagingSDK.framework/MessagingSDKStrings/ro.lproj/Localizable.strings ... 
2022-07-04 10:34:10 +0000  346 bytes for ./Payload/MyFiji.app/Frameworks/MessagingSDK.framework/MessagingSDKStrings/ro.lproj/Localizable.strings
copying file ./Payload/MyFiji.app/Frameworks/MessagingSDK.framework/MessagingSDKStrings/Info.plist ... 
2022-07-04 10:34:10 +0000  784 bytes for ./Payload/MyFiji.app/Frameworks/MessagingSDK.framework/MessagingSDKStrings/Info.plist
2022-07-04 10:34:10 +0000  copying file ./Payload/MyFiji.app/Frameworks/MessagingSDK.framework/MessagingSDKStrings/hi.lproj/Localizable.strings ... 
2022-07-04 10:34:10 +0000  423 bytes for ./Payload/MyFiji.app/Frameworks/MessagingSDK.framework/MessagingSDKStrings/hi.lproj/Localizable.strings
copying file ./Payload/MyFiji.app/Frameworks/ChatProvidersSDK.framework/_CodeSignature/CodeResources ... 
2022-07-04 10:34:10 +0000  1798 bytes for ./Payload/MyFiji.app/Frameworks/ChatProvidersSDK.framework/_CodeSignature/CodeResources
2022-07-04 10:34:10 +0000  copying file ./Payload/MyFiji.app/Frameworks/ChatProvidersSDK.framework/ChatProvidersSDK ... 
2022-07-04 10:34:10 +0000  1970944 bytes for ./Payload/MyFiji.app/Frameworks/ChatProvidersSDK.framework/ChatProvidersSDK
2022-07-04 10:34:10 +0000  copying file ./Payload/MyFiji.app/Frameworks/ChatProvidersSDK.framework/Info.plist ... 
2022-07-04 10:34:10 +0000  723 bytes for ./Payload/MyFiji.app/Frameworks/ChatProvidersSDK.framework/Info.plist
copying file ./Payload/MyFiji.app/Frameworks/libswiftFoundation.dylib ... 
2022-07-04 10:34:11 +0000  8479552 bytes for ./Payload/MyFiji.app/Frameworks/libswiftFoundation.dylib
2022-07-04 10:34:11 +0000  copying file ./Payload/MyFiji.app/Frameworks/libswiftCoreMedia.dylib ... 
302656 bytes for ./Payload/MyFiji.app/Frameworks/libswiftCoreMedia.dylib
copying file ./Payload/MyFiji.app/Frameworks/libswiftCoreLocation.dylib ... 
304112 bytes for ./Payload/MyFiji.app/Frameworks/libswiftCoreLocation.dylib
copying file ./Payload/MyFiji.app/Frameworks/libswiftsimd.dylib ... 
2022-07-04 10:34:11 +0000  1013296 bytes for ./Payload/MyFiji.app/Frameworks/libswiftsimd.dylib
copying file ./Payload/MyFiji.app/embedded.mobileprovision ... 
12090 bytes for ./Payload/MyFiji.app/embedded.mobileprovision
copying file ./Payload/MyFiji.app/assets/node_modules/react-native/Libraries/NewAppScreen/components/logo.png ... 
24031 bytes for ./Payload/MyFiji.app/assets/node_modules/react-native/Libraries/NewAppScreen/components/logo.png
copying file ./Payload/MyFiji.app/assets/node_modules/@react-navigation/drawer/src/views/assets/toggle-drawer-icon@3x.png ... 
212 bytes for ./Payload/MyFiji.app/assets/node_modules/@react-navigation/drawer/src/views/assets/toggle-drawer-icon@3x.png
copying file ./Payload/MyFiji.app/assets/node_modules/@react-navigation/drawer/src/views/assets/toggle-drawer-icon@2x.png ... 
163 bytes for ./Payload/MyFiji.app/assets/node_modules/@react-navigation/drawer/src/views/assets/toggle-drawer-icon@2x.png
copying file ./Payload/MyFiji.app/assets/node_modules/@react-navigation/drawer/src/views/assets/toggle-drawer-icon.png ... 
108 bytes for ./Payload/MyFiji.app/assets/node_modules/@react-navigation/drawer/src/views/assets/toggle-drawer-icon.png
copying file ./Payload/MyFiji.app/assets/node_modules/@react-navigation/elements/src/assets/back-icon@3x.png ... 
761 bytes for ./Payload/MyFiji.app/assets/node_modules/@react-navigation/elements/src/assets/back-icon@3x.png
copying file ./Payload/MyFiji.app/assets/node_modules/@react-navigation/elements/src/assets/back-icon@2x.png ... 
405 bytes for ./Payload/MyFiji.app/assets/node_modules/@react-navigation/elements/src/assets/back-icon@2x.png
copying file ./Payload/MyFiji.app/assets/node_modules/@react-navigation/elements/src/assets/back-icon.png ... 
290 bytes for ./Payload/MyFiji.app/assets/node_modules/@react-navigation/elements/src/assets/back-icon.png
copying file ./Payload/MyFiji.app/assets/node_modules/@react-navigation/elements/src/assets/back-icon-mask.png ... 
913 bytes for ./Payload/MyFiji.app/assets/node_modules/@react-navigation/elements/src/assets/back-icon-mask.png
copying file ./Payload/MyFiji.app/assets/node_modules/react-native-dropdown-picker/src/themes/light/icons/tick.png ... 
1214 bytes for ./Payload/MyFiji.app/assets/node_modules/react-native-dropdown-picker/src/themes/light/icons/tick.png
copying file ./Payload/MyFiji.app/assets/node_modules/react-native-dropdown-picker/src/themes/light/icons/arrow-down.png ... 
2022-07-04 10:34:11 +0000  522 bytes for ./Payload/MyFiji.app/assets/node_modules/react-native-dropdown-picker/src/themes/light/icons/arrow-down.png
copying file ./Payload/MyFiji.app/assets/node_modules/react-native-dropdown-picker/src/themes/light/icons/arrow-up.png ... 
2022-07-04 10:34:11 +0000  807 bytes for ./Payload/MyFiji.app/assets/node_modules/react-native-dropdown-picker/src/themes/light/icons/arrow-up.png
copying file ./Payload/MyFiji.app/assets/node_modules/react-native-dropdown-picker/src/themes/light/icons/close.png ... 
2022-07-04 10:34:11 +0000  338 bytes for ./Payload/MyFiji.app/assets/node_modules/react-native-dropdown-picker/src/themes/light/icons/close.png
copying file ./Payload/MyFiji.app/assets/node_modules/react-native-dropdown-picker/src/themes/dark/icons/tick.png ... 
15772 bytes for ./Payload/MyFiji.app/assets/node_modules/react-native-dropdown-picker/src/themes/dark/icons/tick.png
copying file ./Payload/MyFiji.app/assets/node_modules/react-native-dropdown-picker/src/themes/dark/icons/arrow-down.png ... 
15367 bytes for ./Payload/MyFiji.app/assets/node_modules/react-native-dropdown-picker/src/themes/dark/icons/arrow-down.png
copying file ./Payload/MyFiji.app/assets/node_modules/react-native-dropdown-picker/src/themes/dark/icons/arrow-up.png ... 
2022-07-04 10:34:11 +0000  15500 bytes for ./Payload/MyFiji.app/assets/node_modules/react-native-dropdown-picker/src/themes/dark/icons/arrow-up.png
copying file ./Payload/MyFiji.app/assets/node_modules/react-native-dropdown-picker/src/themes/dark/icons/close.png ... 
15449 bytes for ./Payload/MyFiji.app/assets/node_modules/react-native-dropdown-picker/src/themes/dark/icons/close.png
2022-07-04 10:34:11 +0000  copying file ./Payload/MyFiji.app/assets/node_modules/react-native-flash-message/src/icons/fm_icon_danger@3x.png ... 
2022-07-04 10:34:11 +0000  985 bytes for ./Payload/MyFiji.app/assets/node_modules/react-native-flash-message/src/icons/fm_icon_danger@3x.png
copying file ./Payload/MyFiji.app/assets/node_modules/react-native-flash-message/src/icons/fm_icon_success@2x.png ... 
2022-07-04 10:34:11 +0000  626 bytes for ./Payload/MyFiji.app/assets/node_modules/react-native-flash-message/src/icons/fm_icon_success@2x.png
copying file ./Payload/MyFiji.app/assets/node_modules/react-native-flash-message/src/icons/fm_icon_info.png ... 
2022-07-04 10:34:11 +0000  275 bytes for ./Payload/MyFiji.app/assets/node_modules/react-native-flash-message/src/icons/fm_icon_info.png
copying file ./Payload/MyFiji.app/assets/node_modules/react-native-flash-message/src/icons/fm_icon_warning@2x.png ... 
2022-07-04 10:34:11 +0000  547 bytes for ./Payload/MyFiji.app/assets/node_modules/react-native-flash-message/src/icons/fm_icon_warning@2x.png
2022-07-04 10:34:11 +0000  copying file ./Payload/MyFiji.app/assets/node_modules/react-native-flash-message/src/icons/fm_icon_warning@3x.png ... 
2022-07-04 10:34:11 +0000  712 bytes for ./Payload/MyFiji.app/assets/node_modules/react-native-flash-message/src/icons/fm_icon_warning@3x.png
copying file ./Payload/MyFiji.app/assets/node_modules/react-native-flash-message/src/icons/fm_icon_success.png ... 
2022-07-04 10:34:11 +0000  329 bytes for ./Payload/MyFiji.app/assets/node_modules/react-native-flash-message/src/icons/fm_icon_success.png
copying file ./Payload/MyFiji.app/assets/node_modules/react-native-flash-message/src/icons/fm_icon_success@3x.png ... 
2022-07-04 10:34:11 +0000  880 bytes for ./Payload/MyFiji.app/assets/node_modules/react-native-flash-message/src/icons/fm_icon_success@3x.png
copying file ./Payload/MyFiji.app/assets/node_modules/react-native-flash-message/src/icons/fm_icon_danger@2x.png ... 
737 bytes for ./Payload/MyFiji.app/assets/node_modules/react-native-flash-message/src/icons/fm_icon_danger@2x.png
copying file ./Payload/MyFiji.app/assets/node_modules/react-native-flash-message/src/icons/fm_icon_warning.png ... 
306 bytes for ./Payload/MyFiji.app/assets/node_modules/react-native-flash-message/src/icons/fm_icon_warning.png
copying file ./Payload/MyFiji.app/assets/node_modules/react-native-flash-message/src/icons/fm_icon_danger.png ... 
382 bytes for ./Payload/MyFiji.app/assets/node_modules/react-native-flash-message/src/icons/fm_icon_danger.png
copying file ./Payload/MyFiji.app/assets/node_modules/react-native-flash-message/src/icons/fm_icon_info@3x.png ... 
568 bytes for ./Payload/MyFiji.app/assets/node_modules/react-native-flash-message/src/icons/fm_icon_info@3x.png
copying file ./Payload/MyFiji.app/assets/node_modules/react-native-flash-message/src/icons/fm_icon_info@2x.png ... 
435 bytes for ./Payload/MyFiji.app/assets/node_modules/react-native-flash-message/src/icons/fm_icon_info@2x.png
copying file ./Payload/MyFiji.app/assets/node_modules/react-native-calendars/src/calendar/img/previous@2x.png ... 
2022-07-04 10:34:11 +0000  458 bytes for ./Payload/MyFiji.app/assets/node_modules/react-native-calendars/src/calendar/img/previous@2x.png
2022-07-04 10:34:11 +0000  copying file ./Payload/MyFiji.app/assets/node_modules/react-native-calendars/src/calendar/img/next@2x.png ... 
2022-07-04 10:34:11 +0000  462 bytes for ./Payload/MyFiji.app/assets/node_modules/react-native-calendars/src/calendar/img/next@2x.png
copying file ./Payload/MyFiji.app/assets/node_modules/react-native-calendars/src/img/down@3x.png ... 
508 bytes for ./Payload/MyFiji.app/assets/node_modules/react-native-calendars/src/img/down@3x.png
copying file ./Payload/MyFiji.app/assets/node_modules/react-native-calendars/src/img/down@2x.png ... 
354 bytes for ./Payload/MyFiji.app/assets/node_modules/react-native-calendars/src/img/down@2x.png
2022-07-04 10:34:11 +0000  copying file ./Payload/MyFiji.app/assets/node_modules/react-native-calendars/src/img/up.png ... 
2022-07-04 10:34:11 +0000  215 bytes for ./Payload/MyFiji.app/assets/node_modules/react-native-calendars/src/img/up.png
copying file ./Payload/MyFiji.app/assets/node_modules/react-native-calendars/src/img/down.png ... 
2022-07-04 10:34:11 +0000  208 bytes for ./Payload/MyFiji.app/assets/node_modules/react-native-calendars/src/img/down.png
2022-07-04 10:34:11 +0000  copying file ./Payload/MyFiji.app/assets/node_modules/react-native-calendars/src/img/up@2x.png ... 
2022-07-04 10:34:11 +0000  347 bytes for ./Payload/MyFiji.app/assets/node_modules/react-native-calendars/src/img/up@2x.png
copying file ./Payload/MyFiji.app/assets/node_modules/react-native-calendars/src/img/up@3x.png ... 
2022-07-04 10:34:11 +0000  504 bytes for ./Payload/MyFiji.app/assets/node_modules/react-native-calendars/src/img/up@3x.png
2022-07-04 10:34:11 +0000  copying file ./Payload/MyFiji.app/assets/node_modules/react-native-country-picker-modal/lib/assets/images/close.android.png ... 
2156 bytes for ./Payload/MyFiji.app/assets/node_modules/react-native-country-picker-modal/lib/assets/images/close.android.png
copying file ./Payload/MyFiji.app/assets/node_modules/react-native-country-picker-modal/lib/assets/images/close.png ... 
1204 bytes for ./Payload/MyFiji.app/assets/node_modules/react-native-country-picker-modal/lib/assets/images/close.png
2022-07-04 10:34:11 +0000  copying file ./Payload/MyFiji.app/assets/src/assets/images/ic_radiobutton@2x.png ... 
2022-07-04 10:34:11 +0000  807 bytes for ./Payload/MyFiji.app/assets/src/assets/images/ic_radiobutton@2x.png
2022-07-04 10:34:11 +0000  copying file ./Payload/MyFiji.app/assets/src/assets/images/ic_truck_b.png ... 
2022-07-04 10:34:11 +0000  1039 bytes for ./Payload/MyFiji.app/assets/src/assets/images/ic_truck_b.png
copying file ./Payload/MyFiji.app/assets/src/assets/images/ic_signature_blue@2x.png ... 
4738 bytes for ./Payload/MyFiji.app/assets/src/assets/images/ic_signature_blue@2x.png
copying file ./Payload/MyFiji.app/assets/src/assets/images/ic_map.png ... 
961 bytes for ./Payload/MyFiji.app/assets/src/assets/images/ic_map.png
copying file ./Payload/MyFiji.app/assets/src/assets/images/ic_analytics.png ... 
996 bytes for ./Payload/MyFiji.app/assets/src/assets/images/ic_analytics.png
copying file ./Payload/MyFiji.app/assets/src/assets/images/ic_quantity@2x.png ... 
2022-07-04 10:34:11 +0000  1470 bytes for ./Payload/MyFiji.app/assets/src/assets/images/ic_quantity@2x.png
copying file ./Payload/MyFiji.app/assets/src/assets/images/ic_customer.png ... 
2022-07-04 10:34:11 +0000  372 bytes for ./Payload/MyFiji.app/assets/src/assets/images/ic_customer.png
copying file ./Payload/MyFiji.app/assets/src/assets/images/ic_menu@2x.png ... 
486 bytes for ./Payload/MyFiji.app/assets/src/assets/images/ic_menu@2x.png
copying file ./Payload/MyFiji.app/assets/src/assets/images/ic_dot@2x.png ... 
386 bytes for ./Payload/MyFiji.app/assets/src/assets/images/ic_dot@2x.png
copying file ./Payload/MyFiji.app/assets/src/assets/images/ic_damagereport@2x.png ... 
1596 bytes for ./Payload/MyFiji.app/assets/src/assets/images/ic_damagereport@2x.png
copying file ./Payload/MyFiji.app/assets/src/assets/images/ic_notes@3x.png ... 
6023 bytes for ./Payload/MyFiji.app/assets/src/assets/images/ic_notes@3x.png
copying file ./Payload/MyFiji.app/assets/src/assets/images/ic_customer@3x.png ... 
869 bytes for ./Payload/MyFiji.app/assets/src/assets/images/ic_customer@3x.png
copying file ./Payload/MyFiji.app/assets/src/assets/images/ic_capture.png ... 
1343 bytes for ./Payload/MyFiji.app/assets/src/assets/images/ic_capture.png
copying file ./Payload/MyFiji.app/assets/src/assets/images/ic_face1@3x.png ... 
2022-07-04 10:34:11 +0000  7244 bytes for ./Payload/MyFiji.app/assets/src/assets/images/ic_face1@3x.png
2022-07-04 10:34:11 +0000  copying file ./Payload/MyFiji.app/assets/src/assets/images/ic_navigate@2x.png ... 
1044 bytes for ./Payload/MyFiji.app/assets/src/assets/images/ic_navigate@2x.png
copying file ./Payload/MyFiji.app/assets/src/assets/images/ic_photo@2x.png ... 
3361 bytes for ./Payload/MyFiji.app/assets/src/assets/images/ic_photo@2x.png
copying file ./Payload/MyFiji.app/assets/src/assets/images/ic_bike.png ... 
2022-07-04 10:34:11 +0000  2057 bytes for ./Payload/MyFiji.app/assets/src/assets/images/ic_bike.png
2022-07-04 10:34:11 +0000  copying file ./Payload/MyFiji.app/assets/src/assets/images/ic_time@2x.png ... 
2022-07-04 10:34:11 +0000  1002 bytes for ./Payload/MyFiji.app/assets/src/assets/images/ic_time@2x.png
copying file ./Payload/MyFiji.app/assets/src/assets/images/ic_truck.png ... 
2022-07-04 10:34:11 +0000  1646 bytes for ./Payload/MyFiji.app/assets/src/assets/images/ic_truck.png
copying file ./Payload/MyFiji.app/assets/src/assets/images/ic_cycle.png ... 
2113 bytes for ./Payload/MyFiji.app/assets/src/assets/images/ic_cycle.png
copying file ./Payload/MyFiji.app/assets/src/assets/images/ic_drpdwn.png ... 
2022-07-04 10:34:11 +0000  213 bytes for ./Payload/MyFiji.app/assets/src/assets/images/ic_drpdwn.png
copying file ./Payload/MyFiji.app/assets/src/assets/images/ic_dollar@2x.png ... 
2022-07-04 10:34:11 +0000  1237 bytes for ./Payload/MyFiji.app/assets/src/assets/images/ic_dollar@2x.png
copying file ./Payload/MyFiji.app/assets/src/assets/images/ic_signature@2x.png ... 
2022-07-04 10:34:11 +0000  4323 bytes for ./Payload/MyFiji.app/assets/src/assets/images/ic_signature@2x.png
2022-07-04 10:34:11 +0000  copying file ./Payload/MyFiji.app/assets/src/assets/images/ic_profile@2x.png ... 
2022-07-04 10:34:11 +0000  1446 bytes for ./Payload/MyFiji.app/assets/src/assets/images/ic_profile@2x.png
2022-07-04 10:34:11 +0000  copying file ./Payload/MyFiji.app/assets/src/assets/images/ic_radio2@2x.png ... 
2022-07-04 10:34:11 +0000  947 bytes for ./Payload/MyFiji.app/assets/src/assets/images/ic_radio2@2x.png
copying file ./Payload/MyFiji.app/assets/src/assets/images/ic_backwd_dark.png ... 
2022-07-04 10:34:11 +0000  342 bytes for ./Payload/MyFiji.app/assets/src/assets/images/ic_backwd_dark.png
2022-07-04 10:34:11 +0000  copying file ./Payload/MyFiji.app/assets/src/assets/images/ic_barcode@2x.png ... 
2022-07-04 10:34:11 +0000  718 bytes for ./Payload/MyFiji.app/assets/src/assets/images/ic_barcode@2x.png
copying file ./Payload/MyFiji.app/assets/src/assets/images/ic_car_b@3x.png ... 
3878 bytes for ./Payload/MyFiji.app/assets/src/assets/images/ic_car_b@3x.png
copying file ./Payload/MyFiji.app/assets/src/assets/images/ic_chat_blue@2x.png ... 
4172 bytes for ./Payload/MyFiji.app/assets/src/assets/images/ic_chat_blue@2x.png
copying file ./Payload/MyFiji.app/assets/src/assets/images/ic_task.png ... 
394 bytes for ./Payload/MyFiji.app/assets/src/assets/images/ic_task.png
copying file ./Payload/MyFiji.app/assets/src/assets/images/ic_reimbursement.png ... 
750 bytes for ./Payload/MyFiji.app/assets/src/assets/images/ic_reimbursement.png
copying file ./Payload/MyFiji.app/assets/src/assets/images/ic_barcode@3x.png ... 
824 bytes for ./Payload/MyFiji.app/assets/src/assets/images/ic_barcode@3x.png
copying file ./Payload/MyFiji.app/assets/src/assets/images/ic_car_b@2x.png ... 
2521 bytes for ./Payload/MyFiji.app/assets/src/assets/images/ic_car_b@2x.png
copying file ./Payload/MyFiji.app/assets/src/assets/images/ic_chat_blue@3x.png ... 
2022-07-04 10:34:11 +0000  7190 bytes for ./Payload/MyFiji.app/assets/src/assets/images/ic_chat_blue@3x.png
2022-07-04 10:34:11 +0000  copying file ./Payload/MyFiji.app/assets/src/assets/images/ic_profile@3x.png ... 
2022-07-04 10:34:11 +0000  2268 bytes for ./Payload/MyFiji.app/assets/src/assets/images/ic_profile@3x.png
copying file ./Payload/MyFiji.app/assets/src/assets/images/ic_radio2@3x.png ... 
2022-07-04 10:34:11 +0000  1503 bytes for ./Payload/MyFiji.app/assets/src/assets/images/ic_radio2@3x.png
copying file ./Payload/MyFiji.app/assets/src/assets/images/ic_list.png ... 
578 bytes for ./Payload/MyFiji.app/assets/src/assets/images/ic_list.png
copying file ./Payload/MyFiji.app/assets/src/assets/images/ic_dollar@3x.png ... 
1838 bytes for ./Payload/MyFiji.app/assets/src/assets/images/ic_dollar@3x.png
copying file ./Payload/MyFiji.app/assets/src/assets/images/ic_signature@3x.png ... 
7494 bytes for ./Payload/MyFiji.app/assets/src/assets/images/ic_signature@3x.png
copying file ./Payload/MyFiji.app/assets/src/assets/images/ic_navigate@3x.png ... 
1660 bytes for ./Payload/MyFiji.app/assets/src/assets/images/ic_navigate@3x.png
copying file ./Payload/MyFiji.app/assets/src/assets/images/ic_photo@3x.png ... 
2022-07-04 10:34:11 +0000  5501 bytes for ./Payload/MyFiji.app/assets/src/assets/images/ic_photo@3x.png
copying file ./Payload/MyFiji.app/assets/src/assets/images/ic_time@3x.png ... 
2022-07-04 10:34:11 +0000  1421 bytes for ./Payload/MyFiji.app/assets/src/assets/images/ic_time@3x.png
copying file ./Payload/MyFiji.app/assets/src/assets/images/ic_face1@2x.png ... 
2022-07-04 10:34:11 +0000  4486 bytes for ./Payload/MyFiji.app/assets/src/assets/images/ic_face1@2x.png
copying file ./Payload/MyFiji.app/assets/src/assets/images/ic_customer@2x.png ... 
2022-07-04 10:34:11 +0000  624 bytes for ./Payload/MyFiji.app/assets/src/assets/images/ic_customer@2x.png
copying file ./Payload/MyFiji.app/assets/src/assets/images/ic_notes@2x.png ... 
2022-07-04 10:34:11 +0000  3504 bytes for ./Payload/MyFiji.app/assets/src/assets/images/ic_notes@2x.png
copying file ./Payload/MyFiji.app/assets/src/assets/images/ic_path.png ... 
1272 bytes for ./Payload/MyFiji.app/assets/src/assets/images/ic_path.png
copying file ./Payload/MyFiji.app/assets/src/assets/images/ic_menu@3x.png ... 
673 bytes for ./Payload/MyFiji.app/assets/src/assets/images/ic_menu@3x.png
copying file ./Payload/MyFiji.app/assets/src/assets/images/ic_dot@3x.png ... 
2022-07-04 10:34:11 +0000  556 bytes for ./Payload/MyFiji.app/assets/src/assets/images/ic_dot@3x.png
copying file ./Payload/MyFiji.app/assets/src/assets/images/ic_damagereport@3x.png ... 
2022-07-04 10:34:11 +0000  2490 bytes for ./Payload/MyFiji.app/assets/src/assets/images/ic_damagereport@3x.png
2022-07-04 10:34:11 +0000  copying file ./Payload/MyFiji.app/assets/src/assets/images/ic_code_grey.png ... 
2022-07-04 10:34:11 +0000  1708 bytes for ./Payload/MyFiji.app/assets/src/assets/images/ic_code_grey.png
copying file ./Payload/MyFiji.app/assets/src/assets/images/ic_square.png ... 
2022-07-04 10:34:11 +0000  174 bytes for ./Payload/MyFiji.app/assets/src/assets/images/ic_square.png
2022-07-04 10:34:11 +0000  copying file ./Payload/MyFiji.app/assets/src/assets/images/ic_quantity@3x.png ... 
2022-07-04 10:34:11 +0000  1884 bytes for ./Payload/MyFiji.app/assets/src/assets/images/ic_quantity@3x.png
2022-07-04 10:34:11 +0000  copying file ./Payload/MyFiji.app/assets/src/assets/images/ic_signature_blue@3x.png ... 
2022-07-04 10:34:11 +0000  7842 bytes for ./Payload/MyFiji.app/assets/src/assets/images/ic_signature_blue@3x.png
2022-07-04 10:34:11 +0000  copying file ./Payload/MyFiji.app/assets/src/assets/images/ic_photo_blue.png ... 
2022-07-04 10:34:11 +0000  1641 bytes for ./Payload/MyFiji.app/assets/src/assets/images/ic_photo_blue.png
copying file ./Payload/MyFiji.app/assets/src/assets/images/ic_analyctis_selected.png ... 
1073 bytes for ./Payload/MyFiji.app/assets/src/assets/images/ic_analyctis_selected.png
copying file ./Payload/MyFiji.app/assets/src/assets/images/ic_barcode.png ... 
457 bytes for ./Payload/MyFiji.app/assets/src/assets/images/ic_barcode.png
copying file ./Payload/MyFiji.app/assets/src/assets/images/ic_location.png ... 
496 bytes for ./Payload/MyFiji.app/assets/src/assets/images/ic_location.png
copying file ./Payload/MyFiji.app/assets/src/assets/images/ic_task_selected.png ... 
1068 bytes for ./Payload/MyFiji.app/assets/src/assets/images/ic_task_selected.png
copying file ./Payload/MyFiji.app/assets/src/assets/images/ic_radiobutton@3x.png ... 
1318 bytes for ./Payload/MyFiji.app/assets/src/assets/images/ic_radiobutton@3x.png
copying file ./Payload/MyFiji.app/assets/src/assets/images/ic_location_off@3x.png ... 
1513 bytes for ./Payload/MyFiji.app/assets/src/assets/images/ic_location_off@3x.png
copying file ./Payload/MyFiji.app/assets/src/assets/images/ic_photo.png ... 
1541 bytes for ./Payload/MyFiji.app/assets/src/assets/images/ic_photo.png
copying file ./Payload/MyFiji.app/assets/src/assets/images/ic_walk@3x.png ... 
3538 bytes for ./Payload/MyFiji.app/assets/src/assets/images/ic_walk@3x.png
copying file ./Payload/MyFiji.app/assets/src/assets/images/ic_bike@3x.png ... 
2022-07-04 10:34:11 +0000  4814 bytes for ./Payload/MyFiji.app/assets/src/assets/images/ic_bike@3x.png
copying file ./Payload/MyFiji.app/assets/src/assets/images/ic_tick2@2x.png ... 
1198 bytes for ./Payload/MyFiji.app/assets/src/assets/images/ic_tick2@2x.png
copying file ./Payload/MyFiji.app/assets/src/assets/images/ic_face1.png ... 
2036 bytes for ./Payload/MyFiji.app/assets/src/assets/images/ic_face1.png
copying file ./Payload/MyFiji.app/assets/src/assets/images/ic_walk_b@2x.png ... 
2120 bytes for ./Payload/MyFiji.app/assets/src/assets/images/ic_walk_b@2x.png
copying file ./Payload/MyFiji.app/assets/src/assets/images/ic_capture@2x.png ... 
2022-07-04 10:34:11 +0000  2993 bytes for ./Payload/MyFiji.app/assets/src/assets/images/ic_capture@2x.png
copying file ./Payload/MyFiji.app/assets/src/assets/images/ic_task_no@2x.png ... 
2022-07-04 10:34:11 +0000  46133 bytes for ./Payload/MyFiji.app/assets/src/assets/images/ic_task_no@2x.png
copying file ./Payload/MyFiji.app/assets/src/assets/images/ic_notes_blue@2x.png ... 
3835 bytes for ./Payload/MyFiji.app/assets/src/assets/images/ic_notes_blue@2x.png
copying file ./Payload/MyFiji.app/assets/src/assets/images/ic_tick_green@3x.png ... 
2219 bytes for ./Payload/MyFiji.app/assets/src/assets/images/ic_tick_green@3x.png
copying file ./Payload/MyFiji.app/assets/src/assets/images/ic_cross_red@2x.png ... 
1373 bytes for ./Payload/MyFiji.app/assets/src/assets/images/ic_cross_red@2x.png
copying file ./Payload/MyFiji.app/assets/src/assets/images/ic_task_selected@2x.png ... 
2221 bytes for ./Payload/MyFiji.app/assets/src/assets/images/ic_task_selected@2x.png
copying file ./Payload/MyFiji.app/assets/src/assets/images/ic_damagereport.png ... 
2022-07-04 10:34:11 +0000  791 bytes for ./Payload/MyFiji.app/assets/src/assets/images/ic_damagereport.png
copying file ./Payload/MyFiji.app/assets/src/assets/images/ic_tick.png ... 
2022-07-04 10:34:11 +0000  426 bytes for ./Payload/MyFiji.app/assets/src/assets/images/ic_tick.png
2022-07-04 10:34:11 +0000  copying file ./Payload/MyFiji.app/assets/src/assets/images/ic_delete@3x.png ... 
2022-07-04 10:34:11 +0000  1800 bytes for ./Payload/MyFiji.app/assets/src/assets/images/ic_delete@3x.png
copying file ./Payload/MyFiji.app/assets/src/assets/images/ic_code.png ... 
2022-07-04 10:34:11 +0000  1762 bytes for ./Payload/MyFiji.app/assets/src/assets/images/ic_code.png
copying file ./Payload/MyFiji.app/assets/src/assets/images/ic_signature.png ... 
2022-07-04 10:34:11 +0000  1949 bytes for ./Payload/MyFiji.app/assets/src/assets/images/ic_signature.png
copying file ./Payload/MyFiji.app/assets/src/assets/images/ic_map@2x.png ... 
2022-07-04 10:34:11 +0000  2079 bytes for ./Payload/MyFiji.app/assets/src/assets/images/ic_map@2x.png
copying file ./Payload/MyFiji.app/assets/src/assets/images/ic_photo_blue@3x.png ... 
5624 bytes for ./Payload/MyFiji.app/assets/src/assets/images/ic_photo_blue@3x.png
copying file ./Payload/MyFiji.app/assets/src/assets/images/ic_face2.png ... 
2022-07-04 10:34:11 +0000  2305 bytes for ./Payload/MyFiji.app/assets/src/assets/images/ic_face2.png
copying file ./Payload/MyFiji.app/assets/src/assets/images/ic_Logout@2x.png ... 
722 bytes for ./Payload/MyFiji.app/assets/src/assets/images/ic_Logout@2x.png
copying file ./Payload/MyFiji.app/assets/src/assets/images/ic_code_grey@3x.png ... 
6053 bytes for ./Payload/MyFiji.app/assets/src/assets/images/ic_code_grey@3x.png
copying file ./Payload/MyFiji.app/assets/src/assets/images/ic_cycle@2x.png ... 
3643 bytes for ./Payload/MyFiji.app/assets/src/assets/images/ic_cycle@2x.png
copying file ./Payload/MyFiji.app/assets/src/assets/images/ic_support_2@3x.png ... 
1700 bytes for ./Payload/MyFiji.app/assets/src/assets/images/ic_support_2@3x.png
copying file ./Payload/MyFiji.app/assets/src/assets/images/ic_car_b.png ... 
1197 bytes for ./Payload/MyFiji.app/assets/src/assets/images/ic_car_b.png
copying file ./Payload/MyFiji.app/assets/src/assets/images/ic_radiocheck@2x.png ... 
2022-07-04 10:34:11 +0000  997 bytes for ./Payload/MyFiji.app/assets/src/assets/images/ic_radiocheck@2x.png
copying file ./Payload/MyFiji.app/assets/src/assets/images/ic_path@3x.png ... 
2022-07-04 10:34:11 +0000  5284 bytes for ./Payload/MyFiji.app/assets/src/assets/images/ic_path@3x.png
2022-07-04 10:34:11 +0000  copying file ./Payload/MyFiji.app/assets/src/assets/images/ic_off_duty@2x.png ... 
2022-07-04 10:34:11 +0000  65345 bytes for ./Payload/MyFiji.app/assets/src/assets/images/ic_off_duty@2x.png
2022-07-04 10:34:11 +0000  copying file ./Payload/MyFiji.app/assets/src/assets/images/ic_analyctis_selected@2x.png ... 
2054 bytes for ./Payload/MyFiji.app/assets/src/assets/images/ic_analyctis_selected@2x.png
2022-07-04 10:34:11 +0000  copying file ./Payload/MyFiji.app/assets/src/assets/images/ic_wallet@2x.png ... 
2022-07-04 10:34:11 +0000  1121 bytes for ./Payload/MyFiji.app/assets/src/assets/images/ic_wallet@2x.png
copying file ./Payload/MyFiji.app/assets/src/assets/images/ic_task_2@3x.png ... 
2022-07-04 10:34:11 +0000  2610 bytes for ./Payload/MyFiji.app/assets/src/assets/images/ic_task_2@3x.png
2022-07-04 10:34:11 +0000  copying file ./Payload/MyFiji.app/assets/src/assets/images/ic_expand@3x.png ... 
2022-07-04 10:34:11 +0000  875 bytes for ./Payload/MyFiji.app/assets/src/assets/images/ic_expand@3x.png
copying file ./Payload/MyFiji.app/assets/src/assets/images/ic_expand@2x.png ... 
2022-07-04 10:34:11 +0000  403 bytes for ./Payload/MyFiji.app/assets/src/assets/images/ic_expand@2x.png
2022-07-04 10:34:11 +0000  copying file ./Payload/MyFiji.app/assets/src/assets/images/ic_task_2@2x.png ... 
2022-07-04 10:34:11 +0000  1616 bytes for ./Payload/MyFiji.app/assets/src/assets/images/ic_task_2@2x.png
2022-07-04 10:34:11 +0000  copying file ./Payload/MyFiji.app/assets/src/assets/images/ic_wallet@3x.png ... 
2022-07-04 10:34:11 +0000  1698 bytes for ./Payload/MyFiji.app/assets/src/assets/images/ic_wallet@3x.png
copying file ./Payload/MyFiji.app/assets/src/assets/images/ic_analyctis_selected@3x.png ... 
2022-07-04 10:34:11 +0000  3126 bytes for ./Payload/MyFiji.app/assets/src/assets/images/ic_analyctis_selected@3x.png
2022-07-04 10:34:11 +0000  copying file ./Payload/MyFiji.app/assets/src/assets/images/ic_delete.png ... 
2022-07-04 10:34:11 +0000  560 bytes for ./Payload/MyFiji.app/assets/src/assets/images/ic_delete.png
copying file ./Payload/MyFiji.app/assets/src/assets/images/ic_off_duty@3x.png ... 
2022-07-04 10:34:11 +0000  103305 bytes for ./Payload/MyFiji.app/assets/src/assets/images/ic_off_duty@3x.png
2022-07-04 10:34:11 +0000  copying file ./Payload/MyFiji.app/assets/src/assets/images/ic_path@2x.png ... 
2022-07-04 10:34:11 +0000  3059 bytes for ./Payload/MyFiji.app/assets/src/assets/images/ic_path@2x.png
copying file ./Payload/MyFiji.app/assets/src/assets/images/ic_support_2@2x.png ... 
2022-07-04 10:34:11 +0000  1138 bytes for ./Payload/MyFiji.app/assets/src/assets/images/ic_support_2@2x.png
2022-07-04 10:34:11 +0000  copying file ./Payload/MyFiji.app/assets/src/assets/images/ic_radiocheck@3x.png ... 
2022-07-04 10:34:11 +0000  1650 bytes for ./Payload/MyFiji.app/assets/src/assets/images/ic_radiocheck@3x.png
2022-07-04 10:34:11 +0000  copying file ./Payload/MyFiji.app/assets/src/assets/images/ic_code_grey@2x.png ... 
2022-07-04 10:34:11 +0000  3816 bytes for ./Payload/MyFiji.app/assets/src/assets/images/ic_code_grey@2x.png
2022-07-04 10:34:11 +0000  copying file ./Payload/MyFiji.app/assets/src/assets/images/ic_cycle@3x.png ... 
2022-07-04 10:34:11 +0000  5321 bytes for ./Payload/MyFiji.app/assets/src/assets/images/ic_cycle@3x.png
2022-07-04 10:34:11 +0000  copying file ./Payload/MyFiji.app/assets/src/assets/images/ic_profile.png ... 
2022-07-04 10:34:11 +0000  648 bytes for ./Payload/MyFiji.app/assets/src/assets/images/ic_profile.png
2022-07-04 10:34:11 +0000  copying file ./Payload/MyFiji.app/assets/src/assets/images/ic_Logout@3x.png ... 
2022-07-04 10:34:11 +0000  954 bytes for ./Payload/MyFiji.app/assets/src/assets/images/ic_Logout@3x.png
copying file ./Payload/MyFiji.app/assets/src/assets/images/ic_pin.png ... 
2022-07-04 10:34:11 +0000  799 bytes for ./Payload/MyFiji.app/assets/src/assets/images/ic_pin.png
2022-07-04 10:34:11 +0000  copying file ./Payload/MyFiji.app/assets/src/assets/images/ic_photo_blue@2x.png ... 
2022-07-04 10:34:11 +0000  3555 bytes for ./Payload/MyFiji.app/assets/src/assets/images/ic_photo_blue@2x.png
2022-07-04 10:34:11 +0000  copying file ./Payload/MyFiji.app/assets/src/assets/images/ic_radio1.png ... 
2022-07-04 10:34:11 +0000  901 bytes for ./Payload/MyFiji.app/assets/src/assets/images/ic_radio1.png
copying file ./Payload/MyFiji.app/assets/src/assets/images/ic_map@3x.png ... 
2022-07-04 10:34:11 +0000  3178 bytes for ./Payload/MyFiji.app/assets/src/assets/images/ic_map@3x.png
2022-07-04 10:34:11 +0000  copying file ./Payload/MyFiji.app/assets/src/assets/images/ic_mail.png ... 
2022-07-04 10:34:11 +0000  534 bytes for ./Payload/MyFiji.app/assets/src/assets/images/ic_mail.png
2022-07-04 10:34:11 +0000  copying file ./Payload/MyFiji.app/assets/src/assets/images/ic_delete@2x.png ... 
2022-07-04 10:34:11 +0000  1173 bytes for ./Payload/MyFiji.app/assets/src/assets/images/ic_delete@2x.png
copying file ./Payload/MyFiji.app/assets/src/assets/images/ic_currentbalance.png ... 
2022-07-04 10:34:11 +0000  801 bytes for ./Payload/MyFiji.app/assets/src/assets/images/ic_currentbalance.png
copying file ./Payload/MyFiji.app/assets/src/assets/images/ic_cross_red@3x.png ... 
2051 bytes for ./Payload/MyFiji.app/assets/src/assets/images/ic_cross_red@3x.png
copying file ./Payload/MyFiji.app/assets/src/assets/images/ic_task_selected@3x.png ... 
3379 bytes for ./Payload/MyFiji.app/assets/src/assets/images/ic_task_selected@3x.png
copying file ./Payload/MyFiji.app/assets/src/assets/images/ic_dot.png ... 
270 bytes for ./Payload/MyFiji.app/assets/src/assets/images/ic_dot.png
copying file ./Payload/MyFiji.app/assets/src/assets/images/ic_tick_green@2x.png ... 
1467 bytes for ./Payload/MyFiji.app/assets/src/assets/images/ic_tick_green@2x.png
copying file ./Payload/MyFiji.app/assets/src/assets/images/ic_notes_blue@3x.png ... 
6414 bytes for ./Payload/MyFiji.app/assets/src/assets/images/ic_notes_blue@3x.png
copying file ./Payload/MyFiji.app/assets/src/assets/images/ic_task_no@3x.png ... 
2022-07-04 10:34:11 +0000  75082 bytes for ./Payload/MyFiji.app/assets/src/assets/images/ic_task_no@3x.png
copying file ./Payload/MyFiji.app/assets/src/assets/images/ic_capture@3x.png ... 
4578 bytes for ./Payload/MyFiji.app/assets/src/assets/images/ic_capture@3x.png
copying file ./Payload/MyFiji.app/assets/src/assets/images/ic_time.png ... 
523 bytes for ./Payload/MyFiji.app/assets/src/assets/images/ic_time.png
copying file ./Payload/MyFiji.app/assets/src/assets/images/ic_walk_b@3x.png ... 
3152 bytes for ./Payload/MyFiji.app/assets/src/assets/images/ic_walk_b@3x.png
copying file ./Payload/MyFiji.app/assets/src/assets/images/ic_phone.png ... 
2022-07-04 10:34:11 +0000  534 bytes for ./Payload/MyFiji.app/assets/src/assets/images/ic_phone.png
copying file ./Payload/MyFiji.app/assets/src/assets/images/ic_radio2.png ... 
2022-07-04 10:34:11 +0000  532 bytes for ./Payload/MyFiji.app/assets/src/assets/images/ic_radio2.png
copying file ./Payload/MyFiji.app/assets/src/assets/images/ic_location_off@2x.png ... 
1050 bytes for ./Payload/MyFiji.app/assets/src/assets/images/ic_location_off@2x.png
copying file ./Payload/MyFiji.app/assets/src/assets/images/ic_walk@2x.png ... 
2612 bytes for ./Payload/MyFiji.app/assets/src/assets/images/ic_walk@2x.png
copying file ./Payload/MyFiji.app/assets/src/assets/images/ic_bike@2x.png ... 
2022-07-04 10:34:11 +0000  3408 bytes for ./Payload/MyFiji.app/assets/src/assets/images/ic_bike@2x.png
copying file ./Payload/MyFiji.app/assets/src/assets/images/ic_tick2@3x.png ... 
2022-07-04 10:34:11 +0000  1728 bytes for ./Payload/MyFiji.app/assets/src/assets/images/ic_tick2@3x.png
copying file ./Payload/MyFiji.app/assets/src/assets/images/ic_tick2.png ... 
2022-07-04 10:34:11 +0000  639 bytes for ./Payload/MyFiji.app/assets/src/assets/images/ic_tick2.png
copying file ./Payload/MyFiji.app/assets/src/assets/images/ic_postal@3x.png ... 
2125 bytes for ./Payload/MyFiji.app/assets/src/assets/images/ic_postal@3x.png
copying file ./Payload/MyFiji.app/assets/src/assets/images/ic_face2@2x.png ... 
2022-07-04 10:34:11 +0000  5090 bytes for ./Payload/MyFiji.app/assets/src/assets/images/ic_face2@2x.png
copying file ./Payload/MyFiji.app/assets/src/assets/images/ic_lifetimearning@3x.png ... 
2022-07-04 10:34:11 +0000  2922 bytes for ./Payload/MyFiji.app/assets/src/assets/images/ic_lifetimearning@3x.png
2022-07-04 10:34:11 +0000  copying file ./Payload/MyFiji.app/assets/src/assets/images/placeholder.png ... 
2022-07-04 10:34:11 +0000  5937 bytes for ./Payload/MyFiji.app/assets/src/assets/images/placeholder.png
copying file ./Payload/MyFiji.app/assets/src/assets/images/ic_car@3x.png ... 
2022-07-04 10:34:11 +0000  4185 bytes for ./Payload/MyFiji.app/assets/src/assets/images/ic_car@3x.png
copying file ./Payload/MyFiji.app/assets/src/assets/images/ic_chat@2x.png ... 
2022-07-04 10:34:11 +0000  2068 bytes for ./Payload/MyFiji.app/assets/src/assets/images/ic_chat@2x.png
copying file ./Payload/MyFiji.app/assets/src/assets/images/ic_list@2x.png ... 
2022-07-04 10:34:11 +0000  1060 bytes for ./Payload/MyFiji.app/assets/src/assets/images/ic_list@2x.png
2022-07-04 10:34:11 +0000  copying file ./Payload/MyFiji.app/assets/src/assets/images/ic_analytics@3x.png ... 
2022-07-04 10:34:11 +0000  2914 bytes for ./Payload/MyFiji.app/assets/src/assets/images/ic_analytics@3x.png
2022-07-04 10:34:11 +0000  copying file ./Payload/MyFiji.app/assets/src/assets/images/ic_Logout.png ... 
445 bytes for ./Payload/MyFiji.app/assets/src/assets/images/ic_Logout.png
copying file ./Payload/MyFiji.app/assets/src/assets/images/Main_logo@3x.png ... 
36601 bytes for ./Payload/MyFiji.app/assets/src/assets/images/Main_logo@3x.png
copying file ./Payload/MyFiji.app/assets/src/assets/images/ic_cycle_b.png ... 
1578 bytes for ./Payload/MyFiji.app/assets/src/assets/images/ic_cycle_b.png
copying file ./Payload/MyFiji.app/assets/src/assets/images/ic_pin@3x.png ... 
3080 bytes for ./Payload/MyFiji.app/assets/src/assets/images/ic_pin@3x.png
copying file ./Payload/MyFiji.app/assets/src/assets/images/ic_truck_b@2x.png ... 
2146 bytes for ./Payload/MyFiji.app/assets/src/assets/images/ic_truck_b@2x.png
copying file ./Payload/MyFiji.app/assets/src/assets/images/ico_pin_blue.png ... 
2022-07-04 10:34:11 +0000  901 bytes for ./Payload/MyFiji.app/assets/src/assets/images/ico_pin_blue.png
copying file ./Payload/MyFiji.app/assets/src/assets/images/ic_map1@2x.png ... 
2022-07-04 10:34:11 +0000  35912 bytes for ./Payload/MyFiji.app/assets/src/assets/images/ic_map1@2x.png
2022-07-04 10:34:11 +0000  copying file ./Payload/MyFiji.app/assets/src/assets/images/ic_radio1@3x.png ... 
2022-07-04 10:34:11 +0000  2533 bytes for ./Payload/MyFiji.app/assets/src/assets/images/ic_radio1@3x.png
2022-07-04 10:34:11 +0000  copying file ./Payload/MyFiji.app/assets/src/assets/images/ic_backwd_dark@2x.png ... 
2022-07-04 10:34:11 +0000  507 bytes for ./Payload/MyFiji.app/assets/src/assets/images/ic_backwd_dark@2x.png
copying file ./Payload/MyFiji.app/assets/src/assets/images/ic_tutorial@2x.png ... 
2022-07-04 10:34:11 +0000  1206 bytes for ./Payload/MyFiji.app/assets/src/assets/images/ic_tutorial@2x.png
copying file ./Payload/MyFiji.app/assets/src/assets/images/ic_location_on.png ... 
515 bytes for ./Payload/MyFiji.app/assets/src/assets/images/ic_location_on.png
copying file ./Payload/MyFiji.app/assets/src/assets/images/ic_tick@3x.png ... 
1270 bytes for ./Payload/MyFiji.app/assets/src/assets/images/ic_tick@3x.png
copying file ./Payload/MyFiji.app/assets/src/assets/images/ic_square@2x.png ... 
186 bytes for ./Payload/MyFiji.app/assets/src/assets/images/ic_square@2x.png
copying file ./Payload/MyFiji.app/assets/src/assets/images/ic_details@2x.png ... 
2022-07-04 10:34:11 +0000  558 bytes for ./Payload/MyFiji.app/assets/src/assets/images/ic_details@2x.png
copying file ./Payload/MyFiji.app/assets/src/assets/images/ic_bike_b.png ... 
1507 bytes for ./Payload/MyFiji.app/assets/src/assets/images/ic_bike_b.png
2022-07-04 10:34:11 +0000  copying file ./Payload/MyFiji.app/assets/src/assets/images/ic_bike_b@3x.png ... 
2022-07-04 10:34:11 +0000  4515 bytes for ./Payload/MyFiji.app/assets/src/assets/images/ic_bike_b@3x.png
copying file ./Payload/MyFiji.app/assets/src/assets/images/ic_quantity.png ... 
2022-07-04 10:34:11 +0000  736 bytes for ./Payload/MyFiji.app/assets/src/assets/images/ic_quantity.png
copying file ./Payload/MyFiji.app/assets/src/assets/images/ic_cycle_b@3x.png ... 
5154 bytes for ./Payload/MyFiji.app/assets/src/assets/images/ic_cycle_b@3x.png
2022-07-04 10:34:11 +0000  copying file ./Payload/MyFiji.app/assets/src/assets/images/ic_search@3x.png ... 
2022-07-04 10:34:11 +0000  2644 bytes for ./Payload/MyFiji.app/assets/src/assets/images/ic_search@3x.png
2022-07-04 10:34:11 +0000  copying file ./Payload/MyFiji.app/assets/src/assets/images/ic_tick_green.png ... 
2022-07-04 10:34:11 +0000  707 bytes for ./Payload/MyFiji.app/assets/src/assets/images/ic_tick_green.png
2022-07-04 10:34:11 +0000  copying file ./Payload/MyFiji.app/assets/src/assets/images/ic_support@3x.png ... 
1467 bytes for ./Payload/MyFiji.app/assets/src/assets/images/ic_support@3x.png
copying file ./Payload/MyFiji.app/assets/src/assets/images/ic_navigate.png ... 
493 bytes for ./Payload/MyFiji.app/assets/src/assets/images/ic_navigate.png
copying file ./Payload/MyFiji.app/assets/src/assets/images/ic_search.png ... 
2022-07-04 10:34:11 +0000  906 bytes for ./Payload/MyFiji.app/assets/src/assets/images/ic_search.png
copying file ./Payload/MyFiji.app/assets/src/assets/images/ic_task_no.png ... 
20658 bytes for ./Payload/MyFiji.app/assets/src/assets/images/ic_task_no.png
copying file ./Payload/MyFiji.app/assets/src/assets/images/ic_arrow.png ... 
2022-07-04 10:34:11 +0000  334 bytes for ./Payload/MyFiji.app/assets/src/assets/images/ic_arrow.png
2022-07-04 10:34:11 +0000  copying file ./Payload/MyFiji.app/assets/src/assets/images/ic_settings.png ... 
2022-07-04 10:34:11 +0000  750 bytes for ./Payload/MyFiji.app/assets/src/assets/images/ic_settings.png
copying file ./Payload/MyFiji.app/assets/src/assets/images/ic_support@2x.png ... 
2022-07-04 10:34:11 +0000  958 bytes for ./Payload/MyFiji.app/assets/src/assets/images/ic_support@2x.png
copying file ./Payload/MyFiji.app/assets/src/assets/images/ic_search@2x.png ... 
2022-07-04 10:34:11 +0000  1733 bytes for ./Payload/MyFiji.app/assets/src/assets/images/ic_search@2x.png
copying file ./Payload/MyFiji.app/assets/src/assets/images/ic_cycle_b@2x.png ... 
2022-07-04 10:34:11 +0000  3334 bytes for ./Payload/MyFiji.app/assets/src/assets/images/ic_cycle_b@2x.png
copying file ./Payload/MyFiji.app/assets/src/assets/images/ic_radioActive.png ... 
470 bytes for ./Payload/MyFiji.app/assets/src/assets/images/ic_radioActive.png
copying file ./Payload/MyFiji.app/assets/src/assets/images/ic_bike_b@2x.png ... 
2947 bytes for ./Payload/MyFiji.app/assets/src/assets/images/ic_bike_b@2x.png
copying file ./Payload/MyFiji.app/assets/src/assets/images/ic_radiobutton.png ... 
429 bytes for ./Payload/MyFiji.app/assets/src/assets/images/ic_radiobutton.png
copying file ./Payload/MyFiji.app/assets/src/assets/images/ic_details@3x.png ... 
753 bytes for ./Payload/MyFiji.app/assets/src/assets/images/ic_details@3x.png
copying file ./Payload/MyFiji.app/assets/src/assets/images/ic_tutorial@3x.png ... 
1902 bytes for ./Payload/MyFiji.app/assets/src/assets/images/ic_tutorial@3x.png
copying file ./Payload/MyFiji.app/assets/src/assets/images/ic_square@3x.png ... 
210 bytes for ./Payload/MyFiji.app/assets/src/assets/images/ic_square@3x.png
copying file ./Payload/MyFiji.app/assets/src/assets/images/ic_tick@2x.png ... 
835 bytes for ./Payload/MyFiji.app/assets/src/assets/images/ic_tick@2x.png
copying file ./Payload/MyFiji.app/assets/src/assets/images/ic_backwd_dark@3x.png ... 
715 bytes for ./Payload/MyFiji.app/assets/src/assets/images/ic_backwd_dark@3x.png
copying file ./Payload/MyFiji.app/assets/src/assets/images/ic_radio1@2x.png ... 
2022-07-04 10:34:11 +0000  1634 bytes for ./Payload/MyFiji.app/assets/src/assets/images/ic_radio1@2x.png
copying file ./Payload/MyFiji.app/assets/src/assets/images/ic_back.png ... 
2022-07-04 10:34:11 +0000  492 bytes for ./Payload/MyFiji.app/assets/src/assets/images/ic_back.png
copying file ./Payload/MyFiji.app/assets/src/assets/images/ic_map1@3x.png ... 
2022-07-04 10:34:11 +0000  70847 bytes for ./Payload/MyFiji.app/assets/src/assets/images/ic_map1@3x.png
copying file ./Payload/MyFiji.app/assets/src/assets/images/ic_truck_b@3x.png ... 
3139 bytes for ./Payload/MyFiji.app/assets/src/assets/images/ic_truck_b@3x.png
copying file ./Payload/MyFiji.app/assets/src/assets/images/ic_map1.png ... 
10554 bytes for ./Payload/MyFiji.app/assets/src/assets/images/ic_map1.png
copying file ./Payload/MyFiji.app/assets/src/assets/images/ic_pin@2x.png ... 
1707 bytes for ./Payload/MyFiji.app/assets/src/assets/images/ic_pin@2x.png
copying file ./Payload/MyFiji.app/assets/src/assets/images/Main_logo@2x.png ... 
21860 bytes for ./Payload/MyFiji.app/assets/src/assets/images/Main_logo@2x.png
copying file ./Payload/MyFiji.app/assets/src/assets/images/ic_chat_blue.png ... 
1873 bytes for ./Payload/MyFiji.app/assets/src/assets/images/ic_chat_blue.png
2022-07-04 10:34:11 +0000  copying file ./Payload/MyFiji.app/assets/src/assets/images/ic_list@3x.png ... 
2022-07-04 10:34:11 +0000  1395 bytes for ./Payload/MyFiji.app/assets/src/assets/images/ic_list@3x.png
copying file ./Payload/MyFiji.app/assets/src/assets/images/ic_analytics@2x.png ... 
1924 bytes for ./Payload/MyFiji.app/assets/src/assets/images/ic_analytics@2x.png
copying file ./Payload/MyFiji.app/assets/src/assets/images/ic_notes.png ... 
1617 bytes for ./Payload/MyFiji.app/assets/src/assets/images/ic_notes.png
copying file ./Payload/MyFiji.app/assets/src/assets/images/ic_chat@3x.png ... 
3045 bytes for ./Payload/MyFiji.app/assets/src/assets/images/ic_chat@3x.png
copying file ./Payload/MyFiji.app/assets/src/assets/images/ic_chat.png ... 
1040 bytes for ./Payload/MyFiji.app/assets/src/assets/images/ic_chat.png
copying file ./Payload/MyFiji.app/assets/src/assets/images/Main_logo.png ... 
10020 bytes for ./Payload/MyFiji.app/assets/src/assets/images/Main_logo.png
copying file ./Payload/MyFiji.app/assets/src/assets/images/ic_dollar.png ... 
2022-07-04 10:34:11 +0000  634 bytes for ./Payload/MyFiji.app/assets/src/assets/images/ic_dollar.png
copying file ./Payload/MyFiji.app/assets/src/assets/images/ic_walk_b.png ... 
2022-07-04 10:34:11 +0000  1036 bytes for ./Payload/MyFiji.app/assets/src/assets/images/ic_walk_b.png
copying file ./Payload/MyFiji.app/assets/src/assets/images/ic_car@2x.png ... 
2022-07-04 10:34:11 +0000  2922 bytes for ./Payload/MyFiji.app/assets/src/assets/images/ic_car@2x.png
2022-07-04 10:34:11 +0000  copying file ./Payload/MyFiji.app/assets/src/assets/images/ic_postal@2x.png ... 
2022-07-04 10:34:11 +0000  1357 bytes for ./Payload/MyFiji.app/assets/src/assets/images/ic_postal@2x.png
2022-07-04 10:34:11 +0000  copying file ./Payload/MyFiji.app/assets/src/assets/images/ic_face2@3x.png ... 
2022-07-04 10:34:11 +0000  8091 bytes for ./Payload/MyFiji.app/assets/src/assets/images/ic_face2@3x.png
2022-07-04 10:34:11 +0000  copying file ./Payload/MyFiji.app/assets/src/assets/images/ic_lifetimearning@2x.png ... 
2022-07-04 10:34:11 +0000  1889 bytes for ./Payload/MyFiji.app/assets/src/assets/images/ic_lifetimearning@2x.png
2022-07-04 10:34:11 +0000  copying file ./Payload/MyFiji.app/assets/src/assets/images/ic_walk.png ... 
2022-07-04 10:34:11 +0000  1622 bytes for ./Payload/MyFiji.app/assets/src/assets/images/ic_walk.png
2022-07-04 10:34:11 +0000  copying file ./Payload/MyFiji.app/assets/src/assets/images/ico_pin_blue@3x.png ... 
2022-07-04 10:34:11 +0000  2492 bytes for ./Payload/MyFiji.app/assets/src/assets/images/ico_pin_blue@3x.png
2022-07-04 10:34:11 +0000  copying file ./Payload/MyFiji.app/assets/src/assets/images/ic_call_2.png ... 
2022-07-04 10:34:11 +0000  699 bytes for ./Payload/MyFiji.app/assets/src/assets/images/ic_call_2.png
2022-07-04 10:34:11 +0000  copying file ./Payload/MyFiji.app/assets/src/assets/images/ic_cross_red.png ... 
2022-07-04 10:34:11 +0000  650 bytes for ./Payload/MyFiji.app/assets/src/assets/images/ic_cross_red.png
copying file ./Payload/MyFiji.app/assets/src/assets/images/ic_chat_selected@3x.png ... 
2022-07-04 10:34:11 +0000  3263 bytes for ./Payload/MyFiji.app/assets/src/assets/images/ic_chat_selected@3x.png
2022-07-04 10:34:11 +0000  copying file ./Payload/MyFiji.app/assets/src/assets/images/ic_wallet.png ... 
2022-07-04 10:34:11 +0000  567 bytes for ./Payload/MyFiji.app/assets/src/assets/images/ic_wallet.png
2022-07-04 10:34:11 +0000  copying file ./Payload/MyFiji.app/assets/src/assets/images/ic_location@3x.png ... 
2022-07-04 10:34:11 +0000  1729 bytes for ./Payload/MyFiji.app/assets/src/assets/images/ic_location@3x.png
2022-07-04 10:34:11 +0000  copying file ./Payload/MyFiji.app/assets/src/assets/images/ic_support.png ... 
2022-07-04 10:34:11 +0000  496 bytes for ./Payload/MyFiji.app/assets/src/assets/images/ic_support.png
copying file ./Payload/MyFiji.app/assets/src/assets/images/ic_radiocheck.png ... 
2022-07-04 10:34:11 +0000  493 bytes for ./Payload/MyFiji.app/assets/src/assets/images/ic_radiocheck.png
2022-07-04 10:34:11 +0000  copying file ./Payload/MyFiji.app/assets/src/assets/images/ic_phone@3x.png ... 
2022-07-04 10:34:11 +0000  1693 bytes for ./Payload/MyFiji.app/assets/src/assets/images/ic_phone@3x.png
2022-07-04 10:34:11 +0000  copying file ./Payload/MyFiji.app/assets/src/assets/images/ic_task@3x.png ... 
2022-07-04 10:34:11 +0000  896 bytes for ./Payload/MyFiji.app/assets/src/assets/images/ic_task@3x.png
2022-07-04 10:34:11 +0000  copying file ./Payload/MyFiji.app/assets/src/assets/images/ic_reimbursement@2x.png ... 
2022-07-04 10:34:11 +0000  1511 bytes for ./Payload/MyFiji.app/assets/src/assets/images/ic_reimbursement@2x.png
2022-07-04 10:34:11 +0000  copying file ./Payload/MyFiji.app/assets/src/assets/images/ic_location_on@2x.png ... 
842 bytes for ./Payload/MyFiji.app/assets/src/assets/images/ic_location_on@2x.png
copying file ./Payload/MyFiji.app/assets/src/assets/images/ic_radioActive@3x.png ... 
1315 bytes for ./Payload/MyFiji.app/assets/src/assets/images/ic_radioActive@3x.png
copying file ./Payload/MyFiji.app/assets/src/assets/images/ic_truck@3x.png ... 
3595 bytes for ./Payload/MyFiji.app/assets/src/assets/images/ic_truck@3x.png
copying file ./Payload/MyFiji.app/assets/src/assets/images/ic_location_2.png ... 
630 bytes for ./Payload/MyFiji.app/assets/src/assets/images/ic_location_2.png
2022-07-04 10:34:11 +0000  copying file ./Payload/MyFiji.app/assets/src/assets/images/ic_currentbalance@2x.png ... 
2022-07-04 10:34:11 +0000  1564 bytes for ./Payload/MyFiji.app/assets/src/assets/images/ic_currentbalance@2x.png
2022-07-04 10:34:11 +0000  copying file ./Payload/MyFiji.app/assets/src/assets/images/ic_location_2@3x.png ... 
2022-07-04 10:34:11 +0000  2291 bytes for ./Payload/MyFiji.app/assets/src/assets/images/ic_location_2@3x.png
2022-07-04 10:34:11 +0000  copying file ./Payload/MyFiji.app/assets/src/assets/images/ic_settings@2x.png ... 
2022-07-04 10:34:11 +0000  1706 bytes for ./Payload/MyFiji.app/assets/src/assets/images/ic_settings@2x.png
copying file ./Payload/MyFiji.app/assets/src/assets/images/ic_back@2x.png ... 
2022-07-04 10:34:11 +0000  841 bytes for ./Payload/MyFiji.app/assets/src/assets/images/ic_back@2x.png
2022-07-04 10:34:11 +0000  copying file ./Payload/MyFiji.app/assets/src/assets/images/ic_call@3x.png ... 
2022-07-04 10:34:11 +0000  6926 bytes for ./Payload/MyFiji.app/assets/src/assets/images/ic_call@3x.png
2022-07-04 10:34:11 +0000  copying file ./Payload/MyFiji.app/assets/src/assets/images/ic_menu.png ... 
2022-07-04 10:34:11 +0000  296 bytes for ./Payload/MyFiji.app/assets/src/assets/images/ic_menu.png
copying file ./Payload/MyFiji.app/assets/src/assets/images/ic_payout.png ... 
2022-07-04 10:34:11 +0000  733 bytes for ./Payload/MyFiji.app/assets/src/assets/images/ic_payout.png
copying file ./Payload/MyFiji.app/assets/src/assets/images/ic_placeholderbee@3x.png ... 
2022-07-04 10:34:11 +0000  50246 bytes for ./Payload/MyFiji.app/assets/src/assets/images/ic_placeholderbee@3x.png
2022-07-04 10:34:11 +0000  copying file ./Payload/MyFiji.app/assets/src/assets/images/ic_payout@3x.png ... 
2022-07-04 10:34:11 +0000  2350 bytes for ./Payload/MyFiji.app/assets/src/assets/images/ic_payout@3x.png
2022-07-04 10:34:11 +0000  copying file ./Payload/MyFiji.app/assets/src/assets/images/ic_mail@2x.png ... 
2022-07-04 10:34:11 +0000  1126 bytes for ./Payload/MyFiji.app/assets/src/assets/images/ic_mail@2x.png
2022-07-04 10:34:11 +0000  copying file ./Payload/MyFiji.app/assets/src/assets/images/ic_postal.png ... 
2022-07-04 10:34:11 +0000  627 bytes for ./Payload/MyFiji.app/assets/src/assets/images/ic_postal.png
2022-07-04 10:34:11 +0000  copying file ./Payload/MyFiji.app/assets/src/assets/images/ic_drpdwn@2x.png ... 
2022-07-04 10:34:11 +0000  272 bytes for ./Payload/MyFiji.app/assets/src/assets/images/ic_drpdwn@2x.png
2022-07-04 10:34:11 +0000  copying file ./Payload/MyFiji.app/assets/src/assets/images/ic_call_2@2x.png ... 
2022-07-04 10:34:11 +0000  1463 bytes for ./Payload/MyFiji.app/assets/src/assets/images/ic_call_2@2x.png
2022-07-04 10:34:11 +0000  copying file ./Payload/MyFiji.app/assets/src/assets/images/ic_radio@2x.png ... 
2022-07-04 10:34:11 +0000  802 bytes for ./Payload/MyFiji.app/assets/src/assets/images/ic_radio@2x.png
2022-07-04 10:34:11 +0000  copying file ./Payload/MyFiji.app/assets/src/assets/images/ic_radio.png ... 
2022-07-04 10:34:11 +0000  422 bytes for ./Payload/MyFiji.app/assets/src/assets/images/ic_radio.png
copying file ./Payload/MyFiji.app/assets/src/assets/images/ic_code@3x.png ... 
2022-07-04 10:34:11 +0000  6323 bytes for ./Payload/MyFiji.app/assets/src/assets/images/ic_code@3x.png
2022-07-04 10:34:11 +0000  copying file ./Payload/MyFiji.app/assets/src/assets/images/ic_placeholderbee.png ... 
2022-07-04 10:34:11 +0000  12626 bytes for ./Payload/MyFiji.app/assets/src/assets/images/ic_placeholderbee.png
2022-07-04 10:34:11 +0000  copying file ./Payload/MyFiji.app/assets/src/assets/images/ic_arrow@2x.png ... 
534 bytes for ./Payload/MyFiji.app/assets/src/assets/images/ic_arrow@2x.png
copying file ./Payload/MyFiji.app/assets/src/assets/images/ic_arrow@3x.png ... 
783 bytes for ./Payload/MyFiji.app/assets/src/assets/images/ic_arrow@3x.png
copying file ./Payload/MyFiji.app/assets/src/assets/images/ic_task_2.png ... 
750 bytes for ./Payload/MyFiji.app/assets/src/assets/images/ic_task_2.png
copying file ./Payload/MyFiji.app/assets/src/assets/images/ic_code@2x.png ... 
3936 bytes for ./Payload/MyFiji.app/assets/src/assets/images/ic_code@2x.png
copying file ./Payload/MyFiji.app/assets/src/assets/images/ic_location_off.png ... 
2022-07-04 10:34:11 +0000  590 bytes for ./Payload/MyFiji.app/assets/src/assets/images/ic_location_off.png
2022-07-04 10:34:11 +0000  copying file ./Payload/MyFiji.app/assets/src/assets/images/ic_call.png ... 
2022-07-04 10:34:11 +0000  1700 bytes for ./Payload/MyFiji.app/assets/src/assets/images/ic_call.png
2022-07-04 10:34:11 +0000  copying file ./Payload/MyFiji.app/assets/src/assets/images/ic_radio@3x.png ... 
2022-07-04 10:34:11 +0000  1186 bytes for ./Payload/MyFiji.app/assets/src/assets/images/ic_radio@3x.png
2022-07-04 10:34:11 +0000  copying file ./Payload/MyFiji.app/assets/src/assets/images/ic_call_2@3x.png ... 
2022-07-04 10:34:11 +0000  2340 bytes for ./Payload/MyFiji.app/assets/src/assets/images/ic_call_2@3x.png
2022-07-04 10:34:11 +0000  copying file ./Payload/MyFiji.app/assets/src/assets/images/ic_drpdwn@3x.png ... 
2022-07-04 10:34:11 +0000  336 bytes for ./Payload/MyFiji.app/assets/src/assets/images/ic_drpdwn@3x.png
2022-07-04 10:34:11 +0000  copying file ./Payload/MyFiji.app/assets/src/assets/images/ic_signature_blue.png ... 
2022-07-04 10:34:11 +0000  2099 bytes for ./Payload/MyFiji.app/assets/src/assets/images/ic_signature_blue.png
2022-07-04 10:34:11 +0000  copying file ./Payload/MyFiji.app/assets/src/assets/images/ic_mail@3x.png ... 
2022-07-04 10:34:11 +0000  1701 bytes for ./Payload/MyFiji.app/assets/src/assets/images/ic_mail@3x.png
2022-07-04 10:34:11 +0000  copying file ./Payload/MyFiji.app/assets/src/assets/images/ic_payout@2x.png ... 
1567 bytes for ./Payload/MyFiji.app/assets/src/assets/images/ic_payout@2x.png
copying file ./Payload/MyFiji.app/assets/src/assets/images/ic_placeholderbee@2x.png ... 
28564 bytes for ./Payload/MyFiji.app/assets/src/assets/images/ic_placeholderbee@2x.png
copying file ./Payload/MyFiji.app/assets/src/assets/images/ripple.gif ... 
2022-07-04 10:34:11 +0000  23786 bytes for ./Payload/MyFiji.app/assets/src/assets/images/ripple.gif
2022-07-04 10:34:11 +0000  copying file ./Payload/MyFiji.app/assets/src/assets/images/ic_notes_blue.png ... 
2022-07-04 10:34:11 +0000  1689 bytes for ./Payload/MyFiji.app/assets/src/assets/images/ic_notes_blue.png
2022-07-04 10:34:11 +0000  copying file ./Payload/MyFiji.app/assets/src/assets/images/ic_call@2x.png ... 
2022-07-04 10:34:11 +0000  4046 bytes for ./Payload/MyFiji.app/assets/src/assets/images/ic_call@2x.png
2022-07-04 10:34:11 +0000  copying file ./Payload/MyFiji.app/assets/src/assets/images/ic_settings@3x.png ... 
2022-07-04 10:34:11 +0000  2690 bytes for ./Payload/MyFiji.app/assets/src/assets/images/ic_settings@3x.png
2022-07-04 10:34:11 +0000  copying file ./Payload/MyFiji.app/assets/src/assets/images/ic_location_2@2x.png ... 
2022-07-04 10:34:11 +0000  1475 bytes for ./Payload/MyFiji.app/assets/src/assets/images/ic_location_2@2x.png
copying file ./Payload/MyFiji.app/assets/src/assets/images/ic_back@3x.png ... 
2022-07-04 10:34:11 +0000  1232 bytes for ./Payload/MyFiji.app/assets/src/assets/images/ic_back@3x.png
2022-07-04 10:34:11 +0000  copying file ./Payload/MyFiji.app/assets/src/assets/images/ic_lifetimearning.png ... 
2022-07-04 10:34:11 +0000  883 bytes for ./Payload/MyFiji.app/assets/src/assets/images/ic_lifetimearning.png
copying file ./Payload/MyFiji.app/assets/src/assets/images/ic_truck@2x.png ... 
2022-07-04 10:34:11 +0000  2636 bytes for ./Payload/MyFiji.app/assets/src/assets/images/ic_truck@2x.png
2022-07-04 10:34:11 +0000  copying file ./Payload/MyFiji.app/assets/src/assets/images/ic_currentbalance@3x.png ... 
2022-07-04 10:34:11 +0000  2414 bytes for ./Payload/MyFiji.app/assets/src/assets/images/ic_currentbalance@3x.png
2022-07-04 10:34:11 +0000  copying file ./Payload/MyFiji.app/assets/src/assets/images/ic_location_on@3x.png ... 
1175 bytes for ./Payload/MyFiji.app/assets/src/assets/images/ic_location_on@3x.png
copying file ./Payload/MyFiji.app/assets/src/assets/images/ic_radioActive@2x.png ... 
2022-07-04 10:34:11 +0000  822 bytes for ./Payload/MyFiji.app/assets/src/assets/images/ic_radioActive@2x.png
copying file ./Payload/MyFiji.app/assets/src/assets/images/ic_phone@2x.png ... 
1133 bytes for ./Payload/MyFiji.app/assets/src/assets/images/ic_phone@2x.png
copying file ./Payload/MyFiji.app/assets/src/assets/images/ic_task@2x.png ... 
661 bytes for ./Payload/MyFiji.app/assets/src/assets/images/ic_task@2x.png
copying file ./Payload/MyFiji.app/assets/src/assets/images/ic_reimbursement@3x.png ... 
2333 bytes for ./Payload/MyFiji.app/assets/src/assets/images/ic_reimbursement@3x.png
copying file ./Payload/MyFiji.app/assets/src/assets/images/ic_location@2x.png ... 
1070 bytes for ./Payload/MyFiji.app/assets/src/assets/images/ic_location@2x.png
copying file ./Payload/MyFiji.app/assets/src/assets/images/ic_tutorial.png ... 
2022-07-04 10:34:11 +0000  609 bytes for ./Payload/MyFiji.app/assets/src/assets/images/ic_tutorial.png
2022-07-04 10:34:11 +0000  copying file ./Payload/MyFiji.app/assets/src/assets/images/ic_car.png ... 
2022-07-04 10:34:11 +0000  1725 bytes for ./Payload/MyFiji.app/assets/src/assets/images/ic_car.png
2022-07-04 10:34:11 +0000  copying file ./Payload/MyFiji.app/assets/src/assets/images/ic_expand.png ... 
2022-07-04 10:34:11 +0000  343 bytes for ./Payload/MyFiji.app/assets/src/assets/images/ic_expand.png
copying file ./Payload/MyFiji.app/assets/src/assets/images/ic_details.png ... 
2022-07-04 10:34:11 +0000  387 bytes for ./Payload/MyFiji.app/assets/src/assets/images/ic_details.png
2022-07-04 10:34:11 +0000  copying file ./Payload/MyFiji.app/assets/src/assets/images/ic_off_duty.png ... 
2022-07-04 10:34:11 +0000  28927 bytes for ./Payload/MyFiji.app/assets/src/assets/images/ic_off_duty.png
2022-07-04 10:34:11 +0000  copying file ./Payload/MyFiji.app/assets/src/assets/images/ic_chat_selected.png ... 
2022-07-04 10:34:11 +0000  1830 bytes for ./Payload/MyFiji.app/assets/src/assets/images/ic_chat_selected.png
2022-07-04 10:34:11 +0000  copying file ./Payload/MyFiji.app/assets/src/assets/images/ic_chat_selected@2x.png ... 
2022-07-04 10:34:11 +0000  2187 bytes for ./Payload/MyFiji.app/assets/src/assets/images/ic_chat_selected@2x.png
2022-07-04 10:34:11 +0000  copying file ./Payload/MyFiji.app/assets/src/assets/images/ico_pin_blue@2x.png ... 
2022-07-04 10:34:11 +0000  1721 bytes for ./Payload/MyFiji.app/assets/src/assets/images/ico_pin_blue@2x.png
2022-07-04 10:34:11 +0000  copying file ./Payload/MyFiji.app/assets/src/assets/images/ic_support_2.png ... 
2022-07-04 10:34:11 +0000  573 bytes for ./Payload/MyFiji.app/assets/src/assets/images/ic_support_2.png
2022-07-04 10:34:11 +0000  copying file ./Payload/MyFiji.app/Info.plist ... 
2022-07-04 10:34:11 +0000  1954 bytes for ./Payload/MyFiji.app/Info.plist
2022-07-04 10:34:11 +0000  copying file ./Payload/MyFiji.app/PkgInfo ... 
2022-07-04 10:34:11 +0000  8 bytes for ./Payload/MyFiji.app/PkgInfo
2022-07-04 10:34:11 +0000  copying file ./SwiftSupport/iphoneos/libswiftPhotos.dylib ... 
2022-07-04 10:34:11 +0000  467920 bytes for ./SwiftSupport/iphoneos/libswiftPhotos.dylib
2022-07-04 10:34:11 +0000  copying file ./SwiftSupport/iphoneos/libswiftCoreImage.dylib ... 
2022-07-04 10:34:11 +0000  466448 bytes for ./SwiftSupport/iphoneos/libswiftCoreImage.dylib
copying file ./SwiftSupport/iphoneos/libswiftObjectiveC.dylib ... 
2022-07-04 10:34:11 +0000  679568 bytes for ./SwiftSupport/iphoneos/libswiftObjectiveC.dylib
copying file ./SwiftSupport/iphoneos/libswiftVision.dylib ... 
2022-07-04 10:34:11 +0000  467728 bytes for ./SwiftSupport/iphoneos/libswiftVision.dylib
2022-07-04 10:34:11 +0000  copying file ./SwiftSupport/iphoneos/libswiftCore.dylib ... 
2022-07-04 10:34:15 +0000  95497472 bytes for ./SwiftSupport/iphoneos/libswiftCore.dylib
2022-07-04 10:34:15 +0000  copying file ./SwiftSupport/iphoneos/libswiftCoreGraphics.dylib ... 
2022-07-04 10:34:15 +0000  2040928 bytes for ./SwiftSupport/iphoneos/libswiftCoreGraphics.dylib
2022-07-04 10:34:15 +0000  copying file ./SwiftSupport/iphoneos/libswiftUIKit.dylib ... 
1608688 bytes for ./SwiftSupport/iphoneos/libswiftUIKit.dylib
copying file ./SwiftSupport/iphoneos/libswiftMetal.dylib ... 
2022-07-04 10:34:15 +0000  724304 bytes for ./SwiftSupport/iphoneos/libswiftMetal.dylib
copying file ./SwiftSupport/iphoneos/libswiftCoreData.dylib ... 
2022-07-04 10:34:15 +0000  994784 bytes for ./SwiftSupport/iphoneos/libswiftCoreData.dylib
2022-07-04 10:34:15 +0000  copying file ./SwiftSupport/iphoneos/libswiftDispatch.dylib ... 
2022-07-04 10:34:15 +0000  4056784 bytes for ./SwiftSupport/iphoneos/libswiftDispatch.dylib
2022-07-04 10:34:15 +0000  copying file ./SwiftSupport/iphoneos/libswiftos.dylib ... 
857072 bytes for ./SwiftSupport/iphoneos/libswiftos.dylib
copying file ./SwiftSupport/iphoneos/libswiftCoreFoundation.dylib ... 
2022-07-04 10:34:15 +0000  450272 bytes for ./SwiftSupport/iphoneos/libswiftCoreFoundation.dylib
2022-07-04 10:34:15 +0000  copying file ./SwiftSupport/iphoneos/libswiftDarwin.dylib ... 
2022-07-04 10:34:15 +0000  1091328 bytes for ./SwiftSupport/iphoneos/libswiftDarwin.dylib
2022-07-04 10:34:15 +0000  copying file ./SwiftSupport/iphoneos/libswiftContacts.dylib ... 
2022-07-04 10:34:15 +0000  660592 bytes for ./SwiftSupport/iphoneos/libswiftContacts.dylib
2022-07-04 10:34:16 +0000  copying file ./SwiftSupport/iphoneos/libswiftQuartzCore.dylib ... 
486224 bytes for ./SwiftSupport/iphoneos/libswiftQuartzCore.dylib
copying file ./SwiftSupport/iphoneos/libswiftCoreAudio.dylib ... 
835936 bytes for ./SwiftSupport/iphoneos/libswiftCoreAudio.dylib
copying file ./SwiftSupport/iphoneos/libswiftAVFoundation.dylib ... 
2022-07-04 10:34:16 +0000  1651984 bytes for ./SwiftSupport/iphoneos/libswiftAVFoundation.dylib
2022-07-04 10:34:16 +0000  copying file ./SwiftSupport/iphoneos/libswiftFoundation.dylib ... 
2022-07-04 10:34:17 +0000  43094208 bytes for ./SwiftSupport/iphoneos/libswiftFoundation.dylib
copying file ./SwiftSupport/iphoneos/libswiftCoreMedia.dylib ... 
2022-07-04 10:34:17 +0000  794464 bytes for ./SwiftSupport/iphoneos/libswiftCoreMedia.dylib
copying file ./SwiftSupport/iphoneos/libswiftCoreLocation.dylib ... 
2022-07-04 10:34:17 +0000  730112 bytes for ./SwiftSupport/iphoneos/libswiftCoreLocation.dylib
copying file ./SwiftSupport/iphoneos/libswiftsimd.dylib ... 
2022-07-04 10:34:18 +0000  4134048 bytes for ./SwiftSupport/iphoneos/libswiftsimd.dylib
2022-07-04 10:34:18 +0000  copying file ./Symbols/4DC8CC49-FC38-3B77-AE99-4AECE05AE320.symbols ... 
2022-07-04 10:34:18 +0000  5861276 bytes for ./Symbols/4DC8CC49-FC38-3B77-AE99-4AECE05AE320.symbols
2022-07-04 10:34:18 +0000  copying file ./Symbols/6D527FB7-5C74-3FB1-B841-6C65A840D3F7.symbols ... 
364452 bytes for ./Symbols/6D527FB7-5C74-3FB1-B841-6C65A840D3F7.symbols
copying file ./Symbols/3D5C06C1-92F3-3CB4-90FC-AF56E6C1FBD1.symbols ... 
397764 bytes for ./Symbols/3D5C06C1-92F3-3CB4-90FC-AF56E6C1FBD1.symbols
copying file ./Symbols/2ADE328A-8110-344A-8173-1AEFF88E980A.symbols ... 
90980 bytes for ./Symbols/2ADE328A-8110-344A-8173-1AEFF88E980A.symbols
copying file ./Symbols/7BA06533-E42E-38AB-83DC-CBE902158950.symbols ... 
2022-07-04 10:34:18 +0000  803332 bytes for ./Symbols/7BA06533-E42E-38AB-83DC-CBE902158950.symbols
copying file ./Symbols/40294E0E-480C-30AF-A497-8B9626342686.symbols ... 
409260 bytes for ./Symbols/40294E0E-480C-30AF-A497-8B9626342686.symbols
copying file ./Symbols/96C6BA3E-5527-32AF-972F-A8B8469F5545.symbols ... 
2022-07-04 10:34:18 +0000  2827844 bytes for ./Symbols/96C6BA3E-5527-32AF-972F-A8B8469F5545.symbols
copying file ./Symbols/59AE7E2E-C1BC-36E7-8E30-08833ADFF2EA.symbols ... 
2022-07-04 10:34:18 +0000  2408284 bytes for ./Symbols/59AE7E2E-C1BC-36E7-8E30-08833ADFF2EA.symbols
copying file ./Symbols/530758ED-EAFE-300B-8848-B0F112FE4C44.symbols ... 
2022-07-04 10:34:18 +0000  87020 bytes for ./Symbols/530758ED-EAFE-300B-8848-B0F112FE4C44.symbols
copying file ./Symbols/0587B157-6008-3E0B-A76A-BABFEB113B67.symbols ... 
2022-07-04 10:34:18 +0000  166772 bytes for ./Symbols/0587B157-6008-3E0B-A76A-BABFEB113B67.symbols
copying file ./Symbols/0137E387-2D0F-3095-A27B-10077B01E5E0.symbols ... 
2022-07-04 10:34:18 +0000  399196 bytes for ./Symbols/0137E387-2D0F-3095-A27B-10077B01E5E0.symbols
copying file ./Symbols/75FDA087-04F8-318B-9003-E0E9FE260346.symbols ... 
2022-07-04 10:34:18 +0000  402708 bytes for ./Symbols/75FDA087-04F8-318B-9003-E0E9FE260346.symbols
copying file ./Symbols/83F43910-C334-31FB-841A-635CE6D5E7CC.symbols ... 
2022-07-04 10:34:18 +0000  5127716 bytes for ./Symbols/83F43910-C334-31FB-841A-635CE6D5E7CC.symbols
2022-07-04 10:34:18 +0000  copying file ./Symbols/A1BACEA3-C53D-3472-92CD-FCEF8A8ED5EA.symbols ... 
2022-07-04 10:34:18 +0000  458476 bytes for ./Symbols/A1BACEA3-C53D-3472-92CD-FCEF8A8ED5EA.symbols
copying file ./Symbols/FD2CBF79-0E10-3DAC-83BE-E3C15D8E81C2.symbols ... 
2022-07-04 10:34:18 +0000  454460 bytes for ./Symbols/FD2CBF79-0E10-3DAC-83BE-E3C15D8E81C2.symbols
2022-07-04 10:34:18 +0000  copying file ./Symbols/BFFE580D-EFFE-3F06-8C0B-FA4DDD9AEFA8.symbols ... 
188004 bytes for ./Symbols/BFFE580D-EFFE-3F06-8C0B-FA4DDD9AEFA8.symbols
copying file ./Symbols/E77D5E04-E686-3A70-B701-55FA4426A2B1.symbols ... 
2022-07-04 10:34:20 +0000  34387188 bytes for ./Symbols/E77D5E04-E686-3A70-B701-55FA4426A2B1.symbols
2022-07-04 10:34:20 +0000  copying file ./Symbols/5A50CB9D-99DC-311C-A45F-137A6E387D36.symbols ... 
2022-07-04 10:34:20 +0000  672020 bytes for ./Symbols/5A50CB9D-99DC-311C-A45F-137A6E387D36.symbols
2022-07-04 10:34:20 +0000  /usr/bin/ditto exited with 0
2022-07-04 10:34:20 +0000  Processing step: IDEDistributionAppStoreInformationStep
2022-07-04 10:34:20 +0000  Skipping step: IDEDistributionAppStoreInformationStep because it said so
2022-07-04 10:34:20 +0000  Processing step: IDEDistributionGenerateProcessedDistributionItems
2022-07-04 10:34:21 +0000  IDEDistributionItem init <DVTFilePath:0x7f970c7f1d30:'/var/folders/gs/6wh8jtrs5217v33bfm594jbr0000gn/T/XcodeDistPipeline.~~~iVo3xl/Root/Payload/MyFiji.app/Frameworks/ChatSDK.framework'>
2022-07-04 10:34:21 +0000  IDEDistributionItem init <DVTFilePath:0x7f9760b05600:'/var/folders/gs/6wh8jtrs5217v33bfm594jbr0000gn/T/XcodeDistPipeline.~~~iVo3xl/Root/Payload/MyFiji.app/Frameworks/libswiftDarwin.dylib'>
2022-07-04 10:34:21 +0000  [OPTIONAL] Can't have a profile, not a bundle at <DVTFilePath:0x7f9760b05600:'/var/folders/gs/6wh8jtrs5217v33bfm594jbr0000gn/T/XcodeDistPipeline.~~~iVo3xl/Root/Payload/MyFiji.app/Frameworks/libswiftDarwin.dylib'>
2022-07-04 10:34:21 +0000  IDEDistributionItem init <DVTFilePath:0x7f9760bb8d20:'/var/folders/gs/6wh8jtrs5217v33bfm594jbr0000gn/T/XcodeDistPipeline.~~~iVo3xl/Root/Payload/MyFiji.app/Frameworks/libswiftos.dylib'>
2022-07-04 10:34:21 +0000  [OPTIONAL] Can't have a profile, not a bundle at <DVTFilePath:0x7f9760bb8d20:'/var/folders/gs/6wh8jtrs5217v33bfm594jbr0000gn/T/XcodeDistPipeline.~~~iVo3xl/Root/Payload/MyFiji.app/Frameworks/libswiftos.dylib'>
2022-07-04 10:34:21 +0000  IDEDistributionItem init <DVTFilePath:0x7f9760080ab0:'/var/folders/gs/6wh8jtrs5217v33bfm594jbr0000gn/T/XcodeDistPipeline.~~~iVo3xl/Root/Payload/MyFiji.app/Frameworks/libswiftsimd.dylib'>
2022-07-04 10:34:21 +0000  [OPTIONAL] Can't have a profile, not a bundle at <DVTFilePath:0x7f9760080ab0:'/var/folders/gs/6wh8jtrs5217v33bfm594jbr0000gn/T/XcodeDistPipeline.~~~iVo3xl/Root/Payload/MyFiji.app/Frameworks/libswiftsimd.dylib'>
2022-07-04 10:34:21 +0000  IDEDistributionItem init <DVTFilePath:0x7f970c7fa9d0:'/var/folders/gs/6wh8jtrs5217v33bfm594jbr0000gn/T/XcodeDistPipeline.~~~iVo3xl/Root/Payload/MyFiji.app/Frameworks/libswiftPhotos.dylib'>
2022-07-04 10:34:21 +0000  [OPTIONAL] Can't have a profile, not a bundle at <DVTFilePath:0x7f970c7fa9d0:'/var/folders/gs/6wh8jtrs5217v33bfm594jbr0000gn/T/XcodeDistPipeline.~~~iVo3xl/Root/Payload/MyFiji.app/Frameworks/libswiftPhotos.dylib'>
2022-07-04 10:34:21 +0000  IDEDistributionItem init <DVTFilePath:0x7f975d884670:'/var/folders/gs/6wh8jtrs5217v33bfm594jbr0000gn/T/XcodeDistPipeline.~~~iVo3xl/Root/Payload/MyFiji.app/Frameworks/libswiftCoreData.dylib'>
2022-07-04 10:34:21 +0000  [OPTIONAL] Can't have a profile, not a bundle at <DVTFilePath:0x7f975d884670:'/var/folders/gs/6wh8jtrs5217v33bfm594jbr0000gn/T/XcodeDistPipeline.~~~iVo3xl/Root/Payload/MyFiji.app/Frameworks/libswiftCoreData.dylib'>
2022-07-04 10:34:21 +0000  IDEDistributionItem init <DVTFilePath:0x7f97965052d0:'/var/folders/gs/6wh8jtrs5217v33bfm594jbr0000gn/T/XcodeDistPipeline.~~~iVo3xl/Root/Payload/MyFiji.app/Frameworks/libswiftCoreAudio.dylib'>
2022-07-04 10:34:21 +0000  [OPTIONAL] Can't have a profile, not a bundle at <DVTFilePath:0x7f97965052d0:'/var/folders/gs/6wh8jtrs5217v33bfm594jbr0000gn/T/XcodeDistPipeline.~~~iVo3xl/Root/Payload/MyFiji.app/Frameworks/libswiftCoreAudio.dylib'>
2022-07-04 10:34:21 +0000  IDEDistributionItem init <DVTFilePath:0x7f97600d8010:'/var/folders/gs/6wh8jtrs5217v33bfm594jbr0000gn/T/XcodeDistPipeline.~~~iVo3xl/Root/Payload/MyFiji.app/Frameworks/libswiftFoundation.dylib'>
2022-07-04 10:34:21 +0000  [OPTIONAL] Can't have a profile, not a bundle at <DVTFilePath:0x7f97600d8010:'/var/folders/gs/6wh8jtrs5217v33bfm594jbr0000gn/T/XcodeDistPipeline.~~~iVo3xl/Root/Payload/MyFiji.app/Frameworks/libswiftFoundation.dylib'>
2022-07-04 10:34:21 +0000  IDEDistributionItem init <DVTFilePath:0x7f9760b87c10:'/var/folders/gs/6wh8jtrs5217v33bfm594jbr0000gn/T/XcodeDistPipeline.~~~iVo3xl/Root/Payload/MyFiji.app/Frameworks/RegulaCommon.framework'>
2022-07-04 10:34:21 +0000  IDEDistributionItem init <DVTFilePath:0x7f97965ef7f0:'/var/folders/gs/6wh8jtrs5217v33bfm594jbr0000gn/T/XcodeDistPipeline.~~~iVo3xl/Root/Payload/MyFiji.app/Frameworks/libswiftContacts.dylib'>
2022-07-04 10:34:21 +0000  [OPTIONAL] Can't have a profile, not a bundle at <DVTFilePath:0x7f97965ef7f0:'/var/folders/gs/6wh8jtrs5217v33bfm594jbr0000gn/T/XcodeDistPipeline.~~~iVo3xl/Root/Payload/MyFiji.app/Frameworks/libswiftContacts.dylib'>
2022-07-04 10:34:21 +0000  IDEDistributionItem init <DVTFilePath:0x7f975d87eb00:'/var/folders/gs/6wh8jtrs5217v33bfm594jbr0000gn/T/XcodeDistPipeline.~~~iVo3xl/Root/Payload/MyFiji.app/Frameworks/CommonUISDK.framework'>
2022-07-04 10:34:21 +0000  IDEDistributionItem init <DVTFilePath:0x7f97600d58b0:'/var/folders/gs/6wh8jtrs5217v33bfm594jbr0000gn/T/XcodeDistPipeline.~~~iVo3xl/Root/Payload/MyFiji.app/Frameworks/libswiftCoreLocation.dylib'>
2022-07-04 10:34:21 +0000  [OPTIONAL] Can't have a profile, not a bundle at <DVTFilePath:0x7f97600d58b0:'/var/folders/gs/6wh8jtrs5217v33bfm594jbr0000gn/T/XcodeDistPipeline.~~~iVo3xl/Root/Payload/MyFiji.app/Frameworks/libswiftCoreLocation.dylib'>
2022-07-04 10:34:21 +0000  IDEDistributionItem init <DVTFilePath:0x7f970c734710:'/var/folders/gs/6wh8jtrs5217v33bfm594jbr0000gn/T/XcodeDistPipeline.~~~iVo3xl/Root/Payload/MyFiji.app/Frameworks/libswiftCore.dylib'>
2022-07-04 10:34:21 +0000  [OPTIONAL] Can't have a profile, not a bundle at <DVTFilePath:0x7f970c734710:'/var/folders/gs/6wh8jtrs5217v33bfm594jbr0000gn/T/XcodeDistPipeline.~~~iVo3xl/Root/Payload/MyFiji.app/Frameworks/libswiftCore.dylib'>
2022-07-04 10:34:21 +0000  IDEDistributionItem init <DVTFilePath:0x7f9796510ae0:'/var/folders/gs/6wh8jtrs5217v33bfm594jbr0000gn/T/XcodeDistPipeline.~~~iVo3xl/Root/Payload/MyFiji.app/Frameworks/MessagingSDK.framework'>
2022-07-04 10:34:21 +0000  IDEDistributionItem init <DVTFilePath:0x7f97965752b0:'/var/folders/gs/6wh8jtrs5217v33bfm594jbr0000gn/T/XcodeDistPipeline.~~~iVo3xl/Root/Payload/MyFiji.app/Frameworks/libswiftAVFoundation.dylib'>
2022-07-04 10:34:21 +0000  [OPTIONAL] Can't have a profile, not a bundle at <DVTFilePath:0x7f97965752b0:'/var/folders/gs/6wh8jtrs5217v33bfm594jbr0000gn/T/XcodeDistPipeline.~~~iVo3xl/Root/Payload/MyFiji.app/Frameworks/libswiftAVFoundation.dylib'>
2022-07-04 10:34:21 +0000  IDEDistributionItem init <DVTFilePath:0x7f97502abdb0:'/var/folders/gs/6wh8jtrs5217v33bfm594jbr0000gn/T/XcodeDistPipeline.~~~iVo3xl/Root/Payload/MyFiji.app/Frameworks/libswiftCoreImage.dylib'>
2022-07-04 10:34:21 +0000  [OPTIONAL] Can't have a profile, not a bundle at <DVTFilePath:0x7f97502abdb0:'/var/folders/gs/6wh8jtrs5217v33bfm594jbr0000gn/T/XcodeDistPipeline.~~~iVo3xl/Root/Payload/MyFiji.app/Frameworks/libswiftCoreImage.dylib'>
2022-07-04 10:34:21 +0000  IDEDistributionItem init <DVTFilePath:0x7f974ca955b0:'/var/folders/gs/6wh8jtrs5217v33bfm594jbr0000gn/T/XcodeDistPipeline.~~~iVo3xl/Root/Payload/MyFiji.app/Frameworks/libswiftVision.dylib'>
2022-07-04 10:34:21 +0000  [OPTIONAL] Can't have a profile, not a bundle at <DVTFilePath:0x7f974ca955b0:'/var/folders/gs/6wh8jtrs5217v33bfm594jbr0000gn/T/XcodeDistPipeline.~~~iVo3xl/Root/Payload/MyFiji.app/Frameworks/libswiftVision.dylib'>
2022-07-04 10:34:21 +0000  IDEDistributionItem init <DVTFilePath:0x7f9796513270:'/var/folders/gs/6wh8jtrs5217v33bfm594jbr0000gn/T/XcodeDistPipeline.~~~iVo3xl/Root/Payload/MyFiji.app/Frameworks/FaceSDK.framework'>
2022-07-04 10:34:21 +0000  IDEDistributionItem init <DVTFilePath:0x7f9796529580:'/var/folders/gs/6wh8jtrs5217v33bfm594jbr0000gn/T/XcodeDistPipeline.~~~iVo3xl/Root/Payload/MyFiji.app/Frameworks/libswiftQuartzCore.dylib'>
2022-07-04 10:34:21 +0000  [OPTIONAL] Can't have a profile, not a bundle at <DVTFilePath:0x7f9796529580:'/var/folders/gs/6wh8jtrs5217v33bfm594jbr0000gn/T/XcodeDistPipeline.~~~iVo3xl/Root/Payload/MyFiji.app/Frameworks/libswiftQuartzCore.dylib'>
2022-07-04 10:34:21 +0000  IDEDistributionItem init <DVTFilePath:0x7f9760b94d90:'/var/folders/gs/6wh8jtrs5217v33bfm594jbr0000gn/T/XcodeDistPipeline.~~~iVo3xl/Root/Payload/MyFiji.app/Frameworks/libswiftDispatch.dylib'>
2022-07-04 10:34:21 +0000  [OPTIONAL] Can't have a profile, not a bundle at <DVTFilePath:0x7f9760b94d90:'/var/folders/gs/6wh8jtrs5217v33bfm594jbr0000gn/T/XcodeDistPipeline.~~~iVo3xl/Root/Payload/MyFiji.app/Frameworks/libswiftDispatch.dylib'>
2022-07-04 10:34:21 +0000  IDEDistributionItem init <DVTFilePath:0x7f975d8e0280:'/var/folders/gs/6wh8jtrs5217v33bfm594jbr0000gn/T/XcodeDistPipeline.~~~iVo3xl/Root/Payload/MyFiji.app/Frameworks/libswiftMetal.dylib'>
2022-07-04 10:34:21 +0000  [OPTIONAL] Can't have a profile, not a bundle at <DVTFilePath:0x7f975d8e0280:'/var/folders/gs/6wh8jtrs5217v33bfm594jbr0000gn/T/XcodeDistPipeline.~~~iVo3xl/Root/Payload/MyFiji.app/Frameworks/libswiftMetal.dylib'>
2022-07-04 10:34:21 +0000  IDEDistributionItem init <DVTFilePath:0x7f9760031fa0:'/var/folders/gs/6wh8jtrs5217v33bfm594jbr0000gn/T/XcodeDistPipeline.~~~iVo3xl/Root/Payload/MyFiji.app/Frameworks/libswiftCoreMedia.dylib'>
2022-07-04 10:34:21 +0000  [OPTIONAL] Can't have a profile, not a bundle at <DVTFilePath:0x7f9760031fa0:'/var/folders/gs/6wh8jtrs5217v33bfm594jbr0000gn/T/XcodeDistPipeline.~~~iVo3xl/Root/Payload/MyFiji.app/Frameworks/libswiftCoreMedia.dylib'>
2022-07-04 10:34:21 +0000  IDEDistributionItem init <DVTFilePath:0x7f974d8c5340:'/var/folders/gs/6wh8jtrs5217v33bfm594jbr0000gn/T/XcodeDistPipeline.~~~iVo3xl/Root/Payload/MyFiji.app/Frameworks/Razorpay.framework'>
2022-07-04 10:34:21 +0000  IDEDistributionItem init <DVTFilePath:0x7f970d8c6ce0:'/var/folders/gs/6wh8jtrs5217v33bfm594jbr0000gn/T/XcodeDistPipeline.~~~iVo3xl/Root/Payload/MyFiji.app/Frameworks/libswiftCoreGraphics.dylib'>
2022-07-04 10:34:21 +0000  [OPTIONAL] Can't have a profile, not a bundle at <DVTFilePath:0x7f970d8c6ce0:'/var/folders/gs/6wh8jtrs5217v33bfm594jbr0000gn/T/XcodeDistPipeline.~~~iVo3xl/Root/Payload/MyFiji.app/Frameworks/libswiftCoreGraphics.dylib'>
2022-07-04 10:34:21 +0000  IDEDistributionItem init <DVTFilePath:0x7f975bccc720:'/var/folders/gs/6wh8jtrs5217v33bfm594jbr0000gn/T/XcodeDistPipeline.~~~iVo3xl/Root/Payload/MyFiji.app/Frameworks/ChatProvidersSDK.framework'>
2022-07-04 10:34:21 +0000  IDEDistributionItem init <DVTFilePath:0x7f97934d5cf0:'/var/folders/gs/6wh8jtrs5217v33bfm594jbr0000gn/T/XcodeDistPipeline.~~~iVo3xl/Root/Payload/MyFiji.app/Frameworks/libswiftObjectiveC.dylib'>
2022-07-04 10:34:21 +0000  [OPTIONAL] Can't have a profile, not a bundle at <DVTFilePath:0x7f97934d5cf0:'/var/folders/gs/6wh8jtrs5217v33bfm594jbr0000gn/T/XcodeDistPipeline.~~~iVo3xl/Root/Payload/MyFiji.app/Frameworks/libswiftObjectiveC.dylib'>
2022-07-04 10:34:21 +0000  IDEDistributionItem init <DVTFilePath:0x7f97965d85c0:'/var/folders/gs/6wh8jtrs5217v33bfm594jbr0000gn/T/XcodeDistPipeline.~~~iVo3xl/Root/Payload/MyFiji.app/Frameworks/MessagingAPI.framework'>
2022-07-04 10:34:21 +0000  IDEDistributionItem init <DVTFilePath:0x7f975d8f44f0:'/var/folders/gs/6wh8jtrs5217v33bfm594jbr0000gn/T/XcodeDistPipeline.~~~iVo3xl/Root/Payload/MyFiji.app/Frameworks/libswiftUIKit.dylib'>
2022-07-04 10:34:21 +0000  [OPTIONAL] Can't have a profile, not a bundle at <DVTFilePath:0x7f975d8f44f0:'/var/folders/gs/6wh8jtrs5217v33bfm594jbr0000gn/T/XcodeDistPipeline.~~~iVo3xl/Root/Payload/MyFiji.app/Frameworks/libswiftUIKit.dylib'>
2022-07-04 10:34:21 +0000  IDEDistributionItem init <DVTFilePath:0x7f9760b58ce0:'/var/folders/gs/6wh8jtrs5217v33bfm594jbr0000gn/T/XcodeDistPipeline.~~~iVo3xl/Root/Payload/MyFiji.app/Frameworks/libswiftCoreFoundation.dylib'>
2022-07-04 10:34:21 +0000  [OPTIONAL] Can't have a profile, not a bundle at <DVTFilePath:0x7f9760b58ce0:'/var/folders/gs/6wh8jtrs5217v33bfm594jbr0000gn/T/XcodeDistPipeline.~~~iVo3xl/Root/Payload/MyFiji.app/Frameworks/libswiftCoreFoundation.dylib'>
2022-07-04 10:34:21 +0000  IDEDistributionItem init <DVTFilePath:0x7f9760beb940:'/var/folders/gs/6wh8jtrs5217v33bfm594jbr0000gn/T/XcodeDistPipeline.~~~iVo3xl/Root/Payload/MyFiji.app/Frameworks/SDKConfigurations.framework'>
2022-07-04 10:34:21 +0000  IDEDistributionItem init <DVTFilePath:0x7f97a8866550:'/var/folders/gs/6wh8jtrs5217v33bfm594jbr0000gn/T/XcodeDistPipeline.~~~iVo3xl/Root/Payload/MyFiji.app'>
2022-07-04 10:34:21 +0000  Processing step: IDEDistributionCreateManifestStep
2022-07-04 10:34:21 +0000  Skipping step: IDEDistributionCreateManifestStep because it said so
