2022-05-13 09:18:01 +0000  Initial pipeline context: <IDEDistributionProcessingPipelineContext: 0x7fa334e45fe0; archive(resolved)="<IDEArchive: 0x7fa349626f10>", distributionTask(resolved)="2", distributionDestination(resolved)="1", distributionMethod(resolved)="<IDEDistributionMethodiOSAppStoreDistribution: 0x7fa41ac9e4b0>", team(resolved)="<IDEProvisioningDisambiguatableBasicTeam: 0x7fa31a13b8d0; teamID='6FXUMT5X23', teamName='Code Brew Labs', teamType='Company', username='royo.primary@gmail.com', isFreeProvisioningTeam='0'>">
	Chain (16, self inclusive):
	<IDEDistributionProcessingPipelineContext: 0x7fa334e45fe0; archive = "<IDEArchive: 0x7fa349626f10>", distributionMethod="<IDEDistributionMethodiOSAppStoreDistribution: 0x7fa41ac9e4b0>", team="<IDEProvisioningDisambiguatableBasicTeam: 0x7fa31a13b8d0; teamID='6FXUMT5X23', teamName='Code Brew Labs', teamType='Company', username='royo.primary@gmail.com', isFreeProvisioningTeam='0'>">
	<IDEDistributionProcessingPipelineContext: 0x7fa334a4aac0; archive = "<IDEArchive: 0x7fa349626f10>", distributionMethod="<IDEDistributionMethodiOSAppStoreDistribution: 0x7fa41ac9e4b0>", team="<IDEProvisioningDisambiguatableBasicTeam: 0x7fa31a13b8d0; teamID='6FXUMT5X23', teamName='Code Brew Labs', teamType='Company', username='royo.primary@gmail.com', isFreeProvisioningTeam='0'>">
	<IDEDistributionContext: 0x7fa32a1b7950; archive = "<IDEArchive: 0x7fa349626f10>", distributionMethod="<IDEDistributionMethodiOSAppStoreDistribution: 0x7fa41ac9e4b0>", team="<IDEProvisioningDisambiguatableBasicTeam: 0x7fa31a13b8d0; teamID='6FXUMT5X23', teamName='Code Brew Labs', teamType='Company', username='royo.primary@gmail.com', isFreeProvisioningTeam='0'>">
	<IDEDistributionContext: 0x7fa3495467d0; archive = "<IDEArchive: 0x7fa349626f10>", distributionMethod="<IDEDistributionMethodiOSAppStoreDistribution: 0x7fa41ac9e4b0>", team="<IDEProvisioningDisambiguatableBasicTeam: 0x7fa31a13b8d0; teamID='6FXUMT5X23', teamName='Code Brew Labs', teamType='Company', username='royo.primary@gmail.com', isFreeProvisioningTeam='0'>">
	<IDEDistributionContext: 0x7fa34958b010; archive = "<IDEArchive: 0x7fa349626f10>", distributionMethod="<IDEDistributionMethodiOSAppStoreDistribution: 0x7fa41ac9e4b0>", team="<IDEProvisioningDisambiguatableBasicTeam: 0x7fa31a13b8d0; teamID='6FXUMT5X23', teamName='Code Brew Labs', teamType='Company', username='royo.primary@gmail.com', isFreeProvisioningTeam='0'>">
	<IDEDistributionContext: 0x7fa3246b5e10; archive = "<IDEArchive: 0x7fa349626f10>", distributionMethod="<IDEDistributionMethodiOSAppStoreDistribution: 0x7fa41ac9e4b0>", team="<IDEProvisioningDisambiguatableBasicTeam: 0x7fa31a13b8d0; teamID='6FXUMT5X23', teamName='Code Brew Labs', teamType='Company', username='royo.primary@gmail.com', isFreeProvisioningTeam='0'>">
	<IDEDistributionContext: 0x7fa32523ea80; archive = "<IDEArchive: 0x7fa349626f10>", distributionMethod="<IDEDistributionMethodiOSAppStoreDistribution: 0x7fa41ac9e4b0>", team="<IDEProvisioningDisambiguatableBasicTeam: 0x7fa31a13b8d0; teamID='6FXUMT5X23', teamName='Code Brew Labs', teamType='Company', username='royo.primary@gmail.com', isFreeProvisioningTeam='0'>">
	<IDEDistributionContext: 0x7fa38e4c00e0; archive = "<IDEArchive: 0x7fa349626f10>", distributionMethod="<IDEDistributionMethodiOSAppStoreDistribution: 0x7fa41ac9e4b0>", team="<IDEProvisioningDisambiguatableBasicTeam: 0x7fa31a13b8d0; teamID='6FXUMT5X23', teamName='Code Brew Labs', teamType='Company', username='royo.primary@gmail.com', isFreeProvisioningTeam='0'>">
	<IDEDistributionContext: 0x7fa329ee4b70; archive = "<IDEArchive: 0x7fa349626f10>", distributionMethod="<IDEDistributionMethodiOSAppStoreDistribution: 0x7fa41ac9e4b0>", team="<IDEProvisioningDisambiguatableBasicTeam: 0x7fa31a13b8d0; teamID='6FXUMT5X23', teamName='Code Brew Labs', teamType='Company', username='royo.primary@gmail.com', isFreeProvisioningTeam='0'>">
	<IDEDistributionContext: 0x7fa3379b0d10; archive = "<IDEArchive: 0x7fa349626f10>", distributionMethod="<IDEDistributionMethodiOSAppStoreDistribution: 0x7fa41ac9e4b0>", team="<IDEProvisioningDisambiguatableBasicTeam: 0x7fa31a13b8d0; teamID='6FXUMT5X23', teamName='Code Brew Labs', teamType='Company', username='royo.primary@gmail.com', isFreeProvisioningTeam='0'>">
	<IDEDistributionContext: 0x7fa33a694bb0; archive = "<IDEArchive: 0x7fa349626f10>", distributionMethod="<IDEDistributionMethodiOSAppStoreDistribution: 0x7fa41ac9e4b0>", team="<IDEProvisioningDisambiguatableBasicTeam: 0x7fa31a13b8d0; teamID='6FXUMT5X23', teamName='Code Brew Labs', teamType='Company', username='royo.primary@gmail.com', isFreeProvisioningTeam='0'>">
	<IDEDistributionContext: 0x7fa33368f480; archive = "<IDEArchive: 0x7fa349626f10>", distributionMethod="<IDEDistributionMethodiOSAppStoreDistribution: 0x7fa41ac9e4b0>", team="<IDEProvisioningDisambiguatableBasicTeam: 0x7fa31a13b8d0; teamID='6FXUMT5X23', teamName='Code Brew Labs', teamType='Company', username='royo.primary@gmail.com', isFreeProvisioningTeam='0'>">
	<IDEDistributionContext: 0x7fa3244e9070; archive = "<IDEArchive: 0x7fa349626f10>", distributionMethod="<IDEDistributionMethodiOSAppStoreDistribution: 0x7fa41ac9e4b0>", team="<IDEProvisioningDisambiguatableBasicTeam: 0x7fa31a13b8d0; teamID='6FXUMT5X23', teamName='Code Brew Labs', teamType='Company', username='royo.primary@gmail.com', isFreeProvisioningTeam='0'>">
	<IDEDistributionContext: 0x7fa3244e3940; archive = "<IDEArchive: 0x7fa349626f10>", distributionMethod="<IDEDistributionMethodiOSAppStoreDistribution: 0x7fa41ac9e4b0>", team="(null)">
	<IDEDistributionContext: 0x7fa333641fe0; archive = "<IDEArchive: 0x7fa349626f10>", distributionMethod="<IDEDistributionMethodiOSAppStoreDistribution: 0x7fa41ac9e4b0>", team="(null)">
	<IDEDistributionContext: 0x7fa324466fa0; archive = "<IDEArchive: 0x7fa349626f10>", distributionMethod="(null)", team="(null)">
</IDEDistributionProcessingPipelineContext: 0x7fa334e45fe0>
2022-05-13 09:18:01 +0000  Processing step: IDEDistributionCreateDestRootStep
2022-05-13 09:18:01 +0000  Processing step: IDEDistributionCopyItemStep
2022-05-13 09:18:01 +0000  Running /usr/bin/ditto '-V' '/Users/cbl-mac-001/Library/Developer/Xcode/Archives/2022-05-13/Onscart(Prod) 13-05-22, 1.29 PM.xcarchive/Products/Applications/Onscart.app' '/var/folders/ww/sw0d02593_9c001st0kyw4bc0000gn/T/XcodeDistPipeline.~~~p63Lc0/Root/Payload/Onscart.app'
2022-05-13 09:18:01 +0000  >>> Copying /Users/cbl-mac-001/Library/Developer/Xcode/Archives/2022-05-13/Onscart(Prod) 13-05-22, 1.29 PM.xcarchive/Products/Applications/Onscart.app 
2022-05-13 09:18:01 +0000  copying file ./_CodeSignature/CodeResources ... 
2022-05-13 09:18:01 +0000  328615 bytes for ./_CodeSignature/CodeResources
2022-05-13 09:18:01 +0000  copying file ./Stripe3DS2.bundle/de.lproj/Localizable.strings ... 
2022-05-13 09:18:01 +0000  1591 bytes for ./Stripe3DS2.bundle/de.lproj/Localizable.strings
2022-05-13 09:18:01 +0000  copying file ./Stripe3DS2.bundle/lt-LT.lproj/Localizable.strings ... 
2022-05-13 09:18:01 +0000  1775 bytes for ./Stripe3DS2.bundle/lt-LT.lproj/Localizable.strings
2022-05-13 09:18:01 +0000  copying file ./Stripe3DS2.bundle/zh-Hans.lproj/Localizable.strings ... 
2022-05-13 09:18:01 +0000  1483 bytes for ./Stripe3DS2.bundle/zh-Hans.lproj/Localizable.strings
2022-05-13 09:18:01 +0000  copying file ./Stripe3DS2.bundle/ja.lproj/Localizable.strings ... 
2022-05-13 09:18:01 +0000  1673 bytes for ./Stripe3DS2.bundle/ja.lproj/Localizable.strings
2022-05-13 09:18:01 +0000  copying file ./Stripe3DS2.bundle/error@3x.png ... 
2022-05-13 09:18:01 +0000  2030 bytes for ./Stripe3DS2.bundle/error@3x.png
2022-05-13 09:18:01 +0000  copying file ./Stripe3DS2.bundle/el-GR.lproj/Localizable.strings ... 
2022-05-13 09:18:01 +0000  1775 bytes for ./Stripe3DS2.bundle/el-GR.lproj/Localizable.strings
2022-05-13 09:18:01 +0000  copying file ./Stripe3DS2.bundle/ms-MY.lproj/Localizable.strings ... 
2022-05-13 09:18:01 +0000  1775 bytes for ./Stripe3DS2.bundle/ms-MY.lproj/Localizable.strings
2022-05-13 09:18:01 +0000  copying file ./Stripe3DS2.bundle/en.lproj/Localizable.strings ... 
2022-05-13 09:18:01 +0000  1775 bytes for ./Stripe3DS2.bundle/en.lproj/Localizable.strings
2022-05-13 09:18:01 +0000  copying file ./Stripe3DS2.bundle/zh-HK.lproj/Localizable.strings ... 
2022-05-13 09:18:01 +0000  1470 bytes for ./Stripe3DS2.bundle/zh-HK.lproj/Localizable.strings
2022-05-13 09:18:01 +0000  copying file ./Stripe3DS2.bundle/mt.lproj/Localizable.strings ... 
2022-05-13 09:18:01 +0000  1598 bytes for ./Stripe3DS2.bundle/mt.lproj/Localizable.strings
2022-05-13 09:18:01 +0000  copying file ./Stripe3DS2.bundle/nb.lproj/Localizable.strings ... 
2022-05-13 09:18:01 +0000  1479 bytes for ./Stripe3DS2.bundle/nb.lproj/Localizable.strings
2022-05-13 09:18:01 +0000  copying file ./Stripe3DS2.bundle/ca-ES.lproj/Localizable.strings ... 
2022-05-13 09:18:01 +0000  1775 bytes for ./Stripe3DS2.bundle/ca-ES.lproj/Localizable.strings
2022-05-13 09:18:01 +0000  copying file ./Stripe3DS2.bundle/en-GB.lproj/Localizable.strings ... 
2022-05-13 09:18:01 +0000  1511 bytes for ./Stripe3DS2.bundle/en-GB.lproj/Localizable.strings
2022-05-13 09:18:01 +0000  copying file ./Stripe3DS2.bundle/es.lproj/Localizable.strings ... 
2022-05-13 09:18:01 +0000  1570 bytes for ./Stripe3DS2.bundle/es.lproj/Localizable.strings
2022-05-13 09:18:01 +0000  copying file ./Stripe3DS2.bundle/da.lproj/Localizable.strings ... 
2022-05-13 09:18:01 +0000  1530 bytes for ./Stripe3DS2.bundle/da.lproj/Localizable.strings
2022-05-13 09:18:01 +0000  copying file ./Stripe3DS2.bundle/es-419.lproj/Localizable.strings ... 
2022-05-13 09:18:01 +0000  1570 bytes for ./Stripe3DS2.bundle/es-419.lproj/Localizable.strings
2022-05-13 09:18:01 +0000  copying file ./Stripe3DS2.bundle/cartes-bancaires-logo.png ... 
2022-05-13 09:18:01 +0000  23990 bytes for ./Stripe3DS2.bundle/cartes-bancaires-logo.png
2022-05-13 09:18:01 +0000  copying file ./Stripe3DS2.bundle/it.lproj/Localizable.strings ... 
2022-05-13 09:18:01 +0000  1584 bytes for ./Stripe3DS2.bundle/it.lproj/Localizable.strings
2022-05-13 09:18:01 +0000  copying file ./Stripe3DS2.bundle/nn-NO.lproj/Localizable.strings ... 
2022-05-13 09:18:01 +0000  1483 bytes for ./Stripe3DS2.bundle/nn-NO.lproj/Localizable.strings
2022-05-13 09:18:01 +0000  copying file ./Stripe3DS2.bundle/fr-CA.lproj/Localizable.strings ... 
2022-05-13 09:18:01 +0000  1599 bytes for ./Stripe3DS2.bundle/fr-CA.lproj/Localizable.strings
2022-05-13 09:18:01 +0000  copying file ./Stripe3DS2.bundle/mastercard-logo@3x.png ... 
2022-05-13 09:18:01 +0000  4619 bytes for ./Stripe3DS2.bundle/mastercard-logo@3x.png
2022-05-13 09:18:01 +0000  copying file ./Stripe3DS2.bundle/bg-BG.lproj/Localizable.strings ... 
2022-05-13 09:18:01 +0000  1775 bytes for ./Stripe3DS2.bundle/bg-BG.lproj/Localizable.strings
2022-05-13 09:18:01 +0000  copying file ./Stripe3DS2.bundle/sv.lproj/Localizable.strings ... 
2022-05-13 09:18:01 +0000  1490 bytes for ./Stripe3DS2.bundle/sv.lproj/Localizable.strings
2022-05-13 09:18:01 +0000  copying file ./Stripe3DS2.bundle/visa-white-logo@3x.png ... 
2022-05-13 09:18:01 +0000  5690 bytes for ./Stripe3DS2.bundle/visa-white-logo@3x.png
2022-05-13 09:18:01 +0000  copying file ./Stripe3DS2.bundle/ko.lproj/Localizable.strings ... 
2022-05-13 09:18:01 +0000  1585 bytes for ./Stripe3DS2.bundle/ko.lproj/Localizable.strings
2022-05-13 09:18:01 +0000  copying file ./Stripe3DS2.bundle/fil.lproj/Localizable.strings ... 
2022-05-13 09:18:01 +0000  1775 bytes for ./Stripe3DS2.bundle/fil.lproj/Localizable.strings
2022-05-13 09:18:01 +0000  copying file ./Stripe3DS2.bundle/discover-logo.png ... 
2022-05-13 09:18:01 +0000  4601 bytes for ./Stripe3DS2.bundle/discover-logo.png
2022-05-13 09:18:01 +0000  copying file ./Stripe3DS2.bundle/zh-Hant.lproj/Localizable.strings ... 
2022-05-13 09:18:01 +0000  1473 bytes for ./Stripe3DS2.bundle/zh-Hant.lproj/Localizable.strings
2022-05-13 09:18:01 +0000  copying file ./Stripe3DS2.bundle/tk.lproj/Localizable.strings ... 
2022-05-13 09:18:01 +0000  1775 bytes for ./Stripe3DS2.bundle/tk.lproj/Localizable.strings
2022-05-13 09:18:01 +0000  copying file ./Stripe3DS2.bundle/Chevron@3x.png ... 
2022-05-13 09:18:01 +0000  699 bytes for ./Stripe3DS2.bundle/Chevron@3x.png
2022-05-13 09:18:01 +0000  copying file ./Stripe3DS2.bundle/ro-RO.lproj/Localizable.strings ... 
2022-05-13 09:18:01 +0000  1775 bytes for ./Stripe3DS2.bundle/ro-RO.lproj/Localizable.strings
copying file ./Stripe3DS2.bundle/hu.lproj/Localizable.strings ... 
1542 bytes for ./Stripe3DS2.bundle/hu.lproj/Localizable.strings
copying file ./Stripe3DS2.bundle/visa-logo@3x.png ... 
2022-05-13 09:18:01 +0000  5103 bytes for ./Stripe3DS2.bundle/visa-logo@3x.png
copying file ./Stripe3DS2.bundle/tr.lproj/Localizable.strings ... 
2022-05-13 09:18:01 +0000  1566 bytes for ./Stripe3DS2.bundle/tr.lproj/Localizable.strings
2022-05-13 09:18:01 +0000  copying file ./Stripe3DS2.bundle/et-EE.lproj/Localizable.strings ... 
2022-05-13 09:18:01 +0000  1775 bytes for ./Stripe3DS2.bundle/et-EE.lproj/Localizable.strings
2022-05-13 09:18:01 +0000  copying file ./Stripe3DS2.bundle/pt-BR.lproj/Localizable.strings ... 
2022-05-13 09:18:01 +0000  1564 bytes for ./Stripe3DS2.bundle/pt-BR.lproj/Localizable.strings
2022-05-13 09:18:01 +0000  copying file ./Stripe3DS2.bundle/lv-LV.lproj/Localizable.strings ... 
2022-05-13 09:18:01 +0000  1775 bytes for ./Stripe3DS2.bundle/lv-LV.lproj/Localizable.strings
2022-05-13 09:18:01 +0000  copying file ./Stripe3DS2.bundle/vi.lproj/Localizable.strings ... 
2022-05-13 09:18:01 +0000  1775 bytes for ./Stripe3DS2.bundle/vi.lproj/Localizable.strings
2022-05-13 09:18:01 +0000  copying file ./Stripe3DS2.bundle/ru.lproj/Localizable.strings ... 
2022-05-13 09:18:01 +0000  1956 bytes for ./Stripe3DS2.bundle/ru.lproj/Localizable.strings
2022-05-13 09:18:01 +0000  copying file ./Stripe3DS2.bundle/cs-CZ.lproj/Localizable.strings ... 
2022-05-13 09:18:01 +0000  1775 bytes for ./Stripe3DS2.bundle/cs-CZ.lproj/Localizable.strings
2022-05-13 09:18:01 +0000  copying file ./Stripe3DS2.bundle/sk-SK.lproj/Localizable.strings ... 
2022-05-13 09:18:01 +0000  1775 bytes for ./Stripe3DS2.bundle/sk-SK.lproj/Localizable.strings
2022-05-13 09:18:01 +0000  copying file ./Stripe3DS2.bundle/sl-SI.lproj/Localizable.strings ... 
2022-05-13 09:18:01 +0000  1775 bytes for ./Stripe3DS2.bundle/sl-SI.lproj/Localizable.strings
2022-05-13 09:18:01 +0000  copying file ./Stripe3DS2.bundle/fr.lproj/Localizable.strings ... 
2022-05-13 09:18:01 +0000  1597 bytes for ./Stripe3DS2.bundle/fr.lproj/Localizable.strings
2022-05-13 09:18:01 +0000  copying file ./Stripe3DS2.bundle/fi.lproj/Localizable.strings ... 
2022-05-13 09:18:01 +0000  1589 bytes for ./Stripe3DS2.bundle/fi.lproj/Localizable.strings
2022-05-13 09:18:01 +0000  copying file ./Stripe3DS2.bundle/id.lproj/Localizable.strings ... 
2022-05-13 09:18:01 +0000  1775 bytes for ./Stripe3DS2.bundle/id.lproj/Localizable.strings
2022-05-13 09:18:01 +0000  copying file ./Stripe3DS2.bundle/nl.lproj/Localizable.strings ... 
2022-05-13 09:18:01 +0000  1603 bytes for ./Stripe3DS2.bundle/nl.lproj/Localizable.strings
2022-05-13 09:18:01 +0000  copying file ./Stripe3DS2.bundle/pl-PL.lproj/Localizable.strings ... 
2022-05-13 09:18:01 +0000  1775 bytes for ./Stripe3DS2.bundle/pl-PL.lproj/Localizable.strings
2022-05-13 09:18:01 +0000  copying file ./Stripe3DS2.bundle/amex-logo@3x.png ... 
2022-05-13 09:18:01 +0000  5414 bytes for ./Stripe3DS2.bundle/amex-logo@3x.png
2022-05-13 09:18:01 +0000  copying file ./Stripe3DS2.bundle/pt-PT.lproj/Localizable.strings ... 
2022-05-13 09:18:01 +0000  1592 bytes for ./Stripe3DS2.bundle/pt-PT.lproj/Localizable.strings
2022-05-13 09:18:01 +0000  copying file ./Stripe3DS2.bundle/Info.plist ... 
2022-05-13 09:18:01 +0000  767 bytes for ./Stripe3DS2.bundle/Info.plist
2022-05-13 09:18:01 +0000  copying file ./Stripe3DS2.bundle/hr.lproj/Localizable.strings ... 
2022-05-13 09:18:01 +0000  1775 bytes for ./Stripe3DS2.bundle/hr.lproj/Localizable.strings
2022-05-13 09:18:01 +0000  copying file ./notification.mp3 ... 
2022-05-13 09:18:01 +0000  231549 bytes for ./notification.mp3
2022-05-13 09:18:01 +0000  copying file ./GoogleMaps.bundle/bubble_left@3x.png ... 
2022-05-13 09:18:01 +0000  2386 bytes for ./GoogleMaps.bundle/bubble_left@3x.png
copying file ./GoogleMaps.bundle/bubble_left.png ... 
2022-05-13 09:18:01 +0000  451 bytes for ./GoogleMaps.bundle/bubble_left.png
2022-05-13 09:18:01 +0000  copying file ./GoogleMaps.bundle/bubble_left@2x.png ... 
2022-05-13 09:18:01 +0000  1055 bytes for ./GoogleMaps.bundle/bubble_left@2x.png
copying file ./GoogleMaps.bundle/bubble_right@3x.png ... 
2022-05-13 09:18:01 +0000  2374 bytes for ./GoogleMaps.bundle/bubble_right@3x.png
copying file ./GoogleMaps.bundle/ic_error.png ... 
2022-05-13 09:18:01 +0000  236 bytes for ./GoogleMaps.bundle/ic_error.png
2022-05-13 09:18:01 +0000  copying file ./GoogleMaps.bundle/bubble_right@2x.png ... 
2022-05-13 09:18:01 +0000  1051 bytes for ./GoogleMaps.bundle/bubble_right@2x.png
2022-05-13 09:18:01 +0000  copying file ./GoogleMaps.bundle/GMSCoreResources.bundle/de.lproj/GMSCore.strings ... 
2022-05-13 09:18:01 +0000  3571 bytes for ./GoogleMaps.bundle/GMSCoreResources.bundle/de.lproj/GMSCore.strings
2022-05-13 09:18:01 +0000  copying file ./GoogleMaps.bundle/GMSCoreResources.bundle/he.lproj/GMSCore.strings ... 
2022-05-13 09:18:01 +0000  3684 bytes for ./GoogleMaps.bundle/GMSCoreResources.bundle/he.lproj/GMSCore.strings
2022-05-13 09:18:01 +0000  copying file ./GoogleMaps.bundle/GMSCoreResources.bundle/en_AU.lproj/GMSCore.strings ... 
2022-05-13 09:18:01 +0000  3340 bytes for ./GoogleMaps.bundle/GMSCoreResources.bundle/en_AU.lproj/GMSCore.strings
2022-05-13 09:18:01 +0000  copying file ./GoogleMaps.bundle/GMSCoreResources.bundle/ar.lproj/GMSCore.strings ... 
2022-05-13 09:18:01 +0000  4459 bytes for ./GoogleMaps.bundle/GMSCoreResources.bundle/ar.lproj/GMSCore.strings
2022-05-13 09:18:01 +0000  copying file ./GoogleMaps.bundle/GMSCoreResources.bundle/el.lproj/GMSCore.strings ... 
2022-05-13 09:18:01 +0000  3947 bytes for ./GoogleMaps.bundle/GMSCoreResources.bundle/el.lproj/GMSCore.strings
2022-05-13 09:18:01 +0000  copying file ./GoogleMaps.bundle/GMSCoreResources.bundle/ja.lproj/GMSCore.strings ... 
2022-05-13 09:18:01 +0000  3138 bytes for ./GoogleMaps.bundle/GMSCoreResources.bundle/ja.lproj/GMSCore.strings
2022-05-13 09:18:01 +0000  copying file ./GoogleMaps.bundle/GMSCoreResources.bundle/ic_qu_direction_mylocation@2x.png ... 
2022-05-13 09:18:01 +0000  663 bytes for ./GoogleMaps.bundle/GMSCoreResources.bundle/ic_qu_direction_mylocation@2x.png
2022-05-13 09:18:01 +0000  copying file ./GoogleMaps.bundle/GMSCoreResources.bundle/en.lproj/GMSCore.strings ... 
2022-05-13 09:18:01 +0000  3323 bytes for ./GoogleMaps.bundle/GMSCoreResources.bundle/en.lproj/GMSCore.strings
2022-05-13 09:18:01 +0000  copying file ./GoogleMaps.bundle/GMSCoreResources.bundle/uk.lproj/GMSCore.strings ... 
2022-05-13 09:18:01 +0000  4204 bytes for ./GoogleMaps.bundle/GMSCoreResources.bundle/uk.lproj/GMSCore.strings
2022-05-13 09:18:01 +0000  copying file ./GoogleMaps.bundle/GMSCoreResources.bundle/ic_qu_direction_mylocation.png ... 
2022-05-13 09:18:01 +0000  362 bytes for ./GoogleMaps.bundle/GMSCoreResources.bundle/ic_qu_direction_mylocation.png
2022-05-13 09:18:01 +0000  copying file ./GoogleMaps.bundle/GMSCoreResources.bundle/es_419.lproj/GMSCore.strings ... 
2022-05-13 09:18:01 +0000  3619 bytes for ./GoogleMaps.bundle/GMSCoreResources.bundle/es_419.lproj/GMSCore.strings
2022-05-13 09:18:01 +0000  copying file ./GoogleMaps.bundle/GMSCoreResources.bundle/GMSSprites-0-1x.png ... 
2022-05-13 09:18:01 +0000  10597 bytes for ./GoogleMaps.bundle/GMSCoreResources.bundle/GMSSprites-0-1x.png
2022-05-13 09:18:01 +0000  copying file ./GoogleMaps.bundle/GMSCoreResources.bundle/ic_compass_needle_large@2x.png ... 
2022-05-13 09:18:01 +0000  2446 bytes for ./GoogleMaps.bundle/GMSCoreResources.bundle/ic_compass_needle_large@2x.png
copying file ./GoogleMaps.bundle/GMSCoreResources.bundle/ic_compass_needle_large@3x.png ... 
2022-05-13 09:18:01 +0000  3304 bytes for ./GoogleMaps.bundle/GMSCoreResources.bundle/ic_compass_needle_large@3x.png
2022-05-13 09:18:01 +0000  copying file ./GoogleMaps.bundle/GMSCoreResources.bundle/es_MX.lproj/GMSCore.strings ... 
2022-05-13 09:18:01 +0000  3619 bytes for ./GoogleMaps.bundle/GMSCoreResources.bundle/es_MX.lproj/GMSCore.strings
2022-05-13 09:18:01 +0000  copying file ./GoogleMaps.bundle/GMSCoreResources.bundle/ic_compass_needle_large.png ... 
2022-05-13 09:18:01 +0000  1114 bytes for ./GoogleMaps.bundle/GMSCoreResources.bundle/ic_compass_needle_large.png
2022-05-13 09:18:01 +0000  copying file ./GoogleMaps.bundle/GMSCoreResources.bundle/zh_CN.lproj/GMSCore.strings ... 
2022-05-13 09:18:01 +0000  3114 bytes for ./GoogleMaps.bundle/GMSCoreResources.bundle/zh_CN.lproj/GMSCore.strings
2022-05-13 09:18:01 +0000  copying file ./GoogleMaps.bundle/GMSCoreResources.bundle/ic_qu_direction_mylocation@3x.png ... 
2022-05-13 09:18:01 +0000  1240 bytes for ./GoogleMaps.bundle/GMSCoreResources.bundle/ic_qu_direction_mylocation@3x.png
2022-05-13 09:18:01 +0000  copying file ./GoogleMaps.bundle/GMSCoreResources.bundle/DroidSansMerged-Regular.ttf ... 
2022-05-13 09:18:01 +0000  392092 bytes for ./GoogleMaps.bundle/GMSCoreResources.bundle/DroidSansMerged-Regular.ttf
2022-05-13 09:18:01 +0000  copying file ./GoogleMaps.bundle/GMSCoreResources.bundle/nb.lproj/GMSCore.strings ... 
3497 bytes for ./GoogleMaps.bundle/GMSCoreResources.bundle/nb.lproj/GMSCore.strings
copying file ./GoogleMaps.bundle/GMSCoreResources.bundle/es.lproj/GMSCore.strings ... 
2022-05-13 09:18:01 +0000  3620 bytes for ./GoogleMaps.bundle/GMSCoreResources.bundle/es.lproj/GMSCore.strings
2022-05-13 09:18:01 +0000  copying file ./GoogleMaps.bundle/GMSCoreResources.bundle/pt_BR.lproj/GMSCore.strings ... 
2022-05-13 09:18:01 +0000  3668 bytes for ./GoogleMaps.bundle/GMSCoreResources.bundle/pt_BR.lproj/GMSCore.strings
2022-05-13 09:18:01 +0000  copying file ./GoogleMaps.bundle/GMSCoreResources.bundle/da.lproj/GMSCore.strings ... 
2022-05-13 09:18:01 +0000  3584 bytes for ./GoogleMaps.bundle/GMSCoreResources.bundle/da.lproj/GMSCore.strings
2022-05-13 09:18:01 +0000  copying file ./GoogleMaps.bundle/GMSCoreResources.bundle/ic_location_off@3x.png ... 
2022-05-13 09:18:01 +0000  1577 bytes for ./GoogleMaps.bundle/GMSCoreResources.bundle/ic_location_off@3x.png
2022-05-13 09:18:01 +0000  copying file ./GoogleMaps.bundle/GMSCoreResources.bundle/it.lproj/GMSCore.strings ... 
2022-05-13 09:18:01 +0000  3395 bytes for ./GoogleMaps.bundle/GMSCoreResources.bundle/it.lproj/GMSCore.strings
2022-05-13 09:18:01 +0000  copying file ./GoogleMaps.bundle/GMSCoreResources.bundle/sk.lproj/GMSCore.strings ... 
2022-05-13 09:18:01 +0000  3679 bytes for ./GoogleMaps.bundle/GMSCoreResources.bundle/sk.lproj/GMSCore.strings
2022-05-13 09:18:01 +0000  copying file ./GoogleMaps.bundle/GMSCoreResources.bundle/GMSNavSprites-0-3x.png ... 
2022-05-13 09:18:01 +0000  20924 bytes for ./GoogleMaps.bundle/GMSCoreResources.bundle/GMSNavSprites-0-3x.png
2022-05-13 09:18:01 +0000  copying file ./GoogleMaps.bundle/GMSCoreResources.bundle/pt_PT.lproj/GMSCore.strings ... 
2022-05-13 09:18:01 +0000  3651 bytes for ./GoogleMaps.bundle/GMSCoreResources.bundle/pt_PT.lproj/GMSCore.strings
2022-05-13 09:18:01 +0000  copying file ./GoogleMaps.bundle/GMSCoreResources.bundle/button_compass_night.png ... 
2022-05-13 09:18:01 +0000  720 bytes for ./GoogleMaps.bundle/GMSCoreResources.bundle/button_compass_night.png
2022-05-13 09:18:01 +0000  copying file ./GoogleMaps.bundle/GMSCoreResources.bundle/button_my_location.png ... 
2022-05-13 09:18:01 +0000  492 bytes for ./GoogleMaps.bundle/GMSCoreResources.bundle/button_my_location.png
2022-05-13 09:18:01 +0000  copying file ./GoogleMaps.bundle/GMSCoreResources.bundle/road_16-4.png ... 
2022-05-13 09:18:01 +0000  127 bytes for ./GoogleMaps.bundle/GMSCoreResources.bundle/road_16-4.png
2022-05-13 09:18:01 +0000  copying file ./GoogleMaps.bundle/GMSCoreResources.bundle/ms.lproj/GMSCore.strings ... 
2022-05-13 09:18:01 +0000  3279 bytes for ./GoogleMaps.bundle/GMSCoreResources.bundle/ms.lproj/GMSCore.strings
2022-05-13 09:18:01 +0000  copying file ./GoogleMaps.bundle/GMSCoreResources.bundle/road_256-64.png ... 
2022-05-13 09:18:01 +0000  1934 bytes for ./GoogleMaps.bundle/GMSCoreResources.bundle/road_256-64.png
2022-05-13 09:18:01 +0000  copying file ./GoogleMaps.bundle/GMSCoreResources.bundle/button_compass.png ... 
2022-05-13 09:18:01 +0000  631 bytes for ./GoogleMaps.bundle/GMSCoreResources.bundle/button_compass.png
2022-05-13 09:18:01 +0000  copying file ./GoogleMaps.bundle/GMSCoreResources.bundle/sv.lproj/GMSCore.strings ... 
2022-05-13 09:18:01 +0000  3717 bytes for ./GoogleMaps.bundle/GMSCoreResources.bundle/sv.lproj/GMSCore.strings
2022-05-13 09:18:01 +0000  copying file ./GoogleMaps.bundle/GMSCoreResources.bundle/road_8-2.png ... 
2022-05-13 09:18:01 +0000  93 bytes for ./GoogleMaps.bundle/GMSCoreResources.bundle/road_8-2.png
2022-05-13 09:18:01 +0000  copying file ./GoogleMaps.bundle/GMSCoreResources.bundle/cs.lproj/GMSCore.strings ... 
2022-05-13 09:18:01 +0000  3914 bytes for ./GoogleMaps.bundle/GMSCoreResources.bundle/cs.lproj/GMSCore.strings
2022-05-13 09:18:01 +0000  copying file ./GoogleMaps.bundle/GMSCoreResources.bundle/button_background.png ... 
2022-05-13 09:18:01 +0000  334 bytes for ./GoogleMaps.bundle/GMSCoreResources.bundle/button_background.png
2022-05-13 09:18:01 +0000  copying file ./GoogleMaps.bundle/GMSCoreResources.bundle/GMSNavNightModeSprites-0-1x.png ... 
2022-05-13 09:18:01 +0000  3393 bytes for ./GoogleMaps.bundle/GMSCoreResources.bundle/GMSNavNightModeSprites-0-1x.png
2022-05-13 09:18:01 +0000  copying file ./GoogleMaps.bundle/GMSCoreResources.bundle/button_my_location@2x.png ... 
2022-05-13 09:18:01 +0000  1229 bytes for ./GoogleMaps.bundle/GMSCoreResources.bundle/button_my_location@2x.png
2022-05-13 09:18:01 +0000  copying file ./GoogleMaps.bundle/GMSCoreResources.bundle/en_IN.lproj/GMSCore.strings ... 
2022-05-13 09:18:01 +0000  3340 bytes for ./GoogleMaps.bundle/GMSCoreResources.bundle/en_IN.lproj/GMSCore.strings
2022-05-13 09:18:01 +0000  copying file ./GoogleMaps.bundle/GMSCoreResources.bundle/ko.lproj/GMSCore.strings ... 
2022-05-13 09:18:01 +0000  3184 bytes for ./GoogleMaps.bundle/GMSCoreResources.bundle/ko.lproj/GMSCore.strings
2022-05-13 09:18:01 +0000  copying file ./GoogleMaps.bundle/GMSCoreResources.bundle/GMSNavSprites-0-2x.png ... 
2022-05-13 09:18:01 +0000  13321 bytes for ./GoogleMaps.bundle/GMSCoreResources.bundle/GMSNavSprites-0-2x.png
copying file ./GoogleMaps.bundle/GMSCoreResources.bundle/ic_location_off@2x.png ... 
2022-05-13 09:18:01 +0000  860 bytes for ./GoogleMaps.bundle/GMSCoreResources.bundle/ic_location_off@2x.png
2022-05-13 09:18:01 +0000  copying file ./GoogleMaps.bundle/GMSCoreResources.bundle/GMSNavSprites-0-1x.png ... 
2022-05-13 09:18:01 +0000  5684 bytes for ./GoogleMaps.bundle/GMSCoreResources.bundle/GMSNavSprites-0-1x.png
2022-05-13 09:18:01 +0000  copying file ./GoogleMaps.bundle/GMSCoreResources.bundle/Tharlon-Regular.ttf ... 
2022-05-13 09:18:01 +0000  353228 bytes for ./GoogleMaps.bundle/GMSCoreResources.bundle/Tharlon-Regular.ttf
2022-05-13 09:18:01 +0000  copying file ./GoogleMaps.bundle/GMSCoreResources.bundle/hu.lproj/GMSCore.strings ... 
3454 bytes for ./GoogleMaps.bundle/GMSCoreResources.bundle/hu.lproj/GMSCore.strings
copying file ./GoogleMaps.bundle/GMSCoreResources.bundle/zh_HK.lproj/GMSCore.strings ... 
2022-05-13 09:18:01 +0000  3112 bytes for ./GoogleMaps.bundle/GMSCoreResources.bundle/zh_HK.lproj/GMSCore.strings
copying file ./GoogleMaps.bundle/GMSCoreResources.bundle/road_4-1.png ... 
2022-05-13 09:18:01 +0000  74 bytes for ./GoogleMaps.bundle/GMSCoreResources.bundle/road_4-1.png
copying file ./GoogleMaps.bundle/GMSCoreResources.bundle/button_background@2x.png ... 
2022-05-13 09:18:01 +0000  433 bytes for ./GoogleMaps.bundle/GMSCoreResources.bundle/button_background@2x.png
2022-05-13 09:18:01 +0000  copying file ./GoogleMaps.bundle/GMSCoreResources.bundle/ic_compass_needle@2x.png ... 
2022-05-13 09:18:01 +0000  992 bytes for ./GoogleMaps.bundle/GMSCoreResources.bundle/ic_compass_needle@2x.png
2022-05-13 09:18:01 +0000  copying file ./GoogleMaps.bundle/GMSCoreResources.bundle/Assets.car ... 
2022-05-13 09:18:01 +0000  73656 bytes for ./GoogleMaps.bundle/GMSCoreResources.bundle/Assets.car
2022-05-13 09:18:01 +0000  copying file ./GoogleMaps.bundle/GMSCoreResources.bundle/tr.lproj/GMSCore.strings ... 
2022-05-13 09:18:01 +0000  3455 bytes for ./GoogleMaps.bundle/GMSCoreResources.bundle/tr.lproj/GMSCore.strings
2022-05-13 09:18:01 +0000  copying file ./GoogleMaps.bundle/GMSCoreResources.bundle/pl.lproj/GMSCore.strings ... 
2022-05-13 09:18:01 +0000  3745 bytes for ./GoogleMaps.bundle/GMSCoreResources.bundle/pl.lproj/GMSCore.strings
2022-05-13 09:18:01 +0000  copying file ./GoogleMaps.bundle/GMSCoreResources.bundle/zh_TW.lproj/GMSCore.strings ... 
2022-05-13 09:18:01 +0000  3137 bytes for ./GoogleMaps.bundle/GMSCoreResources.bundle/zh_TW.lproj/GMSCore.strings
2022-05-13 09:18:01 +0000  copying file ./GoogleMaps.bundle/GMSCoreResources.bundle/GMSNavNightModeSprites-0-2x.png ... 
2022-05-13 09:18:01 +0000  7660 bytes for ./GoogleMaps.bundle/GMSCoreResources.bundle/GMSNavNightModeSprites-0-2x.png
2022-05-13 09:18:01 +0000  copying file ./GoogleMaps.bundle/GMSCoreResources.bundle/GMSNavNightModeSprites-0-3x.png ... 
2022-05-13 09:18:01 +0000  12519 bytes for ./GoogleMaps.bundle/GMSCoreResources.bundle/GMSNavNightModeSprites-0-3x.png
2022-05-13 09:18:01 +0000  copying file ./GoogleMaps.bundle/GMSCoreResources.bundle/en_GB.lproj/GMSCore.strings ... 
2022-05-13 09:18:01 +0000  3340 bytes for ./GoogleMaps.bundle/GMSCoreResources.bundle/en_GB.lproj/GMSCore.strings
2022-05-13 09:18:01 +0000  copying file ./GoogleMaps.bundle/GMSCoreResources.bundle/dav_one_way_16_256.png ... 
2022-05-13 09:18:01 +0000  315 bytes for ./GoogleMaps.bundle/GMSCoreResources.bundle/dav_one_way_16_256.png
2022-05-13 09:18:01 +0000  copying file ./GoogleMaps.bundle/GMSCoreResources.bundle/road_2-1.png ... 
2022-05-13 09:18:01 +0000  84 bytes for ./GoogleMaps.bundle/GMSCoreResources.bundle/road_2-1.png
2022-05-13 09:18:01 +0000  copying file ./GoogleMaps.bundle/GMSCoreResources.bundle/vi.lproj/GMSCore.strings ... 
2022-05-13 09:18:01 +0000  3510 bytes for ./GoogleMaps.bundle/GMSCoreResources.bundle/vi.lproj/GMSCore.strings
2022-05-13 09:18:01 +0000  copying file ./GoogleMaps.bundle/GMSCoreResources.bundle/button_background@3x.png ... 
2022-05-13 09:18:01 +0000  515 bytes for ./GoogleMaps.bundle/GMSCoreResources.bundle/button_background@3x.png
copying file ./GoogleMaps.bundle/GMSCoreResources.bundle/road_32-8.png ... 
2022-05-13 09:18:01 +0000  223 bytes for ./GoogleMaps.bundle/GMSCoreResources.bundle/road_32-8.png
2022-05-13 09:18:01 +0000  copying file ./GoogleMaps.bundle/GMSCoreResources.bundle/lv.lproj/GMSCore.strings ... 
2022-05-13 09:18:01 +0000  3897 bytes for ./GoogleMaps.bundle/GMSCoreResources.bundle/lv.lproj/GMSCore.strings
2022-05-13 09:18:01 +0000  copying file ./GoogleMaps.bundle/GMSCoreResources.bundle/lt.lproj/GMSCore.strings ... 
2022-05-13 09:18:01 +0000  3601 bytes for ./GoogleMaps.bundle/GMSCoreResources.bundle/lt.lproj/GMSCore.strings
2022-05-13 09:18:01 +0000  copying file ./GoogleMaps.bundle/GMSCoreResources.bundle/ru.lproj/GMSCore.strings ... 
2022-05-13 09:18:01 +0000  4024 bytes for ./GoogleMaps.bundle/GMSCoreResources.bundle/ru.lproj/GMSCore.strings
2022-05-13 09:18:01 +0000  copying file ./GoogleMaps.bundle/GMSCoreResources.bundle/polyline_colors_texture_dim.png ... 
2022-05-13 09:18:01 +0000  7485 bytes for ./GoogleMaps.bundle/GMSCoreResources.bundle/polyline_colors_texture_dim.png
2022-05-13 09:18:01 +0000  copying file ./GoogleMaps.bundle/GMSCoreResources.bundle/fr_CA.lproj/GMSCore.strings ... 
2022-05-13 09:18:01 +0000  3604 bytes for ./GoogleMaps.bundle/GMSCoreResources.bundle/fr_CA.lproj/GMSCore.strings
2022-05-13 09:18:01 +0000  copying file ./GoogleMaps.bundle/GMSCoreResources.bundle/road_128-32.png ... 
2022-05-13 09:18:01 +0000  1029 bytes for ./GoogleMaps.bundle/GMSCoreResources.bundle/road_128-32.png
2022-05-13 09:18:01 +0000  copying file ./GoogleMaps.bundle/GMSCoreResources.bundle/fr.lproj/GMSCore.strings ... 
2022-05-13 09:18:01 +0000  3895 bytes for ./GoogleMaps.bundle/GMSCoreResources.bundle/fr.lproj/GMSCore.strings
2022-05-13 09:18:01 +0000  copying file ./GoogleMaps.bundle/GMSCoreResources.bundle/fi.lproj/GMSCore.strings ... 
2022-05-13 09:18:01 +0000  3527 bytes for ./GoogleMaps.bundle/GMSCoreResources.bundle/fi.lproj/GMSCore.strings
2022-05-13 09:18:01 +0000  copying file ./GoogleMaps.bundle/GMSCoreResources.bundle/id.lproj/GMSCore.strings ... 
2022-05-13 09:18:01 +0000  3261 bytes for ./GoogleMaps.bundle/GMSCoreResources.bundle/id.lproj/GMSCore.strings
2022-05-13 09:18:01 +0000  copying file ./GoogleMaps.bundle/GMSCoreResources.bundle/nl.lproj/GMSCore.strings ... 
2022-05-13 09:18:01 +0000  3421 bytes for ./GoogleMaps.bundle/GMSCoreResources.bundle/nl.lproj/GMSCore.strings
2022-05-13 09:18:01 +0000  copying file ./GoogleMaps.bundle/GMSCoreResources.bundle/th.lproj/GMSCore.strings ... 
2022-05-13 09:18:01 +0000  3458 bytes for ./GoogleMaps.bundle/GMSCoreResources.bundle/th.lproj/GMSCore.strings
2022-05-13 09:18:01 +0000  copying file ./GoogleMaps.bundle/GMSCoreResources.bundle/road_64-16.png ... 
2022-05-13 09:18:01 +0000  425 bytes for ./GoogleMaps.bundle/GMSCoreResources.bundle/road_64-16.png
2022-05-13 09:18:01 +0000  copying file ./GoogleMaps.bundle/GMSCoreResources.bundle/GMSSprites-0-3x.png ... 
2022-05-13 09:18:01 +0000  43676 bytes for ./GoogleMaps.bundle/GMSCoreResources.bundle/GMSSprites-0-3x.png
2022-05-13 09:18:01 +0000  copying file ./GoogleMaps.bundle/GMSCoreResources.bundle/polyline_colors_texture.png ... 
2022-05-13 09:18:01 +0000  7433 bytes for ./GoogleMaps.bundle/GMSCoreResources.bundle/polyline_colors_texture.png
2022-05-13 09:18:01 +0000  copying file ./GoogleMaps.bundle/GMSCoreResources.bundle/ic_compass_needle.png ... 
2022-05-13 09:18:01 +0000  483 bytes for ./GoogleMaps.bundle/GMSCoreResources.bundle/ic_compass_needle.png
2022-05-13 09:18:01 +0000  copying file ./GoogleMaps.bundle/GMSCoreResources.bundle/pt.lproj/GMSCore.strings ... 
2022-05-13 09:18:01 +0000  3668 bytes for ./GoogleMaps.bundle/GMSCoreResources.bundle/pt.lproj/GMSCore.strings
2022-05-13 09:18:01 +0000  copying file ./GoogleMaps.bundle/GMSCoreResources.bundle/road_1-1.png ... 
2022-05-13 09:18:01 +0000  95 bytes for ./GoogleMaps.bundle/GMSCoreResources.bundle/road_1-1.png
2022-05-13 09:18:01 +0000  copying file ./GoogleMaps.bundle/GMSCoreResources.bundle/ic_location_off.png ... 
2022-05-13 09:18:01 +0000  498 bytes for ./GoogleMaps.bundle/GMSCoreResources.bundle/ic_location_off.png
2022-05-13 09:18:01 +0000  copying file ./GoogleMaps.bundle/GMSCoreResources.bundle/ro.lproj/GMSCore.strings ... 
2022-05-13 09:18:01 +0000  3762 bytes for ./GoogleMaps.bundle/GMSCoreResources.bundle/ro.lproj/GMSCore.strings
2022-05-13 09:18:01 +0000  copying file ./GoogleMaps.bundle/GMSCoreResources.bundle/Info.plist ... 
2022-05-13 09:18:01 +0000  364 bytes for ./GoogleMaps.bundle/GMSCoreResources.bundle/Info.plist
copying file ./GoogleMaps.bundle/GMSCoreResources.bundle/GMSSprites-0-2x.png ... 
2022-05-13 09:18:01 +0000  24703 bytes for ./GoogleMaps.bundle/GMSCoreResources.bundle/GMSSprites-0-2x.png
copying file ./GoogleMaps.bundle/GMSCoreResources.bundle/button_compass_night@2x.png ... 
2221 bytes for ./GoogleMaps.bundle/GMSCoreResources.bundle/button_compass_night@2x.png
copying file ./GoogleMaps.bundle/GMSCoreResources.bundle/button_compass@2x.png ... 
2560 bytes for ./GoogleMaps.bundle/GMSCoreResources.bundle/button_compass@2x.png
2022-05-13 09:18:01 +0000  copying file ./GoogleMaps.bundle/GMSCoreResources.bundle/hr.lproj/GMSCore.strings ... 
2022-05-13 09:18:01 +0000  3544 bytes for ./GoogleMaps.bundle/GMSCoreResources.bundle/hr.lproj/GMSCore.strings
2022-05-13 09:18:01 +0000  copying file ./GoogleMaps.bundle/GMSCoreResources.bundle/hi.lproj/GMSCore.strings ... 
2022-05-13 09:18:01 +0000  3516 bytes for ./GoogleMaps.bundle/GMSCoreResources.bundle/hi.lproj/GMSCore.strings
2022-05-13 09:18:01 +0000  copying file ./GoogleMaps.bundle/GMSCoreResources.bundle/ca.lproj/GMSCore.strings ... 
2022-05-13 09:18:01 +0000  3518 bytes for ./GoogleMaps.bundle/GMSCoreResources.bundle/ca.lproj/GMSCore.strings
2022-05-13 09:18:01 +0000  copying file ./GoogleMaps.bundle/default_marker.png ... 
2022-05-13 09:18:01 +0000  1379 bytes for ./GoogleMaps.bundle/default_marker.png
2022-05-13 09:18:01 +0000  copying file ./GoogleMaps.bundle/ic_error@3x.png ... 
2022-05-13 09:18:01 +0000  743 bytes for ./GoogleMaps.bundle/ic_error@3x.png
2022-05-13 09:18:01 +0000  copying file ./GoogleMaps.bundle/oss_licenses_maps.txt.gz ... 
2022-05-13 09:18:01 +0000  51475 bytes for ./GoogleMaps.bundle/oss_licenses_maps.txt.gz
copying file ./GoogleMaps.bundle/bubble_right.png ... 
2022-05-13 09:18:01 +0000  455 bytes for ./GoogleMaps.bundle/bubble_right.png
copying file ./GoogleMaps.bundle/default_marker@3x.png ... 
2022-05-13 09:18:01 +0000  4275 bytes for ./GoogleMaps.bundle/default_marker@3x.png
copying file ./GoogleMaps.bundle/default_marker@2x.png ... 
2022-05-13 09:18:01 +0000  2815 bytes for ./GoogleMaps.bundle/default_marker@2x.png
copying file ./GoogleMaps.bundle/ic_error@2x.png ... 
2022-05-13 09:18:01 +0000  454 bytes for ./GoogleMaps.bundle/ic_error@2x.png
2022-05-13 09:18:01 +0000  copying file ./GoogleMaps.bundle/GMSCacheStorage.momd/Storage.mom ... 
2022-05-13 09:18:01 +0000  4576 bytes for ./GoogleMaps.bundle/GMSCacheStorage.momd/Storage.mom
copying file ./GoogleMaps.bundle/GMSCacheStorage.momd/VersionInfo.plist ... 
2022-05-13 09:18:01 +0000  1197 bytes for ./GoogleMaps.bundle/GMSCacheStorage.momd/VersionInfo.plist
2022-05-13 09:18:01 +0000  copying file ./GoogleMaps.bundle/GMSCacheStorage.momd/StorageWithTileProto.mom ... 
2022-05-13 09:18:01 +0000  5172 bytes for ./GoogleMaps.bundle/GMSCacheStorage.momd/StorageWithTileProto.mom
copying file ./GoogleMaps.bundle/GMSCacheStorage.momd/StorageWithTileVersionID.mom ... 
2022-05-13 09:18:01 +0000  4682 bytes for ./GoogleMaps.bundle/GMSCacheStorage.momd/StorageWithTileVersionID.mom
copying file ./GoogleMaps.bundle/GMSCacheStorage.momd/StorageWithTileProto.omo ... 
2022-05-13 09:18:01 +0000  11904 bytes for ./GoogleMaps.bundle/GMSCacheStorage.momd/StorageWithTileProto.omo
2022-05-13 09:18:01 +0000  copying file ./GoogleMaps.bundle/Info.plist ... 
2022-05-13 09:18:01 +0000  366 bytes for ./GoogleMaps.bundle/Info.plist
2022-05-13 09:18:01 +0000  copying file ./QBImagePicker.bundle/de.lproj/QBImagePicker.strings ... 
2022-05-13 09:18:01 +0000  686 bytes for ./QBImagePicker.bundle/de.lproj/QBImagePicker.strings
2022-05-13 09:18:01 +0000  copying file ./QBImagePicker.bundle/zh-Hans.lproj/QBImagePicker.strings ... 
2022-05-13 09:18:01 +0000  738 bytes for ./QBImagePicker.bundle/zh-Hans.lproj/QBImagePicker.strings
2022-05-13 09:18:01 +0000  copying file ./QBImagePicker.bundle/ja.lproj/QBImagePicker.strings ... 
2022-05-13 09:18:01 +0000  764 bytes for ./QBImagePicker.bundle/ja.lproj/QBImagePicker.strings
2022-05-13 09:18:01 +0000  copying file ./QBImagePicker.bundle/en.lproj/QBImagePicker.strings ... 
2022-05-13 09:18:01 +0000  681 bytes for ./QBImagePicker.bundle/en.lproj/QBImagePicker.strings
2022-05-13 09:18:01 +0000  copying file ./QBImagePicker.bundle/QBImagePicker.storyboardc/QiH-NZ-ZGN-view-sD2-zK-ryo.nib/runtime.nib ... 
2022-05-13 09:18:01 +0000  10163 bytes for ./QBImagePicker.bundle/QBImagePicker.storyboardc/QiH-NZ-ZGN-view-sD2-zK-ryo.nib/runtime.nib
2022-05-13 09:18:01 +0000  copying file ./QBImagePicker.bundle/QBImagePicker.storyboardc/QiH-NZ-ZGN-view-sD2-zK-ryo.nib/objects-12.3+.nib ... 
2022-05-13 09:18:01 +0000  10390 bytes for ./QBImagePicker.bundle/QBImagePicker.storyboardc/QiH-NZ-ZGN-view-sD2-zK-ryo.nib/objects-12.3+.nib
2022-05-13 09:18:01 +0000  copying file ./QBImagePicker.bundle/QBImagePicker.storyboardc/QBAlbumsViewController.nib/runtime.nib ... 
2022-05-13 09:18:01 +0000  1775 bytes for ./QBImagePicker.bundle/QBImagePicker.storyboardc/QBAlbumsViewController.nib/runtime.nib
copying file ./QBImagePicker.bundle/QBImagePicker.storyboardc/QBAlbumsViewController.nib/objects-12.3+.nib ... 
2022-05-13 09:18:01 +0000  1775 bytes for ./QBImagePicker.bundle/QBImagePicker.storyboardc/QBAlbumsViewController.nib/objects-12.3+.nib
2022-05-13 09:18:01 +0000  copying file ./QBImagePicker.bundle/QBImagePicker.storyboardc/QBAssetsViewController.nib/runtime.nib ... 
2022-05-13 09:18:01 +0000  1368 bytes for ./QBImagePicker.bundle/QBImagePicker.storyboardc/QBAssetsViewController.nib/runtime.nib
2022-05-13 09:18:01 +0000  copying file ./QBImagePicker.bundle/QBImagePicker.storyboardc/QBAssetsViewController.nib/objects-12.3+.nib ... 
2022-05-13 09:18:01 +0000  1368 bytes for ./QBImagePicker.bundle/QBImagePicker.storyboardc/QBAssetsViewController.nib/objects-12.3+.nib
2022-05-13 09:18:01 +0000  copying file ./QBImagePicker.bundle/QBImagePicker.storyboardc/QL5-wR-LYt-view-66K-TS-Yoc.nib/runtime.nib ... 
2022-05-13 09:18:01 +0000  7159 bytes for ./QBImagePicker.bundle/QBImagePicker.storyboardc/QL5-wR-LYt-view-66K-TS-Yoc.nib/runtime.nib
copying file ./QBImagePicker.bundle/QBImagePicker.storyboardc/QL5-wR-LYt-view-66K-TS-Yoc.nib/objects-12.3+.nib ... 
2022-05-13 09:18:01 +0000  7159 bytes for ./QBImagePicker.bundle/QBImagePicker.storyboardc/QL5-wR-LYt-view-66K-TS-Yoc.nib/objects-12.3+.nib
2022-05-13 09:18:01 +0000  copying file ./QBImagePicker.bundle/QBImagePicker.storyboardc/QBAlbumsNavigationController.nib/runtime.nib ... 
2022-05-13 09:18:01 +0000  2592 bytes for ./QBImagePicker.bundle/QBImagePicker.storyboardc/QBAlbumsNavigationController.nib/runtime.nib
2022-05-13 09:18:01 +0000  copying file ./QBImagePicker.bundle/QBImagePicker.storyboardc/QBAlbumsNavigationController.nib/objects-12.3+.nib ... 
2022-05-13 09:18:01 +0000  2592 bytes for ./QBImagePicker.bundle/QBImagePicker.storyboardc/QBAlbumsNavigationController.nib/objects-12.3+.nib
2022-05-13 09:18:01 +0000  copying file ./QBImagePicker.bundle/QBImagePicker.storyboardc/Info.plist ... 
2022-05-13 09:18:01 +0000  289 bytes for ./QBImagePicker.bundle/QBImagePicker.storyboardc/Info.plist
2022-05-13 09:18:01 +0000  copying file ./QBImagePicker.bundle/es.lproj/QBImagePicker.strings ... 
2022-05-13 09:18:01 +0000  685 bytes for ./QBImagePicker.bundle/es.lproj/QBImagePicker.strings
2022-05-13 09:18:01 +0000  copying file ./QBImagePicker.bundle/it.lproj/QBImagePicker.strings ... 
2022-05-13 09:18:01 +0000  679 bytes for ./QBImagePicker.bundle/it.lproj/QBImagePicker.strings
2022-05-13 09:18:01 +0000  copying file ./QBImagePicker.bundle/ko.lproj/QBImagePicker.strings ... 
2022-05-13 09:18:01 +0000  716 bytes for ./QBImagePicker.bundle/ko.lproj/QBImagePicker.strings
2022-05-13 09:18:01 +0000  copying file ./QBImagePicker.bundle/zh-Hant.lproj/QBImagePicker.strings ... 
2022-05-13 09:18:01 +0000  737 bytes for ./QBImagePicker.bundle/zh-Hant.lproj/QBImagePicker.strings
2022-05-13 09:18:01 +0000  copying file ./QBImagePicker.bundle/tr.lproj/QBImagePicker.strings ... 
2022-05-13 09:18:01 +0000  703 bytes for ./QBImagePicker.bundle/tr.lproj/QBImagePicker.strings
2022-05-13 09:18:01 +0000  copying file ./QBImagePicker.bundle/pl.lproj/QBImagePicker.strings ... 
2022-05-13 09:18:01 +0000  702 bytes for ./QBImagePicker.bundle/pl.lproj/QBImagePicker.strings
2022-05-13 09:18:01 +0000  copying file ./QBImagePicker.bundle/ru.lproj/QBImagePicker.strings ... 
2022-05-13 09:18:01 +0000  772 bytes for ./QBImagePicker.bundle/ru.lproj/QBImagePicker.strings
2022-05-13 09:18:01 +0000  copying file ./QBImagePicker.bundle/fr.lproj/QBImagePicker.strings ... 
2022-05-13 09:18:01 +0000  702 bytes for ./QBImagePicker.bundle/fr.lproj/QBImagePicker.strings
2022-05-13 09:18:01 +0000  copying file ./QBImagePicker.bundle/pt.lproj/QBImagePicker.strings ... 
2022-05-13 09:18:01 +0000  686 bytes for ./QBImagePicker.bundle/pt.lproj/QBImagePicker.strings
2022-05-13 09:18:01 +0000  copying file ./QBImagePicker.bundle/ro.lproj/QBImagePicker.strings ... 
2022-05-13 09:18:01 +0000  680 bytes for ./QBImagePicker.bundle/ro.lproj/QBImagePicker.strings
2022-05-13 09:18:01 +0000  copying file ./QBImagePicker.bundle/Info.plist ... 
2022-05-13 09:18:01 +0000  724 bytes for ./QBImagePicker.bundle/Info.plist
2022-05-13 09:18:01 +0000  copying file ./RoyoDriverInfo.plist ... 
2022-05-13 09:18:01 +0000  1563 bytes for ./RoyoDriverInfo.plist
2022-05-13 09:18:01 +0000  copying file ./AppIcon60x60@2x.png ... 
2022-05-13 09:18:01 +0000  13088 bytes for ./AppIcon60x60@2x.png
2022-05-13 09:18:01 +0000  copying file ./Onscart ... 
2022-05-13 09:18:01 +0000  139809952 bytes for ./Onscart
2022-05-13 09:18:01 +0000  copying file ./Stripe.bundle/de.lproj/Localizable.strings ... 
2022-05-13 09:18:01 +0000  19033 bytes for ./Stripe.bundle/de.lproj/Localizable.strings
2022-05-13 09:18:01 +0000  copying file ./Stripe.bundle/card_unknown_icon_dark@3x.png ... 
2022-05-13 09:18:01 +0000  492 bytes for ./Stripe.bundle/card_unknown_icon_dark@3x.png
2022-05-13 09:18:01 +0000  copying file ./Stripe.bundle/stp_card_error_amex@3x.png ... 
2022-05-13 09:18:01 +0000  1597 bytes for ./Stripe.bundle/stp_card_error_amex@3x.png
2022-05-13 09:18:01 +0000  copying file ./Stripe.bundle/lt-LT.lproj/Localizable.strings ... 
2022-05-13 09:18:01 +0000  19313 bytes for ./Stripe.bundle/lt-LT.lproj/Localizable.strings
2022-05-13 09:18:01 +0000  copying file ./Stripe.bundle/icon-pm-afterpay@3x.png ... 
2022-05-13 09:18:01 +0000  1059 bytes for ./Stripe.bundle/icon-pm-afterpay@3x.png
2022-05-13 09:18:01 +0000  copying file ./Stripe.bundle/zh-Hans.lproj/Localizable.strings ... 
2022-05-13 09:18:01 +0000  18107 bytes for ./Stripe.bundle/zh-Hans.lproj/Localizable.strings
2022-05-13 09:18:01 +0000  copying file ./Stripe.bundle/ja.lproj/Localizable.strings ... 
2022-05-13 09:18:01 +0000  19735 bytes for ./Stripe.bundle/ja.lproj/Localizable.strings
2022-05-13 09:18:01 +0000  copying file ./Stripe.bundle/stp_card_visa_template@3x.png ... 
2022-05-13 09:18:01 +0000  2303 bytes for ./Stripe.bundle/stp_card_visa_template@3x.png
2022-05-13 09:18:01 +0000  copying file ./Stripe.bundle/icon-pm-giropay@3x.png ... 
2022-05-13 09:18:01 +0000  1245 bytes for ./Stripe.bundle/icon-pm-giropay@3x.png
copying file ./Stripe.bundle/card_diners@3x.png ... 
2022-05-13 09:18:01 +0000  3723 bytes for ./Stripe.bundle/card_diners@3x.png
2022-05-13 09:18:01 +0000  copying file ./Stripe.bundle/el-GR.lproj/Localizable.strings ... 
2022-05-13 09:18:01 +0000  23029 bytes for ./Stripe.bundle/el-GR.lproj/Localizable.strings
2022-05-13 09:18:01 +0000  copying file ./Stripe.bundle/stp_card_form_back@3x.png ... 
2022-05-13 09:18:01 +0000  10419 bytes for ./Stripe.bundle/stp_card_form_back@3x.png
copying file ./Stripe.bundle/stp_card_unknown@3x.png ... 
2022-05-13 09:18:01 +0000  667 bytes for ./Stripe.bundle/stp_card_unknown@3x.png
2022-05-13 09:18:01 +0000  copying file ./Stripe.bundle/ms-MY.lproj/Localizable.strings ... 
2022-05-13 09:18:01 +0000  18734 bytes for ./Stripe.bundle/ms-MY.lproj/Localizable.strings
2022-05-13 09:18:01 +0000  copying file ./Stripe.bundle/icon_x@3x.png ... 
2022-05-13 09:18:01 +0000  3637 bytes for ./Stripe.bundle/icon_x@3x.png
copying file ./Stripe.bundle/stp_card_amex@3x.png ... 
2022-05-13 09:18:01 +0000  1041 bytes for ./Stripe.bundle/stp_card_amex@3x.png
2022-05-13 09:18:01 +0000  copying file ./Stripe.bundle/en.lproj/Localizable.strings ... 
2022-05-13 09:18:01 +0000  13737 bytes for ./Stripe.bundle/en.lproj/Localizable.strings
2022-05-13 09:18:01 +0000  copying file ./Stripe.bundle/stp_bank_fpx_ocbc@3x.png ... 
2022-05-13 09:18:01 +0000  3395 bytes for ./Stripe.bundle/stp_bank_fpx_ocbc@3x.png
copying file ./Stripe.bundle/icon-pm-ideal@3x.png ... 
2022-05-13 09:18:01 +0000  1139 bytes for ./Stripe.bundle/icon-pm-ideal@3x.png
2022-05-13 09:18:01 +0000  copying file ./Stripe.bundle/icon-pm-bancontact_dark@3x.png ... 
2022-05-13 09:18:01 +0000  472 bytes for ./Stripe.bundle/icon-pm-bancontact_dark@3x.png
2022-05-13 09:18:01 +0000  copying file ./Stripe.bundle/zh-HK.lproj/Localizable.strings ... 
2022-05-13 09:18:01 +0000  18035 bytes for ./Stripe.bundle/zh-HK.lproj/Localizable.strings
2022-05-13 09:18:01 +0000  copying file ./Stripe.bundle/icon-pm-bancontact@3x.png ... 
2022-05-13 09:18:01 +0000  2417 bytes for ./Stripe.bundle/icon-pm-bancontact@3x.png
2022-05-13 09:18:01 +0000  copying file ./Stripe.bundle/afterpay_icon_info@3x.png ... 
2022-05-13 09:18:01 +0000  1055 bytes for ./Stripe.bundle/afterpay_icon_info@3x.png
2022-05-13 09:18:01 +0000  copying file ./Stripe.bundle/stp_card_amex_template@3x.png ... 
2022-05-13 09:18:01 +0000  870 bytes for ./Stripe.bundle/stp_card_amex_template@3x.png
copying file ./Stripe.bundle/icon-pm-ideal_dark@3x.png ... 
2022-05-13 09:18:01 +0000  585 bytes for ./Stripe.bundle/icon-pm-ideal_dark@3x.png
2022-05-13 09:18:01 +0000  copying file ./Stripe.bundle/stp_card_diners_template@3x.png ... 
2022-05-13 09:18:01 +0000  1142 bytes for ./Stripe.bundle/stp_card_diners_template@3x.png
copying file ./Stripe.bundle/card_discover_dark@3x.png ... 
2022-05-13 09:18:01 +0000  5658 bytes for ./Stripe.bundle/card_discover_dark@3x.png
2022-05-13 09:18:01 +0000  copying file ./Stripe.bundle/card_unionpay_dark@3x.png ... 
2022-05-13 09:18:01 +0000  6124 bytes for ./Stripe.bundle/card_unionpay_dark@3x.png
2022-05-13 09:18:01 +0000  copying file ./Stripe.bundle/mt.lproj/Localizable.strings ... 
2022-05-13 09:18:01 +0000  19425 bytes for ./Stripe.bundle/mt.lproj/Localizable.strings
2022-05-13 09:18:01 +0000  copying file ./Stripe.bundle/stp_card_diners@3x.png ... 
2022-05-13 09:18:01 +0000  1075 bytes for ./Stripe.bundle/stp_card_diners@3x.png
2022-05-13 09:18:01 +0000  copying file ./Stripe.bundle/stp_icon_bank@3x.png ... 
2022-05-13 09:18:01 +0000  875 bytes for ./Stripe.bundle/stp_icon_bank@3x.png
2022-05-13 09:18:01 +0000  copying file ./Stripe.bundle/nb.lproj/Localizable.strings ... 
2022-05-13 09:18:01 +0000  18357 bytes for ./Stripe.bundle/nb.lproj/Localizable.strings
2022-05-13 09:18:01 +0000  copying file ./Stripe.bundle/ca-ES.lproj/Localizable.strings ... 
2022-05-13 09:18:01 +0000  19131 bytes for ./Stripe.bundle/ca-ES.lproj/Localizable.strings
2022-05-13 09:18:01 +0000  copying file ./Stripe.bundle/en-GB.lproj/Localizable.strings ... 
2022-05-13 09:18:01 +0000  18342 bytes for ./Stripe.bundle/en-GB.lproj/Localizable.strings
2022-05-13 09:18:01 +0000  copying file ./Stripe.bundle/es.lproj/Localizable.strings ... 
2022-05-13 09:18:01 +0000  19097 bytes for ./Stripe.bundle/es.lproj/Localizable.strings
2022-05-13 09:18:01 +0000  copying file ./Stripe.bundle/stp_bank_fpx_rhb@3x.png ... 
2022-05-13 09:18:01 +0000  2432 bytes for ./Stripe.bundle/stp_bank_fpx_rhb@3x.png
2022-05-13 09:18:01 +0000  copying file ./Stripe.bundle/da.lproj/Localizable.strings ... 
2022-05-13 09:18:01 +0000  18577 bytes for ./Stripe.bundle/da.lproj/Localizable.strings
2022-05-13 09:18:01 +0000  copying file ./Stripe.bundle/anz@3x.png ... 
2022-05-13 09:18:01 +0000  1701 bytes for ./Stripe.bundle/anz@3x.png
copying file ./Stripe.bundle/card_mastercard_dark@3x.png ... 
2022-05-13 09:18:01 +0000  5500 bytes for ./Stripe.bundle/card_mastercard_dark@3x.png
2022-05-13 09:18:01 +0000  copying file ./Stripe.bundle/es-419.lproj/Localizable.strings ... 
2022-05-13 09:18:01 +0000  19115 bytes for ./Stripe.bundle/es-419.lproj/Localizable.strings
2022-05-13 09:18:01 +0000  copying file ./Stripe.bundle/au_becs_bsb.json ... 
2022-05-13 09:18:01 +0000  7696 bytes for ./Stripe.bundle/au_becs_bsb.json
2022-05-13 09:18:01 +0000  copying file ./Stripe.bundle/stp_bank_fpx_bsn@3x.png ... 
2022-05-13 09:18:01 +0000  3875 bytes for ./Stripe.bundle/stp_bank_fpx_bsn@3x.png
2022-05-13 09:18:01 +0000  copying file ./Stripe.bundle/it.lproj/Localizable.strings ... 
2022-05-13 09:18:01 +0000  19056 bytes for ./Stripe.bundle/it.lproj/Localizable.strings
2022-05-13 09:18:01 +0000  copying file ./Stripe.bundle/icon-pm-klarna_dark@3x.png ... 
2022-05-13 09:18:01 +0000  497 bytes for ./Stripe.bundle/icon-pm-klarna_dark@3x.png
2022-05-13 09:18:01 +0000  copying file ./Stripe.bundle/stp_card_cvc_amex@3x.png ... 
2022-05-13 09:18:01 +0000  2332 bytes for ./Stripe.bundle/stp_card_cvc_amex@3x.png
copying file ./Stripe.bundle/stp_card_discover@3x.png ... 
2022-05-13 09:18:01 +0000  1215 bytes for ./Stripe.bundle/stp_card_discover@3x.png
copying file ./Stripe.bundle/stp_card_error@3x.png ... 
2022-05-13 09:18:01 +0000  1585 bytes for ./Stripe.bundle/stp_card_error@3x.png
copying file ./Stripe.bundle/clearpay_mark_dark@3x.png ... 
2022-05-13 09:18:01 +0000  3938 bytes for ./Stripe.bundle/clearpay_mark_dark@3x.png
copying file ./Stripe.bundle/icon-pm-klarna@3x.png ... 
2022-05-13 09:18:01 +0000  686 bytes for ./Stripe.bundle/icon-pm-klarna@3x.png
2022-05-13 09:18:01 +0000  copying file ./Stripe.bundle/icon-pm-eps@3x.png ... 
2022-05-13 09:18:01 +0000  1310 bytes for ./Stripe.bundle/icon-pm-eps@3x.png
2022-05-13 09:18:01 +0000  copying file ./Stripe.bundle/nab@3x.png ... 
2022-05-13 09:18:01 +0000  2460 bytes for ./Stripe.bundle/nab@3x.png
2022-05-13 09:18:01 +0000  copying file ./Stripe.bundle/stgeorges@3x.png ... 
2022-05-13 09:18:01 +0000  3593 bytes for ./Stripe.bundle/stgeorges@3x.png
2022-05-13 09:18:01 +0000  copying file ./Stripe.bundle/nn-NO.lproj/Localizable.strings ... 
2022-05-13 09:18:01 +0000  18065 bytes for ./Stripe.bundle/nn-NO.lproj/Localizable.strings
2022-05-13 09:18:01 +0000  copying file ./Stripe.bundle/icon-pm-eps_dark@3x.png ... 
2022-05-13 09:18:01 +0000  830 bytes for ./Stripe.bundle/icon-pm-eps_dark@3x.png
2022-05-13 09:18:01 +0000  copying file ./Stripe.bundle/fr-CA.lproj/Localizable.strings ... 
2022-05-13 09:18:01 +0000  19525 bytes for ./Stripe.bundle/fr-CA.lproj/Localizable.strings
2022-05-13 09:18:01 +0000  copying file ./Stripe.bundle/icon-pm-paypal@3x.png ... 
2022-05-13 09:18:01 +0000  989 bytes for ./Stripe.bundle/icon-pm-paypal@3x.png
copying file ./Stripe.bundle/afterpay_mark@3x.png ... 
2022-05-13 09:18:01 +0000  3493 bytes for ./Stripe.bundle/afterpay_mark@3x.png
2022-05-13 09:18:01 +0000  copying file ./Stripe.bundle/stp_card_jcb_template@3x.png ... 
2022-05-13 09:18:01 +0000  1015 bytes for ./Stripe.bundle/stp_card_jcb_template@3x.png
copying file ./Stripe.bundle/westpac@3x.png ... 
2022-05-13 09:18:01 +0000  1114 bytes for ./Stripe.bundle/westpac@3x.png
2022-05-13 09:18:01 +0000  copying file ./Stripe.bundle/icon-pm-p24_dark@3x.png ... 
2022-05-13 09:18:01 +0000  916 bytes for ./Stripe.bundle/icon-pm-p24_dark@3x.png
copying file ./Stripe.bundle/stp_card_jcb@3x.png ... 
2022-05-13 09:18:01 +0000  1760 bytes for ./Stripe.bundle/stp_card_jcb@3x.png
2022-05-13 09:18:01 +0000  copying file ./Stripe.bundle/stp_card_form_amex_cvc@3x.png ... 
2022-05-13 09:18:01 +0000  10360 bytes for ./Stripe.bundle/stp_card_form_amex_cvc@3x.png
copying file ./Stripe.bundle/card_diners_dark@3x.png ... 
2022-05-13 09:18:01 +0000  5555 bytes for ./Stripe.bundle/card_diners_dark@3x.png
2022-05-13 09:18:01 +0000  copying file ./Stripe.bundle/bg-BG.lproj/Localizable.strings ... 
2022-05-13 09:18:01 +0000  22461 bytes for ./Stripe.bundle/bg-BG.lproj/Localizable.strings
2022-05-13 09:18:01 +0000  copying file ./Stripe.bundle/sv.lproj/Localizable.strings ... 
2022-05-13 09:18:01 +0000  18524 bytes for ./Stripe.bundle/sv.lproj/Localizable.strings
2022-05-13 09:18:01 +0000  copying file ./Stripe.bundle/stp_bank_fpx_hong_leong_bank@3x.png ... 
2022-05-13 09:18:01 +0000  3310 bytes for ./Stripe.bundle/stp_bank_fpx_hong_leong_bank@3x.png
copying file ./Stripe.bundle/stp_card_cvc@3x.png ... 
2022-05-13 09:18:01 +0000  1985 bytes for ./Stripe.bundle/stp_card_cvc@3x.png
2022-05-13 09:18:01 +0000  copying file ./Stripe.bundle/card_unionpay@3x.png ... 
2022-05-13 09:18:01 +0000  6068 bytes for ./Stripe.bundle/card_unionpay@3x.png
copying file ./Stripe.bundle/icon-pm-card@3x.png ... 
2022-05-13 09:18:01 +0000  3650 bytes for ./Stripe.bundle/icon-pm-card@3x.png
copying file ./Stripe.bundle/stp_fpx_logo@3x.png ... 
2022-05-13 09:18:01 +0000  2073 bytes for ./Stripe.bundle/stp_fpx_logo@3x.png
copying file ./Stripe.bundle/stp_bank_fpx_standard_chartered@3x.png ... 
2022-05-13 09:18:01 +0000  3263 bytes for ./Stripe.bundle/stp_bank_fpx_standard_chartered@3x.png
2022-05-13 09:18:01 +0000  copying file ./Stripe.bundle/ko.lproj/Localizable.strings ... 
2022-05-13 09:18:01 +0000  18869 bytes for ./Stripe.bundle/ko.lproj/Localizable.strings
2022-05-13 09:18:01 +0000  copying file ./Stripe.bundle/stp_bank_fpx_bank_islam@3x.png ... 
2022-05-13 09:18:01 +0000  1932 bytes for ./Stripe.bundle/stp_bank_fpx_bank_islam@3x.png
copying file ./Stripe.bundle/stp_fpx_big_logo@3x.png ... 
2022-05-13 09:18:01 +0000  14603 bytes for ./Stripe.bundle/stp_fpx_big_logo@3x.png
2022-05-13 09:18:01 +0000  copying file ./Stripe.bundle/fil.lproj/Localizable.strings ... 
2022-05-13 09:18:01 +0000  19356 bytes for ./Stripe.bundle/fil.lproj/Localizable.strings
2022-05-13 09:18:01 +0000  copying file ./Stripe.bundle/card_amex@3x.png ... 
2022-05-13 09:18:01 +0000  2962 bytes for ./Stripe.bundle/card_amex@3x.png
copying file ./Stripe.bundle/bankwest@3x.png ... 
2022-05-13 09:18:01 +0000  3589 bytes for ./Stripe.bundle/bankwest@3x.png
2022-05-13 09:18:01 +0000  copying file ./Stripe.bundle/suncorpmetway@3x.png ... 
2022-05-13 09:18:01 +0000  3152 bytes for ./Stripe.bundle/suncorpmetway@3x.png
2022-05-13 09:18:01 +0000  copying file ./Stripe.bundle/card_jcb_dark@3x.png ... 
2022-05-13 09:18:01 +0000  4978 bytes for ./Stripe.bundle/card_jcb_dark@3x.png
copying file ./Stripe.bundle/boq@3x.png ... 
2022-05-13 09:18:01 +0000  2244 bytes for ./Stripe.bundle/boq@3x.png
copying file ./Stripe.bundle/stp_bank_fpx_cimb@3x.png ... 
2022-05-13 09:18:01 +0000  812 bytes for ./Stripe.bundle/stp_bank_fpx_cimb@3x.png
2022-05-13 09:18:01 +0000  copying file ./Stripe.bundle/zh-Hant.lproj/Localizable.strings ... 
2022-05-13 09:18:01 +0000  18020 bytes for ./Stripe.bundle/zh-Hant.lproj/Localizable.strings
2022-05-13 09:18:01 +0000  copying file ./Stripe.bundle/stp_bank_fpx_public_bank@3x.png ... 
2022-05-13 09:18:01 +0000  1521 bytes for ./Stripe.bundle/stp_bank_fpx_public_bank@3x.png
copying file ./Stripe.bundle/bankofmelbourne@3x.png ... 
2022-05-13 09:18:01 +0000  3187 bytes for ./Stripe.bundle/bankofmelbourne@3x.png
copying file ./Stripe.bundle/icon-pm-p24@3x.png ... 
2022-05-13 09:18:01 +0000  1500 bytes for ./Stripe.bundle/icon-pm-p24@3x.png
copying file ./Stripe.bundle/stp_card_form_front@3x.png ... 
2022-05-13 09:18:01 +0000  7239 bytes for ./Stripe.bundle/stp_card_form_front@3x.png
copying file ./Stripe.bundle/card_visa_dark@3x.png ... 
2022-05-13 09:18:01 +0000  5440 bytes for ./Stripe.bundle/card_visa_dark@3x.png
copying file ./Stripe.bundle/stripe@3x.png ... 
2022-05-13 09:18:01 +0000  1232 bytes for ./Stripe.bundle/stripe@3x.png
copying file ./Stripe.bundle/stp_bank_fpx_alliance_bank@3x.png ... 
2022-05-13 09:18:01 +0000  1394 bytes for ./Stripe.bundle/stp_bank_fpx_alliance_bank@3x.png
copying file ./Stripe.bundle/stp_card_visa@3x.png ... 
2022-05-13 09:18:01 +0000  1174 bytes for ./Stripe.bundle/stp_card_visa@3x.png
2022-05-13 09:18:01 +0000  copying file ./Stripe.bundle/tk.lproj/Localizable.strings ... 
2022-05-13 09:18:01 +0000  16854 bytes for ./Stripe.bundle/tk.lproj/Localizable.strings
2022-05-13 09:18:01 +0000  copying file ./Stripe.bundle/ro-RO.lproj/Localizable.strings ... 
2022-05-13 09:18:01 +0000  19442 bytes for ./Stripe.bundle/ro-RO.lproj/Localizable.strings
2022-05-13 09:18:01 +0000  copying file ./Stripe.bundle/hu.lproj/Localizable.strings ... 
2022-05-13 09:18:01 +0000  19098 bytes for ./Stripe.bundle/hu.lproj/Localizable.strings
2022-05-13 09:18:01 +0000  copying file ./Stripe.bundle/card_unknown_dark@3x.png ... 
2022-05-13 09:18:01 +0000  4088 bytes for ./Stripe.bundle/card_unknown_dark@3x.png
2022-05-13 09:18:01 +0000  copying file ./Stripe.bundle/icon_lock@3x.png ... 
2022-05-13 09:18:01 +0000  3838 bytes for ./Stripe.bundle/icon_lock@3x.png
2022-05-13 09:18:01 +0000  copying file ./Stripe.bundle/stp_bank_fpx_hsbc@3x.png ... 
2022-05-13 09:18:01 +0000  1828 bytes for ./Stripe.bundle/stp_bank_fpx_hsbc@3x.png
2022-05-13 09:18:01 +0000  copying file ./Stripe.bundle/stp_bank_fpx_affin_bank@3x.png ... 
2022-05-13 09:18:01 +0000  2325 bytes for ./Stripe.bundle/stp_bank_fpx_affin_bank@3x.png
copying file ./Stripe.bundle/stp_bank_fpx_maybank2u@3x.png ... 
2022-05-13 09:18:01 +0000  6474 bytes for ./Stripe.bundle/stp_bank_fpx_maybank2u@3x.png
copying file ./Stripe.bundle/card_cvc_icon@3x.png ... 
2022-05-13 09:18:01 +0000  1105 bytes for ./Stripe.bundle/card_cvc_icon@3x.png
copying file ./Stripe.bundle/card_unknown@3x.png ... 
2022-05-13 09:18:01 +0000  1260 bytes for ./Stripe.bundle/card_unknown@3x.png
2022-05-13 09:18:01 +0000  copying file ./Stripe.bundle/tr.lproj/Localizable.strings ... 
2022-05-13 09:18:01 +0000  18564 bytes for ./Stripe.bundle/tr.lproj/Localizable.strings
2022-05-13 09:18:01 +0000  copying file ./Stripe.bundle/banksa@3x.png ... 
2022-05-13 09:18:01 +0000  2704 bytes for ./Stripe.bundle/banksa@3x.png
2022-05-13 09:18:01 +0000  copying file ./Stripe.bundle/card_jcb@3x.png ... 
2022-05-13 09:18:01 +0000  3029 bytes for ./Stripe.bundle/card_jcb@3x.png
2022-05-13 09:18:01 +0000  copying file ./Stripe.bundle/et-EE.lproj/Localizable.strings ... 
2022-05-13 09:18:01 +0000  18332 bytes for ./Stripe.bundle/et-EE.lproj/Localizable.strings
2022-05-13 09:18:01 +0000  copying file ./Stripe.bundle/card_cvc_icon_dark@3x.png ... 
2022-05-13 09:18:01 +0000  1031 bytes for ./Stripe.bundle/card_cvc_icon_dark@3x.png
2022-05-13 09:18:01 +0000  copying file ./Stripe.bundle/form_error_icon_dark@3x.png ... 
2022-05-13 09:18:01 +0000  1004 bytes for ./Stripe.bundle/form_error_icon_dark@3x.png
copying file ./Stripe.bundle/stp_card_applepay@3x.png ... 
2022-05-13 09:18:01 +0000  2724 bytes for ./Stripe.bundle/stp_card_applepay@3x.png
2022-05-13 09:18:01 +0000  copying file ./Stripe.bundle/icon-pm-afterpay_dark@3x.png ... 
2022-05-13 09:18:01 +0000  737 bytes for ./Stripe.bundle/icon-pm-afterpay_dark@3x.png
copying file ./Stripe.bundle/card_cvc_amex_icon_dark@3x.png ... 
2022-05-13 09:18:01 +0000  1297 bytes for ./Stripe.bundle/card_cvc_amex_icon_dark@3x.png
2022-05-13 09:18:01 +0000  copying file ./Stripe.bundle/stp_card_unionpay_zh@3x.png ... 
2022-05-13 09:18:01 +0000  2901 bytes for ./Stripe.bundle/stp_card_unionpay_zh@3x.png
2022-05-13 09:18:01 +0000  copying file ./Stripe.bundle/icon-pm-sepa_dark@3x.png ... 
2022-05-13 09:18:01 +0000  1100 bytes for ./Stripe.bundle/icon-pm-sepa_dark@3x.png
2022-05-13 09:18:01 +0000  copying file ./Stripe.bundle/pt-BR.lproj/Localizable.strings ... 
2022-05-13 09:18:01 +0000  18649 bytes for ./Stripe.bundle/pt-BR.lproj/Localizable.strings
2022-05-13 09:18:01 +0000  copying file ./Stripe.bundle/lv-LV.lproj/Localizable.strings ... 
2022-05-13 09:18:01 +0000  18930 bytes for ./Stripe.bundle/lv-LV.lproj/Localizable.strings
2022-05-13 09:18:01 +0000  copying file ./Stripe.bundle/vi.lproj/Localizable.strings ... 
2022-05-13 09:18:01 +0000  19997 bytes for ./Stripe.bundle/vi.lproj/Localizable.strings
2022-05-13 09:18:01 +0000  copying file ./Stripe.bundle/ru.lproj/Localizable.strings ... 
2022-05-13 09:18:01 +0000  22234 bytes for ./Stripe.bundle/ru.lproj/Localizable.strings
2022-05-13 09:18:01 +0000  copying file ./Stripe.bundle/stp_icon_add@3x.png ... 
2022-05-13 09:18:01 +0000  224 bytes for ./Stripe.bundle/stp_icon_add@3x.png
2022-05-13 09:18:01 +0000  copying file ./Stripe.bundle/cs-CZ.lproj/Localizable.strings ... 
2022-05-13 09:18:01 +0000  18672 bytes for ./Stripe.bundle/cs-CZ.lproj/Localizable.strings
2022-05-13 09:18:01 +0000  copying file ./Stripe.bundle/stp_card_unionpay_en@3x.png ... 
2022-05-13 09:18:01 +0000  3053 bytes for ./Stripe.bundle/stp_card_unionpay_en@3x.png
copying file ./Stripe.bundle/stp_bank_fpx_kfh@3x.png ... 
2022-05-13 09:18:01 +0000  4610 bytes for ./Stripe.bundle/stp_bank_fpx_kfh@3x.png
2022-05-13 09:18:01 +0000  copying file ./Stripe.bundle/sk-SK.lproj/Localizable.strings ... 
2022-05-13 09:18:01 +0000  19038 bytes for ./Stripe.bundle/sk-SK.lproj/Localizable.strings
2022-05-13 09:18:01 +0000  copying file ./Stripe.bundle/sl-SI.lproj/Localizable.strings ... 
2022-05-13 09:18:01 +0000  18969 bytes for ./Stripe.bundle/sl-SI.lproj/Localizable.strings
2022-05-13 09:18:01 +0000  copying file ./Stripe.bundle/icon-pm-paypal_dark@3x.png ... 
2022-05-13 09:18:01 +0000  630 bytes for ./Stripe.bundle/icon-pm-paypal_dark@3x.png
copying file ./Stripe.bundle/cba@3x.png ... 
851 bytes for ./Stripe.bundle/cba@3x.png
copying file ./Stripe.bundle/icon-pm-sepa@3x.png ... 
1939 bytes for ./Stripe.bundle/icon-pm-sepa@3x.png
copying file ./Stripe.bundle/stp_card_mastercard_template@3x.png ... 
2401 bytes for ./Stripe.bundle/stp_card_mastercard_template@3x.png
copying file ./Stripe.bundle/fr.lproj/Localizable.strings ... 
2022-05-13 09:18:01 +0000  19632 bytes for ./Stripe.bundle/fr.lproj/Localizable.strings
2022-05-13 09:18:01 +0000  copying file ./Stripe.bundle/fi.lproj/Localizable.strings ... 
2022-05-13 09:18:01 +0000  18465 bytes for ./Stripe.bundle/fi.lproj/Localizable.strings
2022-05-13 09:18:01 +0000  copying file ./Stripe.bundle/stp_bank_fpx_bank_muamalat@3x.png ... 
2022-05-13 09:18:01 +0000  3913 bytes for ./Stripe.bundle/stp_bank_fpx_bank_muamalat@3x.png
2022-05-13 09:18:01 +0000  copying file ./Stripe.bundle/stp_bank_fpx_uob@3x.png ... 
2022-05-13 09:18:01 +0000  1086 bytes for ./Stripe.bundle/stp_bank_fpx_uob@3x.png
2022-05-13 09:18:01 +0000  copying file ./Stripe.bundle/id.lproj/Localizable.strings ... 
2022-05-13 09:18:01 +0000  18713 bytes for ./Stripe.bundle/id.lproj/Localizable.strings
2022-05-13 09:18:01 +0000  copying file ./Stripe.bundle/nl.lproj/Localizable.strings ... 
2022-05-13 09:18:01 +0000  18792 bytes for ./Stripe.bundle/nl.lproj/Localizable.strings
2022-05-13 09:18:01 +0000  copying file ./Stripe.bundle/stp_card_unionpay_template_zh@3x.png ... 
2022-05-13 09:18:01 +0000  1092 bytes for ./Stripe.bundle/stp_card_unionpay_template_zh@3x.png
2022-05-13 09:18:01 +0000  copying file ./Stripe.bundle/pl-PL.lproj/Localizable.strings ... 
2022-05-13 09:18:01 +0000  18825 bytes for ./Stripe.bundle/pl-PL.lproj/Localizable.strings
2022-05-13 09:18:01 +0000  copying file ./Stripe.bundle/apple_pay_mark@3x.png ... 
2022-05-13 09:18:01 +0000  10637 bytes for ./Stripe.bundle/apple_pay_mark@3x.png
copying file ./Stripe.bundle/stp_card_unionpay_template_en@3x.png ... 
2022-05-13 09:18:01 +0000  1023 bytes for ./Stripe.bundle/stp_card_unionpay_template_en@3x.png
2022-05-13 09:18:01 +0000  copying file ./Stripe.bundle/card_discover@3x.png ... 
2022-05-13 09:18:01 +0000  3909 bytes for ./Stripe.bundle/card_discover@3x.png
copying file ./Stripe.bundle/icon-pm-giropay_dark@3x.png ... 
2022-05-13 09:18:01 +0000  767 bytes for ./Stripe.bundle/icon-pm-giropay_dark@3x.png
copying file ./Stripe.bundle/card_amex_dark@3x.png ... 
2022-05-13 09:18:01 +0000  5094 bytes for ./Stripe.bundle/card_amex_dark@3x.png
copying file ./Stripe.bundle/afterpay_mark_dark@3x.png ... 
2022-05-13 09:18:01 +0000  3489 bytes for ./Stripe.bundle/afterpay_mark_dark@3x.png
copying file ./Stripe.bundle/card_mastercard@3x.png ... 
2022-05-13 09:18:01 +0000  3151 bytes for ./Stripe.bundle/card_mastercard@3x.png
copying file ./Stripe.bundle/icon_plus@3x.png ... 
2022-05-13 09:18:01 +0000  3618 bytes for ./Stripe.bundle/icon_plus@3x.png
2022-05-13 09:18:01 +0000  copying file ./Stripe.bundle/pt-PT.lproj/Localizable.strings ... 
2022-05-13 09:18:01 +0000  19076 bytes for ./Stripe.bundle/pt-PT.lproj/Localizable.strings
2022-05-13 09:18:01 +0000  copying file ./Stripe.bundle/stp_bank_fpx_ambank@3x.png ... 
2022-05-13 09:18:01 +0000  2075 bytes for ./Stripe.bundle/stp_bank_fpx_ambank@3x.png
copying file ./Stripe.bundle/card_visa@3x.png ... 
2022-05-13 09:18:01 +0000  3580 bytes for ./Stripe.bundle/card_visa@3x.png
copying file ./Stripe.bundle/stp_icon_checkmark@3x.png ... 
2022-05-13 09:18:01 +0000  994 bytes for ./Stripe.bundle/stp_icon_checkmark@3x.png
copying file ./Stripe.bundle/icon_checkmark@3x.png ... 
2022-05-13 09:18:01 +0000  3700 bytes for ./Stripe.bundle/icon_checkmark@3x.png
2022-05-13 09:18:01 +0000  copying file ./Stripe.bundle/stp_card_mastercard@3x.png ... 
2022-05-13 09:18:01 +0000  1129 bytes for ./Stripe.bundle/stp_card_mastercard@3x.png
copying file ./Stripe.bundle/stp_shipping_form@3x.png ... 
2022-05-13 09:18:01 +0000  12929 bytes for ./Stripe.bundle/stp_shipping_form@3x.png
2022-05-13 09:18:01 +0000  copying file ./Stripe.bundle/stp_bank_fpx_maybank2e@3x.png ... 
2022-05-13 09:18:01 +0000  6474 bytes for ./Stripe.bundle/stp_bank_fpx_maybank2e@3x.png
copying file ./Stripe.bundle/form_error_icon@3x.png ... 
2022-05-13 09:18:01 +0000  993 bytes for ./Stripe.bundle/form_error_icon@3x.png
copying file ./Stripe.bundle/Info.plist ... 
2022-05-13 09:18:01 +0000  759 bytes for ./Stripe.bundle/Info.plist
2022-05-13 09:18:01 +0000  copying file ./Stripe.bundle/stp_card_discover_template@3x.png ... 
2022-05-13 09:18:01 +0000  2319 bytes for ./Stripe.bundle/stp_card_discover_template@3x.png
copying file ./Stripe.bundle/card_cvc_amex_icon@3x.png ... 
2022-05-13 09:18:01 +0000  1372 bytes for ./Stripe.bundle/card_cvc_amex_icon@3x.png
2022-05-13 09:18:01 +0000  copying file ./Stripe.bundle/stp_bank_fpx_bank_rakyat@3x.png ... 
2022-05-13 09:18:01 +0000  1988 bytes for ./Stripe.bundle/stp_bank_fpx_bank_rakyat@3x.png
2022-05-13 09:18:01 +0000  copying file ./Stripe.bundle/hr.lproj/Localizable.strings ... 
2022-05-13 09:18:01 +0000  18658 bytes for ./Stripe.bundle/hr.lproj/Localizable.strings
2022-05-13 09:18:01 +0000  copying file ./Stripe.bundle/card_unknown_icon@3x.png ... 
2022-05-13 09:18:01 +0000  498 bytes for ./Stripe.bundle/card_unknown_icon@3x.png
2022-05-13 09:18:01 +0000  copying file ./Stripe.bundle/clearpay_mark@3x.png ... 
2022-05-13 09:18:01 +0000  3880 bytes for ./Stripe.bundle/clearpay_mark@3x.png
2022-05-13 09:18:01 +0000  copying file ./Stripe.bundle/icon_chevron_left@3x.png ... 
2022-05-13 09:18:01 +0000  3677 bytes for ./Stripe.bundle/icon_chevron_left@3x.png
2022-05-13 09:18:01 +0000  copying file ./campton-light.ttf ... 
2022-05-13 09:18:01 +0000  56168 bytes for ./campton-light.ttf
2022-05-13 09:18:01 +0000  copying file ./AccessibilityResources.bundle/en.lproj/Localizable.strings ... 
2022-05-13 09:18:01 +0000  518 bytes for ./AccessibilityResources.bundle/en.lproj/Localizable.strings
2022-05-13 09:18:01 +0000  copying file ./AccessibilityResources.bundle/Info.plist ... 
2022-05-13 09:18:01 +0000  792 bytes for ./AccessibilityResources.bundle/Info.plist
2022-05-13 09:18:01 +0000  copying file ./GoogleService-Info.plist ... 
2022-05-13 09:18:01 +0000  742 bytes for ./GoogleService-Info.plist
2022-05-13 09:18:01 +0000  copying file ./Onscart(Production).xcconfig ... 
2022-05-13 09:18:01 +0000  305 bytes for ./Onscart(Production).xcconfig
2022-05-13 09:18:01 +0000  copying file ./OnscartInfo.plist ... 
2022-05-13 09:18:01 +0000  1563 bytes for ./OnscartInfo.plist
2022-05-13 09:18:01 +0000  copying file ./StripeCore.bundle/de.lproj/Localizable.strings ... 
2022-05-13 09:18:01 +0000  1708 bytes for ./StripeCore.bundle/de.lproj/Localizable.strings
2022-05-13 09:18:01 +0000  copying file ./StripeCore.bundle/lt-LT.lproj/Localizable.strings ... 
2022-05-13 09:18:01 +0000  1677 bytes for ./StripeCore.bundle/lt-LT.lproj/Localizable.strings
2022-05-13 09:18:01 +0000  copying file ./StripeCore.bundle/zh-Hans.lproj/Localizable.strings ... 
2022-05-13 09:18:01 +0000  1586 bytes for ./StripeCore.bundle/zh-Hans.lproj/Localizable.strings
2022-05-13 09:18:01 +0000  copying file ./StripeCore.bundle/ja.lproj/Localizable.strings ... 
2022-05-13 09:18:01 +0000  1975 bytes for ./StripeCore.bundle/ja.lproj/Localizable.strings
2022-05-13 09:18:01 +0000  copying file ./StripeCore.bundle/el-GR.lproj/Localizable.strings ... 
2022-05-13 09:18:01 +0000  2178 bytes for ./StripeCore.bundle/el-GR.lproj/Localizable.strings
2022-05-13 09:18:01 +0000  copying file ./StripeCore.bundle/ms-MY.lproj/Localizable.strings ... 
2022-05-13 09:18:01 +0000  1633 bytes for ./StripeCore.bundle/ms-MY.lproj/Localizable.strings
2022-05-13 09:18:01 +0000  copying file ./StripeCore.bundle/en.lproj/Localizable.strings ... 
2022-05-13 09:18:01 +0000  1608 bytes for ./StripeCore.bundle/en.lproj/Localizable.strings
2022-05-13 09:18:01 +0000  copying file ./StripeCore.bundle/zh-HK.lproj/Localizable.strings ... 
2022-05-13 09:18:01 +0000  1566 bytes for ./StripeCore.bundle/zh-HK.lproj/Localizable.strings
2022-05-13 09:18:01 +0000  copying file ./StripeCore.bundle/mt.lproj/Localizable.strings ... 
2022-05-13 09:18:01 +0000  1743 bytes for ./StripeCore.bundle/mt.lproj/Localizable.strings
2022-05-13 09:18:01 +0000  copying file ./StripeCore.bundle/nb.lproj/Localizable.strings ... 
2022-05-13 09:18:01 +0000  1607 bytes for ./StripeCore.bundle/nb.lproj/Localizable.strings
2022-05-13 09:18:01 +0000  copying file ./StripeCore.bundle/ca-ES.lproj/Localizable.strings ... 
2022-05-13 09:18:01 +0000  1720 bytes for ./StripeCore.bundle/ca-ES.lproj/Localizable.strings
2022-05-13 09:18:01 +0000  copying file ./StripeCore.bundle/en-GB.lproj/Localizable.strings ... 
2022-05-13 09:18:01 +0000  1632 bytes for ./StripeCore.bundle/en-GB.lproj/Localizable.strings
2022-05-13 09:18:01 +0000  copying file ./StripeCore.bundle/es.lproj/Localizable.strings ... 
2022-05-13 09:18:01 +0000  1701 bytes for ./StripeCore.bundle/es.lproj/Localizable.strings
2022-05-13 09:18:01 +0000  copying file ./StripeCore.bundle/da.lproj/Localizable.strings ... 
2022-05-13 09:18:01 +0000  1615 bytes for ./StripeCore.bundle/da.lproj/Localizable.strings
2022-05-13 09:18:01 +0000  copying file ./StripeCore.bundle/es-419.lproj/Localizable.strings ... 
2022-05-13 09:18:01 +0000  1707 bytes for ./StripeCore.bundle/es-419.lproj/Localizable.strings
2022-05-13 09:18:01 +0000  copying file ./StripeCore.bundle/it.lproj/Localizable.strings ... 
2022-05-13 09:18:01 +0000  1692 bytes for ./StripeCore.bundle/it.lproj/Localizable.strings
2022-05-13 09:18:01 +0000  copying file ./StripeCore.bundle/nn-NO.lproj/Localizable.strings ... 
2022-05-13 09:18:01 +0000  1547 bytes for ./StripeCore.bundle/nn-NO.lproj/Localizable.strings
2022-05-13 09:18:01 +0000  copying file ./StripeCore.bundle/fr-CA.lproj/Localizable.strings ... 
2022-05-13 09:18:01 +0000  1752 bytes for ./StripeCore.bundle/fr-CA.lproj/Localizable.strings
2022-05-13 09:18:01 +0000  copying file ./StripeCore.bundle/bg-BG.lproj/Localizable.strings ... 
2022-05-13 09:18:01 +0000  2125 bytes for ./StripeCore.bundle/bg-BG.lproj/Localizable.strings
2022-05-13 09:18:01 +0000  copying file ./StripeCore.bundle/sv.lproj/Localizable.strings ... 
2022-05-13 09:18:01 +0000  1614 bytes for ./StripeCore.bundle/sv.lproj/Localizable.strings
2022-05-13 09:18:01 +0000  copying file ./StripeCore.bundle/ko.lproj/Localizable.strings ... 
2022-05-13 09:18:01 +0000  1784 bytes for ./StripeCore.bundle/ko.lproj/Localizable.strings
2022-05-13 09:18:01 +0000  copying file ./StripeCore.bundle/fil.lproj/Localizable.strings ... 
2022-05-13 09:18:01 +0000  1714 bytes for ./StripeCore.bundle/fil.lproj/Localizable.strings
2022-05-13 09:18:01 +0000  copying file ./StripeCore.bundle/zh-Hant.lproj/Localizable.strings ... 
2022-05-13 09:18:01 +0000  1587 bytes for ./StripeCore.bundle/zh-Hant.lproj/Localizable.strings
2022-05-13 09:18:01 +0000  copying file ./StripeCore.bundle/tk.lproj/Localizable.strings ... 
2022-05-13 09:18:01 +0000  248 bytes for ./StripeCore.bundle/tk.lproj/Localizable.strings
2022-05-13 09:18:01 +0000  copying file ./StripeCore.bundle/ro-RO.lproj/Localizable.strings ... 
2022-05-13 09:18:01 +0000  1735 bytes for ./StripeCore.bundle/ro-RO.lproj/Localizable.strings
2022-05-13 09:18:01 +0000  copying file ./StripeCore.bundle/hu.lproj/Localizable.strings ... 
2022-05-13 09:18:01 +0000  1707 bytes for ./StripeCore.bundle/hu.lproj/Localizable.strings
2022-05-13 09:18:01 +0000  copying file ./StripeCore.bundle/tr.lproj/Localizable.strings ... 
2022-05-13 09:18:01 +0000  1645 bytes for ./StripeCore.bundle/tr.lproj/Localizable.strings
2022-05-13 09:18:01 +0000  copying file ./StripeCore.bundle/et-EE.lproj/Localizable.strings ... 
2022-05-13 09:18:01 +0000  1596 bytes for ./StripeCore.bundle/et-EE.lproj/Localizable.strings
2022-05-13 09:18:01 +0000  copying file ./StripeCore.bundle/pt-BR.lproj/Localizable.strings ... 
2022-05-13 09:18:01 +0000  1643 bytes for ./StripeCore.bundle/pt-BR.lproj/Localizable.strings
2022-05-13 09:18:01 +0000  copying file ./StripeCore.bundle/lv-LV.lproj/Localizable.strings ... 
2022-05-13 09:18:01 +0000  1690 bytes for ./StripeCore.bundle/lv-LV.lproj/Localizable.strings
2022-05-13 09:18:01 +0000  copying file ./StripeCore.bundle/vi.lproj/Localizable.strings ... 
2022-05-13 09:18:01 +0000  1680 bytes for ./StripeCore.bundle/vi.lproj/Localizable.strings
2022-05-13 09:18:01 +0000  copying file ./StripeCore.bundle/ru.lproj/Localizable.strings ... 
2022-05-13 09:18:01 +0000  2058 bytes for ./StripeCore.bundle/ru.lproj/Localizable.strings
2022-05-13 09:18:01 +0000  copying file ./StripeCore.bundle/cs-CZ.lproj/Localizable.strings ... 
2022-05-13 09:18:01 +0000  1728 bytes for ./StripeCore.bundle/cs-CZ.lproj/Localizable.strings
2022-05-13 09:18:01 +0000  copying file ./StripeCore.bundle/sk-SK.lproj/Localizable.strings ... 
2022-05-13 09:18:01 +0000  1720 bytes for ./StripeCore.bundle/sk-SK.lproj/Localizable.strings
2022-05-13 09:18:01 +0000  copying file ./StripeCore.bundle/sl-SI.lproj/Localizable.strings ... 
2022-05-13 09:18:01 +0000  1698 bytes for ./StripeCore.bundle/sl-SI.lproj/Localizable.strings
2022-05-13 09:18:01 +0000  copying file ./StripeCore.bundle/fr.lproj/Localizable.strings ... 
2022-05-13 09:18:01 +0000  1774 bytes for ./StripeCore.bundle/fr.lproj/Localizable.strings
2022-05-13 09:18:01 +0000  copying file ./StripeCore.bundle/fi.lproj/Localizable.strings ... 
2022-05-13 09:18:01 +0000  1637 bytes for ./StripeCore.bundle/fi.lproj/Localizable.strings
2022-05-13 09:18:01 +0000  copying file ./StripeCore.bundle/id.lproj/Localizable.strings ... 
2022-05-13 09:18:01 +0000  1649 bytes for ./StripeCore.bundle/id.lproj/Localizable.strings
2022-05-13 09:18:01 +0000  copying file ./StripeCore.bundle/nl.lproj/Localizable.strings ... 
2022-05-13 09:18:01 +0000  1687 bytes for ./StripeCore.bundle/nl.lproj/Localizable.strings
2022-05-13 09:18:01 +0000  copying file ./StripeCore.bundle/pl-PL.lproj/Localizable.strings ... 
2022-05-13 09:18:01 +0000  1736 bytes for ./StripeCore.bundle/pl-PL.lproj/Localizable.strings
2022-05-13 09:18:01 +0000  copying file ./StripeCore.bundle/pt-PT.lproj/Localizable.strings ... 
2022-05-13 09:18:01 +0000  1705 bytes for ./StripeCore.bundle/pt-PT.lproj/Localizable.strings
2022-05-13 09:18:01 +0000  copying file ./StripeCore.bundle/Info.plist ... 
2022-05-13 09:18:01 +0000  767 bytes for ./StripeCore.bundle/Info.plist
2022-05-13 09:18:01 +0000  copying file ./StripeCore.bundle/hr.lproj/Localizable.strings ... 
2022-05-13 09:18:01 +0000  1660 bytes for ./StripeCore.bundle/hr.lproj/Localizable.strings
2022-05-13 09:18:01 +0000  copying file ./campton-book.ttf ... 
2022-05-13 09:18:01 +0000  55836 bytes for ./campton-book.ttf
2022-05-13 09:18:01 +0000  copying file ./Onscart(Development).xcconfig ... 
2022-05-13 09:18:01 +0000  303 bytes for ./Onscart(Development).xcconfig
copying file ./Assets.car ... 
2022-05-13 09:18:01 +0000  3286847 bytes for ./Assets.car
copying file ./main.jsbundle ... 
2022-05-13 09:18:01 +0000  5135888 bytes for ./main.jsbundle
2022-05-13 09:18:01 +0000  copying file ./LaunchScreen.storyboardc/01J-lp-oVM-view-Ze5-6b-2t3.nib ... 
2435 bytes for ./LaunchScreen.storyboardc/01J-lp-oVM-view-Ze5-6b-2t3.nib
copying file ./LaunchScreen.storyboardc/UIViewController-01J-lp-oVM.nib ... 
896 bytes for ./LaunchScreen.storyboardc/UIViewController-01J-lp-oVM.nib
copying file ./LaunchScreen.storyboardc/Info.plist ... 
258 bytes for ./LaunchScreen.storyboardc/Info.plist
copying file ./campton-semibold.ttf ... 
2022-05-13 09:18:01 +0000  57036 bytes for ./campton-semibold.ttf
copying file ./campton-medium.ttf ... 
2022-05-13 09:18:01 +0000  56508 bytes for ./campton-medium.ttf
2022-05-13 09:18:01 +0000  copying file ./StripeUICore.bundle/de.lproj/Localizable.strings ... 
2022-05-13 09:18:01 +0000  2714 bytes for ./StripeUICore.bundle/de.lproj/Localizable.strings
2022-05-13 09:18:01 +0000  copying file ./StripeUICore.bundle/lt-LT.lproj/Localizable.strings ... 
2022-05-13 09:18:01 +0000  2769 bytes for ./StripeUICore.bundle/lt-LT.lproj/Localizable.strings
2022-05-13 09:18:01 +0000  copying file ./StripeUICore.bundle/zh-Hans.lproj/Localizable.strings ... 
2022-05-13 09:18:01 +0000  2666 bytes for ./StripeUICore.bundle/zh-Hans.lproj/Localizable.strings
2022-05-13 09:18:01 +0000  copying file ./StripeUICore.bundle/ja.lproj/Localizable.strings ... 
2022-05-13 09:18:01 +0000  2765 bytes for ./StripeUICore.bundle/ja.lproj/Localizable.strings
2022-05-13 09:18:01 +0000  copying file ./StripeUICore.bundle/el-GR.lproj/Localizable.strings ... 
2022-05-13 09:18:01 +0000  3131 bytes for ./StripeUICore.bundle/el-GR.lproj/Localizable.strings
2022-05-13 09:18:01 +0000  copying file ./StripeUICore.bundle/ms-MY.lproj/Localizable.strings ... 
2022-05-13 09:18:01 +0000  2687 bytes for ./StripeUICore.bundle/ms-MY.lproj/Localizable.strings
2022-05-13 09:18:01 +0000  copying file ./StripeUICore.bundle/en.lproj/Localizable.strings ... 
2022-05-13 09:18:01 +0000  2660 bytes for ./StripeUICore.bundle/en.lproj/Localizable.strings
2022-05-13 09:18:01 +0000  copying file ./StripeUICore.bundle/zh-HK.lproj/Localizable.strings ... 
2022-05-13 09:18:01 +0000  2673 bytes for ./StripeUICore.bundle/zh-HK.lproj/Localizable.strings
2022-05-13 09:18:01 +0000  copying file ./StripeUICore.bundle/mt.lproj/Localizable.strings ... 
2022-05-13 09:18:01 +0000  2754 bytes for ./StripeUICore.bundle/mt.lproj/Localizable.strings
2022-05-13 09:18:01 +0000  copying file ./StripeUICore.bundle/nb.lproj/Localizable.strings ... 
2022-05-13 09:18:01 +0000  2663 bytes for ./StripeUICore.bundle/nb.lproj/Localizable.strings
2022-05-13 09:18:01 +0000  copying file ./StripeUICore.bundle/ca-ES.lproj/Localizable.strings ... 
2022-05-13 09:18:01 +0000  2739 bytes for ./StripeUICore.bundle/ca-ES.lproj/Localizable.strings
2022-05-13 09:18:01 +0000  copying file ./StripeUICore.bundle/en-GB.lproj/Localizable.strings ... 
2022-05-13 09:18:01 +0000  2656 bytes for ./StripeUICore.bundle/en-GB.lproj/Localizable.strings
2022-05-13 09:18:01 +0000  copying file ./StripeUICore.bundle/es.lproj/Localizable.strings ... 
2022-05-13 09:18:01 +0000  2789 bytes for ./StripeUICore.bundle/es.lproj/Localizable.strings
2022-05-13 09:18:01 +0000  copying file ./StripeUICore.bundle/da.lproj/Localizable.strings ... 
2022-05-13 09:18:01 +0000  2674 bytes for ./StripeUICore.bundle/da.lproj/Localizable.strings
2022-05-13 09:18:01 +0000  copying file ./StripeUICore.bundle/es-419.lproj/Localizable.strings ... 
2022-05-13 09:18:01 +0000  2777 bytes for ./StripeUICore.bundle/es-419.lproj/Localizable.strings
2022-05-13 09:18:01 +0000  copying file ./StripeUICore.bundle/it.lproj/Localizable.strings ... 
2022-05-13 09:18:01 +0000  2722 bytes for ./StripeUICore.bundle/it.lproj/Localizable.strings
2022-05-13 09:18:01 +0000  copying file ./StripeUICore.bundle/nn-NO.lproj/Localizable.strings ... 
2022-05-13 09:18:01 +0000  2621 bytes for ./StripeUICore.bundle/nn-NO.lproj/Localizable.strings
2022-05-13 09:18:01 +0000  copying file ./StripeUICore.bundle/fr-CA.lproj/Localizable.strings ... 
2022-05-13 09:18:01 +0000  2740 bytes for ./StripeUICore.bundle/fr-CA.lproj/Localizable.strings
2022-05-13 09:18:01 +0000  copying file ./StripeUICore.bundle/bg-BG.lproj/Localizable.strings ... 
2022-05-13 09:18:01 +0000  2968 bytes for ./StripeUICore.bundle/bg-BG.lproj/Localizable.strings
2022-05-13 09:18:01 +0000  copying file ./StripeUICore.bundle/sv.lproj/Localizable.strings ... 
2022-05-13 09:18:01 +0000  2679 bytes for ./StripeUICore.bundle/sv.lproj/Localizable.strings
2022-05-13 09:18:01 +0000  copying file ./StripeUICore.bundle/ko.lproj/Localizable.strings ... 
2022-05-13 09:18:01 +0000  2714 bytes for ./StripeUICore.bundle/ko.lproj/Localizable.strings
2022-05-13 09:18:01 +0000  copying file ./StripeUICore.bundle/fil.lproj/Localizable.strings ... 
2022-05-13 09:18:01 +0000  2702 bytes for ./StripeUICore.bundle/fil.lproj/Localizable.strings
2022-05-13 09:18:01 +0000  copying file ./StripeUICore.bundle/zh-Hant.lproj/Localizable.strings ... 
2022-05-13 09:18:01 +0000  2673 bytes for ./StripeUICore.bundle/zh-Hant.lproj/Localizable.strings
2022-05-13 09:18:01 +0000  copying file ./StripeUICore.bundle/ro-RO.lproj/Localizable.strings ... 
2022-05-13 09:18:01 +0000  2763 bytes for ./StripeUICore.bundle/ro-RO.lproj/Localizable.strings
2022-05-13 09:18:01 +0000  copying file ./StripeUICore.bundle/hu.lproj/Localizable.strings ... 
2022-05-13 09:18:01 +0000  2736 bytes for ./StripeUICore.bundle/hu.lproj/Localizable.strings
2022-05-13 09:18:01 +0000  copying file ./StripeUICore.bundle/tr.lproj/Localizable.strings ... 
2022-05-13 09:18:01 +0000  2354 bytes for ./StripeUICore.bundle/tr.lproj/Localizable.strings
2022-05-13 09:18:01 +0000  copying file ./StripeUICore.bundle/et-EE.lproj/Localizable.strings ... 
2022-05-13 09:18:01 +0000  2672 bytes for ./StripeUICore.bundle/et-EE.lproj/Localizable.strings
2022-05-13 09:18:01 +0000  copying file ./StripeUICore.bundle/pt-BR.lproj/Localizable.strings ... 
2022-05-13 09:18:01 +0000  2736 bytes for ./StripeUICore.bundle/pt-BR.lproj/Localizable.strings
2022-05-13 09:18:01 +0000  copying file ./StripeUICore.bundle/lv-LV.lproj/Localizable.strings ... 
2022-05-13 09:18:01 +0000  2799 bytes for ./StripeUICore.bundle/lv-LV.lproj/Localizable.strings
2022-05-13 09:18:01 +0000  copying file ./StripeUICore.bundle/vi.lproj/Localizable.strings ... 
2022-05-13 09:18:01 +0000  2830 bytes for ./StripeUICore.bundle/vi.lproj/Localizable.strings
2022-05-13 09:18:01 +0000  copying file ./StripeUICore.bundle/ru.lproj/Localizable.strings ... 
2022-05-13 09:18:01 +0000  3104 bytes for ./StripeUICore.bundle/ru.lproj/Localizable.strings
2022-05-13 09:18:01 +0000  copying file ./StripeUICore.bundle/localized_address_data.json ... 
2022-05-13 09:18:01 +0000  18164 bytes for ./StripeUICore.bundle/localized_address_data.json
2022-05-13 09:18:01 +0000  copying file ./StripeUICore.bundle/cs-CZ.lproj/Localizable.strings ... 
2022-05-13 09:18:01 +0000  2751 bytes for ./StripeUICore.bundle/cs-CZ.lproj/Localizable.strings
2022-05-13 09:18:01 +0000  copying file ./StripeUICore.bundle/sk-SK.lproj/Localizable.strings ... 
2022-05-13 09:18:01 +0000  2700 bytes for ./StripeUICore.bundle/sk-SK.lproj/Localizable.strings
2022-05-13 09:18:01 +0000  copying file ./StripeUICore.bundle/sl-SI.lproj/Localizable.strings ... 
2022-05-13 09:18:01 +0000  2760 bytes for ./StripeUICore.bundle/sl-SI.lproj/Localizable.strings
2022-05-13 09:18:01 +0000  copying file ./StripeUICore.bundle/fr.lproj/Localizable.strings ... 
2022-05-13 09:18:01 +0000  2744 bytes for ./StripeUICore.bundle/fr.lproj/Localizable.strings
2022-05-13 09:18:01 +0000  copying file ./StripeUICore.bundle/fi.lproj/Localizable.strings ... 
2022-05-13 09:18:01 +0000  2717 bytes for ./StripeUICore.bundle/fi.lproj/Localizable.strings
2022-05-13 09:18:01 +0000  copying file ./StripeUICore.bundle/id.lproj/Localizable.strings ... 
2022-05-13 09:18:01 +0000  2699 bytes for ./StripeUICore.bundle/id.lproj/Localizable.strings
2022-05-13 09:18:01 +0000  copying file ./StripeUICore.bundle/nl.lproj/Localizable.strings ... 
2022-05-13 09:18:01 +0000  2698 bytes for ./StripeUICore.bundle/nl.lproj/Localizable.strings
2022-05-13 09:18:01 +0000  copying file ./StripeUICore.bundle/pl-PL.lproj/Localizable.strings ... 
2022-05-13 09:18:01 +0000  2729 bytes for ./StripeUICore.bundle/pl-PL.lproj/Localizable.strings
2022-05-13 09:18:01 +0000  copying file ./StripeUICore.bundle/pt-PT.lproj/Localizable.strings ... 
2022-05-13 09:18:01 +0000  2757 bytes for ./StripeUICore.bundle/pt-PT.lproj/Localizable.strings
2022-05-13 09:18:01 +0000  copying file ./StripeUICore.bundle/icon_chevron_down@3x.png ... 
2022-05-13 09:18:01 +0000  481 bytes for ./StripeUICore.bundle/icon_chevron_down@3x.png
2022-05-13 09:18:01 +0000  copying file ./StripeUICore.bundle/Info.plist ... 
2022-05-13 09:18:01 +0000  771 bytes for ./StripeUICore.bundle/Info.plist
copying file ./StripeUICore.bundle/hr.lproj/Localizable.strings ... 
2738 bytes for ./StripeUICore.bundle/hr.lproj/Localizable.strings
copying file ./TOCropViewControllerBundle.bundle/de.lproj/TOCropViewControllerLocalizable.strings ... 
2022-05-13 09:18:01 +0000  189 bytes for ./TOCropViewControllerBundle.bundle/de.lproj/TOCropViewControllerLocalizable.strings
2022-05-13 09:18:01 +0000  copying file ./TOCropViewControllerBundle.bundle/ar.lproj/TOCropViewControllerLocalizable.strings ... 
2022-05-13 09:18:01 +0000  207 bytes for ./TOCropViewControllerBundle.bundle/ar.lproj/TOCropViewControllerLocalizable.strings
2022-05-13 09:18:01 +0000  copying file ./TOCropViewControllerBundle.bundle/zh-Hans.lproj/TOCropViewControllerLocalizable.strings ... 
2022-05-13 09:18:01 +0000  172 bytes for ./TOCropViewControllerBundle.bundle/zh-Hans.lproj/TOCropViewControllerLocalizable.strings
2022-05-13 09:18:01 +0000  copying file ./TOCropViewControllerBundle.bundle/ja.lproj/TOCropViewControllerLocalizable.strings ... 
2022-05-13 09:18:01 +0000  210 bytes for ./TOCropViewControllerBundle.bundle/ja.lproj/TOCropViewControllerLocalizable.strings
2022-05-13 09:18:01 +0000  copying file ./TOCropViewControllerBundle.bundle/fa.lproj/TOCropViewControllerLocalizable.strings ... 
2022-05-13 09:18:01 +0000  210 bytes for ./TOCropViewControllerBundle.bundle/fa.lproj/TOCropViewControllerLocalizable.strings
2022-05-13 09:18:01 +0000  copying file ./TOCropViewControllerBundle.bundle/en.lproj/TOCropViewControllerLocalizable.strings ... 
2022-05-13 09:18:01 +0000  168 bytes for ./TOCropViewControllerBundle.bundle/en.lproj/TOCropViewControllerLocalizable.strings
2022-05-13 09:18:01 +0000  copying file ./TOCropViewControllerBundle.bundle/es.lproj/TOCropViewControllerLocalizable.strings ... 
2022-05-13 09:18:01 +0000  179 bytes for ./TOCropViewControllerBundle.bundle/es.lproj/TOCropViewControllerLocalizable.strings
2022-05-13 09:18:01 +0000  copying file ./TOCropViewControllerBundle.bundle/it.lproj/TOCropViewControllerLocalizable.strings ... 
2022-05-13 09:18:01 +0000  181 bytes for ./TOCropViewControllerBundle.bundle/it.lproj/TOCropViewControllerLocalizable.strings
2022-05-13 09:18:01 +0000  copying file ./TOCropViewControllerBundle.bundle/sk.lproj/TOCropViewControllerLocalizable.strings ... 
2022-05-13 09:18:01 +0000  176 bytes for ./TOCropViewControllerBundle.bundle/sk.lproj/TOCropViewControllerLocalizable.strings
2022-05-13 09:18:01 +0000  copying file ./TOCropViewControllerBundle.bundle/ms.lproj/TOCropViewControllerLocalizable.strings ... 
2022-05-13 09:18:01 +0000  173 bytes for ./TOCropViewControllerBundle.bundle/ms.lproj/TOCropViewControllerLocalizable.strings
2022-05-13 09:18:01 +0000  copying file ./TOCropViewControllerBundle.bundle/cs.lproj/TOCropViewControllerLocalizable.strings ... 
2022-05-13 09:18:01 +0000  173 bytes for ./TOCropViewControllerBundle.bundle/cs.lproj/TOCropViewControllerLocalizable.strings
2022-05-13 09:18:01 +0000  copying file ./TOCropViewControllerBundle.bundle/ko.lproj/TOCropViewControllerLocalizable.strings ... 
2022-05-13 09:18:01 +0000  187 bytes for ./TOCropViewControllerBundle.bundle/ko.lproj/TOCropViewControllerLocalizable.strings
2022-05-13 09:18:01 +0000  copying file ./TOCropViewControllerBundle.bundle/Base.lproj/TOCropViewControllerLocalizable.strings ... 
2022-05-13 09:18:01 +0000  168 bytes for ./TOCropViewControllerBundle.bundle/Base.lproj/TOCropViewControllerLocalizable.strings
2022-05-13 09:18:01 +0000  copying file ./TOCropViewControllerBundle.bundle/zh-Hant.lproj/TOCropViewControllerLocalizable.strings ... 
2022-05-13 09:18:01 +0000  175 bytes for ./TOCropViewControllerBundle.bundle/zh-Hant.lproj/TOCropViewControllerLocalizable.strings
2022-05-13 09:18:01 +0000  copying file ./TOCropViewControllerBundle.bundle/fa-IR.lproj/TOCropViewControllerLocalizable.strings ... 
2022-05-13 09:18:01 +0000  210 bytes for ./TOCropViewControllerBundle.bundle/fa-IR.lproj/TOCropViewControllerLocalizable.strings
2022-05-13 09:18:01 +0000  copying file ./TOCropViewControllerBundle.bundle/hu.lproj/TOCropViewControllerLocalizable.strings ... 
2022-05-13 09:18:01 +0000  194 bytes for ./TOCropViewControllerBundle.bundle/hu.lproj/TOCropViewControllerLocalizable.strings
2022-05-13 09:18:01 +0000  copying file ./TOCropViewControllerBundle.bundle/da-DK.lproj/TOCropViewControllerLocalizable.strings ... 
2022-05-13 09:18:01 +0000  174 bytes for ./TOCropViewControllerBundle.bundle/da-DK.lproj/TOCropViewControllerLocalizable.strings
2022-05-13 09:18:01 +0000  copying file ./TOCropViewControllerBundle.bundle/tr.lproj/TOCropViewControllerLocalizable.strings ... 
2022-05-13 09:18:01 +0000  183 bytes for ./TOCropViewControllerBundle.bundle/tr.lproj/TOCropViewControllerLocalizable.strings
2022-05-13 09:18:01 +0000  copying file ./TOCropViewControllerBundle.bundle/pl.lproj/TOCropViewControllerLocalizable.strings ... 
2022-05-13 09:18:01 +0000  171 bytes for ./TOCropViewControllerBundle.bundle/pl.lproj/TOCropViewControllerLocalizable.strings
2022-05-13 09:18:01 +0000  copying file ./TOCropViewControllerBundle.bundle/pt-BR.lproj/TOCropViewControllerLocalizable.strings ... 
2022-05-13 09:18:01 +0000  181 bytes for ./TOCropViewControllerBundle.bundle/pt-BR.lproj/TOCropViewControllerLocalizable.strings
2022-05-13 09:18:01 +0000  copying file ./TOCropViewControllerBundle.bundle/vi.lproj/TOCropViewControllerLocalizable.strings ... 
2022-05-13 09:18:01 +0000  178 bytes for ./TOCropViewControllerBundle.bundle/vi.lproj/TOCropViewControllerLocalizable.strings
2022-05-13 09:18:01 +0000  copying file ./TOCropViewControllerBundle.bundle/ru.lproj/TOCropViewControllerLocalizable.strings ... 
2022-05-13 09:18:01 +0000  237 bytes for ./TOCropViewControllerBundle.bundle/ru.lproj/TOCropViewControllerLocalizable.strings
2022-05-13 09:18:01 +0000  copying file ./TOCropViewControllerBundle.bundle/fr.lproj/TOCropViewControllerLocalizable.strings ... 
2022-05-13 09:18:01 +0000  193 bytes for ./TOCropViewControllerBundle.bundle/fr.lproj/TOCropViewControllerLocalizable.strings
2022-05-13 09:18:01 +0000  copying file ./TOCropViewControllerBundle.bundle/fi.lproj/TOCropViewControllerLocalizable.strings ... 
2022-05-13 09:18:01 +0000  179 bytes for ./TOCropViewControllerBundle.bundle/fi.lproj/TOCropViewControllerLocalizable.strings
2022-05-13 09:18:01 +0000  copying file ./TOCropViewControllerBundle.bundle/id.lproj/TOCropViewControllerLocalizable.strings ... 
2022-05-13 09:18:01 +0000  178 bytes for ./TOCropViewControllerBundle.bundle/id.lproj/TOCropViewControllerLocalizable.strings
2022-05-13 09:18:01 +0000  copying file ./TOCropViewControllerBundle.bundle/nl.lproj/TOCropViewControllerLocalizable.strings ... 
2022-05-13 09:18:01 +0000  178 bytes for ./TOCropViewControllerBundle.bundle/nl.lproj/TOCropViewControllerLocalizable.strings
2022-05-13 09:18:01 +0000  copying file ./TOCropViewControllerBundle.bundle/pt.lproj/TOCropViewControllerLocalizable.strings ... 
2022-05-13 09:18:01 +0000  181 bytes for ./TOCropViewControllerBundle.bundle/pt.lproj/TOCropViewControllerLocalizable.strings
2022-05-13 09:18:01 +0000  copying file ./TOCropViewControllerBundle.bundle/ro.lproj/TOCropViewControllerLocalizable.strings ... 
2022-05-13 09:18:01 +0000  181 bytes for ./TOCropViewControllerBundle.bundle/ro.lproj/TOCropViewControllerLocalizable.strings
2022-05-13 09:18:01 +0000  copying file ./TOCropViewControllerBundle.bundle/Info.plist ... 
2022-05-13 09:18:01 +0000  751 bytes for ./TOCropViewControllerBundle.bundle/Info.plist
2022-05-13 09:18:01 +0000  copying file ./TOCropViewControllerBundle.bundle/ca.lproj/TOCropViewControllerLocalizable.strings ... 
2022-05-13 09:18:01 +0000  177 bytes for ./TOCropViewControllerBundle.bundle/ca.lproj/TOCropViewControllerLocalizable.strings
2022-05-13 09:18:01 +0000  copying file ./Frameworks/libswiftPhotos.dylib ... 
2022-05-13 09:18:01 +0000  468032 bytes for ./Frameworks/libswiftPhotos.dylib
2022-05-13 09:18:01 +0000  copying file ./Frameworks/libswiftCoreImage.dylib ... 
2022-05-13 09:18:01 +0000  466576 bytes for ./Frameworks/libswiftCoreImage.dylib
2022-05-13 09:18:01 +0000  copying file ./Frameworks/Razorpay.framework/_CodeSignature/CodeResources ... 
5030 bytes for ./Frameworks/Razorpay.framework/_CodeSignature/CodeResources
copying file ./Frameworks/Razorpay.framework/Hash.txt ... 
32 bytes for ./Frameworks/Razorpay.framework/Hash.txt
copying file ./Frameworks/Razorpay.framework/EncryptedOtpelf.js ... 
2022-05-13 09:18:01 +0000  87788 bytes for ./Frameworks/Razorpay.framework/EncryptedOtpelf.js
2022-05-13 09:18:01 +0000  copying file ./Frameworks/Razorpay.framework/Checkout.storyboardc/UINavigationController-ODs-ga-9IN.nib/objects-11.0+.nib ... 
2022-05-13 09:18:01 +0000  2073 bytes for ./Frameworks/Razorpay.framework/Checkout.storyboardc/UINavigationController-ODs-ga-9IN.nib/objects-11.0+.nib
2022-05-13 09:18:01 +0000  copying file ./Frameworks/Razorpay.framework/Checkout.storyboardc/UINavigationController-ODs-ga-9IN.nib/runtime.nib ... 
2022-05-13 09:18:01 +0000  2073 bytes for ./Frameworks/Razorpay.framework/Checkout.storyboardc/UINavigationController-ODs-ga-9IN.nib/runtime.nib
2022-05-13 09:18:01 +0000  copying file ./Frameworks/Razorpay.framework/Checkout.storyboardc/RazorpayCheckoutVC.nib/objects-11.0+.nib ... 
2022-05-13 09:18:01 +0000  1418 bytes for ./Frameworks/Razorpay.framework/Checkout.storyboardc/RazorpayCheckoutVC.nib/objects-11.0+.nib
2022-05-13 09:18:01 +0000  copying file ./Frameworks/Razorpay.framework/Checkout.storyboardc/RazorpayCheckoutVC.nib/runtime.nib ... 
2022-05-13 09:18:01 +0000  1418 bytes for ./Frameworks/Razorpay.framework/Checkout.storyboardc/RazorpayCheckoutVC.nib/runtime.nib
2022-05-13 09:18:01 +0000  copying file ./Frameworks/Razorpay.framework/Checkout.storyboardc/RBq-mH-fUs-view-vI7-59-shd.nib/objects-11.0+.nib ... 
2022-05-13 09:18:01 +0000  2694 bytes for ./Frameworks/Razorpay.framework/Checkout.storyboardc/RBq-mH-fUs-view-vI7-59-shd.nib/objects-11.0+.nib
copying file ./Frameworks/Razorpay.framework/Checkout.storyboardc/RBq-mH-fUs-view-vI7-59-shd.nib/runtime.nib ... 
2022-05-13 09:18:01 +0000  2811 bytes for ./Frameworks/Razorpay.framework/Checkout.storyboardc/RBq-mH-fUs-view-vI7-59-shd.nib/runtime.nib
2022-05-13 09:18:01 +0000  copying file ./Frameworks/Razorpay.framework/Checkout.storyboardc/Info.plist ... 
2022-05-13 09:18:01 +0000  333 bytes for ./Frameworks/Razorpay.framework/Checkout.storyboardc/Info.plist
2022-05-13 09:18:01 +0000  copying file ./Frameworks/Razorpay.framework/Razorpay ... 
2022-05-13 09:18:01 +0000  3630752 bytes for ./Frameworks/Razorpay.framework/Razorpay
copying file ./Frameworks/Razorpay.framework/Info.plist ... 
2022-05-13 09:18:01 +0000  715 bytes for ./Frameworks/Razorpay.framework/Info.plist
copying file ./Frameworks/libswiftObjectiveC.dylib ... 
2022-05-13 09:18:01 +0000  679680 bytes for ./Frameworks/libswiftObjectiveC.dylib
2022-05-13 09:18:01 +0000  copying file ./Frameworks/libswiftVision.dylib ... 
467840 bytes for ./Frameworks/libswiftVision.dylib
copying file ./Frameworks/libswiftCore.dylib ... 
2022-05-13 09:18:02 +0000  95497584 bytes for ./Frameworks/libswiftCore.dylib
2022-05-13 09:18:02 +0000  copying file ./Frameworks/ChatSDK.framework/_CodeSignature/CodeResources ... 
17346 bytes for ./Frameworks/ChatSDK.framework/_CodeSignature/CodeResources
copying file ./Frameworks/ChatSDK.framework/ChatSDK ... 
2022-05-13 09:18:02 +0000  1991168 bytes for ./Frameworks/ChatSDK.framework/ChatSDK
copying file ./Frameworks/ChatSDK.framework/Info.plist ... 
2022-05-13 09:18:02 +0000  701 bytes for ./Frameworks/ChatSDK.framework/Info.plist
copying file ./Frameworks/ChatSDK.framework/ChatStrings/de.lproj/Localizable.strings ... 
2022-05-13 09:18:02 +0000  4377 bytes for ./Frameworks/ChatSDK.framework/ChatStrings/de.lproj/Localizable.strings
2022-05-13 09:18:02 +0000  copying file ./Frameworks/ChatSDK.framework/ChatStrings/he.lproj/Localizable.strings ... 
2022-05-13 09:18:02 +0000  4688 bytes for ./Frameworks/ChatSDK.framework/ChatStrings/he.lproj/Localizable.strings
2022-05-13 09:18:02 +0000  copying file ./Frameworks/ChatSDK.framework/ChatStrings/ar.lproj/Localizable.strings ... 
2022-05-13 09:18:02 +0000  4909 bytes for ./Frameworks/ChatSDK.framework/ChatStrings/ar.lproj/Localizable.strings
2022-05-13 09:18:02 +0000  copying file ./Frameworks/ChatSDK.framework/ChatStrings/el.lproj/Localizable.strings ... 
2022-05-13 09:18:02 +0000  6085 bytes for ./Frameworks/ChatSDK.framework/ChatStrings/el.lproj/Localizable.strings
2022-05-13 09:18:02 +0000  copying file ./Frameworks/ChatSDK.framework/ChatStrings/zh-Hans.lproj/Localizable.strings ... 
2022-05-13 09:18:02 +0000  4178 bytes for ./Frameworks/ChatSDK.framework/ChatStrings/zh-Hans.lproj/Localizable.strings
2022-05-13 09:18:02 +0000  copying file ./Frameworks/ChatSDK.framework/ChatStrings/ja.lproj/Localizable.strings ... 
2022-05-13 09:18:02 +0000  5196 bytes for ./Frameworks/ChatSDK.framework/ChatStrings/ja.lproj/Localizable.strings
2022-05-13 09:18:02 +0000  copying file ./Frameworks/ChatSDK.framework/ChatStrings/en.lproj/Localizable.strings ... 
2022-05-13 09:18:02 +0000  4125 bytes for ./Frameworks/ChatSDK.framework/ChatStrings/en.lproj/Localizable.strings
2022-05-13 09:18:02 +0000  copying file ./Frameworks/ChatSDK.framework/ChatStrings/nb.lproj/Localizable.strings ... 
2022-05-13 09:18:02 +0000  4242 bytes for ./Frameworks/ChatSDK.framework/ChatStrings/nb.lproj/Localizable.strings
2022-05-13 09:18:02 +0000  copying file ./Frameworks/ChatSDK.framework/ChatStrings/en-GB.lproj/Localizable.strings ... 
2022-05-13 09:18:02 +0000  4125 bytes for ./Frameworks/ChatSDK.framework/ChatStrings/en-GB.lproj/Localizable.strings
2022-05-13 09:18:02 +0000  copying file ./Frameworks/ChatSDK.framework/ChatStrings/es.lproj/Localizable.strings ... 
2022-05-13 09:18:02 +0000  4482 bytes for ./Frameworks/ChatSDK.framework/ChatStrings/es.lproj/Localizable.strings
2022-05-13 09:18:02 +0000  copying file ./Frameworks/ChatSDK.framework/ChatStrings/da.lproj/Localizable.strings ... 
2022-05-13 09:18:02 +0000  4198 bytes for ./Frameworks/ChatSDK.framework/ChatStrings/da.lproj/Localizable.strings
2022-05-13 09:18:02 +0000  copying file ./Frameworks/ChatSDK.framework/ChatStrings/it.lproj/Localizable.strings ... 
2022-05-13 09:18:02 +0000  4326 bytes for ./Frameworks/ChatSDK.framework/ChatStrings/it.lproj/Localizable.strings
2022-05-13 09:18:02 +0000  copying file ./Frameworks/ChatSDK.framework/ChatStrings/bg.lproj/Localizable.strings ... 
2022-05-13 09:18:02 +0000  5375 bytes for ./Frameworks/ChatSDK.framework/ChatStrings/bg.lproj/Localizable.strings
2022-05-13 09:18:02 +0000  copying file ./Frameworks/ChatSDK.framework/ChatStrings/fr-CA.lproj/Localizable.strings ... 
2022-05-13 09:18:02 +0000  4656 bytes for ./Frameworks/ChatSDK.framework/ChatStrings/fr-CA.lproj/Localizable.strings
2022-05-13 09:18:02 +0000  copying file ./Frameworks/ChatSDK.framework/ChatStrings/ms.lproj/Localizable.strings ... 
2022-05-13 09:18:02 +0000  4370 bytes for ./Frameworks/ChatSDK.framework/ChatStrings/ms.lproj/Localizable.strings
2022-05-13 09:18:02 +0000  copying file ./Frameworks/ChatSDK.framework/ChatStrings/sv.lproj/Localizable.strings ... 
2022-05-13 09:18:02 +0000  4168 bytes for ./Frameworks/ChatSDK.framework/ChatStrings/sv.lproj/Localizable.strings
2022-05-13 09:18:02 +0000  copying file ./Frameworks/ChatSDK.framework/ChatStrings/cs.lproj/Localizable.strings ... 
2022-05-13 09:18:02 +0000  4283 bytes for ./Frameworks/ChatSDK.framework/ChatStrings/cs.lproj/Localizable.strings
2022-05-13 09:18:02 +0000  copying file ./Frameworks/ChatSDK.framework/ChatStrings/ko.lproj/Localizable.strings ... 
2022-05-13 09:18:02 +0000  4668 bytes for ./Frameworks/ChatSDK.framework/ChatStrings/ko.lproj/Localizable.strings
2022-05-13 09:18:02 +0000  copying file ./Frameworks/ChatSDK.framework/ChatStrings/fil.lproj/Localizable.strings ... 
2022-05-13 09:18:02 +0000  4301 bytes for ./Frameworks/ChatSDK.framework/ChatStrings/fil.lproj/Localizable.strings
2022-05-13 09:18:02 +0000  copying file ./Frameworks/ChatSDK.framework/ChatStrings/zh-Hant.lproj/Localizable.strings ... 
2022-05-13 09:18:02 +0000  4102 bytes for ./Frameworks/ChatSDK.framework/ChatStrings/zh-Hant.lproj/Localizable.strings
2022-05-13 09:18:02 +0000  copying file ./Frameworks/ChatSDK.framework/ChatStrings/hu.lproj/Localizable.strings ... 
2022-05-13 09:18:02 +0000  4417 bytes for ./Frameworks/ChatSDK.framework/ChatStrings/hu.lproj/Localizable.strings
2022-05-13 09:18:02 +0000  copying file ./Frameworks/ChatSDK.framework/ChatStrings/tr.lproj/Localizable.strings ... 
2022-05-13 09:18:02 +0000  4367 bytes for ./Frameworks/ChatSDK.framework/ChatStrings/tr.lproj/Localizable.strings
2022-05-13 09:18:02 +0000  copying file ./Frameworks/ChatSDK.framework/ChatStrings/pl.lproj/Localizable.strings ... 
2022-05-13 09:18:02 +0000  4308 bytes for ./Frameworks/ChatSDK.framework/ChatStrings/pl.lproj/Localizable.strings
2022-05-13 09:18:02 +0000  copying file ./Frameworks/ChatSDK.framework/ChatStrings/pt-BR.lproj/Localizable.strings ... 
2022-05-13 09:18:02 +0000  4251 bytes for ./Frameworks/ChatSDK.framework/ChatStrings/pt-BR.lproj/Localizable.strings
2022-05-13 09:18:02 +0000  copying file ./Frameworks/ChatSDK.framework/ChatStrings/vi.lproj/Localizable.strings ... 
2022-05-13 09:18:02 +0000  4953 bytes for ./Frameworks/ChatSDK.framework/ChatStrings/vi.lproj/Localizable.strings
2022-05-13 09:18:02 +0000  copying file ./Frameworks/ChatSDK.framework/ChatStrings/ru.lproj/Localizable.strings ... 
2022-05-13 09:18:02 +0000  5432 bytes for ./Frameworks/ChatSDK.framework/ChatStrings/ru.lproj/Localizable.strings
2022-05-13 09:18:02 +0000  copying file ./Frameworks/ChatSDK.framework/ChatStrings/fr.lproj/Localizable.strings ... 
2022-05-13 09:18:02 +0000  4558 bytes for ./Frameworks/ChatSDK.framework/ChatStrings/fr.lproj/Localizable.strings
2022-05-13 09:18:02 +0000  copying file ./Frameworks/ChatSDK.framework/ChatStrings/fi.lproj/Localizable.strings ... 
2022-05-13 09:18:02 +0000  4431 bytes for ./Frameworks/ChatSDK.framework/ChatStrings/fi.lproj/Localizable.strings
2022-05-13 09:18:02 +0000  copying file ./Frameworks/ChatSDK.framework/ChatStrings/id.lproj/Localizable.strings ... 
2022-05-13 09:18:02 +0000  4370 bytes for ./Frameworks/ChatSDK.framework/ChatStrings/id.lproj/Localizable.strings
2022-05-13 09:18:02 +0000  copying file ./Frameworks/ChatSDK.framework/ChatStrings/nl.lproj/Localizable.strings ... 
2022-05-13 09:18:02 +0000  4257 bytes for ./Frameworks/ChatSDK.framework/ChatStrings/nl.lproj/Localizable.strings
2022-05-13 09:18:02 +0000  copying file ./Frameworks/ChatSDK.framework/ChatStrings/th.lproj/Localizable.strings ... 
2022-05-13 09:18:02 +0000  6604 bytes for ./Frameworks/ChatSDK.framework/ChatStrings/th.lproj/Localizable.strings
2022-05-13 09:18:02 +0000  copying file ./Frameworks/ChatSDK.framework/ChatStrings/pt.lproj/Localizable.strings ... 
2022-05-13 09:18:02 +0000  4251 bytes for ./Frameworks/ChatSDK.framework/ChatStrings/pt.lproj/Localizable.strings
2022-05-13 09:18:02 +0000  copying file ./Frameworks/ChatSDK.framework/ChatStrings/ro.lproj/Localizable.strings ... 
2022-05-13 09:18:02 +0000  4619 bytes for ./Frameworks/ChatSDK.framework/ChatStrings/ro.lproj/Localizable.strings
2022-05-13 09:18:02 +0000  copying file ./Frameworks/ChatSDK.framework/ChatStrings/Info.plist ... 
2022-05-13 09:18:02 +0000  784 bytes for ./Frameworks/ChatSDK.framework/ChatStrings/Info.plist
copying file ./Frameworks/ChatSDK.framework/ChatStrings/hi.lproj/Localizable.strings ... 
2022-05-13 09:18:02 +0000  6716 bytes for ./Frameworks/ChatSDK.framework/ChatStrings/hi.lproj/Localizable.strings
2022-05-13 09:18:02 +0000  copying file ./Frameworks/libswiftCoreGraphics.dylib ... 
2022-05-13 09:18:02 +0000  2041040 bytes for ./Frameworks/libswiftCoreGraphics.dylib
copying file ./Frameworks/libswiftUIKit.dylib ... 
2022-05-13 09:18:02 +0000  1608800 bytes for ./Frameworks/libswiftUIKit.dylib
copying file ./Frameworks/libswiftMetal.dylib ... 
724416 bytes for ./Frameworks/libswiftMetal.dylib
copying file ./Frameworks/libswiftCoreData.dylib ... 
994896 bytes for ./Frameworks/libswiftCoreData.dylib
copying file ./Frameworks/CommonUISDK.framework/_CodeSignature/CodeResources ... 
17904 bytes for ./Frameworks/CommonUISDK.framework/_CodeSignature/CodeResources
copying file ./Frameworks/CommonUISDK.framework/CommonUISDK ... 
2022-05-13 09:18:02 +0000  7642640 bytes for ./Frameworks/CommonUISDK.framework/CommonUISDK
2022-05-13 09:18:02 +0000  copying file ./Frameworks/CommonUISDK.framework/CommonUIStrings/de.lproj/Localizable.strings ... 
1804 bytes for ./Frameworks/CommonUISDK.framework/CommonUIStrings/de.lproj/Localizable.strings
copying file ./Frameworks/CommonUISDK.framework/CommonUIStrings/he.lproj/Localizable.strings ... 
1862 bytes for ./Frameworks/CommonUISDK.framework/CommonUIStrings/he.lproj/Localizable.strings
copying file ./Frameworks/CommonUISDK.framework/CommonUIStrings/ar.lproj/Localizable.strings ... 
1939 bytes for ./Frameworks/CommonUISDK.framework/CommonUIStrings/ar.lproj/Localizable.strings
copying file ./Frameworks/CommonUISDK.framework/CommonUIStrings/el.lproj/Localizable.strings ... 
2203 bytes for ./Frameworks/CommonUISDK.framework/CommonUIStrings/el.lproj/Localizable.strings
2022-05-13 09:18:02 +0000  copying file ./Frameworks/CommonUISDK.framework/CommonUIStrings/zh-Hans.lproj/Localizable.strings ... 
2022-05-13 09:18:02 +0000  1714 bytes for ./Frameworks/CommonUISDK.framework/CommonUIStrings/zh-Hans.lproj/Localizable.strings
2022-05-13 09:18:02 +0000  copying file ./Frameworks/CommonUISDK.framework/CommonUIStrings/ja.lproj/Localizable.strings ... 
2022-05-13 09:18:02 +0000  1915 bytes for ./Frameworks/CommonUISDK.framework/CommonUIStrings/ja.lproj/Localizable.strings
2022-05-13 09:18:02 +0000  copying file ./Frameworks/CommonUISDK.framework/CommonUIStrings/en.lproj/Localizable.strings ... 
2022-05-13 09:18:02 +0000  1668 bytes for ./Frameworks/CommonUISDK.framework/CommonUIStrings/en.lproj/Localizable.strings
2022-05-13 09:18:02 +0000  copying file ./Frameworks/CommonUISDK.framework/CommonUIStrings/nb.lproj/Localizable.strings ... 
2022-05-13 09:18:02 +0000  1751 bytes for ./Frameworks/CommonUISDK.framework/CommonUIStrings/nb.lproj/Localizable.strings
2022-05-13 09:18:02 +0000  copying file ./Frameworks/CommonUISDK.framework/CommonUIStrings/en-GB.lproj/Localizable.strings ... 
2022-05-13 09:18:02 +0000  1669 bytes for ./Frameworks/CommonUISDK.framework/CommonUIStrings/en-GB.lproj/Localizable.strings
2022-05-13 09:18:02 +0000  copying file ./Frameworks/CommonUISDK.framework/CommonUIStrings/es.lproj/Localizable.strings ... 
2022-05-13 09:18:02 +0000  1812 bytes for ./Frameworks/CommonUISDK.framework/CommonUIStrings/es.lproj/Localizable.strings
2022-05-13 09:18:02 +0000  copying file ./Frameworks/CommonUISDK.framework/CommonUIStrings/da.lproj/Localizable.strings ... 
2022-05-13 09:18:02 +0000  1764 bytes for ./Frameworks/CommonUISDK.framework/CommonUIStrings/da.lproj/Localizable.strings
2022-05-13 09:18:02 +0000  copying file ./Frameworks/CommonUISDK.framework/CommonUIStrings/it.lproj/Localizable.strings ... 
2022-05-13 09:18:02 +0000  1722 bytes for ./Frameworks/CommonUISDK.framework/CommonUIStrings/it.lproj/Localizable.strings
2022-05-13 09:18:02 +0000  copying file ./Frameworks/CommonUISDK.framework/CommonUIStrings/bg.lproj/Localizable.strings ... 
2022-05-13 09:18:02 +0000  2207 bytes for ./Frameworks/CommonUISDK.framework/CommonUIStrings/bg.lproj/Localizable.strings
2022-05-13 09:18:02 +0000  copying file ./Frameworks/CommonUISDK.framework/CommonUIStrings/fr-CA.lproj/Localizable.strings ... 
2022-05-13 09:18:02 +0000  1809 bytes for ./Frameworks/CommonUISDK.framework/CommonUIStrings/fr-CA.lproj/Localizable.strings
2022-05-13 09:18:02 +0000  copying file ./Frameworks/CommonUISDK.framework/CommonUIStrings/ms.lproj/Localizable.strings ... 
2022-05-13 09:18:02 +0000  1745 bytes for ./Frameworks/CommonUISDK.framework/CommonUIStrings/ms.lproj/Localizable.strings
2022-05-13 09:18:02 +0000  copying file ./Frameworks/CommonUISDK.framework/CommonUIStrings/sv.lproj/Localizable.strings ... 
2022-05-13 09:18:02 +0000  1740 bytes for ./Frameworks/CommonUISDK.framework/CommonUIStrings/sv.lproj/Localizable.strings
2022-05-13 09:18:02 +0000  copying file ./Frameworks/CommonUISDK.framework/CommonUIStrings/cs.lproj/Localizable.strings ... 
2022-05-13 09:18:02 +0000  1774 bytes for ./Frameworks/CommonUISDK.framework/CommonUIStrings/cs.lproj/Localizable.strings
2022-05-13 09:18:02 +0000  copying file ./Frameworks/CommonUISDK.framework/CommonUIStrings/ko.lproj/Localizable.strings ... 
2022-05-13 09:18:02 +0000  1856 bytes for ./Frameworks/CommonUISDK.framework/CommonUIStrings/ko.lproj/Localizable.strings
2022-05-13 09:18:02 +0000  copying file ./Frameworks/CommonUISDK.framework/CommonUIStrings/fil.lproj/Localizable.strings ... 
2022-05-13 09:18:02 +0000  1811 bytes for ./Frameworks/CommonUISDK.framework/CommonUIStrings/fil.lproj/Localizable.strings
2022-05-13 09:18:02 +0000  copying file ./Frameworks/CommonUISDK.framework/CommonUIStrings/zh-Hant.lproj/Localizable.strings ... 
2022-05-13 09:18:02 +0000  1676 bytes for ./Frameworks/CommonUISDK.framework/CommonUIStrings/zh-Hant.lproj/Localizable.strings
2022-05-13 09:18:02 +0000  copying file ./Frameworks/CommonUISDK.framework/CommonUIStrings/hu.lproj/Localizable.strings ... 
2022-05-13 09:18:02 +0000  1768 bytes for ./Frameworks/CommonUISDK.framework/CommonUIStrings/hu.lproj/Localizable.strings
2022-05-13 09:18:02 +0000  copying file ./Frameworks/CommonUISDK.framework/CommonUIStrings/tr.lproj/Localizable.strings ... 
2022-05-13 09:18:02 +0000  1733 bytes for ./Frameworks/CommonUISDK.framework/CommonUIStrings/tr.lproj/Localizable.strings
2022-05-13 09:18:02 +0000  copying file ./Frameworks/CommonUISDK.framework/CommonUIStrings/pl.lproj/Localizable.strings ... 
2022-05-13 09:18:02 +0000  1769 bytes for ./Frameworks/CommonUISDK.framework/CommonUIStrings/pl.lproj/Localizable.strings
2022-05-13 09:18:02 +0000  copying file ./Frameworks/CommonUISDK.framework/CommonUIStrings/pt-BR.lproj/Localizable.strings ... 
2022-05-13 09:18:02 +0000  1740 bytes for ./Frameworks/CommonUISDK.framework/CommonUIStrings/pt-BR.lproj/Localizable.strings
2022-05-13 09:18:02 +0000  copying file ./Frameworks/CommonUISDK.framework/CommonUIStrings/vi.lproj/Localizable.strings ... 
2022-05-13 09:18:02 +0000  1898 bytes for ./Frameworks/CommonUISDK.framework/CommonUIStrings/vi.lproj/Localizable.strings
2022-05-13 09:18:02 +0000  copying file ./Frameworks/CommonUISDK.framework/CommonUIStrings/ru.lproj/Localizable.strings ... 
2022-05-13 09:18:02 +0000  2164 bytes for ./Frameworks/CommonUISDK.framework/CommonUIStrings/ru.lproj/Localizable.strings
2022-05-13 09:18:02 +0000  copying file ./Frameworks/CommonUISDK.framework/CommonUIStrings/fr.lproj/Localizable.strings ... 
2022-05-13 09:18:02 +0000  1802 bytes for ./Frameworks/CommonUISDK.framework/CommonUIStrings/fr.lproj/Localizable.strings
2022-05-13 09:18:02 +0000  copying file ./Frameworks/CommonUISDK.framework/CommonUIStrings/fi.lproj/Localizable.strings ... 
2022-05-13 09:18:02 +0000  1783 bytes for ./Frameworks/CommonUISDK.framework/CommonUIStrings/fi.lproj/Localizable.strings
2022-05-13 09:18:02 +0000  copying file ./Frameworks/CommonUISDK.framework/CommonUIStrings/id.lproj/Localizable.strings ... 
2022-05-13 09:18:02 +0000  1736 bytes for ./Frameworks/CommonUISDK.framework/CommonUIStrings/id.lproj/Localizable.strings
2022-05-13 09:18:02 +0000  copying file ./Frameworks/CommonUISDK.framework/CommonUIStrings/nl.lproj/Localizable.strings ... 
2022-05-13 09:18:02 +0000  1779 bytes for ./Frameworks/CommonUISDK.framework/CommonUIStrings/nl.lproj/Localizable.strings
2022-05-13 09:18:02 +0000  copying file ./Frameworks/CommonUISDK.framework/CommonUIStrings/th.lproj/Localizable.strings ... 
2022-05-13 09:18:02 +0000  2300 bytes for ./Frameworks/CommonUISDK.framework/CommonUIStrings/th.lproj/Localizable.strings
2022-05-13 09:18:02 +0000  copying file ./Frameworks/CommonUISDK.framework/CommonUIStrings/pt.lproj/Localizable.strings ... 
1740 bytes for ./Frameworks/CommonUISDK.framework/CommonUIStrings/pt.lproj/Localizable.strings
2022-05-13 09:18:02 +0000  copying file ./Frameworks/CommonUISDK.framework/CommonUIStrings/ro.lproj/Localizable.strings ... 
2022-05-13 09:18:02 +0000  1788 bytes for ./Frameworks/CommonUISDK.framework/CommonUIStrings/ro.lproj/Localizable.strings
copying file ./Frameworks/CommonUISDK.framework/CommonUIStrings/Info.plist ... 
763 bytes for ./Frameworks/CommonUISDK.framework/CommonUIStrings/Info.plist
copying file ./Frameworks/CommonUISDK.framework/CommonUIStrings/hi.lproj/Localizable.strings ... 
2022-05-13 09:18:02 +0000  2663 bytes for ./Frameworks/CommonUISDK.framework/CommonUIStrings/hi.lproj/Localizable.strings
2022-05-13 09:18:02 +0000  copying file ./Frameworks/CommonUISDK.framework/Assets.car ... 
2022-05-13 09:18:02 +0000  304095 bytes for ./Frameworks/CommonUISDK.framework/Assets.car
2022-05-13 09:18:02 +0000  copying file ./Frameworks/CommonUISDK.framework/Info.plist ... 
713 bytes for ./Frameworks/CommonUISDK.framework/Info.plist
copying file ./Frameworks/libswiftDispatch.dylib ... 
2022-05-13 09:18:02 +0000  4056912 bytes for ./Frameworks/libswiftDispatch.dylib
copying file ./Frameworks/libswiftos.dylib ... 
2022-05-13 09:18:02 +0000  857184 bytes for ./Frameworks/libswiftos.dylib
copying file ./Frameworks/SDKConfigurations.framework/_CodeSignature/CodeResources ... 
1798 bytes for ./Frameworks/SDKConfigurations.framework/_CodeSignature/CodeResources
copying file ./Frameworks/SDKConfigurations.framework/SDKConfigurations ... 
337392 bytes for ./Frameworks/SDKConfigurations.framework/SDKConfigurations
copying file ./Frameworks/SDKConfigurations.framework/Info.plist ... 
728 bytes for ./Frameworks/SDKConfigurations.framework/Info.plist
copying file ./Frameworks/libswiftCoreFoundation.dylib ... 
450384 bytes for ./Frameworks/libswiftCoreFoundation.dylib
copying file ./Frameworks/RegulaCommon.framework/_CodeSignature/CodeResources ... 
1798 bytes for ./Frameworks/RegulaCommon.framework/_CodeSignature/CodeResources
copying file ./Frameworks/RegulaCommon.framework/RegulaCommon ... 
2022-05-13 09:18:02 +0000  1152288 bytes for ./Frameworks/RegulaCommon.framework/RegulaCommon
copying file ./Frameworks/RegulaCommon.framework/Info.plist ... 
2022-05-13 09:18:02 +0000  1385 bytes for ./Frameworks/RegulaCommon.framework/Info.plist
copying file ./Frameworks/libswiftDarwin.dylib ... 
1091440 bytes for ./Frameworks/libswiftDarwin.dylib
copying file ./Frameworks/libswiftContacts.dylib ... 
660704 bytes for ./Frameworks/libswiftContacts.dylib
2022-05-13 09:18:02 +0000  copying file ./Frameworks/FaceSDK.framework/_CodeSignature/CodeResources ... 
17651 bytes for ./Frameworks/FaceSDK.framework/_CodeSignature/CodeResources
copying file ./Frameworks/FaceSDK.framework/FaceSDK ... 
2684352 bytes for ./Frameworks/FaceSDK.framework/FaceSDK
copying file ./Frameworks/FaceSDK.framework/FaceSDK.bundle/de.lproj/FaceSDK.strings ... 
1820 bytes for ./Frameworks/FaceSDK.framework/FaceSDK.bundle/de.lproj/FaceSDK.strings
copying file ./Frameworks/FaceSDK.framework/FaceSDK.bundle/he.lproj/FaceSDK.strings ... 
1548 bytes for ./Frameworks/FaceSDK.framework/FaceSDK.bundle/he.lproj/FaceSDK.strings
copying file ./Frameworks/FaceSDK.framework/FaceSDK.bundle/ar.lproj/FaceSDK.strings ... 
1682 bytes for ./Frameworks/FaceSDK.framework/FaceSDK.bundle/ar.lproj/FaceSDK.strings
copying file ./Frameworks/FaceSDK.framework/FaceSDK.bundle/el.lproj/FaceSDK.strings ... 
1782 bytes for ./Frameworks/FaceSDK.framework/FaceSDK.bundle/el.lproj/FaceSDK.strings
copying file ./Frameworks/FaceSDK.framework/FaceSDK.bundle/zh-Hans.lproj/FaceSDK.strings ... 
1198 bytes for ./Frameworks/FaceSDK.framework/FaceSDK.bundle/zh-Hans.lproj/FaceSDK.strings
2022-05-13 09:18:02 +0000  copying file ./Frameworks/FaceSDK.framework/FaceSDK.bundle/ja.lproj/FaceSDK.strings ... 
1418 bytes for ./Frameworks/FaceSDK.framework/FaceSDK.bundle/ja.lproj/FaceSDK.strings
copying file ./Frameworks/FaceSDK.framework/FaceSDK.bundle/torch-off.png ... 
1435 bytes for ./Frameworks/FaceSDK.framework/FaceSDK.bundle/torch-off.png
copying file ./Frameworks/FaceSDK.framework/FaceSDK.bundle/en.lproj/FaceSDK.strings ... 
1664 bytes for ./Frameworks/FaceSDK.framework/FaceSDK.bundle/en.lproj/FaceSDK.strings
copying file ./Frameworks/FaceSDK.framework/FaceSDK.bundle/es.lproj/FaceSDK.strings ... 
1748 bytes for ./Frameworks/FaceSDK.framework/FaceSDK.bundle/es.lproj/FaceSDK.strings
copying file ./Frameworks/FaceSDK.framework/FaceSDK.bundle/it.lproj/FaceSDK.strings ... 
1794 bytes for ./Frameworks/FaceSDK.framework/FaceSDK.bundle/it.lproj/FaceSDK.strings
copying file ./Frameworks/FaceSDK.framework/FaceSDK.bundle/ms.lproj/FaceSDK.strings ... 
1704 bytes for ./Frameworks/FaceSDK.framework/FaceSDK.bundle/ms.lproj/FaceSDK.strings
copying file ./Frameworks/FaceSDK.framework/FaceSDK.bundle/torch-on@2x.png ... 
2416 bytes for ./Frameworks/FaceSDK.framework/FaceSDK.bundle/torch-on@2x.png
copying file ./Frameworks/FaceSDK.framework/FaceSDK.bundle/torch-on@3x.png ... 
3222 bytes for ./Frameworks/FaceSDK.framework/FaceSDK.bundle/torch-on@3x.png
copying file ./Frameworks/FaceSDK.framework/FaceSDK.bundle/sv.lproj/FaceSDK.strings ... 
1708 bytes for ./Frameworks/FaceSDK.framework/FaceSDK.bundle/sv.lproj/FaceSDK.strings
copying file ./Frameworks/FaceSDK.framework/FaceSDK.bundle/cs.lproj/FaceSDK.strings ... 
1748 bytes for ./Frameworks/FaceSDK.framework/FaceSDK.bundle/cs.lproj/FaceSDK.strings
copying file ./Frameworks/FaceSDK.framework/FaceSDK.bundle/ko.lproj/FaceSDK.strings ... 
1368 bytes for ./Frameworks/FaceSDK.framework/FaceSDK.bundle/ko.lproj/FaceSDK.strings
2022-05-13 09:18:02 +0000  copying file ./Frameworks/FaceSDK.framework/FaceSDK.bundle/zh-Hant.lproj/FaceSDK.strings ... 
2022-05-13 09:18:02 +0000  1198 bytes for ./Frameworks/FaceSDK.framework/FaceSDK.bundle/zh-Hant.lproj/FaceSDK.strings
2022-05-13 09:18:02 +0000  copying file ./Frameworks/FaceSDK.framework/FaceSDK.bundle/bn-BD.lproj/FaceSDK.strings ... 
2022-05-13 09:18:02 +0000  1732 bytes for ./Frameworks/FaceSDK.framework/FaceSDK.bundle/bn-BD.lproj/FaceSDK.strings
2022-05-13 09:18:02 +0000  copying file ./Frameworks/FaceSDK.framework/FaceSDK.bundle/camera-swap@3x.png ... 
2022-05-13 09:18:02 +0000  5487 bytes for ./Frameworks/FaceSDK.framework/FaceSDK.bundle/camera-swap@3x.png
2022-05-13 09:18:02 +0000  copying file ./Frameworks/FaceSDK.framework/FaceSDK.bundle/bn-IN.lproj/FaceSDK.strings ... 
2022-05-13 09:18:02 +0000  1732 bytes for ./Frameworks/FaceSDK.framework/FaceSDK.bundle/bn-IN.lproj/FaceSDK.strings
2022-05-13 09:18:02 +0000  copying file ./Frameworks/FaceSDK.framework/FaceSDK.bundle/tr.lproj/FaceSDK.strings ... 
2022-05-13 09:18:02 +0000  1712 bytes for ./Frameworks/FaceSDK.framework/FaceSDK.bundle/tr.lproj/FaceSDK.strings
2022-05-13 09:18:02 +0000  copying file ./Frameworks/FaceSDK.framework/FaceSDK.bundle/pl.lproj/FaceSDK.strings ... 
2022-05-13 09:18:02 +0000  1742 bytes for ./Frameworks/FaceSDK.framework/FaceSDK.bundle/pl.lproj/FaceSDK.strings
2022-05-13 09:18:02 +0000  copying file ./Frameworks/FaceSDK.framework/FaceSDK.bundle/torch-on.png ... 
2022-05-13 09:18:02 +0000  1346 bytes for ./Frameworks/FaceSDK.framework/FaceSDK.bundle/torch-on.png
2022-05-13 09:18:02 +0000  copying file ./Frameworks/FaceSDK.framework/FaceSDK.bundle/vi.lproj/FaceSDK.strings ... 
2022-05-13 09:18:02 +0000  1690 bytes for ./Frameworks/FaceSDK.framework/FaceSDK.bundle/vi.lproj/FaceSDK.strings
2022-05-13 09:18:02 +0000  copying file ./Frameworks/FaceSDK.framework/FaceSDK.bundle/camera-swap@2x.png ... 
2022-05-13 09:18:02 +0000  5487 bytes for ./Frameworks/FaceSDK.framework/FaceSDK.bundle/camera-swap@2x.png
2022-05-13 09:18:02 +0000  copying file ./Frameworks/FaceSDK.framework/FaceSDK.bundle/ru.lproj/FaceSDK.strings ... 
2022-05-13 09:18:02 +0000  1790 bytes for ./Frameworks/FaceSDK.framework/FaceSDK.bundle/ru.lproj/FaceSDK.strings
2022-05-13 09:18:02 +0000  copying file ./Frameworks/FaceSDK.framework/FaceSDK.bundle/fr.lproj/FaceSDK.strings ... 
2022-05-13 09:18:02 +0000  1702 bytes for ./Frameworks/FaceSDK.framework/FaceSDK.bundle/fr.lproj/FaceSDK.strings
2022-05-13 09:18:02 +0000  copying file ./Frameworks/FaceSDK.framework/FaceSDK.bundle/fi.lproj/FaceSDK.strings ... 
2022-05-13 09:18:02 +0000  1692 bytes for ./Frameworks/FaceSDK.framework/FaceSDK.bundle/fi.lproj/FaceSDK.strings
2022-05-13 09:18:02 +0000  copying file ./Frameworks/FaceSDK.framework/FaceSDK.bundle/torch-off@3x.png ... 
2022-05-13 09:18:02 +0000  3858 bytes for ./Frameworks/FaceSDK.framework/FaceSDK.bundle/torch-off@3x.png
2022-05-13 09:18:02 +0000  copying file ./Frameworks/FaceSDK.framework/FaceSDK.bundle/nl.lproj/FaceSDK.strings ... 
2022-05-13 09:18:02 +0000  1772 bytes for ./Frameworks/FaceSDK.framework/FaceSDK.bundle/nl.lproj/FaceSDK.strings
2022-05-13 09:18:02 +0000  copying file ./Frameworks/FaceSDK.framework/FaceSDK.bundle/th.lproj/FaceSDK.strings ... 
2022-05-13 09:18:02 +0000  1660 bytes for ./Frameworks/FaceSDK.framework/FaceSDK.bundle/th.lproj/FaceSDK.strings
2022-05-13 09:18:02 +0000  copying file ./Frameworks/FaceSDK.framework/FaceSDK.bundle/pt.lproj/FaceSDK.strings ... 
2022-05-13 09:18:02 +0000  1728 bytes for ./Frameworks/FaceSDK.framework/FaceSDK.bundle/pt.lproj/FaceSDK.strings
2022-05-13 09:18:02 +0000  copying file ./Frameworks/FaceSDK.framework/FaceSDK.bundle/bn.lproj/FaceSDK.strings ... 
2022-05-13 09:18:02 +0000  1732 bytes for ./Frameworks/FaceSDK.framework/FaceSDK.bundle/bn.lproj/FaceSDK.strings
2022-05-13 09:18:02 +0000  copying file ./Frameworks/FaceSDK.framework/FaceSDK.bundle/close@3x.png ... 
2022-05-13 09:18:02 +0000  1802 bytes for ./Frameworks/FaceSDK.framework/FaceSDK.bundle/close@3x.png
2022-05-13 09:18:02 +0000  copying file ./Frameworks/FaceSDK.framework/FaceSDK.bundle/close@2x.png ... 
2022-05-13 09:18:02 +0000  1350 bytes for ./Frameworks/FaceSDK.framework/FaceSDK.bundle/close@2x.png
2022-05-13 09:18:02 +0000  copying file ./Frameworks/FaceSDK.framework/FaceSDK.bundle/camera-swap.png ... 
2022-05-13 09:18:02 +0000  5487 bytes for ./Frameworks/FaceSDK.framework/FaceSDK.bundle/camera-swap.png
2022-05-13 09:18:02 +0000  copying file ./Frameworks/FaceSDK.framework/FaceSDK.bundle/torch-off@2x.png ... 
2022-05-13 09:18:02 +0000  2686 bytes for ./Frameworks/FaceSDK.framework/FaceSDK.bundle/torch-off@2x.png
2022-05-13 09:18:02 +0000  copying file ./Frameworks/FaceSDK.framework/FaceSDK.bundle/hi.lproj/FaceSDK.strings ... 
2022-05-13 09:18:02 +0000  1676 bytes for ./Frameworks/FaceSDK.framework/FaceSDK.bundle/hi.lproj/FaceSDK.strings
2022-05-13 09:18:02 +0000  copying file ./Frameworks/FaceSDK.framework/FaceSDK.bundle/close.png ... 
2022-05-13 09:18:02 +0000  799 bytes for ./Frameworks/FaceSDK.framework/FaceSDK.bundle/close.png
2022-05-13 09:18:02 +0000  copying file ./Frameworks/FaceSDK.framework/Info.plist ... 
2022-05-13 09:18:02 +0000  1371 bytes for ./Frameworks/FaceSDK.framework/Info.plist
2022-05-13 09:18:02 +0000  copying file ./Frameworks/libswiftQuartzCore.dylib ... 
2022-05-13 09:18:02 +0000  486352 bytes for ./Frameworks/libswiftQuartzCore.dylib
copying file ./Frameworks/libswiftCoreAudio.dylib ... 
2022-05-13 09:18:02 +0000  836048 bytes for ./Frameworks/libswiftCoreAudio.dylib
copying file ./Frameworks/MessagingAPI.framework/_CodeSignature/CodeResources ... 
1798 bytes for ./Frameworks/MessagingAPI.framework/_CodeSignature/CodeResources
copying file ./Frameworks/MessagingAPI.framework/MessagingAPI ... 
1423440 bytes for ./Frameworks/MessagingAPI.framework/MessagingAPI
copying file ./Frameworks/MessagingAPI.framework/Info.plist ... 
2022-05-13 09:18:02 +0000  715 bytes for ./Frameworks/MessagingAPI.framework/Info.plist
copying file ./Frameworks/libswiftAVFoundation.dylib ... 
1652096 bytes for ./Frameworks/libswiftAVFoundation.dylib
copying file ./Frameworks/MessagingSDK.framework/_CodeSignature/CodeResources ... 
18184 bytes for ./Frameworks/MessagingSDK.framework/_CodeSignature/CodeResources
copying file ./Frameworks/MessagingSDK.framework/MessagingSDK ... 
2022-05-13 09:18:02 +0000  1339872 bytes for ./Frameworks/MessagingSDK.framework/MessagingSDK
copying file ./Frameworks/MessagingSDK.framework/Assets.car ... 
2022-05-13 09:18:02 +0000  46495 bytes for ./Frameworks/MessagingSDK.framework/Assets.car
copying file ./Frameworks/MessagingSDK.framework/Info.plist ... 
2022-05-13 09:18:02 +0000  715 bytes for ./Frameworks/MessagingSDK.framework/Info.plist
2022-05-13 09:18:02 +0000  copying file ./Frameworks/MessagingSDK.framework/MessagingSDKStrings/de.lproj/Localizable.strings ... 
2022-05-13 09:18:02 +0000  359 bytes for ./Frameworks/MessagingSDK.framework/MessagingSDKStrings/de.lproj/Localizable.strings
2022-05-13 09:18:02 +0000  copying file ./Frameworks/MessagingSDK.framework/MessagingSDKStrings/he.lproj/Localizable.strings ... 
2022-05-13 09:18:02 +0000  389 bytes for ./Frameworks/MessagingSDK.framework/MessagingSDKStrings/he.lproj/Localizable.strings
2022-05-13 09:18:02 +0000  copying file ./Frameworks/MessagingSDK.framework/MessagingSDKStrings/ar.lproj/Localizable.strings ... 
2022-05-13 09:18:02 +0000  362 bytes for ./Frameworks/MessagingSDK.framework/MessagingSDKStrings/ar.lproj/Localizable.strings
2022-05-13 09:18:02 +0000  copying file ./Frameworks/MessagingSDK.framework/MessagingSDKStrings/el.lproj/Localizable.strings ... 
2022-05-13 09:18:02 +0000  429 bytes for ./Frameworks/MessagingSDK.framework/MessagingSDKStrings/el.lproj/Localizable.strings
2022-05-13 09:18:02 +0000  copying file ./Frameworks/MessagingSDK.framework/MessagingSDKStrings/zh-Hans.lproj/Localizable.strings ... 
2022-05-13 09:18:02 +0000  335 bytes for ./Frameworks/MessagingSDK.framework/MessagingSDKStrings/zh-Hans.lproj/Localizable.strings
2022-05-13 09:18:02 +0000  copying file ./Frameworks/MessagingSDK.framework/MessagingSDKStrings/ja.lproj/Localizable.strings ... 
2022-05-13 09:18:02 +0000  395 bytes for ./Frameworks/MessagingSDK.framework/MessagingSDKStrings/ja.lproj/Localizable.strings
2022-05-13 09:18:02 +0000  copying file ./Frameworks/MessagingSDK.framework/MessagingSDKStrings/en.lproj/Localizable.strings ... 
2022-05-13 09:18:02 +0000  325 bytes for ./Frameworks/MessagingSDK.framework/MessagingSDKStrings/en.lproj/Localizable.strings
2022-05-13 09:18:02 +0000  copying file ./Frameworks/MessagingSDK.framework/MessagingSDKStrings/nb.lproj/Localizable.strings ... 
2022-05-13 09:18:02 +0000  334 bytes for ./Frameworks/MessagingSDK.framework/MessagingSDKStrings/nb.lproj/Localizable.strings
2022-05-13 09:18:02 +0000  copying file ./Frameworks/MessagingSDK.framework/MessagingSDKStrings/en-GB.lproj/Localizable.strings ... 
2022-05-13 09:18:02 +0000  325 bytes for ./Frameworks/MessagingSDK.framework/MessagingSDKStrings/en-GB.lproj/Localizable.strings
2022-05-13 09:18:02 +0000  copying file ./Frameworks/MessagingSDK.framework/MessagingSDKStrings/es.lproj/Localizable.strings ... 
2022-05-13 09:18:02 +0000  346 bytes for ./Frameworks/MessagingSDK.framework/MessagingSDKStrings/es.lproj/Localizable.strings
2022-05-13 09:18:02 +0000  copying file ./Frameworks/MessagingSDK.framework/MessagingSDKStrings/da.lproj/Localizable.strings ... 
2022-05-13 09:18:02 +0000  328 bytes for ./Frameworks/MessagingSDK.framework/MessagingSDKStrings/da.lproj/Localizable.strings
2022-05-13 09:18:02 +0000  copying file ./Frameworks/MessagingSDK.framework/MessagingSDKStrings/it.lproj/Localizable.strings ... 
2022-05-13 09:18:02 +0000  354 bytes for ./Frameworks/MessagingSDK.framework/MessagingSDKStrings/it.lproj/Localizable.strings
2022-05-13 09:18:02 +0000  copying file ./Frameworks/MessagingSDK.framework/MessagingSDKStrings/bg.lproj/Localizable.strings ... 
2022-05-13 09:18:02 +0000  394 bytes for ./Frameworks/MessagingSDK.framework/MessagingSDKStrings/bg.lproj/Localizable.strings
2022-05-13 09:18:02 +0000  copying file ./Frameworks/MessagingSDK.framework/MessagingSDKStrings/fr-CA.lproj/Localizable.strings ... 
2022-05-13 09:18:02 +0000  357 bytes for ./Frameworks/MessagingSDK.framework/MessagingSDKStrings/fr-CA.lproj/Localizable.strings
2022-05-13 09:18:02 +0000  copying file ./Frameworks/MessagingSDK.framework/MessagingSDKStrings/ms.lproj/Localizable.strings ... 
2022-05-13 09:18:02 +0000  338 bytes for ./Frameworks/MessagingSDK.framework/MessagingSDKStrings/ms.lproj/Localizable.strings
2022-05-13 09:18:02 +0000  copying file ./Frameworks/MessagingSDK.framework/MessagingSDKStrings/sv.lproj/Localizable.strings ... 
2022-05-13 09:18:02 +0000  345 bytes for ./Frameworks/MessagingSDK.framework/MessagingSDKStrings/sv.lproj/Localizable.strings
2022-05-13 09:18:02 +0000  copying file ./Frameworks/MessagingSDK.framework/MessagingSDKStrings/cs.lproj/Localizable.strings ... 
2022-05-13 09:18:02 +0000  349 bytes for ./Frameworks/MessagingSDK.framework/MessagingSDKStrings/cs.lproj/Localizable.strings
2022-05-13 09:18:02 +0000  copying file ./Frameworks/MessagingSDK.framework/MessagingSDKStrings/ko.lproj/Localizable.strings ... 
2022-05-13 09:18:02 +0000  382 bytes for ./Frameworks/MessagingSDK.framework/MessagingSDKStrings/ko.lproj/Localizable.strings
2022-05-13 09:18:02 +0000  copying file ./Frameworks/MessagingSDK.framework/MessagingSDKStrings/fil.lproj/Localizable.strings ... 
2022-05-13 09:18:02 +0000  351 bytes for ./Frameworks/MessagingSDK.framework/MessagingSDKStrings/fil.lproj/Localizable.strings
2022-05-13 09:18:02 +0000  copying file ./Frameworks/MessagingSDK.framework/MessagingSDKStrings/zh-Hant.lproj/Localizable.strings ... 
2022-05-13 09:18:02 +0000  331 bytes for ./Frameworks/MessagingSDK.framework/MessagingSDKStrings/zh-Hant.lproj/Localizable.strings
2022-05-13 09:18:02 +0000  copying file ./Frameworks/MessagingSDK.framework/MessagingSDKStrings/hu.lproj/Localizable.strings ... 
2022-05-13 09:18:02 +0000  375 bytes for ./Frameworks/MessagingSDK.framework/MessagingSDKStrings/hu.lproj/Localizable.strings
2022-05-13 09:18:02 +0000  copying file ./Frameworks/MessagingSDK.framework/MessagingSDKStrings/tr.lproj/Localizable.strings ... 
2022-05-13 09:18:02 +0000  341 bytes for ./Frameworks/MessagingSDK.framework/MessagingSDKStrings/tr.lproj/Localizable.strings
2022-05-13 09:18:02 +0000  copying file ./Frameworks/MessagingSDK.framework/MessagingSDKStrings/pl.lproj/Localizable.strings ... 
2022-05-13 09:18:02 +0000  359 bytes for ./Frameworks/MessagingSDK.framework/MessagingSDKStrings/pl.lproj/Localizable.strings
2022-05-13 09:18:02 +0000  copying file ./Frameworks/MessagingSDK.framework/MessagingSDKStrings/pt-BR.lproj/Localizable.strings ... 
2022-05-13 09:18:02 +0000  330 bytes for ./Frameworks/MessagingSDK.framework/MessagingSDKStrings/pt-BR.lproj/Localizable.strings
2022-05-13 09:18:02 +0000  copying file ./Frameworks/MessagingSDK.framework/MessagingSDKStrings/vi.lproj/Localizable.strings ... 
2022-05-13 09:18:02 +0000  367 bytes for ./Frameworks/MessagingSDK.framework/MessagingSDKStrings/vi.lproj/Localizable.strings
2022-05-13 09:18:02 +0000  copying file ./Frameworks/MessagingSDK.framework/MessagingSDKStrings/ru.lproj/Localizable.strings ... 
2022-05-13 09:18:02 +0000  445 bytes for ./Frameworks/MessagingSDK.framework/MessagingSDKStrings/ru.lproj/Localizable.strings
2022-05-13 09:18:02 +0000  copying file ./Frameworks/MessagingSDK.framework/MessagingSDKStrings/fr.lproj/Localizable.strings ... 
2022-05-13 09:18:02 +0000  357 bytes for ./Frameworks/MessagingSDK.framework/MessagingSDKStrings/fr.lproj/Localizable.strings
2022-05-13 09:18:02 +0000  copying file ./Frameworks/MessagingSDK.framework/MessagingSDKStrings/fi.lproj/Localizable.strings ... 
2022-05-13 09:18:02 +0000  350 bytes for ./Frameworks/MessagingSDK.framework/MessagingSDKStrings/fi.lproj/Localizable.strings
2022-05-13 09:18:02 +0000  copying file ./Frameworks/MessagingSDK.framework/MessagingSDKStrings/id.lproj/Localizable.strings ... 
2022-05-13 09:18:02 +0000  331 bytes for ./Frameworks/MessagingSDK.framework/MessagingSDKStrings/id.lproj/Localizable.strings
2022-05-13 09:18:02 +0000  copying file ./Frameworks/MessagingSDK.framework/MessagingSDKStrings/nl.lproj/Localizable.strings ... 
2022-05-13 09:18:02 +0000  358 bytes for ./Frameworks/MessagingSDK.framework/MessagingSDKStrings/nl.lproj/Localizable.strings
2022-05-13 09:18:02 +0000  copying file ./Frameworks/MessagingSDK.framework/MessagingSDKStrings/th.lproj/Localizable.strings ... 
2022-05-13 09:18:02 +0000  430 bytes for ./Frameworks/MessagingSDK.framework/MessagingSDKStrings/th.lproj/Localizable.strings
2022-05-13 09:18:02 +0000  copying file ./Frameworks/MessagingSDK.framework/MessagingSDKStrings/pt.lproj/Localizable.strings ... 
2022-05-13 09:18:02 +0000  330 bytes for ./Frameworks/MessagingSDK.framework/MessagingSDKStrings/pt.lproj/Localizable.strings
2022-05-13 09:18:02 +0000  copying file ./Frameworks/MessagingSDK.framework/MessagingSDKStrings/ro.lproj/Localizable.strings ... 
2022-05-13 09:18:02 +0000  346 bytes for ./Frameworks/MessagingSDK.framework/MessagingSDKStrings/ro.lproj/Localizable.strings
2022-05-13 09:18:02 +0000  copying file ./Frameworks/MessagingSDK.framework/MessagingSDKStrings/Info.plist ... 
2022-05-13 09:18:02 +0000  784 bytes for ./Frameworks/MessagingSDK.framework/MessagingSDKStrings/Info.plist
2022-05-13 09:18:02 +0000  copying file ./Frameworks/MessagingSDK.framework/MessagingSDKStrings/hi.lproj/Localizable.strings ... 
2022-05-13 09:18:02 +0000  423 bytes for ./Frameworks/MessagingSDK.framework/MessagingSDKStrings/hi.lproj/Localizable.strings
2022-05-13 09:18:02 +0000  copying file ./Frameworks/ChatProvidersSDK.framework/_CodeSignature/CodeResources ... 
2022-05-13 09:18:02 +0000  1798 bytes for ./Frameworks/ChatProvidersSDK.framework/_CodeSignature/CodeResources
2022-05-13 09:18:02 +0000  copying file ./Frameworks/ChatProvidersSDK.framework/ChatProvidersSDK ... 
2022-05-13 09:18:02 +0000  13651408 bytes for ./Frameworks/ChatProvidersSDK.framework/ChatProvidersSDK
copying file ./Frameworks/ChatProvidersSDK.framework/Info.plist ... 
2022-05-13 09:18:02 +0000  726 bytes for ./Frameworks/ChatProvidersSDK.framework/Info.plist
copying file ./Frameworks/libswiftFoundation.dylib ... 
2022-05-13 09:18:02 +0000  43094320 bytes for ./Frameworks/libswiftFoundation.dylib
copying file ./Frameworks/libswiftCoreMedia.dylib ... 
2022-05-13 09:18:02 +0000  794576 bytes for ./Frameworks/libswiftCoreMedia.dylib
copying file ./Frameworks/libswiftCoreLocation.dylib ... 
2022-05-13 09:18:02 +0000  730224 bytes for ./Frameworks/libswiftCoreLocation.dylib
copying file ./Frameworks/libswiftsimd.dylib ... 
2022-05-13 09:18:02 +0000  4134176 bytes for ./Frameworks/libswiftsimd.dylib
copying file ./embedded.mobileprovision ... 
12166 bytes for ./embedded.mobileprovision
copying file ./assets/node_modules/react-native/Libraries/NewAppScreen/components/logo.png ... 
2022-05-13 09:18:02 +0000  24031 bytes for ./assets/node_modules/react-native/Libraries/NewAppScreen/components/logo.png
2022-05-13 09:18:02 +0000  copying file ./assets/node_modules/@react-navigation/drawer/src/views/assets/toggle-drawer-icon@3x.png ... 
2022-05-13 09:18:02 +0000  212 bytes for ./assets/node_modules/@react-navigation/drawer/src/views/assets/toggle-drawer-icon@3x.png
2022-05-13 09:18:02 +0000  copying file ./assets/node_modules/@react-navigation/drawer/src/views/assets/toggle-drawer-icon@2x.png ... 
2022-05-13 09:18:02 +0000  163 bytes for ./assets/node_modules/@react-navigation/drawer/src/views/assets/toggle-drawer-icon@2x.png
copying file ./assets/node_modules/@react-navigation/drawer/src/views/assets/toggle-drawer-icon.png ... 
2022-05-13 09:18:02 +0000  108 bytes for ./assets/node_modules/@react-navigation/drawer/src/views/assets/toggle-drawer-icon.png
2022-05-13 09:18:02 +0000  copying file ./assets/node_modules/@react-navigation/elements/src/assets/back-icon@3x.png ... 
2022-05-13 09:18:02 +0000  761 bytes for ./assets/node_modules/@react-navigation/elements/src/assets/back-icon@3x.png
2022-05-13 09:18:02 +0000  copying file ./assets/node_modules/@react-navigation/elements/src/assets/back-icon@2x.png ... 
2022-05-13 09:18:02 +0000  405 bytes for ./assets/node_modules/@react-navigation/elements/src/assets/back-icon@2x.png
2022-05-13 09:18:02 +0000  copying file ./assets/node_modules/@react-navigation/elements/src/assets/back-icon.png ... 
2022-05-13 09:18:02 +0000  290 bytes for ./assets/node_modules/@react-navigation/elements/src/assets/back-icon.png
copying file ./assets/node_modules/@react-navigation/elements/src/assets/back-icon-mask.png ... 
2022-05-13 09:18:02 +0000  913 bytes for ./assets/node_modules/@react-navigation/elements/src/assets/back-icon-mask.png
2022-05-13 09:18:02 +0000  copying file ./assets/node_modules/react-native-dropdown-picker/src/themes/light/icons/tick.png ... 
2022-05-13 09:18:02 +0000  1214 bytes for ./assets/node_modules/react-native-dropdown-picker/src/themes/light/icons/tick.png
2022-05-13 09:18:02 +0000  copying file ./assets/node_modules/react-native-dropdown-picker/src/themes/light/icons/arrow-down.png ... 
2022-05-13 09:18:02 +0000  522 bytes for ./assets/node_modules/react-native-dropdown-picker/src/themes/light/icons/arrow-down.png
2022-05-13 09:18:02 +0000  copying file ./assets/node_modules/react-native-dropdown-picker/src/themes/light/icons/arrow-up.png ... 
2022-05-13 09:18:02 +0000  807 bytes for ./assets/node_modules/react-native-dropdown-picker/src/themes/light/icons/arrow-up.png
2022-05-13 09:18:02 +0000  copying file ./assets/node_modules/react-native-dropdown-picker/src/themes/light/icons/close.png ... 
2022-05-13 09:18:02 +0000  338 bytes for ./assets/node_modules/react-native-dropdown-picker/src/themes/light/icons/close.png
2022-05-13 09:18:02 +0000  copying file ./assets/node_modules/react-native-dropdown-picker/src/themes/dark/icons/tick.png ... 
2022-05-13 09:18:02 +0000  15772 bytes for ./assets/node_modules/react-native-dropdown-picker/src/themes/dark/icons/tick.png
copying file ./assets/node_modules/react-native-dropdown-picker/src/themes/dark/icons/arrow-down.png ... 
2022-05-13 09:18:02 +0000  15367 bytes for ./assets/node_modules/react-native-dropdown-picker/src/themes/dark/icons/arrow-down.png
copying file ./assets/node_modules/react-native-dropdown-picker/src/themes/dark/icons/arrow-up.png ... 
2022-05-13 09:18:02 +0000  15500 bytes for ./assets/node_modules/react-native-dropdown-picker/src/themes/dark/icons/arrow-up.png
2022-05-13 09:18:02 +0000  copying file ./assets/node_modules/react-native-dropdown-picker/src/themes/dark/icons/close.png ... 
2022-05-13 09:18:02 +0000  15449 bytes for ./assets/node_modules/react-native-dropdown-picker/src/themes/dark/icons/close.png
2022-05-13 09:18:02 +0000  copying file ./assets/node_modules/react-native-flash-message/src/icons/fm_icon_danger@3x.png ... 
2022-05-13 09:18:02 +0000  985 bytes for ./assets/node_modules/react-native-flash-message/src/icons/fm_icon_danger@3x.png
copying file ./assets/node_modules/react-native-flash-message/src/icons/fm_icon_success@2x.png ... 
2022-05-13 09:18:02 +0000  626 bytes for ./assets/node_modules/react-native-flash-message/src/icons/fm_icon_success@2x.png
copying file ./assets/node_modules/react-native-flash-message/src/icons/fm_icon_info.png ... 
275 bytes for ./assets/node_modules/react-native-flash-message/src/icons/fm_icon_info.png
copying file ./assets/node_modules/react-native-flash-message/src/icons/fm_icon_warning@2x.png ... 
547 bytes for ./assets/node_modules/react-native-flash-message/src/icons/fm_icon_warning@2x.png
copying file ./assets/node_modules/react-native-flash-message/src/icons/fm_icon_warning@3x.png ... 
2022-05-13 09:18:02 +0000  712 bytes for ./assets/node_modules/react-native-flash-message/src/icons/fm_icon_warning@3x.png
copying file ./assets/node_modules/react-native-flash-message/src/icons/fm_icon_success.png ... 
2022-05-13 09:18:02 +0000  329 bytes for ./assets/node_modules/react-native-flash-message/src/icons/fm_icon_success.png
copying file ./assets/node_modules/react-native-flash-message/src/icons/fm_icon_success@3x.png ... 
2022-05-13 09:18:02 +0000  880 bytes for ./assets/node_modules/react-native-flash-message/src/icons/fm_icon_success@3x.png
copying file ./assets/node_modules/react-native-flash-message/src/icons/fm_icon_danger@2x.png ... 
2022-05-13 09:18:02 +0000  737 bytes for ./assets/node_modules/react-native-flash-message/src/icons/fm_icon_danger@2x.png
2022-05-13 09:18:02 +0000  copying file ./assets/node_modules/react-native-flash-message/src/icons/fm_icon_warning.png ... 
2022-05-13 09:18:02 +0000  306 bytes for ./assets/node_modules/react-native-flash-message/src/icons/fm_icon_warning.png
2022-05-13 09:18:02 +0000  copying file ./assets/node_modules/react-native-flash-message/src/icons/fm_icon_danger.png ... 
2022-05-13 09:18:02 +0000  382 bytes for ./assets/node_modules/react-native-flash-message/src/icons/fm_icon_danger.png
2022-05-13 09:18:02 +0000  copying file ./assets/node_modules/react-native-flash-message/src/icons/fm_icon_info@3x.png ... 
2022-05-13 09:18:02 +0000  568 bytes for ./assets/node_modules/react-native-flash-message/src/icons/fm_icon_info@3x.png
2022-05-13 09:18:02 +0000  copying file ./assets/node_modules/react-native-flash-message/src/icons/fm_icon_info@2x.png ... 
2022-05-13 09:18:02 +0000  435 bytes for ./assets/node_modules/react-native-flash-message/src/icons/fm_icon_info@2x.png
2022-05-13 09:18:02 +0000  copying file ./assets/node_modules/react-native-calendars/src/calendar/img/previous@2x.png ... 
2022-05-13 09:18:02 +0000  458 bytes for ./assets/node_modules/react-native-calendars/src/calendar/img/previous@2x.png
copying file ./assets/node_modules/react-native-calendars/src/calendar/img/next@2x.png ... 
2022-05-13 09:18:02 +0000  462 bytes for ./assets/node_modules/react-native-calendars/src/calendar/img/next@2x.png
2022-05-13 09:18:02 +0000  copying file ./assets/node_modules/react-native-calendars/src/img/down@3x.png ... 
2022-05-13 09:18:02 +0000  508 bytes for ./assets/node_modules/react-native-calendars/src/img/down@3x.png
2022-05-13 09:18:02 +0000  copying file ./assets/node_modules/react-native-calendars/src/img/down@2x.png ... 
2022-05-13 09:18:02 +0000  354 bytes for ./assets/node_modules/react-native-calendars/src/img/down@2x.png
2022-05-13 09:18:02 +0000  copying file ./assets/node_modules/react-native-calendars/src/img/up.png ... 
2022-05-13 09:18:02 +0000  215 bytes for ./assets/node_modules/react-native-calendars/src/img/up.png
2022-05-13 09:18:02 +0000  copying file ./assets/node_modules/react-native-calendars/src/img/down.png ... 
2022-05-13 09:18:02 +0000  208 bytes for ./assets/node_modules/react-native-calendars/src/img/down.png
copying file ./assets/node_modules/react-native-calendars/src/img/up@2x.png ... 
2022-05-13 09:18:02 +0000  347 bytes for ./assets/node_modules/react-native-calendars/src/img/up@2x.png
2022-05-13 09:18:02 +0000  copying file ./assets/node_modules/react-native-calendars/src/img/up@3x.png ... 
2022-05-13 09:18:02 +0000  504 bytes for ./assets/node_modules/react-native-calendars/src/img/up@3x.png
2022-05-13 09:18:02 +0000  copying file ./assets/node_modules/react-native-country-picker-modal/lib/assets/images/close.android.png ... 
2022-05-13 09:18:02 +0000  2156 bytes for ./assets/node_modules/react-native-country-picker-modal/lib/assets/images/close.android.png
copying file ./assets/node_modules/react-native-country-picker-modal/lib/assets/images/close.png ... 
2022-05-13 09:18:02 +0000  1204 bytes for ./assets/node_modules/react-native-country-picker-modal/lib/assets/images/close.png
2022-05-13 09:18:02 +0000  copying file ./assets/src/assets/images/ic_radiobutton@2x.png ... 
2022-05-13 09:18:02 +0000  807 bytes for ./assets/src/assets/images/ic_radiobutton@2x.png
2022-05-13 09:18:02 +0000  copying file ./assets/src/assets/images/ic_truck_b.png ... 
2022-05-13 09:18:02 +0000  1039 bytes for ./assets/src/assets/images/ic_truck_b.png
2022-05-13 09:18:02 +0000  copying file ./assets/src/assets/images/ic_signature_blue@2x.png ... 
2022-05-13 09:18:02 +0000  4738 bytes for ./assets/src/assets/images/ic_signature_blue@2x.png
copying file ./assets/src/assets/images/ic_map.png ... 
2022-05-13 09:18:02 +0000  961 bytes for ./assets/src/assets/images/ic_map.png
2022-05-13 09:18:02 +0000  copying file ./assets/src/assets/images/ic_analytics.png ... 
2022-05-13 09:18:02 +0000  996 bytes for ./assets/src/assets/images/ic_analytics.png
copying file ./assets/src/assets/images/ic_quantity@2x.png ... 
2022-05-13 09:18:02 +0000  1470 bytes for ./assets/src/assets/images/ic_quantity@2x.png
2022-05-13 09:18:02 +0000  copying file ./assets/src/assets/images/ic_customer.png ... 
2022-05-13 09:18:02 +0000  372 bytes for ./assets/src/assets/images/ic_customer.png
2022-05-13 09:18:02 +0000  copying file ./assets/src/assets/images/ic_menu@2x.png ... 
2022-05-13 09:18:02 +0000  486 bytes for ./assets/src/assets/images/ic_menu@2x.png
2022-05-13 09:18:02 +0000  copying file ./assets/src/assets/images/ic_dot@2x.png ... 
2022-05-13 09:18:02 +0000  386 bytes for ./assets/src/assets/images/ic_dot@2x.png
2022-05-13 09:18:02 +0000  copying file ./assets/src/assets/images/ic_damagereport@2x.png ... 
2022-05-13 09:18:02 +0000  1596 bytes for ./assets/src/assets/images/ic_damagereport@2x.png
2022-05-13 09:18:02 +0000  copying file ./assets/src/assets/images/ic_notes@3x.png ... 
2022-05-13 09:18:02 +0000  6023 bytes for ./assets/src/assets/images/ic_notes@3x.png
2022-05-13 09:18:02 +0000  copying file ./assets/src/assets/images/ic_customer@3x.png ... 
2022-05-13 09:18:02 +0000  869 bytes for ./assets/src/assets/images/ic_customer@3x.png
copying file ./assets/src/assets/images/ic_capture.png ... 
2022-05-13 09:18:02 +0000  1343 bytes for ./assets/src/assets/images/ic_capture.png
2022-05-13 09:18:02 +0000  copying file ./assets/src/assets/images/ic_face1@3x.png ... 
2022-05-13 09:18:02 +0000  7244 bytes for ./assets/src/assets/images/ic_face1@3x.png
copying file ./assets/src/assets/images/ic_navigate@2x.png ... 
2022-05-13 09:18:02 +0000  1044 bytes for ./assets/src/assets/images/ic_navigate@2x.png
2022-05-13 09:18:02 +0000  copying file ./assets/src/assets/images/ic_photo@2x.png ... 
2022-05-13 09:18:02 +0000  3361 bytes for ./assets/src/assets/images/ic_photo@2x.png
2022-05-13 09:18:02 +0000  copying file ./assets/src/assets/images/ic_bike.png ... 
2022-05-13 09:18:02 +0000  2057 bytes for ./assets/src/assets/images/ic_bike.png
2022-05-13 09:18:02 +0000  copying file ./assets/src/assets/images/ic_time@2x.png ... 
2022-05-13 09:18:02 +0000  1002 bytes for ./assets/src/assets/images/ic_time@2x.png
copying file ./assets/src/assets/images/ic_truck.png ... 
2022-05-13 09:18:02 +0000  1646 bytes for ./assets/src/assets/images/ic_truck.png
2022-05-13 09:18:02 +0000  copying file ./assets/src/assets/images/ic_cycle.png ... 
2022-05-13 09:18:02 +0000  2113 bytes for ./assets/src/assets/images/ic_cycle.png
2022-05-13 09:18:02 +0000  copying file ./assets/src/assets/images/ic_drpdwn.png ... 
2022-05-13 09:18:02 +0000  213 bytes for ./assets/src/assets/images/ic_drpdwn.png
2022-05-13 09:18:02 +0000  copying file ./assets/src/assets/images/ic_dollar@2x.png ... 
2022-05-13 09:18:02 +0000  1237 bytes for ./assets/src/assets/images/ic_dollar@2x.png
2022-05-13 09:18:02 +0000  copying file ./assets/src/assets/images/ic_signature@2x.png ... 
2022-05-13 09:18:02 +0000  4323 bytes for ./assets/src/assets/images/ic_signature@2x.png
copying file ./assets/src/assets/images/ic_profile@2x.png ... 
2022-05-13 09:18:02 +0000  1446 bytes for ./assets/src/assets/images/ic_profile@2x.png
2022-05-13 09:18:02 +0000  copying file ./assets/src/assets/images/ic_radio2@2x.png ... 
2022-05-13 09:18:02 +0000  947 bytes for ./assets/src/assets/images/ic_radio2@2x.png
2022-05-13 09:18:02 +0000  copying file ./assets/src/assets/images/ic_backwd_dark.png ... 
2022-05-13 09:18:02 +0000  342 bytes for ./assets/src/assets/images/ic_backwd_dark.png
2022-05-13 09:18:02 +0000  copying file ./assets/src/assets/images/ic_barcode@2x.png ... 
2022-05-13 09:18:02 +0000  718 bytes for ./assets/src/assets/images/ic_barcode@2x.png
2022-05-13 09:18:02 +0000  copying file ./assets/src/assets/images/ic_car_b@3x.png ... 
2022-05-13 09:18:02 +0000  3878 bytes for ./assets/src/assets/images/ic_car_b@3x.png
2022-05-13 09:18:02 +0000  copying file ./assets/src/assets/images/ic_chat_blue@2x.png ... 
2022-05-13 09:18:02 +0000  4172 bytes for ./assets/src/assets/images/ic_chat_blue@2x.png
copying file ./assets/src/assets/images/ic_task.png ... 
2022-05-13 09:18:02 +0000  394 bytes for ./assets/src/assets/images/ic_task.png
copying file ./assets/src/assets/images/ic_reimbursement.png ... 
750 bytes for ./assets/src/assets/images/ic_reimbursement.png
2022-05-13 09:18:02 +0000  copying file ./assets/src/assets/images/ic_barcode@3x.png ... 
824 bytes for ./assets/src/assets/images/ic_barcode@3x.png
copying file ./assets/src/assets/images/ic_car_b@2x.png ... 
2521 bytes for ./assets/src/assets/images/ic_car_b@2x.png
copying file ./assets/src/assets/images/ic_chat_blue@3x.png ... 
2022-05-13 09:18:02 +0000  7190 bytes for ./assets/src/assets/images/ic_chat_blue@3x.png
copying file ./assets/src/assets/images/ic_profile@3x.png ... 
2022-05-13 09:18:02 +0000  2268 bytes for ./assets/src/assets/images/ic_profile@3x.png
copying file ./assets/src/assets/images/ic_radio2@3x.png ... 
1503 bytes for ./assets/src/assets/images/ic_radio2@3x.png
copying file ./assets/src/assets/images/ic_list.png ... 
578 bytes for ./assets/src/assets/images/ic_list.png
copying file ./assets/src/assets/images/ic_dollar@3x.png ... 
1838 bytes for ./assets/src/assets/images/ic_dollar@3x.png
copying file ./assets/src/assets/images/ic_signature@3x.png ... 
2022-05-13 09:18:02 +0000  7494 bytes for ./assets/src/assets/images/ic_signature@3x.png
2022-05-13 09:18:02 +0000  copying file ./assets/src/assets/images/ic_navigate@3x.png ... 
1660 bytes for ./assets/src/assets/images/ic_navigate@3x.png
copying file ./assets/src/assets/images/ic_photo@3x.png ... 
2022-05-13 09:18:02 +0000  5501 bytes for ./assets/src/assets/images/ic_photo@3x.png
copying file ./assets/src/assets/images/ic_time@3x.png ... 
1421 bytes for ./assets/src/assets/images/ic_time@3x.png
copying file ./assets/src/assets/images/ic_face1@2x.png ... 
2022-05-13 09:18:02 +0000  4486 bytes for ./assets/src/assets/images/ic_face1@2x.png
2022-05-13 09:18:02 +0000  copying file ./assets/src/assets/images/ic_customer@2x.png ... 
624 bytes for ./assets/src/assets/images/ic_customer@2x.png
copying file ./assets/src/assets/images/ic_notes@2x.png ... 
3504 bytes for ./assets/src/assets/images/ic_notes@2x.png
copying file ./assets/src/assets/images/ic_path.png ... 
1272 bytes for ./assets/src/assets/images/ic_path.png
copying file ./assets/src/assets/images/ic_menu@3x.png ... 
673 bytes for ./assets/src/assets/images/ic_menu@3x.png
2022-05-13 09:18:02 +0000  copying file ./assets/src/assets/images/ic_dot@3x.png ... 
2022-05-13 09:18:02 +0000  556 bytes for ./assets/src/assets/images/ic_dot@3x.png
copying file ./assets/src/assets/images/ic_damagereport@3x.png ... 
2490 bytes for ./assets/src/assets/images/ic_damagereport@3x.png
copying file ./assets/src/assets/images/ic_code_grey.png ... 
1708 bytes for ./assets/src/assets/images/ic_code_grey.png
copying file ./assets/src/assets/images/ic_square.png ... 
174 bytes for ./assets/src/assets/images/ic_square.png
copying file ./assets/src/assets/images/ic_quantity@3x.png ... 
2022-05-13 09:18:02 +0000  1884 bytes for ./assets/src/assets/images/ic_quantity@3x.png
copying file ./assets/src/assets/images/ic_signature_blue@3x.png ... 
2022-05-13 09:18:02 +0000  7842 bytes for ./assets/src/assets/images/ic_signature_blue@3x.png
copying file ./assets/src/assets/images/ic_photo_blue.png ... 
2022-05-13 09:18:02 +0000  1641 bytes for ./assets/src/assets/images/ic_photo_blue.png
copying file ./assets/src/assets/images/ic_analyctis_selected.png ... 
2022-05-13 09:18:02 +0000  1073 bytes for ./assets/src/assets/images/ic_analyctis_selected.png
copying file ./assets/src/assets/images/ic_barcode.png ... 
2022-05-13 09:18:02 +0000  457 bytes for ./assets/src/assets/images/ic_barcode.png
copying file ./assets/src/assets/images/ic_location.png ... 
496 bytes for ./assets/src/assets/images/ic_location.png
copying file ./assets/src/assets/images/ic_task_selected.png ... 
1068 bytes for ./assets/src/assets/images/ic_task_selected.png
copying file ./assets/src/assets/images/ic_radiobutton@3x.png ... 
1318 bytes for ./assets/src/assets/images/ic_radiobutton@3x.png
copying file ./assets/src/assets/images/ic_location_off@3x.png ... 
2022-05-13 09:18:02 +0000  1513 bytes for ./assets/src/assets/images/ic_location_off@3x.png
copying file ./assets/src/assets/images/ic_photo.png ... 
2022-05-13 09:18:02 +0000  1541 bytes for ./assets/src/assets/images/ic_photo.png
copying file ./assets/src/assets/images/ic_walk@3x.png ... 
3538 bytes for ./assets/src/assets/images/ic_walk@3x.png
copying file ./assets/src/assets/images/ic_bike@3x.png ... 
2022-05-13 09:18:02 +0000  4814 bytes for ./assets/src/assets/images/ic_bike@3x.png
copying file ./assets/src/assets/images/ic_tick2@2x.png ... 
1198 bytes for ./assets/src/assets/images/ic_tick2@2x.png
copying file ./assets/src/assets/images/ic_face1.png ... 
2036 bytes for ./assets/src/assets/images/ic_face1.png
copying file ./assets/src/assets/images/ic_walk_b@2x.png ... 
2120 bytes for ./assets/src/assets/images/ic_walk_b@2x.png
copying file ./assets/src/assets/images/ic_capture@2x.png ... 
2993 bytes for ./assets/src/assets/images/ic_capture@2x.png
copying file ./assets/src/assets/images/ic_task_no@2x.png ... 
2022-05-13 09:18:02 +0000  46133 bytes for ./assets/src/assets/images/ic_task_no@2x.png
copying file ./assets/src/assets/images/ic_notes_blue@2x.png ... 
2022-05-13 09:18:02 +0000  3835 bytes for ./assets/src/assets/images/ic_notes_blue@2x.png
copying file ./assets/src/assets/images/ic_tick_green@3x.png ... 
2022-05-13 09:18:02 +0000  2219 bytes for ./assets/src/assets/images/ic_tick_green@3x.png
copying file ./assets/src/assets/images/ic_cross_red@2x.png ... 
1373 bytes for ./assets/src/assets/images/ic_cross_red@2x.png
copying file ./assets/src/assets/images/ic_task_selected@2x.png ... 
2221 bytes for ./assets/src/assets/images/ic_task_selected@2x.png
copying file ./assets/src/assets/images/ic_damagereport.png ... 
791 bytes for ./assets/src/assets/images/ic_damagereport.png
2022-05-13 09:18:02 +0000  copying file ./assets/src/assets/images/ic_tick.png ... 
2022-05-13 09:18:02 +0000  426 bytes for ./assets/src/assets/images/ic_tick.png
copying file ./assets/src/assets/images/ic_delete@3x.png ... 
1800 bytes for ./assets/src/assets/images/ic_delete@3x.png
copying file ./assets/src/assets/images/ic_code.png ... 
1762 bytes for ./assets/src/assets/images/ic_code.png
copying file ./assets/src/assets/images/ic_signature.png ... 
1949 bytes for ./assets/src/assets/images/ic_signature.png
copying file ./assets/src/assets/images/ic_map@2x.png ... 
2079 bytes for ./assets/src/assets/images/ic_map@2x.png
copying file ./assets/src/assets/images/ic_photo_blue@3x.png ... 
2022-05-13 09:18:02 +0000  5624 bytes for ./assets/src/assets/images/ic_photo_blue@3x.png
copying file ./assets/src/assets/images/ic_face2.png ... 
2022-05-13 09:18:02 +0000  2305 bytes for ./assets/src/assets/images/ic_face2.png
copying file ./assets/src/assets/images/ic_Logout@2x.png ... 
722 bytes for ./assets/src/assets/images/ic_Logout@2x.png
copying file ./assets/src/assets/images/ic_code_grey@3x.png ... 
2022-05-13 09:18:02 +0000  6053 bytes for ./assets/src/assets/images/ic_code_grey@3x.png
2022-05-13 09:18:02 +0000  copying file ./assets/src/assets/images/ic_cycle@2x.png ... 
3643 bytes for ./assets/src/assets/images/ic_cycle@2x.png
copying file ./assets/src/assets/images/ic_support_2@3x.png ... 
1700 bytes for ./assets/src/assets/images/ic_support_2@3x.png
copying file ./assets/src/assets/images/ic_car_b.png ... 
1197 bytes for ./assets/src/assets/images/ic_car_b.png
copying file ./assets/src/assets/images/ic_radiocheck@2x.png ... 
2022-05-13 09:18:02 +0000  997 bytes for ./assets/src/assets/images/ic_radiocheck@2x.png
copying file ./assets/src/assets/images/ic_path@3x.png ... 
2022-05-13 09:18:02 +0000  5284 bytes for ./assets/src/assets/images/ic_path@3x.png
copying file ./assets/src/assets/images/ic_off_duty@2x.png ... 
2022-05-13 09:18:02 +0000  65345 bytes for ./assets/src/assets/images/ic_off_duty@2x.png
2022-05-13 09:18:02 +0000  copying file ./assets/src/assets/images/ic_analyctis_selected@2x.png ... 
2022-05-13 09:18:02 +0000  2054 bytes for ./assets/src/assets/images/ic_analyctis_selected@2x.png
copying file ./assets/src/assets/images/ic_wallet@2x.png ... 
1121 bytes for ./assets/src/assets/images/ic_wallet@2x.png
copying file ./assets/src/assets/images/ic_task_2@3x.png ... 
2610 bytes for ./assets/src/assets/images/ic_task_2@3x.png
copying file ./assets/src/assets/images/ic_expand@3x.png ... 
875 bytes for ./assets/src/assets/images/ic_expand@3x.png
copying file ./assets/src/assets/images/ic_expand@2x.png ... 
2022-05-13 09:18:02 +0000  403 bytes for ./assets/src/assets/images/ic_expand@2x.png
copying file ./assets/src/assets/images/ic_task_2@2x.png ... 
2022-05-13 09:18:02 +0000  1616 bytes for ./assets/src/assets/images/ic_task_2@2x.png
copying file ./assets/src/assets/images/ic_wallet@3x.png ... 
1698 bytes for ./assets/src/assets/images/ic_wallet@3x.png
copying file ./assets/src/assets/images/ic_analyctis_selected@3x.png ... 
3126 bytes for ./assets/src/assets/images/ic_analyctis_selected@3x.png
copying file ./assets/src/assets/images/ic_delete.png ... 
560 bytes for ./assets/src/assets/images/ic_delete.png
copying file ./assets/src/assets/images/ic_off_duty@3x.png ... 
2022-05-13 09:18:02 +0000  103305 bytes for ./assets/src/assets/images/ic_off_duty@3x.png
2022-05-13 09:18:02 +0000  copying file ./assets/src/assets/images/ic_path@2x.png ... 
2022-05-13 09:18:02 +0000  3059 bytes for ./assets/src/assets/images/ic_path@2x.png
copying file ./assets/src/assets/images/ic_support_2@2x.png ... 
1138 bytes for ./assets/src/assets/images/ic_support_2@2x.png
copying file ./assets/src/assets/images/ic_radiocheck@3x.png ... 
1650 bytes for ./assets/src/assets/images/ic_radiocheck@3x.png
copying file ./assets/src/assets/images/ic_code_grey@2x.png ... 
3816 bytes for ./assets/src/assets/images/ic_code_grey@2x.png
copying file ./assets/src/assets/images/ic_cycle@3x.png ... 
2022-05-13 09:18:02 +0000  5321 bytes for ./assets/src/assets/images/ic_cycle@3x.png
copying file ./assets/src/assets/images/ic_profile.png ... 
2022-05-13 09:18:02 +0000  648 bytes for ./assets/src/assets/images/ic_profile.png
copying file ./assets/src/assets/images/ic_Logout@3x.png ... 
954 bytes for ./assets/src/assets/images/ic_Logout@3x.png
copying file ./assets/src/assets/images/ic_pin.png ... 
799 bytes for ./assets/src/assets/images/ic_pin.png
copying file ./assets/src/assets/images/ic_photo_blue@2x.png ... 
2022-05-13 09:18:02 +0000  3555 bytes for ./assets/src/assets/images/ic_photo_blue@2x.png
copying file ./assets/src/assets/images/ic_radio1.png ... 
2022-05-13 09:18:02 +0000  901 bytes for ./assets/src/assets/images/ic_radio1.png
copying file ./assets/src/assets/images/ic_map@3x.png ... 
3178 bytes for ./assets/src/assets/images/ic_map@3x.png
copying file ./assets/src/assets/images/ic_mail.png ... 
534 bytes for ./assets/src/assets/images/ic_mail.png
copying file ./assets/src/assets/images/ic_delete@2x.png ... 
2022-05-13 09:18:02 +0000  1173 bytes for ./assets/src/assets/images/ic_delete@2x.png
copying file ./assets/src/assets/images/ic_currentbalance.png ... 
2022-05-13 09:18:02 +0000  801 bytes for ./assets/src/assets/images/ic_currentbalance.png
copying file ./assets/src/assets/images/ic_cross_red@3x.png ... 
2051 bytes for ./assets/src/assets/images/ic_cross_red@3x.png
copying file ./assets/src/assets/images/ic_task_selected@3x.png ... 
3379 bytes for ./assets/src/assets/images/ic_task_selected@3x.png
copying file ./assets/src/assets/images/ic_dot.png ... 
270 bytes for ./assets/src/assets/images/ic_dot.png
copying file ./assets/src/assets/images/ic_tick_green@2x.png ... 
2022-05-13 09:18:02 +0000  1467 bytes for ./assets/src/assets/images/ic_tick_green@2x.png
copying file ./assets/src/assets/images/ic_notes_blue@3x.png ... 
2022-05-13 09:18:02 +0000  6414 bytes for ./assets/src/assets/images/ic_notes_blue@3x.png
2022-05-13 09:18:02 +0000  copying file ./assets/src/assets/images/ic_task_no@3x.png ... 
2022-05-13 09:18:02 +0000  75082 bytes for ./assets/src/assets/images/ic_task_no@3x.png
copying file ./assets/src/assets/images/ic_capture@3x.png ... 
2022-05-13 09:18:02 +0000  4578 bytes for ./assets/src/assets/images/ic_capture@3x.png
copying file ./assets/src/assets/images/ic_time.png ... 
2022-05-13 09:18:02 +0000  523 bytes for ./assets/src/assets/images/ic_time.png
copying file ./assets/src/assets/images/ic_walk_b@3x.png ... 
3152 bytes for ./assets/src/assets/images/ic_walk_b@3x.png
copying file ./assets/src/assets/images/ic_phone.png ... 
534 bytes for ./assets/src/assets/images/ic_phone.png
copying file ./assets/src/assets/images/ic_radio2.png ... 
532 bytes for ./assets/src/assets/images/ic_radio2.png
copying file ./assets/src/assets/images/ic_location_off@2x.png ... 
2022-05-13 09:18:02 +0000  1050 bytes for ./assets/src/assets/images/ic_location_off@2x.png
copying file ./assets/src/assets/images/ic_walk@2x.png ... 
2022-05-13 09:18:02 +0000  2612 bytes for ./assets/src/assets/images/ic_walk@2x.png
copying file ./assets/src/assets/images/ic_bike@2x.png ... 
3408 bytes for ./assets/src/assets/images/ic_bike@2x.png
copying file ./assets/src/assets/images/ic_tick2@3x.png ... 
1728 bytes for ./assets/src/assets/images/ic_tick2@3x.png
copying file ./assets/src/assets/images/ic_tick2.png ... 
639 bytes for ./assets/src/assets/images/ic_tick2.png
copying file ./assets/src/assets/images/ic_postal@3x.png ... 
2022-05-13 09:18:02 +0000  2125 bytes for ./assets/src/assets/images/ic_postal@3x.png
copying file ./assets/src/assets/images/ic_face2@2x.png ... 
2022-05-13 09:18:02 +0000  5090 bytes for ./assets/src/assets/images/ic_face2@2x.png
2022-05-13 09:18:02 +0000  copying file ./assets/src/assets/images/ic_lifetimearning@3x.png ... 
2922 bytes for ./assets/src/assets/images/ic_lifetimearning@3x.png
copying file ./assets/src/assets/images/placeholder.png ... 
2022-05-13 09:18:02 +0000  5937 bytes for ./assets/src/assets/images/placeholder.png
2022-05-13 09:18:02 +0000  copying file ./assets/src/assets/images/ic_car@3x.png ... 
2022-05-13 09:18:02 +0000  4185 bytes for ./assets/src/assets/images/ic_car@3x.png
copying file ./assets/src/assets/images/ic_chat@2x.png ... 
2068 bytes for ./assets/src/assets/images/ic_chat@2x.png
copying file ./assets/src/assets/images/ic_list@2x.png ... 
2022-05-13 09:18:02 +0000  1060 bytes for ./assets/src/assets/images/ic_list@2x.png
copying file ./assets/src/assets/images/ic_analytics@3x.png ... 
2022-05-13 09:18:02 +0000  2914 bytes for ./assets/src/assets/images/ic_analytics@3x.png
copying file ./assets/src/assets/images/ic_Logout.png ... 
445 bytes for ./assets/src/assets/images/ic_Logout.png
copying file ./assets/src/assets/images/Main_logo@3x.png ... 
2022-05-13 09:18:02 +0000  36601 bytes for ./assets/src/assets/images/Main_logo@3x.png
copying file ./assets/src/assets/images/ic_cycle_b.png ... 
1578 bytes for ./assets/src/assets/images/ic_cycle_b.png
copying file ./assets/src/assets/images/ic_pin@3x.png ... 
3080 bytes for ./assets/src/assets/images/ic_pin@3x.png
copying file ./assets/src/assets/images/ic_truck_b@2x.png ... 
2146 bytes for ./assets/src/assets/images/ic_truck_b@2x.png
copying file ./assets/src/assets/images/ico_pin_blue.png ... 
901 bytes for ./assets/src/assets/images/ico_pin_blue.png
copying file ./assets/src/assets/images/ic_map1@2x.png ... 
2022-05-13 09:18:02 +0000  35912 bytes for ./assets/src/assets/images/ic_map1@2x.png
copying file ./assets/src/assets/images/ic_radio1@3x.png ... 
2022-05-13 09:18:02 +0000  2533 bytes for ./assets/src/assets/images/ic_radio1@3x.png
2022-05-13 09:18:02 +0000  copying file ./assets/src/assets/images/ic_backwd_dark@2x.png ... 
507 bytes for ./assets/src/assets/images/ic_backwd_dark@2x.png
copying file ./assets/src/assets/images/ic_tutorial@2x.png ... 
1206 bytes for ./assets/src/assets/images/ic_tutorial@2x.png
copying file ./assets/src/assets/images/ic_location_on.png ... 
515 bytes for ./assets/src/assets/images/ic_location_on.png
copying file ./assets/src/assets/images/ic_tick@3x.png ... 
1270 bytes for ./assets/src/assets/images/ic_tick@3x.png
2022-05-13 09:18:02 +0000  copying file ./assets/src/assets/images/ic_square@2x.png ... 
2022-05-13 09:18:02 +0000  186 bytes for ./assets/src/assets/images/ic_square@2x.png
copying file ./assets/src/assets/images/ic_details@2x.png ... 
558 bytes for ./assets/src/assets/images/ic_details@2x.png
copying file ./assets/src/assets/images/ic_bike_b.png ... 
1507 bytes for ./assets/src/assets/images/ic_bike_b.png
copying file ./assets/src/assets/images/ic_bike_b@3x.png ... 
2022-05-13 09:18:02 +0000  4515 bytes for ./assets/src/assets/images/ic_bike_b@3x.png
copying file ./assets/src/assets/images/ic_quantity.png ... 
736 bytes for ./assets/src/assets/images/ic_quantity.png
copying file ./assets/src/assets/images/ic_cycle_b@3x.png ... 
2022-05-13 09:18:02 +0000  5154 bytes for ./assets/src/assets/images/ic_cycle_b@3x.png
copying file ./assets/src/assets/images/ic_search@3x.png ... 
2022-05-13 09:18:02 +0000  2644 bytes for ./assets/src/assets/images/ic_search@3x.png
copying file ./assets/src/assets/images/ic_tick_green.png ... 
707 bytes for ./assets/src/assets/images/ic_tick_green.png
copying file ./assets/src/assets/images/ic_support@3x.png ... 
1467 bytes for ./assets/src/assets/images/ic_support@3x.png
copying file ./assets/src/assets/images/ic_navigate.png ... 
2022-05-13 09:18:02 +0000  493 bytes for ./assets/src/assets/images/ic_navigate.png
copying file ./assets/src/assets/images/ic_search.png ... 
2022-05-13 09:18:02 +0000  906 bytes for ./assets/src/assets/images/ic_search.png
copying file ./assets/src/assets/images/ic_task_no.png ... 
2022-05-13 09:18:02 +0000  20658 bytes for ./assets/src/assets/images/ic_task_no.png
copying file ./assets/src/assets/images/ic_arrow.png ... 
334 bytes for ./assets/src/assets/images/ic_arrow.png
copying file ./assets/src/assets/images/ic_settings.png ... 
750 bytes for ./assets/src/assets/images/ic_settings.png
copying file ./assets/src/assets/images/ic_support@2x.png ... 
958 bytes for ./assets/src/assets/images/ic_support@2x.png
copying file ./assets/src/assets/images/ic_search@2x.png ... 
2022-05-13 09:18:02 +0000  1733 bytes for ./assets/src/assets/images/ic_search@2x.png
copying file ./assets/src/assets/images/ic_cycle_b@2x.png ... 
2022-05-13 09:18:02 +0000  3334 bytes for ./assets/src/assets/images/ic_cycle_b@2x.png
copying file ./assets/src/assets/images/ic_radioActive.png ... 
470 bytes for ./assets/src/assets/images/ic_radioActive.png
copying file ./assets/src/assets/images/ic_bike_b@2x.png ... 
2947 bytes for ./assets/src/assets/images/ic_bike_b@2x.png
copying file ./assets/src/assets/images/ic_radiobutton.png ... 
429 bytes for ./assets/src/assets/images/ic_radiobutton.png
copying file ./assets/src/assets/images/ic_details@3x.png ... 
753 bytes for ./assets/src/assets/images/ic_details@3x.png
copying file ./assets/src/assets/images/ic_tutorial@3x.png ... 
2022-05-13 09:18:02 +0000  1902 bytes for ./assets/src/assets/images/ic_tutorial@3x.png
2022-05-13 09:18:02 +0000  copying file ./assets/src/assets/images/ic_square@3x.png ... 
210 bytes for ./assets/src/assets/images/ic_square@3x.png
copying file ./assets/src/assets/images/ic_tick@2x.png ... 
835 bytes for ./assets/src/assets/images/ic_tick@2x.png
copying file ./assets/src/assets/images/ic_backwd_dark@3x.png ... 
715 bytes for ./assets/src/assets/images/ic_backwd_dark@3x.png
copying file ./assets/src/assets/images/ic_radio1@2x.png ... 
2022-05-13 09:18:02 +0000  1634 bytes for ./assets/src/assets/images/ic_radio1@2x.png
copying file ./assets/src/assets/images/ic_back.png ... 
2022-05-13 09:18:02 +0000  492 bytes for ./assets/src/assets/images/ic_back.png
copying file ./assets/src/assets/images/ic_map1@3x.png ... 
2022-05-13 09:18:02 +0000  70847 bytes for ./assets/src/assets/images/ic_map1@3x.png
copying file ./assets/src/assets/images/ic_truck_b@3x.png ... 
3139 bytes for ./assets/src/assets/images/ic_truck_b@3x.png
copying file ./assets/src/assets/images/ic_map1.png ... 
2022-05-13 09:18:02 +0000  10554 bytes for ./assets/src/assets/images/ic_map1.png
2022-05-13 09:18:02 +0000  copying file ./assets/src/assets/images/ic_pin@2x.png ... 
1707 bytes for ./assets/src/assets/images/ic_pin@2x.png
copying file ./assets/src/assets/images/Main_logo@2x.png ... 
2022-05-13 09:18:02 +0000  21860 bytes for ./assets/src/assets/images/Main_logo@2x.png
copying file ./assets/src/assets/images/ic_chat_blue.png ... 
1873 bytes for ./assets/src/assets/images/ic_chat_blue.png
copying file ./assets/src/assets/images/ic_list@3x.png ... 
2022-05-13 09:18:02 +0000  1395 bytes for ./assets/src/assets/images/ic_list@3x.png
2022-05-13 09:18:02 +0000  copying file ./assets/src/assets/images/ic_analytics@2x.png ... 
1924 bytes for ./assets/src/assets/images/ic_analytics@2x.png
copying file ./assets/src/assets/images/ic_notes.png ... 
1617 bytes for ./assets/src/assets/images/ic_notes.png
copying file ./assets/src/assets/images/ic_chat@3x.png ... 
3045 bytes for ./assets/src/assets/images/ic_chat@3x.png
copying file ./assets/src/assets/images/ic_chat.png ... 
1040 bytes for ./assets/src/assets/images/ic_chat.png
copying file ./assets/src/assets/images/Main_logo.png ... 
2022-05-13 09:18:02 +0000  10020 bytes for ./assets/src/assets/images/Main_logo.png
copying file ./assets/src/assets/images/ic_dollar.png ... 
2022-05-13 09:18:02 +0000  634 bytes for ./assets/src/assets/images/ic_dollar.png
copying file ./assets/src/assets/images/ic_walk_b.png ... 
2022-05-13 09:18:02 +0000  1036 bytes for ./assets/src/assets/images/ic_walk_b.png
copying file ./assets/src/assets/images/ic_car@2x.png ... 
2022-05-13 09:18:02 +0000  2922 bytes for ./assets/src/assets/images/ic_car@2x.png
copying file ./assets/src/assets/images/ic_postal@2x.png ... 
1357 bytes for ./assets/src/assets/images/ic_postal@2x.png
copying file ./assets/src/assets/images/ic_face2@3x.png ... 
2022-05-13 09:18:02 +0000  8091 bytes for ./assets/src/assets/images/ic_face2@3x.png
copying file ./assets/src/assets/images/ic_lifetimearning@2x.png ... 
1889 bytes for ./assets/src/assets/images/ic_lifetimearning@2x.png
copying file ./assets/src/assets/images/ic_walk.png ... 
1622 bytes for ./assets/src/assets/images/ic_walk.png
copying file ./assets/src/assets/images/ico_pin_blue@3x.png ... 
2492 bytes for ./assets/src/assets/images/ico_pin_blue@3x.png
copying file ./assets/src/assets/images/ic_call_2.png ... 
699 bytes for ./assets/src/assets/images/ic_call_2.png
copying file ./assets/src/assets/images/ic_cross_red.png ... 
2022-05-13 09:18:02 +0000  650 bytes for ./assets/src/assets/images/ic_cross_red.png
copying file ./assets/src/assets/images/ic_chat_selected@3x.png ... 
2022-05-13 09:18:02 +0000  3263 bytes for ./assets/src/assets/images/ic_chat_selected@3x.png
copying file ./assets/src/assets/images/ic_wallet.png ... 
567 bytes for ./assets/src/assets/images/ic_wallet.png
copying file ./assets/src/assets/images/ic_location@3x.png ... 
1729 bytes for ./assets/src/assets/images/ic_location@3x.png
2022-05-13 09:18:02 +0000  copying file ./assets/src/assets/images/ic_support.png ... 
2022-05-13 09:18:02 +0000  496 bytes for ./assets/src/assets/images/ic_support.png
copying file ./assets/src/assets/images/ic_radiocheck.png ... 
493 bytes for ./assets/src/assets/images/ic_radiocheck.png
copying file ./assets/src/assets/images/ic_phone@3x.png ... 
1693 bytes for ./assets/src/assets/images/ic_phone@3x.png
copying file ./assets/src/assets/images/ic_task@3x.png ... 
2022-05-13 09:18:02 +0000  896 bytes for ./assets/src/assets/images/ic_task@3x.png
copying file ./assets/src/assets/images/ic_reimbursement@2x.png ... 
1511 bytes for ./assets/src/assets/images/ic_reimbursement@2x.png
copying file ./assets/src/assets/images/ic_location_on@2x.png ... 
842 bytes for ./assets/src/assets/images/ic_location_on@2x.png
copying file ./assets/src/assets/images/ic_radioActive@3x.png ... 
1315 bytes for ./assets/src/assets/images/ic_radioActive@3x.png
copying file ./assets/src/assets/images/ic_truck@3x.png ... 
2022-05-13 09:18:02 +0000  3595 bytes for ./assets/src/assets/images/ic_truck@3x.png
copying file ./assets/src/assets/images/ic_location_2.png ... 
2022-05-13 09:18:02 +0000  630 bytes for ./assets/src/assets/images/ic_location_2.png
copying file ./assets/src/assets/images/ic_currentbalance@2x.png ... 
1564 bytes for ./assets/src/assets/images/ic_currentbalance@2x.png
copying file ./assets/src/assets/images/ic_location_2@3x.png ... 
2291 bytes for ./assets/src/assets/images/ic_location_2@3x.png
copying file ./assets/src/assets/images/ic_settings@2x.png ... 
2022-05-13 09:18:02 +0000  1706 bytes for ./assets/src/assets/images/ic_settings@2x.png
copying file ./assets/src/assets/images/ic_back@2x.png ... 
2022-05-13 09:18:02 +0000  841 bytes for ./assets/src/assets/images/ic_back@2x.png
copying file ./assets/src/assets/images/ic_call@3x.png ... 
2022-05-13 09:18:02 +0000  6926 bytes for ./assets/src/assets/images/ic_call@3x.png
copying file ./assets/src/assets/images/ic_menu.png ... 
296 bytes for ./assets/src/assets/images/ic_menu.png
copying file ./assets/src/assets/images/ic_payout.png ... 
2022-05-13 09:18:02 +0000  733 bytes for ./assets/src/assets/images/ic_payout.png
copying file ./assets/src/assets/images/ic_placeholderbee@3x.png ... 
2022-05-13 09:18:02 +0000  50246 bytes for ./assets/src/assets/images/ic_placeholderbee@3x.png
copying file ./assets/src/assets/images/ic_payout@3x.png ... 
2022-05-13 09:18:02 +0000  2350 bytes for ./assets/src/assets/images/ic_payout@3x.png
copying file ./assets/src/assets/images/ic_mail@2x.png ... 
1126 bytes for ./assets/src/assets/images/ic_mail@2x.png
copying file ./assets/src/assets/images/ic_postal.png ... 
627 bytes for ./assets/src/assets/images/ic_postal.png
copying file ./assets/src/assets/images/ic_drpdwn@2x.png ... 
272 bytes for ./assets/src/assets/images/ic_drpdwn@2x.png
copying file ./assets/src/assets/images/ic_call_2@2x.png ... 
2022-05-13 09:18:02 +0000  1463 bytes for ./assets/src/assets/images/ic_call_2@2x.png
2022-05-13 09:18:02 +0000  copying file ./assets/src/assets/images/ic_radio@2x.png ... 
802 bytes for ./assets/src/assets/images/ic_radio@2x.png
copying file ./assets/src/assets/images/ic_radio.png ... 
422 bytes for ./assets/src/assets/images/ic_radio.png
copying file ./assets/src/assets/images/ic_code@3x.png ... 
2022-05-13 09:18:02 +0000  6323 bytes for ./assets/src/assets/images/ic_code@3x.png
2022-05-13 09:18:02 +0000  copying file ./assets/src/assets/images/ic_placeholderbee.png ... 
2022-05-13 09:18:02 +0000  12626 bytes for ./assets/src/assets/images/ic_placeholderbee.png
copying file ./assets/src/assets/images/ic_arrow@2x.png ... 
2022-05-13 09:18:02 +0000  534 bytes for ./assets/src/assets/images/ic_arrow@2x.png
copying file ./assets/src/assets/images/ic_arrow@3x.png ... 
783 bytes for ./assets/src/assets/images/ic_arrow@3x.png
copying file ./assets/src/assets/images/ic_task_2.png ... 
750 bytes for ./assets/src/assets/images/ic_task_2.png
copying file ./assets/src/assets/images/ic_code@2x.png ... 
3936 bytes for ./assets/src/assets/images/ic_code@2x.png
copying file ./assets/src/assets/images/ic_location_off.png ... 
2022-05-13 09:18:02 +0000  590 bytes for ./assets/src/assets/images/ic_location_off.png
copying file ./assets/src/assets/images/ic_call.png ... 
2022-05-13 09:18:02 +0000  1700 bytes for ./assets/src/assets/images/ic_call.png
copying file ./assets/src/assets/images/ic_radio@3x.png ... 
1186 bytes for ./assets/src/assets/images/ic_radio@3x.png
copying file ./assets/src/assets/images/ic_call_2@3x.png ... 
2340 bytes for ./assets/src/assets/images/ic_call_2@3x.png
copying file ./assets/src/assets/images/ic_drpdwn@3x.png ... 
336 bytes for ./assets/src/assets/images/ic_drpdwn@3x.png
copying file ./assets/src/assets/images/ic_signature_blue.png ... 
2022-05-13 09:18:02 +0000  2099 bytes for ./assets/src/assets/images/ic_signature_blue.png
copying file ./assets/src/assets/images/ic_mail@3x.png ... 
2022-05-13 09:18:02 +0000  1701 bytes for ./assets/src/assets/images/ic_mail@3x.png
copying file ./assets/src/assets/images/ic_payout@2x.png ... 
1567 bytes for ./assets/src/assets/images/ic_payout@2x.png
copying file ./assets/src/assets/images/ic_placeholderbee@2x.png ... 
2022-05-13 09:18:02 +0000  28564 bytes for ./assets/src/assets/images/ic_placeholderbee@2x.png
copying file ./assets/src/assets/images/ripple.gif ... 
2022-05-13 09:18:02 +0000  23786 bytes for ./assets/src/assets/images/ripple.gif
copying file ./assets/src/assets/images/ic_notes_blue.png ... 
2022-05-13 09:18:02 +0000  1689 bytes for ./assets/src/assets/images/ic_notes_blue.png
copying file ./assets/src/assets/images/ic_call@2x.png ... 
4046 bytes for ./assets/src/assets/images/ic_call@2x.png
copying file ./assets/src/assets/images/ic_settings@3x.png ... 
2690 bytes for ./assets/src/assets/images/ic_settings@3x.png
copying file ./assets/src/assets/images/ic_location_2@2x.png ... 
1475 bytes for ./assets/src/assets/images/ic_location_2@2x.png
copying file ./assets/src/assets/images/ic_back@3x.png ... 
2022-05-13 09:18:02 +0000  1232 bytes for ./assets/src/assets/images/ic_back@3x.png
copying file ./assets/src/assets/images/ic_lifetimearning.png ... 
2022-05-13 09:18:02 +0000  883 bytes for ./assets/src/assets/images/ic_lifetimearning.png
copying file ./assets/src/assets/images/ic_truck@2x.png ... 
2636 bytes for ./assets/src/assets/images/ic_truck@2x.png
copying file ./assets/src/assets/images/ic_currentbalance@3x.png ... 
2414 bytes for ./assets/src/assets/images/ic_currentbalance@3x.png
copying file ./assets/src/assets/images/ic_location_on@3x.png ... 
1175 bytes for ./assets/src/assets/images/ic_location_on@3x.png
2022-05-13 09:18:02 +0000  copying file ./assets/src/assets/images/ic_radioActive@2x.png ... 
2022-05-13 09:18:02 +0000  822 bytes for ./assets/src/assets/images/ic_radioActive@2x.png
copying file ./assets/src/assets/images/ic_phone@2x.png ... 
1133 bytes for ./assets/src/assets/images/ic_phone@2x.png
copying file ./assets/src/assets/images/ic_task@2x.png ... 
661 bytes for ./assets/src/assets/images/ic_task@2x.png
copying file ./assets/src/assets/images/ic_reimbursement@3x.png ... 
2333 bytes for ./assets/src/assets/images/ic_reimbursement@3x.png
copying file ./assets/src/assets/images/ic_location@2x.png ... 
2022-05-13 09:18:02 +0000  1070 bytes for ./assets/src/assets/images/ic_location@2x.png
copying file ./assets/src/assets/images/ic_tutorial.png ... 
2022-05-13 09:18:02 +0000  609 bytes for ./assets/src/assets/images/ic_tutorial.png
copying file ./assets/src/assets/images/ic_car.png ... 
1725 bytes for ./assets/src/assets/images/ic_car.png
copying file ./assets/src/assets/images/ic_expand.png ... 
343 bytes for ./assets/src/assets/images/ic_expand.png
copying file ./assets/src/assets/images/ic_details.png ... 
387 bytes for ./assets/src/assets/images/ic_details.png
copying file ./assets/src/assets/images/ic_off_duty.png ... 
2022-05-13 09:18:02 +0000  28927 bytes for ./assets/src/assets/images/ic_off_duty.png
2022-05-13 09:18:02 +0000  copying file ./assets/src/assets/images/ic_chat_selected.png ... 
1830 bytes for ./assets/src/assets/images/ic_chat_selected.png
copying file ./assets/src/assets/images/ic_chat_selected@2x.png ... 
2187 bytes for ./assets/src/assets/images/ic_chat_selected@2x.png
copying file ./assets/src/assets/images/ico_pin_blue@2x.png ... 
1721 bytes for ./assets/src/assets/images/ico_pin_blue@2x.png
copying file ./assets/src/assets/images/ic_support_2.png ... 
573 bytes for ./assets/src/assets/images/ic_support_2.png
copying file ./Info.plist ... 
2022-05-13 09:18:02 +0000  1951 bytes for ./Info.plist
copying file ./PkgInfo ... 
2022-05-13 09:18:02 +0000  /usr/bin/ditto exited with 0
2022-05-13 09:18:02 +0000  8 bytes for ./PkgInfo
2022-05-13 09:18:02 +0000  Processing step: IDEDistributionEmbedProfileStep
2022-05-13 09:18:02 +0000  Skipping profile for item: <IDEDistributionItem: 0x7fa33a35b6d0; bundleID='com.zendesk.ChatProvidersSDK', path='<DVTFilePath:0x7fa33a1b36f0:'/Users/cbl-mac-001/Library/Developer/Xcode/Archives/2022-05-13/Onscart(Prod) 13-05-22, 1.29 PM.xcarchive/Products/Applications/Onscart.app/Frameworks/ChatProvidersSDK.framework'>', codeSigningInfo='<_DVTCodeSigningInformation_Path: 0x7fa324966480; isSigned='1', isAdHocSigned='0', signingCertificate='<DVTSigningCertificate: 0x7fa49d626a00; name='Apple Distribution: Code Brew Labs (6FXUMT5X23)', hash='123CDC3C0D45E7C1D11EBC0789D358D71BDC3FE0', serialNumber='61FFED10654449B1B4B474C94D696131', certificateKinds='(
    "1.2.840.113635.100.6.1.7",
    "1.2.840.113635.100.6.1.4"
), issueDate='2021-05-17 09:31:07 +0000''>', entitlements='(null)', teamID='6FXUMT5X23', identifier='com.zendesk.ChatProvidersSDK', executablePath='<DVTFilePath:0x7fa3163b21c0:'/Users/cbl-mac-001/Library/Developer/Xcode/Archives/2022-05-13/Onscart(Prod) 13-05-22, 1.29 PM.xcarchive/Products/Applications/Onscart.app/Frameworks/ChatProvidersSDK.framework/ChatProvidersSDK'>', hardenedRuntime='0'>'>
2022-05-13 09:18:02 +0000  Skipping profile for item: <IDEDistributionItem: 0x7fa328170e60; bundleID='com.zendesk.ChatSDK', path='<DVTFilePath:0x7fa33a144290:'/Users/cbl-mac-001/Library/Developer/Xcode/Archives/2022-05-13/Onscart(Prod) 13-05-22, 1.29 PM.xcarchive/Products/Applications/Onscart.app/Frameworks/ChatSDK.framework'>', codeSigningInfo='<_DVTCodeSigningInformation_Path: 0x7fa4d20b4ea0; isSigned='1', isAdHocSigned='0', signingCertificate='<DVTSigningCertificate: 0x7fa49d626a00; name='Apple Distribution: Code Brew Labs (6FXUMT5X23)', hash='123CDC3C0D45E7C1D11EBC0789D358D71BDC3FE0', serialNumber='61FFED10654449B1B4B474C94D696131', certificateKinds='(
    "1.2.840.113635.100.6.1.7",
    "1.2.840.113635.100.6.1.4"
), issueDate='2021-05-17 09:31:07 +0000''>', entitlements='(null)', teamID='6FXUMT5X23', identifier='com.zendesk.ChatSDK', executablePath='<DVTFilePath:0x7fa33a1f60a0:'/Users/cbl-mac-001/Library/Developer/Xcode/Archives/2022-05-13/Onscart(Prod) 13-05-22, 1.29 PM.xcarchive/Products/Applications/Onscart.app/Frameworks/ChatSDK.framework/ChatSDK'>', hardenedRuntime='0'>'>
2022-05-13 09:18:02 +0000  Skipping profile for item: <IDEDistributionItem: 0x7fa3343b5130; bundleID='com.zendesk.CommonUISDK', path='<DVTFilePath:0x7fa33a4fe950:'/Users/cbl-mac-001/Library/Developer/Xcode/Archives/2022-05-13/Onscart(Prod) 13-05-22, 1.29 PM.xcarchive/Products/Applications/Onscart.app/Frameworks/CommonUISDK.framework'>', codeSigningInfo='<_DVTCodeSigningInformation_Path: 0x7fa41b2aaeb0; isSigned='1', isAdHocSigned='0', signingCertificate='<DVTSigningCertificate: 0x7fa49d626a00; name='Apple Distribution: Code Brew Labs (6FXUMT5X23)', hash='123CDC3C0D45E7C1D11EBC0789D358D71BDC3FE0', serialNumber='61FFED10654449B1B4B474C94D696131', certificateKinds='(
    "1.2.840.113635.100.6.1.7",
    "1.2.840.113635.100.6.1.4"
), issueDate='2021-05-17 09:31:07 +0000''>', entitlements='(null)', teamID='6FXUMT5X23', identifier='com.zendesk.CommonUISDK', executablePath='<DVTFilePath:0x7fa33a475660:'/Users/cbl-mac-001/Library/Developer/Xcode/Archives/2022-05-13/Onscart(Prod) 13-05-22, 1.29 PM.xcarchive/Products/Applications/Onscart.app/Frameworks/CommonUISDK.framework/CommonUISDK'>', hardenedRuntime='0'>'>
2022-05-13 09:18:02 +0000  Skipping profile for item: <IDEDistributionItem: 0x7fa339e30c20; bundleID='com.regula.facesdk', path='<DVTFilePath:0x7fa33a4c0920:'/Users/cbl-mac-001/Library/Developer/Xcode/Archives/2022-05-13/Onscart(Prod) 13-05-22, 1.29 PM.xcarchive/Products/Applications/Onscart.app/Frameworks/FaceSDK.framework'>', codeSigningInfo='<_DVTCodeSigningInformation_Path: 0x7fa31a03c4e0; isSigned='1', isAdHocSigned='0', signingCertificate='<DVTSigningCertificate: 0x7fa49d626a00; name='Apple Distribution: Code Brew Labs (6FXUMT5X23)', hash='123CDC3C0D45E7C1D11EBC0789D358D71BDC3FE0', serialNumber='61FFED10654449B1B4B474C94D696131', certificateKinds='(
    "1.2.840.113635.100.6.1.7",
    "1.2.840.113635.100.6.1.4"
), issueDate='2021-05-17 09:31:07 +0000''>', entitlements='(null)', teamID='6FXUMT5X23', identifier='com.regula.facesdk', executablePath='<DVTFilePath:0x7fa33a4e14b0:'/Users/cbl-mac-001/Library/Developer/Xcode/Archives/2022-05-13/Onscart(Prod) 13-05-22, 1.29 PM.xcarchive/Products/Applications/Onscart.app/Frameworks/FaceSDK.framework/FaceSDK'>', hardenedRuntime='0'>'>
2022-05-13 09:18:02 +0000  Skipping profile for item: <IDEDistributionItem: 0x7fa336341a60; bundleID='com.zendesk.MessagingAPI', path='<DVTFilePath:0x7fa33a4d2cf0:'/Users/cbl-mac-001/Library/Developer/Xcode/Archives/2022-05-13/Onscart(Prod) 13-05-22, 1.29 PM.xcarchive/Products/Applications/Onscart.app/Frameworks/MessagingAPI.framework'>', codeSigningInfo='<_DVTCodeSigningInformation_Path: 0x7fa52a6cf8c0; isSigned='1', isAdHocSigned='0', signingCertificate='<DVTSigningCertificate: 0x7fa40e881a80; name='Apple Distribution: Code Brew Labs (6FXUMT5X23)', hash='123CDC3C0D45E7C1D11EBC0789D358D71BDC3FE0', serialNumber='61FFED10654449B1B4B474C94D696131', certificateKinds='(
    "1.2.840.113635.100.6.1.7",
    "1.2.840.113635.100.6.1.4"
), issueDate='2021-05-17 09:31:07 +0000''>', entitlements='(null)', teamID='6FXUMT5X23', identifier='com.zendesk.MessagingAPI', executablePath='<DVTFilePath:0x7fa339fdd0f0:'/Users/cbl-mac-001/Library/Developer/Xcode/Archives/2022-05-13/Onscart(Prod) 13-05-22, 1.29 PM.xcarchive/Products/Applications/Onscart.app/Frameworks/MessagingAPI.framework/MessagingAPI'>', hardenedRuntime='0'>'>
2022-05-13 09:18:02 +0000  Skipping profile for item: <IDEDistributionItem: 0x7fa4d29ab370; bundleID='com.zendesk.MessagingSDK', path='<DVTFilePath:0x7fa33a45da70:'/Users/cbl-mac-001/Library/Developer/Xcode/Archives/2022-05-13/Onscart(Prod) 13-05-22, 1.29 PM.xcarchive/Products/Applications/Onscart.app/Frameworks/MessagingSDK.framework'>', codeSigningInfo='<_DVTCodeSigningInformation_Path: 0x7fa3281408f0; isSigned='1', isAdHocSigned='0', signingCertificate='<DVTSigningCertificate: 0x7fa4e6c0e430; name='Apple Distribution: Code Brew Labs (6FXUMT5X23)', hash='123CDC3C0D45E7C1D11EBC0789D358D71BDC3FE0', serialNumber='61FFED10654449B1B4B474C94D696131', certificateKinds='(
    "1.2.840.113635.100.6.1.7",
    "1.2.840.113635.100.6.1.4"
), issueDate='2021-05-17 09:31:07 +0000''>', entitlements='(null)', teamID='6FXUMT5X23', identifier='com.zendesk.MessagingSDK', executablePath='<DVTFilePath:0x7fa419a877e0:'/Users/cbl-mac-001/Library/Developer/Xcode/Archives/2022-05-13/Onscart(Prod) 13-05-22, 1.29 PM.xcarchive/Products/Applications/Onscart.app/Frameworks/MessagingSDK.framework/MessagingSDK'>', hardenedRuntime='0'>'>
2022-05-13 09:18:02 +0000  Skipping profile for item: <IDEDistributionItem: 0x7fa33a32ecd0; bundleID='com.razorpay.CheckoutOtpelf', path='<DVTFilePath:0x7fa33a45fae0:'/Users/cbl-mac-001/Library/Developer/Xcode/Archives/2022-05-13/Onscart(Prod) 13-05-22, 1.29 PM.xcarchive/Products/Applications/Onscart.app/Frameworks/Razorpay.framework'>', codeSigningInfo='<_DVTCodeSigningInformation_Path: 0x7fa336369980; isSigned='1', isAdHocSigned='0', signingCertificate='<DVTSigningCertificate: 0x7fa49d626a00; name='Apple Distribution: Code Brew Labs (6FXUMT5X23)', hash='123CDC3C0D45E7C1D11EBC0789D358D71BDC3FE0', serialNumber='61FFED10654449B1B4B474C94D696131', certificateKinds='(
    "1.2.840.113635.100.6.1.7",
    "1.2.840.113635.100.6.1.4"
), issueDate='2021-05-17 09:31:07 +0000''>', entitlements='(null)', teamID='6FXUMT5X23', identifier='com.razorpay.CheckoutOtpelf', executablePath='<DVTFilePath:0x7fa38d722f50:'/Users/cbl-mac-001/Library/Developer/Xcode/Archives/2022-05-13/Onscart(Prod) 13-05-22, 1.29 PM.xcarchive/Products/Applications/Onscart.app/Frameworks/Razorpay.framework/Razorpay'>', hardenedRuntime='0'>'>
2022-05-13 09:18:02 +0000  Skipping profile for item: <IDEDistributionItem: 0x7fa38d1aac60; bundleID='com.regula.RegulaCommon', path='<DVTFilePath:0x7fa33a4b6ed0:'/Users/cbl-mac-001/Library/Developer/Xcode/Archives/2022-05-13/Onscart(Prod) 13-05-22, 1.29 PM.xcarchive/Products/Applications/Onscart.app/Frameworks/RegulaCommon.framework'>', codeSigningInfo='<_DVTCodeSigningInformation_Path: 0x7fa38a63c430; isSigned='1', isAdHocSigned='0', signingCertificate='<DVTSigningCertificate: 0x7fa49d626a00; name='Apple Distribution: Code Brew Labs (6FXUMT5X23)', hash='123CDC3C0D45E7C1D11EBC0789D358D71BDC3FE0', serialNumber='61FFED10654449B1B4B474C94D696131', certificateKinds='(
    "1.2.840.113635.100.6.1.7",
    "1.2.840.113635.100.6.1.4"
), issueDate='2021-05-17 09:31:07 +0000''>', entitlements='(null)', teamID='6FXUMT5X23', identifier='com.regula.RegulaCommon', executablePath='<DVTFilePath:0x7fa41ce78010:'/Users/cbl-mac-001/Library/Developer/Xcode/Archives/2022-05-13/Onscart(Prod) 13-05-22, 1.29 PM.xcarchive/Products/Applications/Onscart.app/Frameworks/RegulaCommon.framework/RegulaCommon'>', hardenedRuntime='0'>'>
2022-05-13 09:18:02 +0000  Skipping profile for item: <IDEDistributionItem: 0x7fa334bf3360; bundleID='com.zendesk.SDKConfigurations', path='<DVTFilePath:0x7fa33a4b4750:'/Users/cbl-mac-001/Library/Developer/Xcode/Archives/2022-05-13/Onscart(Prod) 13-05-22, 1.29 PM.xcarchive/Products/Applications/Onscart.app/Frameworks/SDKConfigurations.framework'>', codeSigningInfo='<_DVTCodeSigningInformation_Path: 0x7fa4edbff340; isSigned='1', isAdHocSigned='0', signingCertificate='<DVTSigningCertificate: 0x7fa49d626a00; name='Apple Distribution: Code Brew Labs (6FXUMT5X23)', hash='123CDC3C0D45E7C1D11EBC0789D358D71BDC3FE0', serialNumber='61FFED10654449B1B4B474C94D696131', certificateKinds='(
    "1.2.840.113635.100.6.1.7",
    "1.2.840.113635.100.6.1.4"
), issueDate='2021-05-17 09:31:07 +0000''>', entitlements='(null)', teamID='6FXUMT5X23', identifier='com.zendesk.SDKConfigurations', executablePath='<DVTFilePath:0x7fa4d1295570:'/Users/cbl-mac-001/Library/Developer/Xcode/Archives/2022-05-13/Onscart(Prod) 13-05-22, 1.29 PM.xcarchive/Products/Applications/Onscart.app/Frameworks/SDKConfigurations.framework/SDKConfigurations'>', hardenedRuntime='0'>'>
2022-05-13 09:18:02 +0000  Skipping profile for item: <IDEDistributionItem: 0x7fa38a9b62c0; bundleID='com.apple.dt.runtime.swiftAVFoundation', path='<DVTFilePath:0x7fa339c0ba80:'/Users/cbl-mac-001/Library/Developer/Xcode/Archives/2022-05-13/Onscart(Prod) 13-05-22, 1.29 PM.xcarchive/Products/Applications/Onscart.app/Frameworks/libswiftAVFoundation.dylib'>', codeSigningInfo='<_DVTCodeSigningInformation_Path: 0x7fa3908e0650; isSigned='1', isAdHocSigned='0', signingCertificate='<DVTSigningCertificate: 0x7fa4e6c0e430; name='Apple Distribution: Code Brew Labs (6FXUMT5X23)', hash='123CDC3C0D45E7C1D11EBC0789D358D71BDC3FE0', serialNumber='61FFED10654449B1B4B474C94D696131', certificateKinds='(
    "1.2.840.113635.100.6.1.7",
    "1.2.840.113635.100.6.1.4"
), issueDate='2021-05-17 09:31:07 +0000''>', entitlements='(null)', teamID='6FXUMT5X23', identifier='com.apple.dt.runtime.swiftAVFoundation', executablePath='<DVTFilePath:0x7fa339c0ba80:'/Users/cbl-mac-001/Library/Developer/Xcode/Archives/2022-05-13/Onscart(Prod) 13-05-22, 1.29 PM.xcarchive/Products/Applications/Onscart.app/Frameworks/libswiftAVFoundation.dylib'>', hardenedRuntime='0'>'>
2022-05-13 09:18:02 +0000  Skipping profile for item: <IDEDistributionItem: 0x7fa332efe100; bundleID='com.apple.dt.runtime.swiftContacts', path='<DVTFilePath:0x7fa339ce1c00:'/Users/cbl-mac-001/Library/Developer/Xcode/Archives/2022-05-13/Onscart(Prod) 13-05-22, 1.29 PM.xcarchive/Products/Applications/Onscart.app/Frameworks/libswiftContacts.dylib'>', codeSigningInfo='<_DVTCodeSigningInformation_Path: 0x7fa38a63a3a0; isSigned='1', isAdHocSigned='0', signingCertificate='<DVTSigningCertificate: 0x7fa4cf976ce0; name='Apple Distribution: Code Brew Labs (6FXUMT5X23)', hash='123CDC3C0D45E7C1D11EBC0789D358D71BDC3FE0', serialNumber='61FFED10654449B1B4B474C94D696131', certificateKinds='(
    "1.2.840.113635.100.6.1.7",
    "1.2.840.113635.100.6.1.4"
), issueDate='2021-05-17 09:31:07 +0000''>', entitlements='(null)', teamID='6FXUMT5X23', identifier='com.apple.dt.runtime.swiftContacts', executablePath='<DVTFilePath:0x7fa339ce1c00:'/Users/cbl-mac-001/Library/Developer/Xcode/Archives/2022-05-13/Onscart(Prod) 13-05-22, 1.29 PM.xcarchive/Products/Applications/Onscart.app/Frameworks/libswiftContacts.dylib'>', hardenedRuntime='0'>'>
2022-05-13 09:18:02 +0000  Skipping profile for item: <IDEDistributionItem: 0x7fa3363f2d30; bundleID='com.apple.dt.runtime.swiftCore', path='<DVTFilePath:0x7fa4f7d5a530:'/Users/cbl-mac-001/Library/Developer/Xcode/Archives/2022-05-13/Onscart(Prod) 13-05-22, 1.29 PM.xcarchive/Products/Applications/Onscart.app/Frameworks/libswiftCore.dylib'>', codeSigningInfo='<_DVTCodeSigningInformation_Path: 0x7fa38edf92f0; isSigned='1', isAdHocSigned='0', signingCertificate='<DVTSigningCertificate: 0x7fa49d626a00; name='Apple Distribution: Code Brew Labs (6FXUMT5X23)', hash='123CDC3C0D45E7C1D11EBC0789D358D71BDC3FE0', serialNumber='61FFED10654449B1B4B474C94D696131', certificateKinds='(
    "1.2.840.113635.100.6.1.7",
    "1.2.840.113635.100.6.1.4"
), issueDate='2021-05-17 09:31:07 +0000''>', entitlements='(null)', teamID='6FXUMT5X23', identifier='com.apple.dt.runtime.swiftCore', executablePath='<DVTFilePath:0x7fa4f7d5a530:'/Users/cbl-mac-001/Library/Developer/Xcode/Archives/2022-05-13/Onscart(Prod) 13-05-22, 1.29 PM.xcarchive/Products/Applications/Onscart.app/Frameworks/libswiftCore.dylib'>', hardenedRuntime='0'>'>
2022-05-13 09:18:02 +0000  Skipping profile for item: <IDEDistributionItem: 0x7fa33a3774c0; bundleID='com.apple.dt.runtime.swiftCoreAudio', path='<DVTFilePath:0x7fa339c74790:'/Users/cbl-mac-001/Library/Developer/Xcode/Archives/2022-05-13/Onscart(Prod) 13-05-22, 1.29 PM.xcarchive/Products/Applications/Onscart.app/Frameworks/libswiftCoreAudio.dylib'>', codeSigningInfo='<_DVTCodeSigningInformation_Path: 0x7fa4ff8f0810; isSigned='1', isAdHocSigned='0', signingCertificate='<DVTSigningCertificate: 0x7fa4cf976ce0; name='Apple Distribution: Code Brew Labs (6FXUMT5X23)', hash='123CDC3C0D45E7C1D11EBC0789D358D71BDC3FE0', serialNumber='61FFED10654449B1B4B474C94D696131', certificateKinds='(
    "1.2.840.113635.100.6.1.7",
    "1.2.840.113635.100.6.1.4"
), issueDate='2021-05-17 09:31:07 +0000''>', entitlements='(null)', teamID='6FXUMT5X23', identifier='com.apple.dt.runtime.swiftCoreAudio', executablePath='<DVTFilePath:0x7fa339c74790:'/Users/cbl-mac-001/Library/Developer/Xcode/Archives/2022-05-13/Onscart(Prod) 13-05-22, 1.29 PM.xcarchive/Products/Applications/Onscart.app/Frameworks/libswiftCoreAudio.dylib'>', hardenedRuntime='0'>'>
2022-05-13 09:18:02 +0000  Skipping profile for item: <IDEDistributionItem: 0x7fa339d2dae0; bundleID='com.apple.dt.runtime.swiftCoreData', path='<DVTFilePath:0x7fa519ab6b00:'/Users/cbl-mac-001/Library/Developer/Xcode/Archives/2022-05-13/Onscart(Prod) 13-05-22, 1.29 PM.xcarchive/Products/Applications/Onscart.app/Frameworks/libswiftCoreData.dylib'>', codeSigningInfo='<_DVTCodeSigningInformation_Path: 0x7fa4e6accab0; isSigned='1', isAdHocSigned='0', signingCertificate='<DVTSigningCertificate: 0x7fa49d626a00; name='Apple Distribution: Code Brew Labs (6FXUMT5X23)', hash='123CDC3C0D45E7C1D11EBC0789D358D71BDC3FE0', serialNumber='61FFED10654449B1B4B474C94D696131', certificateKinds='(
    "1.2.840.113635.100.6.1.7",
    "1.2.840.113635.100.6.1.4"
), issueDate='2021-05-17 09:31:07 +0000''>', entitlements='(null)', teamID='6FXUMT5X23', identifier='com.apple.dt.runtime.swiftCoreData', executablePath='<DVTFilePath:0x7fa519ab6b00:'/Users/cbl-mac-001/Library/Developer/Xcode/Archives/2022-05-13/Onscart(Prod) 13-05-22, 1.29 PM.xcarchive/Products/Applications/Onscart.app/Frameworks/libswiftCoreData.dylib'>', hardenedRuntime='0'>'>
2022-05-13 09:18:02 +0000  Skipping profile for item: <IDEDistributionItem: 0x7fa3363868d0; bundleID='com.apple.dt.runtime.swiftCoreFoundation', path='<DVTFilePath:0x7fa339c62270:'/Users/cbl-mac-001/Library/Developer/Xcode/Archives/2022-05-13/Onscart(Prod) 13-05-22, 1.29 PM.xcarchive/Products/Applications/Onscart.app/Frameworks/libswiftCoreFoundation.dylib'>', codeSigningInfo='<_DVTCodeSigningInformation_Path: 0x7fa38ed29050; isSigned='1', isAdHocSigned='0', signingCertificate='<DVTSigningCertificate: 0x7fa49d626a00; name='Apple Distribution: Code Brew Labs (6FXUMT5X23)', hash='123CDC3C0D45E7C1D11EBC0789D358D71BDC3FE0', serialNumber='61FFED10654449B1B4B474C94D696131', certificateKinds='(
    "1.2.840.113635.100.6.1.7",
    "1.2.840.113635.100.6.1.4"
), issueDate='2021-05-17 09:31:07 +0000''>', entitlements='(null)', teamID='6FXUMT5X23', identifier='com.apple.dt.runtime.swiftCoreFoundation', executablePath='<DVTFilePath:0x7fa339c62270:'/Users/cbl-mac-001/Library/Developer/Xcode/Archives/2022-05-13/Onscart(Prod) 13-05-22, 1.29 PM.xcarchive/Products/Applications/Onscart.app/Frameworks/libswiftCoreFoundation.dylib'>', hardenedRuntime='0'>'>
2022-05-13 09:18:02 +0000  Skipping profile for item: <IDEDistributionItem: 0x7fa390841a50; bundleID='com.apple.dt.runtime.swiftCoreGraphics', path='<DVTFilePath:0x7fa4cfccd810:'/Users/cbl-mac-001/Library/Developer/Xcode/Archives/2022-05-13/Onscart(Prod) 13-05-22, 1.29 PM.xcarchive/Products/Applications/Onscart.app/Frameworks/libswiftCoreGraphics.dylib'>', codeSigningInfo='<_DVTCodeSigningInformation_Path: 0x7fa3245b8bf0; isSigned='1', isAdHocSigned='0', signingCertificate='<DVTSigningCertificate: 0x7fa49d626a00; name='Apple Distribution: Code Brew Labs (6FXUMT5X23)', hash='123CDC3C0D45E7C1D11EBC0789D358D71BDC3FE0', serialNumber='61FFED10654449B1B4B474C94D696131', certificateKinds='(
    "1.2.840.113635.100.6.1.7",
    "1.2.840.113635.100.6.1.4"
), issueDate='2021-05-17 09:31:07 +0000''>', entitlements='(null)', teamID='6FXUMT5X23', identifier='com.apple.dt.runtime.swiftCoreGraphics', executablePath='<DVTFilePath:0x7fa4cfccd810:'/Users/cbl-mac-001/Library/Developer/Xcode/Archives/2022-05-13/Onscart(Prod) 13-05-22, 1.29 PM.xcarchive/Products/Applications/Onscart.app/Frameworks/libswiftCoreGraphics.dylib'>', hardenedRuntime='0'>'>
2022-05-13 09:18:02 +0000  Skipping profile for item: <IDEDistributionItem: 0x7fa4f5ddc870; bundleID='com.apple.dt.runtime.swiftCoreImage', path='<DVTFilePath:0x7fa324006770:'/Users/cbl-mac-001/Library/Developer/Xcode/Archives/2022-05-13/Onscart(Prod) 13-05-22, 1.29 PM.xcarchive/Products/Applications/Onscart.app/Frameworks/libswiftCoreImage.dylib'>', codeSigningInfo='<_DVTCodeSigningInformation_Path: 0x7fa4e8289080; isSigned='1', isAdHocSigned='0', signingCertificate='<DVTSigningCertificate: 0x7fa49d626a00; name='Apple Distribution: Code Brew Labs (6FXUMT5X23)', hash='123CDC3C0D45E7C1D11EBC0789D358D71BDC3FE0', serialNumber='61FFED10654449B1B4B474C94D696131', certificateKinds='(
    "1.2.840.113635.100.6.1.7",
    "1.2.840.113635.100.6.1.4"
), issueDate='2021-05-17 09:31:07 +0000''>', entitlements='(null)', teamID='6FXUMT5X23', identifier='com.apple.dt.runtime.swiftCoreImage', executablePath='<DVTFilePath:0x7fa324006770:'/Users/cbl-mac-001/Library/Developer/Xcode/Archives/2022-05-13/Onscart(Prod) 13-05-22, 1.29 PM.xcarchive/Products/Applications/Onscart.app/Frameworks/libswiftCoreImage.dylib'>', hardenedRuntime='0'>'>
2022-05-13 09:18:02 +0000  Skipping profile for item: <IDEDistributionItem: 0x7fa335fd8380; bundleID='com.apple.dt.runtime.swiftCoreLocation', path='<DVTFilePath:0x7fa339c83cb0:'/Users/cbl-mac-001/Library/Developer/Xcode/Archives/2022-05-13/Onscart(Prod) 13-05-22, 1.29 PM.xcarchive/Products/Applications/Onscart.app/Frameworks/libswiftCoreLocation.dylib'>', codeSigningInfo='<_DVTCodeSigningInformation_Path: 0x7fa4ff89ff30; isSigned='1', isAdHocSigned='0', signingCertificate='<DVTSigningCertificate: 0x7fa4cf976ce0; name='Apple Distribution: Code Brew Labs (6FXUMT5X23)', hash='123CDC3C0D45E7C1D11EBC0789D358D71BDC3FE0', serialNumber='61FFED10654449B1B4B474C94D696131', certificateKinds='(
    "1.2.840.113635.100.6.1.7",
    "1.2.840.113635.100.6.1.4"
), issueDate='2021-05-17 09:31:07 +0000''>', entitlements='(null)', teamID='6FXUMT5X23', identifier='com.apple.dt.runtime.swiftCoreLocation', executablePath='<DVTFilePath:0x7fa339c83cb0:'/Users/cbl-mac-001/Library/Developer/Xcode/Archives/2022-05-13/Onscart(Prod) 13-05-22, 1.29 PM.xcarchive/Products/Applications/Onscart.app/Frameworks/libswiftCoreLocation.dylib'>', hardenedRuntime='0'>'>
2022-05-13 09:18:02 +0000  Skipping profile for item: <IDEDistributionItem: 0x7fa40e60f010; bundleID='com.apple.dt.runtime.swiftCoreMedia', path='<DVTFilePath:0x7fa339c9b890:'/Users/cbl-mac-001/Library/Developer/Xcode/Archives/2022-05-13/Onscart(Prod) 13-05-22, 1.29 PM.xcarchive/Products/Applications/Onscart.app/Frameworks/libswiftCoreMedia.dylib'>', codeSigningInfo='<_DVTCodeSigningInformation_Path: 0x7fa38b0d8890; isSigned='1', isAdHocSigned='0', signingCertificate='<DVTSigningCertificate: 0x7fa4e6c0e430; name='Apple Distribution: Code Brew Labs (6FXUMT5X23)', hash='123CDC3C0D45E7C1D11EBC0789D358D71BDC3FE0', serialNumber='61FFED10654449B1B4B474C94D696131', certificateKinds='(
    "1.2.840.113635.100.6.1.7",
    "1.2.840.113635.100.6.1.4"
), issueDate='2021-05-17 09:31:07 +0000''>', entitlements='(null)', teamID='6FXUMT5X23', identifier='com.apple.dt.runtime.swiftCoreMedia', executablePath='<DVTFilePath:0x7fa339c9b890:'/Users/cbl-mac-001/Library/Developer/Xcode/Archives/2022-05-13/Onscart(Prod) 13-05-22, 1.29 PM.xcarchive/Products/Applications/Onscart.app/Frameworks/libswiftCoreMedia.dylib'>', hardenedRuntime='0'>'>
2022-05-13 09:18:02 +0000  Skipping profile for item: <IDEDistributionItem: 0x7fa339e21f00; bundleID='com.apple.dt.runtime.swiftDarwin', path='<DVTFilePath:0x7fa339c06880:'/Users/cbl-mac-001/Library/Developer/Xcode/Archives/2022-05-13/Onscart(Prod) 13-05-22, 1.29 PM.xcarchive/Products/Applications/Onscart.app/Frameworks/libswiftDarwin.dylib'>', codeSigningInfo='<_DVTCodeSigningInformation_Path: 0x7fa4ed622030; isSigned='1', isAdHocSigned='0', signingCertificate='<DVTSigningCertificate: 0x7fa4cf976ce0; name='Apple Distribution: Code Brew Labs (6FXUMT5X23)', hash='123CDC3C0D45E7C1D11EBC0789D358D71BDC3FE0', serialNumber='61FFED10654449B1B4B474C94D696131', certificateKinds='(
    "1.2.840.113635.100.6.1.7",
    "1.2.840.113635.100.6.1.4"
), issueDate='2021-05-17 09:31:07 +0000''>', entitlements='(null)', teamID='6FXUMT5X23', identifier='com.apple.dt.runtime.swiftDarwin', executablePath='<DVTFilePath:0x7fa339c06880:'/Users/cbl-mac-001/Library/Developer/Xcode/Archives/2022-05-13/Onscart(Prod) 13-05-22, 1.29 PM.xcarchive/Products/Applications/Onscart.app/Frameworks/libswiftDarwin.dylib'>', hardenedRuntime='0'>'>
2022-05-13 09:18:02 +0000  Skipping profile for item: <IDEDistributionItem: 0x7fa33a378020; bundleID='com.apple.dt.runtime.swiftDispatch', path='<DVTFilePath:0x7fa4d2b77590:'/Users/cbl-mac-001/Library/Developer/Xcode/Archives/2022-05-13/Onscart(Prod) 13-05-22, 1.29 PM.xcarchive/Products/Applications/Onscart.app/Frameworks/libswiftDispatch.dylib'>', codeSigningInfo='<_DVTCodeSigningInformation_Path: 0x7fa41b2c55a0; isSigned='1', isAdHocSigned='0', signingCertificate='<DVTSigningCertificate: 0x7fa4cf976ce0; name='Apple Distribution: Code Brew Labs (6FXUMT5X23)', hash='123CDC3C0D45E7C1D11EBC0789D358D71BDC3FE0', serialNumber='61FFED10654449B1B4B474C94D696131', certificateKinds='(
    "1.2.840.113635.100.6.1.7",
    "1.2.840.113635.100.6.1.4"
), issueDate='2021-05-17 09:31:07 +0000''>', entitlements='(null)', teamID='6FXUMT5X23', identifier='com.apple.dt.runtime.swiftDispatch', executablePath='<DVTFilePath:0x7fa4d2b77590:'/Users/cbl-mac-001/Library/Developer/Xcode/Archives/2022-05-13/Onscart(Prod) 13-05-22, 1.29 PM.xcarchive/Products/Applications/Onscart.app/Frameworks/libswiftDispatch.dylib'>', hardenedRuntime='0'>'>
2022-05-13 09:18:02 +0000  Skipping profile for item: <IDEDistributionItem: 0x7fa339de2020; bundleID='com.apple.dt.runtime.swiftFoundation', path='<DVTFilePath:0x7fa339c36250:'/Users/cbl-mac-001/Library/Developer/Xcode/Archives/2022-05-13/Onscart(Prod) 13-05-22, 1.29 PM.xcarchive/Products/Applications/Onscart.app/Frameworks/libswiftFoundation.dylib'>', codeSigningInfo='<_DVTCodeSigningInformation_Path: 0x7fa324ef5fe0; isSigned='1', isAdHocSigned='0', signingCertificate='<DVTSigningCertificate: 0x7fa49d626a00; name='Apple Distribution: Code Brew Labs (6FXUMT5X23)', hash='123CDC3C0D45E7C1D11EBC0789D358D71BDC3FE0', serialNumber='61FFED10654449B1B4B474C94D696131', certificateKinds='(
    "1.2.840.113635.100.6.1.7",
    "1.2.840.113635.100.6.1.4"
), issueDate='2021-05-17 09:31:07 +0000''>', entitlements='(null)', teamID='6FXUMT5X23', identifier='com.apple.dt.runtime.swiftFoundation', executablePath='<DVTFilePath:0x7fa339c36250:'/Users/cbl-mac-001/Library/Developer/Xcode/Archives/2022-05-13/Onscart(Prod) 13-05-22, 1.29 PM.xcarchive/Products/Applications/Onscart.app/Frameworks/libswiftFoundation.dylib'>', hardenedRuntime='0'>'>
2022-05-13 09:18:02 +0000  Skipping profile for item: <IDEDistributionItem: 0x7fa336308da0; bundleID='com.apple.dt.runtime.swiftMetal', path='<DVTFilePath:0x7fa4aa56a080:'/Users/cbl-mac-001/Library/Developer/Xcode/Archives/2022-05-13/Onscart(Prod) 13-05-22, 1.29 PM.xcarchive/Products/Applications/Onscart.app/Frameworks/libswiftMetal.dylib'>', codeSigningInfo='<_DVTCodeSigningInformation_Path: 0x7fa41b28eef0; isSigned='1', isAdHocSigned='0', signingCertificate='<DVTSigningCertificate: 0x7fa40e881a80; name='Apple Distribution: Code Brew Labs (6FXUMT5X23)', hash='123CDC3C0D45E7C1D11EBC0789D358D71BDC3FE0', serialNumber='61FFED10654449B1B4B474C94D696131', certificateKinds='(
    "1.2.840.113635.100.6.1.7",
    "1.2.840.113635.100.6.1.4"
), issueDate='2021-05-17 09:31:07 +0000''>', entitlements='(null)', teamID='6FXUMT5X23', identifier='com.apple.dt.runtime.swiftMetal', executablePath='<DVTFilePath:0x7fa4aa56a080:'/Users/cbl-mac-001/Library/Developer/Xcode/Archives/2022-05-13/Onscart(Prod) 13-05-22, 1.29 PM.xcarchive/Products/Applications/Onscart.app/Frameworks/libswiftMetal.dylib'>', hardenedRuntime='0'>'>
2022-05-13 09:18:02 +0000  Skipping profile for item: <IDEDistributionItem: 0x7fa336330c30; bundleID='com.apple.dt.runtime.swiftObjectiveC', path='<DVTFilePath:0x7fa40f1c9fb0:'/Users/cbl-mac-001/Library/Developer/Xcode/Archives/2022-05-13/Onscart(Prod) 13-05-22, 1.29 PM.xcarchive/Products/Applications/Onscart.app/Frameworks/libswiftObjectiveC.dylib'>', codeSigningInfo='<_DVTCodeSigningInformation_Path: 0x7fa38ce23070; isSigned='1', isAdHocSigned='0', signingCertificate='<DVTSigningCertificate: 0x7fa4cf976ce0; name='Apple Distribution: Code Brew Labs (6FXUMT5X23)', hash='123CDC3C0D45E7C1D11EBC0789D358D71BDC3FE0', serialNumber='61FFED10654449B1B4B474C94D696131', certificateKinds='(
    "1.2.840.113635.100.6.1.7",
    "1.2.840.113635.100.6.1.4"
), issueDate='2021-05-17 09:31:07 +0000''>', entitlements='(null)', teamID='6FXUMT5X23', identifier='com.apple.dt.runtime.swiftObjectiveC', executablePath='<DVTFilePath:0x7fa40f1c9fb0:'/Users/cbl-mac-001/Library/Developer/Xcode/Archives/2022-05-13/Onscart(Prod) 13-05-22, 1.29 PM.xcarchive/Products/Applications/Onscart.app/Frameworks/libswiftObjectiveC.dylib'>', hardenedRuntime='0'>'>
2022-05-13 09:18:02 +0000  Skipping profile for item: <IDEDistributionItem: 0x7fa38a94fab0; bundleID='com.apple.dt.runtime.swiftPhotos', path='<DVTFilePath:0x7fa3240727e0:'/Users/cbl-mac-001/Library/Developer/Xcode/Archives/2022-05-13/Onscart(Prod) 13-05-22, 1.29 PM.xcarchive/Products/Applications/Onscart.app/Frameworks/libswiftPhotos.dylib'>', codeSigningInfo='<_DVTCodeSigningInformation_Path: 0x7fa3363a3680; isSigned='1', isAdHocSigned='0', signingCertificate='<DVTSigningCertificate: 0x7fa40e881a80; name='Apple Distribution: Code Brew Labs (6FXUMT5X23)', hash='123CDC3C0D45E7C1D11EBC0789D358D71BDC3FE0', serialNumber='61FFED10654449B1B4B474C94D696131', certificateKinds='(
    "1.2.840.113635.100.6.1.7",
    "1.2.840.113635.100.6.1.4"
), issueDate='2021-05-17 09:31:07 +0000''>', entitlements='(null)', teamID='6FXUMT5X23', identifier='com.apple.dt.runtime.swiftPhotos', executablePath='<DVTFilePath:0x7fa3240727e0:'/Users/cbl-mac-001/Library/Developer/Xcode/Archives/2022-05-13/Onscart(Prod) 13-05-22, 1.29 PM.xcarchive/Products/Applications/Onscart.app/Frameworks/libswiftPhotos.dylib'>', hardenedRuntime='0'>'>
2022-05-13 09:18:02 +0000  Skipping profile for item: <IDEDistributionItem: 0x7fa334399a50; bundleID='com.apple.dt.runtime.swiftQuartzCore', path='<DVTFilePath:0x7fa334ce3bf0:'/Users/cbl-mac-001/Library/Developer/Xcode/Archives/2022-05-13/Onscart(Prod) 13-05-22, 1.29 PM.xcarchive/Products/Applications/Onscart.app/Frameworks/libswiftQuartzCore.dylib'>', codeSigningInfo='<_DVTCodeSigningInformation_Path: 0x7fa52a635d90; isSigned='1', isAdHocSigned='0', signingCertificate='<DVTSigningCertificate: 0x7fa40e881a80; name='Apple Distribution: Code Brew Labs (6FXUMT5X23)', hash='123CDC3C0D45E7C1D11EBC0789D358D71BDC3FE0', serialNumber='61FFED10654449B1B4B474C94D696131', certificateKinds='(
    "1.2.840.113635.100.6.1.7",
    "1.2.840.113635.100.6.1.4"
), issueDate='2021-05-17 09:31:07 +0000''>', entitlements='(null)', teamID='6FXUMT5X23', identifier='com.apple.dt.runtime.swiftQuartzCore', executablePath='<DVTFilePath:0x7fa334ce3bf0:'/Users/cbl-mac-001/Library/Developer/Xcode/Archives/2022-05-13/Onscart(Prod) 13-05-22, 1.29 PM.xcarchive/Products/Applications/Onscart.app/Frameworks/libswiftQuartzCore.dylib'>', hardenedRuntime='0'>'>
2022-05-13 09:18:02 +0000  Skipping profile for item: <IDEDistributionItem: 0x7fa336373fc0; bundleID='com.apple.dt.runtime.swiftUIKit', path='<DVTFilePath:0x7fa4d37eef30:'/Users/cbl-mac-001/Library/Developer/Xcode/Archives/2022-05-13/Onscart(Prod) 13-05-22, 1.29 PM.xcarchive/Products/Applications/Onscart.app/Frameworks/libswiftUIKit.dylib'>', codeSigningInfo='<_DVTCodeSigningInformation_Path: 0x7fa3495069b0; isSigned='1', isAdHocSigned='0', signingCertificate='<DVTSigningCertificate: 0x7fa4cf976ce0; name='Apple Distribution: Code Brew Labs (6FXUMT5X23)', hash='123CDC3C0D45E7C1D11EBC0789D358D71BDC3FE0', serialNumber='61FFED10654449B1B4B474C94D696131', certificateKinds='(
    "1.2.840.113635.100.6.1.7",
    "1.2.840.113635.100.6.1.4"
), issueDate='2021-05-17 09:31:07 +0000''>', entitlements='(null)', teamID='6FXUMT5X23', identifier='com.apple.dt.runtime.swiftUIKit', executablePath='<DVTFilePath:0x7fa4d37eef30:'/Users/cbl-mac-001/Library/Developer/Xcode/Archives/2022-05-13/Onscart(Prod) 13-05-22, 1.29 PM.xcarchive/Products/Applications/Onscart.app/Frameworks/libswiftUIKit.dylib'>', hardenedRuntime='0'>'>
2022-05-13 09:18:02 +0000  Skipping profile for item: <IDEDistributionItem: 0x7fa38a979000; bundleID='com.apple.dt.runtime.swiftVision', path='<DVTFilePath:0x7fa3240a12e0:'/Users/cbl-mac-001/Library/Developer/Xcode/Archives/2022-05-13/Onscart(Prod) 13-05-22, 1.29 PM.xcarchive/Products/Applications/Onscart.app/Frameworks/libswiftVision.dylib'>', codeSigningInfo='<_DVTCodeSigningInformation_Path: 0x7fa51a247b50; isSigned='1', isAdHocSigned='0', signingCertificate='<DVTSigningCertificate: 0x7fa49d626a00; name='Apple Distribution: Code Brew Labs (6FXUMT5X23)', hash='123CDC3C0D45E7C1D11EBC0789D358D71BDC3FE0', serialNumber='61FFED10654449B1B4B474C94D696131', certificateKinds='(
    "1.2.840.113635.100.6.1.7",
    "1.2.840.113635.100.6.1.4"
), issueDate='2021-05-17 09:31:07 +0000''>', entitlements='(null)', teamID='6FXUMT5X23', identifier='com.apple.dt.runtime.swiftVision', executablePath='<DVTFilePath:0x7fa3240a12e0:'/Users/cbl-mac-001/Library/Developer/Xcode/Archives/2022-05-13/Onscart(Prod) 13-05-22, 1.29 PM.xcarchive/Products/Applications/Onscart.app/Frameworks/libswiftVision.dylib'>', hardenedRuntime='0'>'>
2022-05-13 09:18:02 +0000  Skipping profile for item: <IDEDistributionItem: 0x7fa4febe5d30; bundleID='com.apple.dt.runtime.swiftos', path='<DVTFilePath:0x7fa324071f00:'/Users/cbl-mac-001/Library/Developer/Xcode/Archives/2022-05-13/Onscart(Prod) 13-05-22, 1.29 PM.xcarchive/Products/Applications/Onscart.app/Frameworks/libswiftos.dylib'>', codeSigningInfo='<_DVTCodeSigningInformation_Path: 0x7fa32403cc00; isSigned='1', isAdHocSigned='0', signingCertificate='<DVTSigningCertificate: 0x7fa49d626a00; name='Apple Distribution: Code Brew Labs (6FXUMT5X23)', hash='123CDC3C0D45E7C1D11EBC0789D358D71BDC3FE0', serialNumber='61FFED10654449B1B4B474C94D696131', certificateKinds='(
    "1.2.840.113635.100.6.1.7",
    "1.2.840.113635.100.6.1.4"
), issueDate='2021-05-17 09:31:07 +0000''>', entitlements='(null)', teamID='6FXUMT5X23', identifier='com.apple.dt.runtime.swiftos', executablePath='<DVTFilePath:0x7fa324071f00:'/Users/cbl-mac-001/Library/Developer/Xcode/Archives/2022-05-13/Onscart(Prod) 13-05-22, 1.29 PM.xcarchive/Products/Applications/Onscart.app/Frameworks/libswiftos.dylib'>', hardenedRuntime='0'>'>
2022-05-13 09:18:02 +0000  Skipping profile for item: <IDEDistributionItem: 0x7fa33a377800; bundleID='com.apple.dt.runtime.swiftsimd', path='<DVTFilePath:0x7fa32404ef10:'/Users/cbl-mac-001/Library/Developer/Xcode/Archives/2022-05-13/Onscart(Prod) 13-05-22, 1.29 PM.xcarchive/Products/Applications/Onscart.app/Frameworks/libswiftsimd.dylib'>', codeSigningInfo='<_DVTCodeSigningInformation_Path: 0x7fa339d21b90; isSigned='1', isAdHocSigned='0', signingCertificate='<DVTSigningCertificate: 0x7fa49d626a00; name='Apple Distribution: Code Brew Labs (6FXUMT5X23)', hash='123CDC3C0D45E7C1D11EBC0789D358D71BDC3FE0', serialNumber='61FFED10654449B1B4B474C94D696131', certificateKinds='(
    "1.2.840.113635.100.6.1.7",
    "1.2.840.113635.100.6.1.4"
), issueDate='2021-05-17 09:31:07 +0000''>', entitlements='(null)', teamID='6FXUMT5X23', identifier='com.apple.dt.runtime.swiftsimd', executablePath='<DVTFilePath:0x7fa32404ef10:'/Users/cbl-mac-001/Library/Developer/Xcode/Archives/2022-05-13/Onscart(Prod) 13-05-22, 1.29 PM.xcarchive/Products/Applications/Onscart.app/Frameworks/libswiftsimd.dylib'>', hardenedRuntime='0'>'>
2022-05-13 09:18:02 +0000  Processing step: IDEDistributionInfoPlistStep
2022-05-13 09:18:02 +0000  No Info.plist file URL found for item at path "/var/folders/ww/sw0d02593_9c001st0kyw4bc0000gn/T/XcodeDistPipeline.~~~p63Lc0/Root/Payload/Onscart.app/Frameworks/libswiftAVFoundation.dylib".
2022-05-13 09:18:02 +0000  No Info.plist file URL found for item at path "/var/folders/ww/sw0d02593_9c001st0kyw4bc0000gn/T/XcodeDistPipeline.~~~p63Lc0/Root/Payload/Onscart.app/Frameworks/libswiftContacts.dylib".
2022-05-13 09:18:02 +0000  No Info.plist file URL found for item at path "/var/folders/ww/sw0d02593_9c001st0kyw4bc0000gn/T/XcodeDistPipeline.~~~p63Lc0/Root/Payload/Onscart.app/Frameworks/libswiftCore.dylib".
2022-05-13 09:18:02 +0000  No Info.plist file URL found for item at path "/var/folders/ww/sw0d02593_9c001st0kyw4bc0000gn/T/XcodeDistPipeline.~~~p63Lc0/Root/Payload/Onscart.app/Frameworks/libswiftCoreAudio.dylib".
2022-05-13 09:18:02 +0000  No Info.plist file URL found for item at path "/var/folders/ww/sw0d02593_9c001st0kyw4bc0000gn/T/XcodeDistPipeline.~~~p63Lc0/Root/Payload/Onscart.app/Frameworks/libswiftCoreData.dylib".
2022-05-13 09:18:02 +0000  No Info.plist file URL found for item at path "/var/folders/ww/sw0d02593_9c001st0kyw4bc0000gn/T/XcodeDistPipeline.~~~p63Lc0/Root/Payload/Onscart.app/Frameworks/libswiftCoreFoundation.dylib".
2022-05-13 09:18:02 +0000  No Info.plist file URL found for item at path "/var/folders/ww/sw0d02593_9c001st0kyw4bc0000gn/T/XcodeDistPipeline.~~~p63Lc0/Root/Payload/Onscart.app/Frameworks/libswiftCoreGraphics.dylib".
2022-05-13 09:18:02 +0000  No Info.plist file URL found for item at path "/var/folders/ww/sw0d02593_9c001st0kyw4bc0000gn/T/XcodeDistPipeline.~~~p63Lc0/Root/Payload/Onscart.app/Frameworks/libswiftCoreImage.dylib".
2022-05-13 09:18:02 +0000  No Info.plist file URL found for item at path "/var/folders/ww/sw0d02593_9c001st0kyw4bc0000gn/T/XcodeDistPipeline.~~~p63Lc0/Root/Payload/Onscart.app/Frameworks/libswiftCoreLocation.dylib".
2022-05-13 09:18:02 +0000  No Info.plist file URL found for item at path "/var/folders/ww/sw0d02593_9c001st0kyw4bc0000gn/T/XcodeDistPipeline.~~~p63Lc0/Root/Payload/Onscart.app/Frameworks/libswiftCoreMedia.dylib".
2022-05-13 09:18:02 +0000  No Info.plist file URL found for item at path "/var/folders/ww/sw0d02593_9c001st0kyw4bc0000gn/T/XcodeDistPipeline.~~~p63Lc0/Root/Payload/Onscart.app/Frameworks/libswiftDarwin.dylib".
2022-05-13 09:18:02 +0000  No Info.plist file URL found for item at path "/var/folders/ww/sw0d02593_9c001st0kyw4bc0000gn/T/XcodeDistPipeline.~~~p63Lc0/Root/Payload/Onscart.app/Frameworks/libswiftDispatch.dylib".
2022-05-13 09:18:02 +0000  No Info.plist file URL found for item at path "/var/folders/ww/sw0d02593_9c001st0kyw4bc0000gn/T/XcodeDistPipeline.~~~p63Lc0/Root/Payload/Onscart.app/Frameworks/libswiftFoundation.dylib".
2022-05-13 09:18:02 +0000  No Info.plist file URL found for item at path "/var/folders/ww/sw0d02593_9c001st0kyw4bc0000gn/T/XcodeDistPipeline.~~~p63Lc0/Root/Payload/Onscart.app/Frameworks/libswiftMetal.dylib".
2022-05-13 09:18:02 +0000  No Info.plist file URL found for item at path "/var/folders/ww/sw0d02593_9c001st0kyw4bc0000gn/T/XcodeDistPipeline.~~~p63Lc0/Root/Payload/Onscart.app/Frameworks/libswiftObjectiveC.dylib".
2022-05-13 09:18:02 +0000  No Info.plist file URL found for item at path "/var/folders/ww/sw0d02593_9c001st0kyw4bc0000gn/T/XcodeDistPipeline.~~~p63Lc0/Root/Payload/Onscart.app/Frameworks/libswiftPhotos.dylib".
2022-05-13 09:18:02 +0000  No Info.plist file URL found for item at path "/var/folders/ww/sw0d02593_9c001st0kyw4bc0000gn/T/XcodeDistPipeline.~~~p63Lc0/Root/Payload/Onscart.app/Frameworks/libswiftQuartzCore.dylib".
2022-05-13 09:18:02 +0000  No Info.plist file URL found for item at path "/var/folders/ww/sw0d02593_9c001st0kyw4bc0000gn/T/XcodeDistPipeline.~~~p63Lc0/Root/Payload/Onscart.app/Frameworks/libswiftUIKit.dylib".
2022-05-13 09:18:02 +0000  No Info.plist file URL found for item at path "/var/folders/ww/sw0d02593_9c001st0kyw4bc0000gn/T/XcodeDistPipeline.~~~p63Lc0/Root/Payload/Onscart.app/Frameworks/libswiftVision.dylib".
2022-05-13 09:18:02 +0000  No Info.plist file URL found for item at path "/var/folders/ww/sw0d02593_9c001st0kyw4bc0000gn/T/XcodeDistPipeline.~~~p63Lc0/Root/Payload/Onscart.app/Frameworks/libswiftos.dylib".
2022-05-13 09:18:02 +0000  No Info.plist file URL found for item at path "/var/folders/ww/sw0d02593_9c001st0kyw4bc0000gn/T/XcodeDistPipeline.~~~p63Lc0/Root/Payload/Onscart.app/Frameworks/libswiftsimd.dylib".
2022-05-13 09:18:02 +0000  Processing step: IDEDistributionItemRemovalStep
2022-05-13 09:18:02 +0000  Processing step: IDEDistributionAppThinningPlistStep
2022-05-13 09:18:02 +0000  Processing step: IDEDistributionCompileBitcodeStep
2022-05-13 09:18:02 +0000  Skipping step: IDEDistributionCompileBitcodeStep because it said so
2022-05-13 09:18:02 +0000  Processing step: IDEDistributionCodeSlimmingStep
2022-05-13 09:18:02 +0000  Running /Applications/Xcode.app/Contents/Developer/Toolchains/XcodeDefault.xctoolchain/usr/bin/bitcode_strip '/var/folders/ww/sw0d02593_9c001st0kyw4bc0000gn/T/XcodeDistPipeline.~~~p63Lc0/Root/Payload/Onscart.app/Frameworks/ChatProvidersSDK.framework/ChatProvidersSDK' '-r' '-keep_cs' '-o' '/var/folders/ww/sw0d02593_9c001st0kyw4bc0000gn/T/XcodeDistPipeline.~~~p63Lc0/Root/Payload/Onscart.app/Frameworks/ChatProvidersSDK.framework/ChatProvidersSDK'
2022-05-13 09:18:02 +0000  /Applications/Xcode.app/Contents/Developer/Toolchains/XcodeDefault.xctoolchain/usr/bin/bitcode_strip exited with 0
2022-05-13 09:18:02 +0000  Running /Applications/Xcode.app/Contents/Developer/Toolchains/XcodeDefault.xctoolchain/usr/bin/bitcode_strip '/var/folders/ww/sw0d02593_9c001st0kyw4bc0000gn/T/XcodeDistPipeline.~~~p63Lc0/Root/Payload/Onscart.app/Frameworks/ChatSDK.framework/ChatSDK' '-r' '-keep_cs' '-o' '/var/folders/ww/sw0d02593_9c001st0kyw4bc0000gn/T/XcodeDistPipeline.~~~p63Lc0/Root/Payload/Onscart.app/Frameworks/ChatSDK.framework/ChatSDK'
2022-05-13 09:18:02 +0000  /Applications/Xcode.app/Contents/Developer/Toolchains/XcodeDefault.xctoolchain/usr/bin/bitcode_strip exited with 0
2022-05-13 09:18:02 +0000  Running /Applications/Xcode.app/Contents/Developer/Toolchains/XcodeDefault.xctoolchain/usr/bin/bitcode_strip '/var/folders/ww/sw0d02593_9c001st0kyw4bc0000gn/T/XcodeDistPipeline.~~~p63Lc0/Root/Payload/Onscart.app/Frameworks/CommonUISDK.framework/CommonUISDK' '-r' '-keep_cs' '-o' '/var/folders/ww/sw0d02593_9c001st0kyw4bc0000gn/T/XcodeDistPipeline.~~~p63Lc0/Root/Payload/Onscart.app/Frameworks/CommonUISDK.framework/CommonUISDK'
2022-05-13 09:18:02 +0000  /Applications/Xcode.app/Contents/Developer/Toolchains/XcodeDefault.xctoolchain/usr/bin/bitcode_strip exited with 0
2022-05-13 09:18:02 +0000  Running /Applications/Xcode.app/Contents/Developer/Toolchains/XcodeDefault.xctoolchain/usr/bin/bitcode_strip '/var/folders/ww/sw0d02593_9c001st0kyw4bc0000gn/T/XcodeDistPipeline.~~~p63Lc0/Root/Payload/Onscart.app/Frameworks/FaceSDK.framework/FaceSDK' '-r' '-keep_cs' '-o' '/var/folders/ww/sw0d02593_9c001st0kyw4bc0000gn/T/XcodeDistPipeline.~~~p63Lc0/Root/Payload/Onscart.app/Frameworks/FaceSDK.framework/FaceSDK'
2022-05-13 09:18:02 +0000  /Applications/Xcode.app/Contents/Developer/Toolchains/XcodeDefault.xctoolchain/usr/bin/bitcode_strip exited with 0
2022-05-13 09:18:03 +0000  Running /Applications/Xcode.app/Contents/Developer/Toolchains/XcodeDefault.xctoolchain/usr/bin/bitcode_strip '/var/folders/ww/sw0d02593_9c001st0kyw4bc0000gn/T/XcodeDistPipeline.~~~p63Lc0/Root/Payload/Onscart.app/Frameworks/MessagingAPI.framework/MessagingAPI' '-r' '-keep_cs' '-o' '/var/folders/ww/sw0d02593_9c001st0kyw4bc0000gn/T/XcodeDistPipeline.~~~p63Lc0/Root/Payload/Onscart.app/Frameworks/MessagingAPI.framework/MessagingAPI'
2022-05-13 09:18:03 +0000  /Applications/Xcode.app/Contents/Developer/Toolchains/XcodeDefault.xctoolchain/usr/bin/bitcode_strip exited with 0
2022-05-13 09:18:03 +0000  Running /Applications/Xcode.app/Contents/Developer/Toolchains/XcodeDefault.xctoolchain/usr/bin/bitcode_strip '/var/folders/ww/sw0d02593_9c001st0kyw4bc0000gn/T/XcodeDistPipeline.~~~p63Lc0/Root/Payload/Onscart.app/Frameworks/MessagingSDK.framework/MessagingSDK' '-r' '-keep_cs' '-o' '/var/folders/ww/sw0d02593_9c001st0kyw4bc0000gn/T/XcodeDistPipeline.~~~p63Lc0/Root/Payload/Onscart.app/Frameworks/MessagingSDK.framework/MessagingSDK'
2022-05-13 09:18:03 +0000  /Applications/Xcode.app/Contents/Developer/Toolchains/XcodeDefault.xctoolchain/usr/bin/bitcode_strip exited with 0
2022-05-13 09:18:03 +0000  Running /Applications/Xcode.app/Contents/Developer/Toolchains/XcodeDefault.xctoolchain/usr/bin/bitcode_strip '/var/folders/ww/sw0d02593_9c001st0kyw4bc0000gn/T/XcodeDistPipeline.~~~p63Lc0/Root/Payload/Onscart.app/Frameworks/Razorpay.framework/Razorpay' '-r' '-keep_cs' '-o' '/var/folders/ww/sw0d02593_9c001st0kyw4bc0000gn/T/XcodeDistPipeline.~~~p63Lc0/Root/Payload/Onscart.app/Frameworks/Razorpay.framework/Razorpay'
2022-05-13 09:18:03 +0000  /Applications/Xcode.app/Contents/Developer/Toolchains/XcodeDefault.xctoolchain/usr/bin/bitcode_strip exited with 0
2022-05-13 09:18:03 +0000  Running /Applications/Xcode.app/Contents/Developer/Toolchains/XcodeDefault.xctoolchain/usr/bin/bitcode_strip '/var/folders/ww/sw0d02593_9c001st0kyw4bc0000gn/T/XcodeDistPipeline.~~~p63Lc0/Root/Payload/Onscart.app/Frameworks/RegulaCommon.framework/RegulaCommon' '-r' '-keep_cs' '-o' '/var/folders/ww/sw0d02593_9c001st0kyw4bc0000gn/T/XcodeDistPipeline.~~~p63Lc0/Root/Payload/Onscart.app/Frameworks/RegulaCommon.framework/RegulaCommon'
2022-05-13 09:18:03 +0000  /Applications/Xcode.app/Contents/Developer/Toolchains/XcodeDefault.xctoolchain/usr/bin/bitcode_strip exited with 0
2022-05-13 09:18:03 +0000  Running /Applications/Xcode.app/Contents/Developer/Toolchains/XcodeDefault.xctoolchain/usr/bin/bitcode_strip '/var/folders/ww/sw0d02593_9c001st0kyw4bc0000gn/T/XcodeDistPipeline.~~~p63Lc0/Root/Payload/Onscart.app/Frameworks/SDKConfigurations.framework/SDKConfigurations' '-r' '-keep_cs' '-o' '/var/folders/ww/sw0d02593_9c001st0kyw4bc0000gn/T/XcodeDistPipeline.~~~p63Lc0/Root/Payload/Onscart.app/Frameworks/SDKConfigurations.framework/SDKConfigurations'
2022-05-13 09:18:03 +0000  /Applications/Xcode.app/Contents/Developer/Toolchains/XcodeDefault.xctoolchain/usr/bin/bitcode_strip exited with 0
2022-05-13 09:18:03 +0000  Running /Applications/Xcode.app/Contents/Developer/Toolchains/XcodeDefault.xctoolchain/usr/bin/bitcode_strip '/var/folders/ww/sw0d02593_9c001st0kyw4bc0000gn/T/XcodeDistPipeline.~~~p63Lc0/Root/Payload/Onscart.app/Frameworks/libswiftAVFoundation.dylib' '-r' '-keep_cs' '-o' '/var/folders/ww/sw0d02593_9c001st0kyw4bc0000gn/T/XcodeDistPipeline.~~~p63Lc0/Root/Payload/Onscart.app/Frameworks/libswiftAVFoundation.dylib'
2022-05-13 09:18:03 +0000  /Applications/Xcode.app/Contents/Developer/Toolchains/XcodeDefault.xctoolchain/usr/bin/bitcode_strip exited with 0
2022-05-13 09:18:03 +0000  Running /Applications/Xcode.app/Contents/Developer/Toolchains/XcodeDefault.xctoolchain/usr/bin/bitcode_strip '/var/folders/ww/sw0d02593_9c001st0kyw4bc0000gn/T/XcodeDistPipeline.~~~p63Lc0/Root/Payload/Onscart.app/Frameworks/libswiftContacts.dylib' '-r' '-keep_cs' '-o' '/var/folders/ww/sw0d02593_9c001st0kyw4bc0000gn/T/XcodeDistPipeline.~~~p63Lc0/Root/Payload/Onscart.app/Frameworks/libswiftContacts.dylib'
2022-05-13 09:18:03 +0000  /Applications/Xcode.app/Contents/Developer/Toolchains/XcodeDefault.xctoolchain/usr/bin/bitcode_strip exited with 0
2022-05-13 09:18:03 +0000  Running /Applications/Xcode.app/Contents/Developer/Toolchains/XcodeDefault.xctoolchain/usr/bin/bitcode_strip '/var/folders/ww/sw0d02593_9c001st0kyw4bc0000gn/T/XcodeDistPipeline.~~~p63Lc0/Root/Payload/Onscart.app/Frameworks/libswiftCore.dylib' '-r' '-keep_cs' '-o' '/var/folders/ww/sw0d02593_9c001st0kyw4bc0000gn/T/XcodeDistPipeline.~~~p63Lc0/Root/Payload/Onscart.app/Frameworks/libswiftCore.dylib'
2022-05-13 09:18:03 +0000  /Applications/Xcode.app/Contents/Developer/Toolchains/XcodeDefault.xctoolchain/usr/bin/bitcode_strip exited with 0
2022-05-13 09:18:03 +0000  Running /Applications/Xcode.app/Contents/Developer/Toolchains/XcodeDefault.xctoolchain/usr/bin/bitcode_strip '/var/folders/ww/sw0d02593_9c001st0kyw4bc0000gn/T/XcodeDistPipeline.~~~p63Lc0/Root/Payload/Onscart.app/Frameworks/libswiftCoreAudio.dylib' '-r' '-keep_cs' '-o' '/var/folders/ww/sw0d02593_9c001st0kyw4bc0000gn/T/XcodeDistPipeline.~~~p63Lc0/Root/Payload/Onscart.app/Frameworks/libswiftCoreAudio.dylib'
2022-05-13 09:18:03 +0000  /Applications/Xcode.app/Contents/Developer/Toolchains/XcodeDefault.xctoolchain/usr/bin/bitcode_strip exited with 0
2022-05-13 09:18:03 +0000  Running /Applications/Xcode.app/Contents/Developer/Toolchains/XcodeDefault.xctoolchain/usr/bin/bitcode_strip '/var/folders/ww/sw0d02593_9c001st0kyw4bc0000gn/T/XcodeDistPipeline.~~~p63Lc0/Root/Payload/Onscart.app/Frameworks/libswiftCoreData.dylib' '-r' '-keep_cs' '-o' '/var/folders/ww/sw0d02593_9c001st0kyw4bc0000gn/T/XcodeDistPipeline.~~~p63Lc0/Root/Payload/Onscart.app/Frameworks/libswiftCoreData.dylib'
2022-05-13 09:18:03 +0000  /Applications/Xcode.app/Contents/Developer/Toolchains/XcodeDefault.xctoolchain/usr/bin/bitcode_strip exited with 0
2022-05-13 09:18:03 +0000  Running /Applications/Xcode.app/Contents/Developer/Toolchains/XcodeDefault.xctoolchain/usr/bin/bitcode_strip '/var/folders/ww/sw0d02593_9c001st0kyw4bc0000gn/T/XcodeDistPipeline.~~~p63Lc0/Root/Payload/Onscart.app/Frameworks/libswiftCoreFoundation.dylib' '-r' '-keep_cs' '-o' '/var/folders/ww/sw0d02593_9c001st0kyw4bc0000gn/T/XcodeDistPipeline.~~~p63Lc0/Root/Payload/Onscart.app/Frameworks/libswiftCoreFoundation.dylib'
2022-05-13 09:18:03 +0000  /Applications/Xcode.app/Contents/Developer/Toolchains/XcodeDefault.xctoolchain/usr/bin/bitcode_strip exited with 0
2022-05-13 09:18:03 +0000  Running /Applications/Xcode.app/Contents/Developer/Toolchains/XcodeDefault.xctoolchain/usr/bin/bitcode_strip '/var/folders/ww/sw0d02593_9c001st0kyw4bc0000gn/T/XcodeDistPipeline.~~~p63Lc0/Root/Payload/Onscart.app/Frameworks/libswiftCoreGraphics.dylib' '-r' '-keep_cs' '-o' '/var/folders/ww/sw0d02593_9c001st0kyw4bc0000gn/T/XcodeDistPipeline.~~~p63Lc0/Root/Payload/Onscart.app/Frameworks/libswiftCoreGraphics.dylib'
2022-05-13 09:18:03 +0000  /Applications/Xcode.app/Contents/Developer/Toolchains/XcodeDefault.xctoolchain/usr/bin/bitcode_strip exited with 0
2022-05-13 09:18:03 +0000  Running /Applications/Xcode.app/Contents/Developer/Toolchains/XcodeDefault.xctoolchain/usr/bin/bitcode_strip '/var/folders/ww/sw0d02593_9c001st0kyw4bc0000gn/T/XcodeDistPipeline.~~~p63Lc0/Root/Payload/Onscart.app/Frameworks/libswiftCoreImage.dylib' '-r' '-keep_cs' '-o' '/var/folders/ww/sw0d02593_9c001st0kyw4bc0000gn/T/XcodeDistPipeline.~~~p63Lc0/Root/Payload/Onscart.app/Frameworks/libswiftCoreImage.dylib'
2022-05-13 09:18:03 +0000  /Applications/Xcode.app/Contents/Developer/Toolchains/XcodeDefault.xctoolchain/usr/bin/bitcode_strip exited with 0
2022-05-13 09:18:03 +0000  Running /Applications/Xcode.app/Contents/Developer/Toolchains/XcodeDefault.xctoolchain/usr/bin/bitcode_strip '/var/folders/ww/sw0d02593_9c001st0kyw4bc0000gn/T/XcodeDistPipeline.~~~p63Lc0/Root/Payload/Onscart.app/Frameworks/libswiftCoreLocation.dylib' '-r' '-keep_cs' '-o' '/var/folders/ww/sw0d02593_9c001st0kyw4bc0000gn/T/XcodeDistPipeline.~~~p63Lc0/Root/Payload/Onscart.app/Frameworks/libswiftCoreLocation.dylib'
2022-05-13 09:18:03 +0000  /Applications/Xcode.app/Contents/Developer/Toolchains/XcodeDefault.xctoolchain/usr/bin/bitcode_strip exited with 0
2022-05-13 09:18:03 +0000  Running /Applications/Xcode.app/Contents/Developer/Toolchains/XcodeDefault.xctoolchain/usr/bin/bitcode_strip '/var/folders/ww/sw0d02593_9c001st0kyw4bc0000gn/T/XcodeDistPipeline.~~~p63Lc0/Root/Payload/Onscart.app/Frameworks/libswiftCoreMedia.dylib' '-r' '-keep_cs' '-o' '/var/folders/ww/sw0d02593_9c001st0kyw4bc0000gn/T/XcodeDistPipeline.~~~p63Lc0/Root/Payload/Onscart.app/Frameworks/libswiftCoreMedia.dylib'
2022-05-13 09:18:03 +0000  /Applications/Xcode.app/Contents/Developer/Toolchains/XcodeDefault.xctoolchain/usr/bin/bitcode_strip exited with 0
2022-05-13 09:18:03 +0000  Running /Applications/Xcode.app/Contents/Developer/Toolchains/XcodeDefault.xctoolchain/usr/bin/bitcode_strip '/var/folders/ww/sw0d02593_9c001st0kyw4bc0000gn/T/XcodeDistPipeline.~~~p63Lc0/Root/Payload/Onscart.app/Frameworks/libswiftDarwin.dylib' '-r' '-keep_cs' '-o' '/var/folders/ww/sw0d02593_9c001st0kyw4bc0000gn/T/XcodeDistPipeline.~~~p63Lc0/Root/Payload/Onscart.app/Frameworks/libswiftDarwin.dylib'
2022-05-13 09:18:03 +0000  /Applications/Xcode.app/Contents/Developer/Toolchains/XcodeDefault.xctoolchain/usr/bin/bitcode_strip exited with 0
2022-05-13 09:18:03 +0000  Running /Applications/Xcode.app/Contents/Developer/Toolchains/XcodeDefault.xctoolchain/usr/bin/bitcode_strip '/var/folders/ww/sw0d02593_9c001st0kyw4bc0000gn/T/XcodeDistPipeline.~~~p63Lc0/Root/Payload/Onscart.app/Frameworks/libswiftDispatch.dylib' '-r' '-keep_cs' '-o' '/var/folders/ww/sw0d02593_9c001st0kyw4bc0000gn/T/XcodeDistPipeline.~~~p63Lc0/Root/Payload/Onscart.app/Frameworks/libswiftDispatch.dylib'
2022-05-13 09:18:03 +0000  /Applications/Xcode.app/Contents/Developer/Toolchains/XcodeDefault.xctoolchain/usr/bin/bitcode_strip exited with 0
2022-05-13 09:18:03 +0000  Running /Applications/Xcode.app/Contents/Developer/Toolchains/XcodeDefault.xctoolchain/usr/bin/bitcode_strip '/var/folders/ww/sw0d02593_9c001st0kyw4bc0000gn/T/XcodeDistPipeline.~~~p63Lc0/Root/Payload/Onscart.app/Frameworks/libswiftFoundation.dylib' '-r' '-keep_cs' '-o' '/var/folders/ww/sw0d02593_9c001st0kyw4bc0000gn/T/XcodeDistPipeline.~~~p63Lc0/Root/Payload/Onscart.app/Frameworks/libswiftFoundation.dylib'
2022-05-13 09:18:03 +0000  /Applications/Xcode.app/Contents/Developer/Toolchains/XcodeDefault.xctoolchain/usr/bin/bitcode_strip exited with 0
2022-05-13 09:18:03 +0000  Running /Applications/Xcode.app/Contents/Developer/Toolchains/XcodeDefault.xctoolchain/usr/bin/bitcode_strip '/var/folders/ww/sw0d02593_9c001st0kyw4bc0000gn/T/XcodeDistPipeline.~~~p63Lc0/Root/Payload/Onscart.app/Frameworks/libswiftMetal.dylib' '-r' '-keep_cs' '-o' '/var/folders/ww/sw0d02593_9c001st0kyw4bc0000gn/T/XcodeDistPipeline.~~~p63Lc0/Root/Payload/Onscart.app/Frameworks/libswiftMetal.dylib'
2022-05-13 09:18:03 +0000  /Applications/Xcode.app/Contents/Developer/Toolchains/XcodeDefault.xctoolchain/usr/bin/bitcode_strip exited with 0
2022-05-13 09:18:03 +0000  Running /Applications/Xcode.app/Contents/Developer/Toolchains/XcodeDefault.xctoolchain/usr/bin/bitcode_strip '/var/folders/ww/sw0d02593_9c001st0kyw4bc0000gn/T/XcodeDistPipeline.~~~p63Lc0/Root/Payload/Onscart.app/Frameworks/libswiftObjectiveC.dylib' '-r' '-keep_cs' '-o' '/var/folders/ww/sw0d02593_9c001st0kyw4bc0000gn/T/XcodeDistPipeline.~~~p63Lc0/Root/Payload/Onscart.app/Frameworks/libswiftObjectiveC.dylib'
2022-05-13 09:18:03 +0000  /Applications/Xcode.app/Contents/Developer/Toolchains/XcodeDefault.xctoolchain/usr/bin/bitcode_strip exited with 0
2022-05-13 09:18:03 +0000  Running /Applications/Xcode.app/Contents/Developer/Toolchains/XcodeDefault.xctoolchain/usr/bin/bitcode_strip '/var/folders/ww/sw0d02593_9c001st0kyw4bc0000gn/T/XcodeDistPipeline.~~~p63Lc0/Root/Payload/Onscart.app/Frameworks/libswiftPhotos.dylib' '-r' '-keep_cs' '-o' '/var/folders/ww/sw0d02593_9c001st0kyw4bc0000gn/T/XcodeDistPipeline.~~~p63Lc0/Root/Payload/Onscart.app/Frameworks/libswiftPhotos.dylib'
2022-05-13 09:18:03 +0000  /Applications/Xcode.app/Contents/Developer/Toolchains/XcodeDefault.xctoolchain/usr/bin/bitcode_strip exited with 0
2022-05-13 09:18:03 +0000  Running /Applications/Xcode.app/Contents/Developer/Toolchains/XcodeDefault.xctoolchain/usr/bin/bitcode_strip '/var/folders/ww/sw0d02593_9c001st0kyw4bc0000gn/T/XcodeDistPipeline.~~~p63Lc0/Root/Payload/Onscart.app/Frameworks/libswiftQuartzCore.dylib' '-r' '-keep_cs' '-o' '/var/folders/ww/sw0d02593_9c001st0kyw4bc0000gn/T/XcodeDistPipeline.~~~p63Lc0/Root/Payload/Onscart.app/Frameworks/libswiftQuartzCore.dylib'
2022-05-13 09:18:03 +0000  /Applications/Xcode.app/Contents/Developer/Toolchains/XcodeDefault.xctoolchain/usr/bin/bitcode_strip exited with 0
2022-05-13 09:18:03 +0000  Running /Applications/Xcode.app/Contents/Developer/Toolchains/XcodeDefault.xctoolchain/usr/bin/bitcode_strip '/var/folders/ww/sw0d02593_9c001st0kyw4bc0000gn/T/XcodeDistPipeline.~~~p63Lc0/Root/Payload/Onscart.app/Frameworks/libswiftUIKit.dylib' '-r' '-keep_cs' '-o' '/var/folders/ww/sw0d02593_9c001st0kyw4bc0000gn/T/XcodeDistPipeline.~~~p63Lc0/Root/Payload/Onscart.app/Frameworks/libswiftUIKit.dylib'
2022-05-13 09:18:03 +0000  /Applications/Xcode.app/Contents/Developer/Toolchains/XcodeDefault.xctoolchain/usr/bin/bitcode_strip exited with 0
2022-05-13 09:18:03 +0000  Running /Applications/Xcode.app/Contents/Developer/Toolchains/XcodeDefault.xctoolchain/usr/bin/bitcode_strip '/var/folders/ww/sw0d02593_9c001st0kyw4bc0000gn/T/XcodeDistPipeline.~~~p63Lc0/Root/Payload/Onscart.app/Frameworks/libswiftVision.dylib' '-r' '-keep_cs' '-o' '/var/folders/ww/sw0d02593_9c001st0kyw4bc0000gn/T/XcodeDistPipeline.~~~p63Lc0/Root/Payload/Onscart.app/Frameworks/libswiftVision.dylib'
2022-05-13 09:18:03 +0000  /Applications/Xcode.app/Contents/Developer/Toolchains/XcodeDefault.xctoolchain/usr/bin/bitcode_strip exited with 0
2022-05-13 09:18:03 +0000  Running /Applications/Xcode.app/Contents/Developer/Toolchains/XcodeDefault.xctoolchain/usr/bin/bitcode_strip '/var/folders/ww/sw0d02593_9c001st0kyw4bc0000gn/T/XcodeDistPipeline.~~~p63Lc0/Root/Payload/Onscart.app/Frameworks/libswiftos.dylib' '-r' '-keep_cs' '-o' '/var/folders/ww/sw0d02593_9c001st0kyw4bc0000gn/T/XcodeDistPipeline.~~~p63Lc0/Root/Payload/Onscart.app/Frameworks/libswiftos.dylib'
2022-05-13 09:18:03 +0000  /Applications/Xcode.app/Contents/Developer/Toolchains/XcodeDefault.xctoolchain/usr/bin/bitcode_strip exited with 0
2022-05-13 09:18:03 +0000  Running /Applications/Xcode.app/Contents/Developer/Toolchains/XcodeDefault.xctoolchain/usr/bin/bitcode_strip '/var/folders/ww/sw0d02593_9c001st0kyw4bc0000gn/T/XcodeDistPipeline.~~~p63Lc0/Root/Payload/Onscart.app/Frameworks/libswiftsimd.dylib' '-r' '-keep_cs' '-o' '/var/folders/ww/sw0d02593_9c001st0kyw4bc0000gn/T/XcodeDistPipeline.~~~p63Lc0/Root/Payload/Onscart.app/Frameworks/libswiftsimd.dylib'
2022-05-13 09:18:03 +0000  /Applications/Xcode.app/Contents/Developer/Toolchains/XcodeDefault.xctoolchain/usr/bin/bitcode_strip exited with 0
2022-05-13 09:18:03 +0000  Running /Applications/Xcode.app/Contents/Developer/Toolchains/XcodeDefault.xctoolchain/usr/bin/bitcode_strip '/var/folders/ww/sw0d02593_9c001st0kyw4bc0000gn/T/XcodeDistPipeline.~~~p63Lc0/Root/Payload/Onscart.app/Onscart' '-r' '-keep_cs' '-o' '/var/folders/ww/sw0d02593_9c001st0kyw4bc0000gn/T/XcodeDistPipeline.~~~p63Lc0/Root/Payload/Onscart.app/Onscart'
2022-05-13 09:18:03 +0000  /Applications/Xcode.app/Contents/Developer/Toolchains/XcodeDefault.xctoolchain/usr/bin/bitcode_strip exited with 0
2022-05-13 09:18:03 +0000  Processing step: IDEDistributionCopyBCSymbolMapsStep
2022-05-13 09:18:04 +0000  Processing step: IDEDistributionSymbolsStep
2022-05-13 09:18:04 +0000  Processing symbols for ChatProvidersSDK.framework
2022-05-13 09:18:04 +0000  Running /usr/bin/rsync '-8aPhhE' '/var/folders/ww/sw0d02593_9c001st0kyw4bc0000gn/T/XcodeDistPipeline.~~~p63Lc0/Root/Payload/Onscart.app/Frameworks/ChatProvidersSDK.framework' '--link-dest' '/var/folders/ww/sw0d02593_9c001st0kyw4bc0000gn/T/XcodeDistPipeline.~~~p63Lc0/Root/Payload/Onscart.app/Frameworks' '/var/folders/ww/sw0d02593_9c001st0kyw4bc0000gn/T/XcodeDistPipeline.~~~p63Lc0'
2022-05-13 09:18:04 +0000  building file list ... 
2022-05-13 09:18:04 +0000   0 files...2022-05-13 09:18:04 +0000  5 files to consider
2022-05-13 09:18:04 +0000  ChatProvidersSDK.framework/
2022-05-13 09:18:04 +0000  ChatProvidersSDK.framework/_CodeSignature/
rsync: link "/var/folders/ww/sw0d02593_9c001st0kyw4bc0000gn/T/XcodeDistPipeline.~~~p63Lc0/ChatProvidersSDK.framework/_CodeSignature/CodeResources" => /var/folders/ww/sw0d02593_9c001st0kyw4bc0000gn/T/XcodeDistPipeline.~~~p63Lc0/Root/Payload/Onscart.app/Frameworks/ChatProvidersSDK.framework/_CodeSignature/CodeResources failed: Operation not permitted (1)
2022-05-13 09:18:04 +0000  ChatProvidersSDK.framework/_CodeSignature/CodeResources
2022-05-13 09:18:04 +0000  
2022-05-13 09:18:04 +0000  sent 243 bytes  received 38 bytes  562.00 bytes/sec
total size is 2.02M  speedup is 7543.04
2022-05-13 09:18:04 +0000  /usr/bin/rsync exited with 0
2022-05-13 09:18:04 +0000  Running /usr/bin/rsync '-8aPhhE' '/Users/cbl-mac-001/Library/Developer/Xcode/Archives/2022-05-13/Onscart(Prod) 13-05-22, 1.29 PM.xcarchive/dSYMs/' '--link-dest' '/Users/cbl-mac-001/Library/Developer/Xcode/Archives/2022-05-13/Onscart(Prod) 13-05-22, 1.29 PM.xcarchive/dSYMs/' '/var/folders/ww/sw0d02593_9c001st0kyw4bc0000gn/T/XcodeDistPipeline.~~~p63Lc0'
2022-05-13 09:18:04 +0000  building file list ... 
2022-05-13 09:18:04 +0000   0 files...2022-05-13 09:18:04 +0000  78 files to consider
2022-05-13 09:18:04 +0000  ./
2022-05-13 09:18:04 +0000  ChatProvidersSDK.framework.dSYM/
ChatProvidersSDK.framework.dSYM/Contents/
ChatProvidersSDK.framework.dSYM/Contents/Resources/
ChatProvidersSDK.framework.dSYM/Contents/Resources/DWARF/
2022-05-13 09:18:04 +0000  ChatSDK.framework.dSYM/
ChatSDK.framework.dSYM/Contents/
ChatSDK.framework.dSYM/Contents/Resources/
ChatSDK.framework.dSYM/Contents/Resources/DWARF/
ChatSDK.framework.dSYM/Contents/Resources/Swift/
ChatSDK.framework.dSYM/Contents/Resources/Swift/aarch64/
ChatSDK.framework.dSYM/Contents/Resources/Swift/arm/
CommonUISDK.framework.dSYM/
CommonUISDK.framework.dSYM/Contents/
CommonUISDK.framework.dSYM/Contents/Resources/
CommonUISDK.framework.dSYM/Contents/Resources/DWARF/
FaceSDK.framework.dSYM/
FaceSDK.framework.dSYM/Contents/
FaceSDK.framework.dSYM/Contents/Resources/
FaceSDK.framework.dSYM/Contents/Resources/DWARF/
MessagingAPI.framework.dSYM/
MessagingAPI.framework.dSYM/Contents/
MessagingAPI.framework.dSYM/Contents/Resources/
MessagingAPI.framework.dSYM/Contents/Resources/DWARF/
MessagingAPI.framework.dSYM/Contents/Resources/Swift/
MessagingAPI.framework.dSYM/Contents/Resources/Swift/aarch64/
MessagingAPI.framework.dSYM/Contents/Resources/Swift/arm/
MessagingSDK.framework.dSYM/
MessagingSDK.framework.dSYM/Contents/
MessagingSDK.framework.dSYM/Contents/Resources/
MessagingSDK.framework.dSYM/Contents/Resources/DWARF/
MessagingSDK.framework.dSYM/Contents/Resources/Swift/
MessagingSDK.framework.dSYM/Contents/Resources/Swift/aarch64/
MessagingSDK.framework.dSYM/Contents/Resources/Swift/arm/
Onscart.app.dSYM/
Onscart.app.dSYM/Contents/
Onscart.app.dSYM/Contents/Resources/
Onscart.app.dSYM/Contents/Resources/DWARF/
RegulaCommon.framework.dSYM/
RegulaCommon.framework.dSYM/Contents/
RegulaCommon.framework.dSYM/Contents/Resources/
RegulaCommon.framework.dSYM/Contents/Resources/DWARF/
SDKConfigurations.framework.dSYM/
SDKConfigurations.framework.dSYM/Contents/
SDKConfigurations.framework.dSYM/Contents/Resources/
SDKConfigurations.framework.dSYM/Contents/Resources/DWARF/
2022-05-13 09:18:04 +0000  
sent 2.62K bytes  received 296 bytes  5.82K bytes/sec
total size is 101.14M  speedup is 35564.88
2022-05-13 09:18:04 +0000  /usr/bin/rsync exited with 0
2022-05-13 09:18:04 +0000  Running /Applications/Xcode.app/Contents/Developer/usr/bin/symbols '-noTextInSOD' '-noDaemon' '-arch' 'all' '-symbolsPackageDir' '/var/folders/ww/sw0d02593_9c001st0kyw4bc0000gn/T/XcodeDistPipeline.~~~p63Lc0/Symbols' '/var/folders/ww/sw0d02593_9c001st0kyw4bc0000gn/T/XcodeDistPipeline.~~~p63Lc0/ChatProvidersSDK.framework.dSYM/Contents/Resources/Dwarf/ChatProvidersSDK'
2022-05-13 09:18:05 +0000  /var/folders/ww/sw0d02593_9c001st0kyw4bc0000gn/T/XcodeDistPipeline.~~~p63Lc0/ChatProvidersSDK.framework.dSYM/Contents/Resources/Dwarf/ChatProvidersSDK [armv7, 0.553409 seconds]:
/var/folders/ww/sw0d02593_9c001st0kyw4bc0000gn/T/XcodeDistPipeline.~~~p63Lc0/ChatProvidersSDK.framework.dSYM/Contents/Resources/Dwarf/ChatProvidersSDK [arm64, 0.553409 seconds]:
2022-05-13 09:18:05 +0000  /Applications/Xcode.app/Contents/Developer/usr/bin/symbols exited with 0
2022-05-13 09:18:05 +0000  Processing symbols for ChatSDK.framework
2022-05-13 09:18:05 +0000  Running /usr/bin/rsync '-8aPhhE' '/var/folders/ww/sw0d02593_9c001st0kyw4bc0000gn/T/XcodeDistPipeline.~~~p63Lc0/Root/Payload/Onscart.app/Frameworks/ChatSDK.framework' '--link-dest' '/var/folders/ww/sw0d02593_9c001st0kyw4bc0000gn/T/XcodeDistPipeline.~~~p63Lc0/Root/Payload/Onscart.app/Frameworks' '/var/folders/ww/sw0d02593_9c001st0kyw4bc0000gn/T/XcodeDistPipeline.~~~p63Lc0'
2022-05-13 09:18:05 +0000  building file list ... 
2022-05-13 09:18:05 +0000   0 files...2022-05-13 09:18:05 +0000  75 files to consider
2022-05-13 09:18:05 +0000  ChatSDK.framework/
2022-05-13 09:18:05 +0000  ChatSDK.framework/ChatStrings/
ChatSDK.framework/ChatStrings/ar.lproj/
2022-05-13 09:18:05 +0000  ChatSDK.framework/ChatStrings/bg.lproj/
ChatSDK.framework/ChatStrings/cs.lproj/
ChatSDK.framework/ChatStrings/da.lproj/
ChatSDK.framework/ChatStrings/de.lproj/
ChatSDK.framework/ChatStrings/el.lproj/
ChatSDK.framework/ChatStrings/en-GB.lproj/
ChatSDK.framework/ChatStrings/en.lproj/
ChatSDK.framework/ChatStrings/es.lproj/
ChatSDK.framework/ChatStrings/fi.lproj/
ChatSDK.framework/ChatStrings/fil.lproj/
ChatSDK.framework/ChatStrings/fr-CA.lproj/
ChatSDK.framework/ChatStrings/fr.lproj/
ChatSDK.framework/ChatStrings/he.lproj/
ChatSDK.framework/ChatStrings/hi.lproj/
ChatSDK.framework/ChatStrings/hu.lproj/
ChatSDK.framework/ChatStrings/id.lproj/
ChatSDK.framework/ChatStrings/it.lproj/
ChatSDK.framework/ChatStrings/ja.lproj/
ChatSDK.framework/ChatStrings/ko.lproj/
ChatSDK.framework/ChatStrings/ms.lproj/
ChatSDK.framework/ChatStrings/nb.lproj/
ChatSDK.framework/ChatStrings/nl.lproj/
ChatSDK.framework/ChatStrings/pl.lproj/
ChatSDK.framework/ChatStrings/pt-BR.lproj/
ChatSDK.framework/ChatStrings/pt.lproj/
ChatSDK.framework/ChatStrings/ro.lproj/
ChatSDK.framework/ChatStrings/ru.lproj/
ChatSDK.framework/ChatStrings/sv.lproj/
ChatSDK.framework/ChatStrings/th.lproj/
ChatSDK.framework/ChatStrings/tr.lproj/
ChatSDK.framework/ChatStrings/vi.lproj/
ChatSDK.framework/ChatStrings/zh-Hans.lproj/
ChatSDK.framework/ChatStrings/zh-Hant.lproj/
ChatSDK.framework/_CodeSignature/
rsync: link "/var/folders/ww/sw0d02593_9c001st0kyw4bc0000gn/T/XcodeDistPipeline.~~~p63Lc0/ChatSDK.framework/_CodeSignature/CodeResources" => /var/folders/ww/sw0d02593_9c001st0kyw4bc0000gn/T/XcodeDistPipeline.~~~p63Lc0/Root/Payload/Onscart.app/Frameworks/ChatSDK.framework/_CodeSignature/CodeResources failed: Operation not permitted (1)
2022-05-13 09:18:05 +0000  ChatSDK.framework/_CodeSignature/CodeResources
2022-05-13 09:18:05 +0000  
sent 2.26K bytes  received 248 bytes  5.01K bytes/sec
total size is 549.56K  speedup is 219.31
2022-05-13 09:18:05 +0000  /usr/bin/rsync exited with 0
2022-05-13 09:18:05 +0000  Running /usr/bin/rsync '-8aPhhE' '/Users/cbl-mac-001/Library/Developer/Xcode/Archives/2022-05-13/Onscart(Prod) 13-05-22, 1.29 PM.xcarchive/dSYMs/' '--link-dest' '/Users/cbl-mac-001/Library/Developer/Xcode/Archives/2022-05-13/Onscart(Prod) 13-05-22, 1.29 PM.xcarchive/dSYMs/' '/var/folders/ww/sw0d02593_9c001st0kyw4bc0000gn/T/XcodeDistPipeline.~~~p63Lc0'
2022-05-13 09:18:05 +0000  building file list ... 
2022-05-13 09:18:05 +0000   0 files...2022-05-13 09:18:05 +0000  78 files to consider
2022-05-13 09:18:05 +0000  ./
2022-05-13 09:18:05 +0000  ChatProvidersSDK.framework.dSYM/
ChatProvidersSDK.framework.dSYM/Contents/
ChatProvidersSDK.framework.dSYM/Contents/Resources/
ChatProvidersSDK.framework.dSYM/Contents/Resources/DWARF/
2022-05-13 09:18:05 +0000  ChatSDK.framework.dSYM/
ChatSDK.framework.dSYM/Contents/
ChatSDK.framework.dSYM/Contents/Resources/
ChatSDK.framework.dSYM/Contents/Resources/DWARF/
ChatSDK.framework.dSYM/Contents/Resources/Swift/
ChatSDK.framework.dSYM/Contents/Resources/Swift/aarch64/
ChatSDK.framework.dSYM/Contents/Resources/Swift/arm/
CommonUISDK.framework.dSYM/
CommonUISDK.framework.dSYM/Contents/
CommonUISDK.framework.dSYM/Contents/Resources/
CommonUISDK.framework.dSYM/Contents/Resources/DWARF/
FaceSDK.framework.dSYM/
FaceSDK.framework.dSYM/Contents/
FaceSDK.framework.dSYM/Contents/Resources/
FaceSDK.framework.dSYM/Contents/Resources/DWARF/
MessagingAPI.framework.dSYM/
MessagingAPI.framework.dSYM/Contents/
MessagingAPI.framework.dSYM/Contents/Resources/
MessagingAPI.framework.dSYM/Contents/Resources/DWARF/
MessagingAPI.framework.dSYM/Contents/Resources/Swift/
MessagingAPI.framework.dSYM/Contents/Resources/Swift/aarch64/
MessagingAPI.framework.dSYM/Contents/Resources/Swift/arm/
2022-05-13 09:18:05 +0000  MessagingSDK.framework.dSYM/
MessagingSDK.framework.dSYM/Contents/
MessagingSDK.framework.dSYM/Contents/Resources/
MessagingSDK.framework.dSYM/Contents/Resources/DWARF/
MessagingSDK.framework.dSYM/Contents/Resources/Swift/
MessagingSDK.framework.dSYM/Contents/Resources/Swift/aarch64/
MessagingSDK.framework.dSYM/Contents/Resources/Swift/arm/
Onscart.app.dSYM/
Onscart.app.dSYM/Contents/
Onscart.app.dSYM/Contents/Resources/
Onscart.app.dSYM/Contents/Resources/DWARF/
RegulaCommon.framework.dSYM/
RegulaCommon.framework.dSYM/Contents/
RegulaCommon.framework.dSYM/Contents/Resources/
RegulaCommon.framework.dSYM/Contents/Resources/DWARF/
SDKConfigurations.framework.dSYM/
SDKConfigurations.framework.dSYM/Contents/
SDKConfigurations.framework.dSYM/Contents/Resources/
SDKConfigurations.framework.dSYM/Contents/Resources/DWARF/
2022-05-13 09:18:05 +0000  
2022-05-13 09:18:05 +0000  sent 2.81K bytes  received 488 bytes  6.57K bytes/sec
total size is 101.14M  speedup is 31507.57
2022-05-13 09:18:05 +0000  /usr/bin/rsync exited with 0
2022-05-13 09:18:05 +0000  Running /Applications/Xcode.app/Contents/Developer/usr/bin/symbols '-noTextInSOD' '-noDaemon' '-arch' 'all' '-symbolsPackageDir' '/var/folders/ww/sw0d02593_9c001st0kyw4bc0000gn/T/XcodeDistPipeline.~~~p63Lc0/Symbols' '/var/folders/ww/sw0d02593_9c001st0kyw4bc0000gn/T/XcodeDistPipeline.~~~p63Lc0/ChatSDK.framework.dSYM/Contents/Resources/Dwarf/ChatSDK'
2022-05-13 09:18:05 +0000  /var/folders/ww/sw0d02593_9c001st0kyw4bc0000gn/T/XcodeDistPipeline.~~~p63Lc0/ChatSDK.framework.dSYM/Contents/Resources/Dwarf/ChatSDK [armv7, 0.107102 seconds]:
/var/folders/ww/sw0d02593_9c001st0kyw4bc0000gn/T/XcodeDistPipeline.~~~p63Lc0/ChatSDK.framework.dSYM/Contents/Resources/Dwarf/ChatSDK [arm64, 0.107102 seconds]:
2022-05-13 09:18:05 +0000  /Applications/Xcode.app/Contents/Developer/usr/bin/symbols exited with 0
2022-05-13 09:18:05 +0000  Processing symbols for CommonUISDK.framework
2022-05-13 09:18:05 +0000  Running /usr/bin/rsync '-8aPhhE' '/var/folders/ww/sw0d02593_9c001st0kyw4bc0000gn/T/XcodeDistPipeline.~~~p63Lc0/Root/Payload/Onscart.app/Frameworks/CommonUISDK.framework' '--link-dest' '/var/folders/ww/sw0d02593_9c001st0kyw4bc0000gn/T/XcodeDistPipeline.~~~p63Lc0/Root/Payload/Onscart.app/Frameworks' '/var/folders/ww/sw0d02593_9c001st0kyw4bc0000gn/T/XcodeDistPipeline.~~~p63Lc0'
2022-05-13 09:18:05 +0000  building file list ... 
2022-05-13 09:18:05 +0000   0 files...2022-05-13 09:18:05 +0000  76 files to consider
2022-05-13 09:18:05 +0000  CommonUISDK.framework/
2022-05-13 09:18:05 +0000  CommonUISDK.framework/CommonUIStrings/
CommonUISDK.framework/CommonUIStrings/ar.lproj/
CommonUISDK.framework/CommonUIStrings/bg.lproj/
2022-05-13 09:18:05 +0000  CommonUISDK.framework/CommonUIStrings/cs.lproj/
CommonUISDK.framework/CommonUIStrings/da.lproj/
CommonUISDK.framework/CommonUIStrings/de.lproj/
CommonUISDK.framework/CommonUIStrings/el.lproj/
CommonUISDK.framework/CommonUIStrings/en-GB.lproj/
CommonUISDK.framework/CommonUIStrings/en.lproj/
CommonUISDK.framework/CommonUIStrings/es.lproj/
CommonUISDK.framework/CommonUIStrings/fi.lproj/
CommonUISDK.framework/CommonUIStrings/fil.lproj/
CommonUISDK.framework/CommonUIStrings/fr-CA.lproj/
CommonUISDK.framework/CommonUIStrings/fr.lproj/
CommonUISDK.framework/CommonUIStrings/he.lproj/
CommonUISDK.framework/CommonUIStrings/hi.lproj/
CommonUISDK.framework/CommonUIStrings/hu.lproj/
CommonUISDK.framework/CommonUIStrings/id.lproj/
CommonUISDK.framework/CommonUIStrings/it.lproj/
CommonUISDK.framework/CommonUIStrings/ja.lproj/
CommonUISDK.framework/CommonUIStrings/ko.lproj/
CommonUISDK.framework/CommonUIStrings/ms.lproj/
CommonUISDK.framework/CommonUIStrings/nb.lproj/
CommonUISDK.framework/CommonUIStrings/nl.lproj/
CommonUISDK.framework/CommonUIStrings/pl.lproj/
CommonUISDK.framework/CommonUIStrings/pt-BR.lproj/
CommonUISDK.framework/CommonUIStrings/pt.lproj/
CommonUISDK.framework/CommonUIStrings/ro.lproj/
CommonUISDK.framework/CommonUIStrings/ru.lproj/
CommonUISDK.framework/CommonUIStrings/sv.lproj/
CommonUISDK.framework/CommonUIStrings/th.lproj/
CommonUISDK.framework/CommonUIStrings/tr.lproj/
CommonUISDK.framework/CommonUIStrings/vi.lproj/
CommonUISDK.framework/CommonUIStrings/zh-Hans.lproj/
CommonUISDK.framework/CommonUIStrings/zh-Hant.lproj/
CommonUISDK.framework/_CodeSignature/
rsync: link "/var/folders/ww/sw0d02593_9c001st0kyw4bc0000gn/T/XcodeDistPipeline.~~~p63Lc0/CommonUISDK.framework/_CodeSignature/CodeResources" => /var/folders/ww/sw0d02593_9c001st0kyw4bc0000gn/T/XcodeDistPipeline.~~~p63Lc0/Root/Payload/Onscart.app/Frameworks/CommonUISDK.framework/_CodeSignature/CodeResources failed: Operation not permitted (1)
2022-05-13 09:18:05 +0000  CommonUISDK.framework/_CodeSignature/CodeResources
2022-05-13 09:18:05 +0000  
sent 2.29K bytes  received 248 bytes  5.06K bytes/sec
total size is 1.52M  speedup is 613.78
2022-05-13 09:18:05 +0000  /usr/bin/rsync exited with 0
2022-05-13 09:18:05 +0000  Running /usr/bin/rsync '-8aPhhE' '/Users/cbl-mac-001/Library/Developer/Xcode/Archives/2022-05-13/Onscart(Prod) 13-05-22, 1.29 PM.xcarchive/dSYMs/' '--link-dest' '/Users/cbl-mac-001/Library/Developer/Xcode/Archives/2022-05-13/Onscart(Prod) 13-05-22, 1.29 PM.xcarchive/dSYMs/' '/var/folders/ww/sw0d02593_9c001st0kyw4bc0000gn/T/XcodeDistPipeline.~~~p63Lc0'
2022-05-13 09:18:05 +0000  building file list ... 
2022-05-13 09:18:05 +0000   0 files...2022-05-13 09:18:05 +0000  78 files to consider
2022-05-13 09:18:05 +0000  ./
2022-05-13 09:18:05 +0000  ChatProvidersSDK.framework.dSYM/
ChatProvidersSDK.framework.dSYM/Contents/
ChatProvidersSDK.framework.dSYM/Contents/Resources/
ChatProvidersSDK.framework.dSYM/Contents/Resources/DWARF/
ChatSDK.framework.dSYM/
2022-05-13 09:18:05 +0000  ChatSDK.framework.dSYM/Contents/
ChatSDK.framework.dSYM/Contents/Resources/
ChatSDK.framework.dSYM/Contents/Resources/DWARF/
ChatSDK.framework.dSYM/Contents/Resources/Swift/
ChatSDK.framework.dSYM/Contents/Resources/Swift/aarch64/
ChatSDK.framework.dSYM/Contents/Resources/Swift/arm/
CommonUISDK.framework.dSYM/
CommonUISDK.framework.dSYM/Contents/
CommonUISDK.framework.dSYM/Contents/Resources/
CommonUISDK.framework.dSYM/Contents/Resources/DWARF/
FaceSDK.framework.dSYM/
FaceSDK.framework.dSYM/Contents/
FaceSDK.framework.dSYM/Contents/Resources/
FaceSDK.framework.dSYM/Contents/Resources/DWARF/
MessagingAPI.framework.dSYM/
MessagingAPI.framework.dSYM/Contents/
MessagingAPI.framework.dSYM/Contents/Resources/
MessagingAPI.framework.dSYM/Contents/Resources/DWARF/
2022-05-13 09:18:05 +0000  MessagingAPI.framework.dSYM/Contents/Resources/Swift/
MessagingAPI.framework.dSYM/Contents/Resources/Swift/aarch64/
MessagingAPI.framework.dSYM/Contents/Resources/Swift/arm/
MessagingSDK.framework.dSYM/
MessagingSDK.framework.dSYM/Contents/
MessagingSDK.framework.dSYM/Contents/Resources/
MessagingSDK.framework.dSYM/Contents/Resources/DWARF/
MessagingSDK.framework.dSYM/Contents/Resources/Swift/
MessagingSDK.framework.dSYM/Contents/Resources/Swift/aarch64/
MessagingSDK.framework.dSYM/Contents/Resources/Swift/arm/
Onscart.app.dSYM/
Onscart.app.dSYM/Contents/
Onscart.app.dSYM/Contents/Resources/
Onscart.app.dSYM/Contents/Resources/DWARF/
RegulaCommon.framework.dSYM/
RegulaCommon.framework.dSYM/Contents/
RegulaCommon.framework.dSYM/Contents/Resources/
RegulaCommon.framework.dSYM/Contents/Resources/DWARF/
SDKConfigurations.framework.dSYM/
SDKConfigurations.framework.dSYM/Contents/
SDKConfigurations.framework.dSYM/Contents/Resources/
SDKConfigurations.framework.dSYM/Contents/Resources/DWARF/
2022-05-13 09:18:05 +0000  
2022-05-13 09:18:05 +0000  sent 2.81K bytes  received 488 bytes  6.57K bytes/sec
total size is 101.14M  speedup is 31507.57
2022-05-13 09:18:05 +0000  /usr/bin/rsync exited with 0
2022-05-13 09:18:05 +0000  Running /Applications/Xcode.app/Contents/Developer/usr/bin/symbols '-noTextInSOD' '-noDaemon' '-arch' 'all' '-symbolsPackageDir' '/var/folders/ww/sw0d02593_9c001st0kyw4bc0000gn/T/XcodeDistPipeline.~~~p63Lc0/Symbols' '/var/folders/ww/sw0d02593_9c001st0kyw4bc0000gn/T/XcodeDistPipeline.~~~p63Lc0/CommonUISDK.framework.dSYM/Contents/Resources/Dwarf/CommonUISDK'
2022-05-13 09:18:05 +0000  /var/folders/ww/sw0d02593_9c001st0kyw4bc0000gn/T/XcodeDistPipeline.~~~p63Lc0/CommonUISDK.framework.dSYM/Contents/Resources/Dwarf/CommonUISDK [armv7, 0.259578 seconds]:
/var/folders/ww/sw0d02593_9c001st0kyw4bc0000gn/T/XcodeDistPipeline.~~~p63Lc0/CommonUISDK.framework.dSYM/Contents/Resources/Dwarf/CommonUISDK [arm64, 0.259578 seconds]:
2022-05-13 09:18:05 +0000  /Applications/Xcode.app/Contents/Developer/usr/bin/symbols exited with 0
2022-05-13 09:18:06 +0000  Processing symbols for FaceSDK.framework
2022-05-13 09:18:06 +0000  Running /usr/bin/rsync '-8aPhhE' '/var/folders/ww/sw0d02593_9c001st0kyw4bc0000gn/T/XcodeDistPipeline.~~~p63Lc0/Root/Payload/Onscart.app/Frameworks/FaceSDK.framework' '--link-dest' '/var/folders/ww/sw0d02593_9c001st0kyw4bc0000gn/T/XcodeDistPipeline.~~~p63Lc0/Root/Payload/Onscart.app/Frameworks' '/var/folders/ww/sw0d02593_9c001st0kyw4bc0000gn/T/XcodeDistPipeline.~~~p63Lc0'
2022-05-13 09:18:06 +0000  building file list ... 
2022-05-13 09:18:06 +0000   0 files...2022-05-13 09:18:06 +0000  72 files to consider
2022-05-13 09:18:06 +0000  FaceSDK.framework/
2022-05-13 09:18:06 +0000  FaceSDK.framework/FaceSDK.bundle/
FaceSDK.framework/FaceSDK.bundle/ar.lproj/
FaceSDK.framework/FaceSDK.bundle/bn-BD.lproj/
FaceSDK.framework/FaceSDK.bundle/bn-IN.lproj/
FaceSDK.framework/FaceSDK.bundle/bn.lproj/
FaceSDK.framework/FaceSDK.bundle/cs.lproj/
FaceSDK.framework/FaceSDK.bundle/de.lproj/
FaceSDK.framework/FaceSDK.bundle/el.lproj/
FaceSDK.framework/FaceSDK.bundle/en.lproj/
FaceSDK.framework/FaceSDK.bundle/es.lproj/
FaceSDK.framework/FaceSDK.bundle/fi.lproj/
FaceSDK.framework/FaceSDK.bundle/fr.lproj/
FaceSDK.framework/FaceSDK.bundle/he.lproj/
FaceSDK.framework/FaceSDK.bundle/hi.lproj/
FaceSDK.framework/FaceSDK.bundle/it.lproj/
FaceSDK.framework/FaceSDK.bundle/ja.lproj/
FaceSDK.framework/FaceSDK.bundle/ko.lproj/
FaceSDK.framework/FaceSDK.bundle/ms.lproj/
FaceSDK.framework/FaceSDK.bundle/nl.lproj/
FaceSDK.framework/FaceSDK.bundle/pl.lproj/
FaceSDK.framework/FaceSDK.bundle/pt.lproj/
FaceSDK.framework/FaceSDK.bundle/ru.lproj/
FaceSDK.framework/FaceSDK.bundle/sv.lproj/
FaceSDK.framework/FaceSDK.bundle/th.lproj/
FaceSDK.framework/FaceSDK.bundle/tr.lproj/
FaceSDK.framework/FaceSDK.bundle/vi.lproj/
FaceSDK.framework/FaceSDK.bundle/zh-Hans.lproj/
FaceSDK.framework/FaceSDK.bundle/zh-Hant.lproj/
FaceSDK.framework/_CodeSignature/
rsync: link "/var/folders/ww/sw0d02593_9c001st0kyw4bc0000gn/T/XcodeDistPipeline.~~~p63Lc0/FaceSDK.framework/_CodeSignature/CodeResources" => /var/folders/ww/sw0d02593_9c001st0kyw4bc0000gn/T/XcodeDistPipeline.~~~p63Lc0/Root/Payload/Onscart.app/Frameworks/FaceSDK.framework/_CodeSignature/CodeResources failed: Operation not permitted (1)
FaceSDK.framework/_CodeSignature/CodeResources
2022-05-13 09:18:06 +0000  
sent 2.03K bytes  received 206 bytes  4.46K bytes/sec
total size is 622.25K  speedup is 279.34
2022-05-13 09:18:06 +0000  /usr/bin/rsync exited with 0
2022-05-13 09:18:06 +0000  Running /usr/bin/rsync '-8aPhhE' '/Users/cbl-mac-001/Library/Developer/Xcode/Archives/2022-05-13/Onscart(Prod) 13-05-22, 1.29 PM.xcarchive/dSYMs/' '--link-dest' '/Users/cbl-mac-001/Library/Developer/Xcode/Archives/2022-05-13/Onscart(Prod) 13-05-22, 1.29 PM.xcarchive/dSYMs/' '/var/folders/ww/sw0d02593_9c001st0kyw4bc0000gn/T/XcodeDistPipeline.~~~p63Lc0'
2022-05-13 09:18:06 +0000  building file list ... 
2022-05-13 09:18:06 +0000   0 files...2022-05-13 09:18:06 +0000  78 files to consider
2022-05-13 09:18:06 +0000  ./
2022-05-13 09:18:06 +0000  ChatProvidersSDK.framework.dSYM/
ChatProvidersSDK.framework.dSYM/Contents/
ChatProvidersSDK.framework.dSYM/Contents/Resources/
ChatProvidersSDK.framework.dSYM/Contents/Resources/DWARF/
2022-05-13 09:18:06 +0000  ChatSDK.framework.dSYM/
ChatSDK.framework.dSYM/Contents/
ChatSDK.framework.dSYM/Contents/Resources/
ChatSDK.framework.dSYM/Contents/Resources/DWARF/
ChatSDK.framework.dSYM/Contents/Resources/Swift/
ChatSDK.framework.dSYM/Contents/Resources/Swift/aarch64/
ChatSDK.framework.dSYM/Contents/Resources/Swift/arm/
CommonUISDK.framework.dSYM/
CommonUISDK.framework.dSYM/Contents/
CommonUISDK.framework.dSYM/Contents/Resources/
CommonUISDK.framework.dSYM/Contents/Resources/DWARF/
FaceSDK.framework.dSYM/
FaceSDK.framework.dSYM/Contents/
FaceSDK.framework.dSYM/Contents/Resources/
FaceSDK.framework.dSYM/Contents/Resources/DWARF/
MessagingAPI.framework.dSYM/
MessagingAPI.framework.dSYM/Contents/
MessagingAPI.framework.dSYM/Contents/Resources/
MessagingAPI.framework.dSYM/Contents/Resources/DWARF/
MessagingAPI.framework.dSYM/Contents/Resources/Swift/
MessagingAPI.framework.dSYM/Contents/Resources/Swift/aarch64/
MessagingAPI.framework.dSYM/Contents/Resources/Swift/arm/
MessagingSDK.framework.dSYM/
2022-05-13 09:18:06 +0000  MessagingSDK.framework.dSYM/Contents/
MessagingSDK.framework.dSYM/Contents/Resources/
MessagingSDK.framework.dSYM/Contents/Resources/DWARF/
MessagingSDK.framework.dSYM/Contents/Resources/Swift/
MessagingSDK.framework.dSYM/Contents/Resources/Swift/aarch64/
MessagingSDK.framework.dSYM/Contents/Resources/Swift/arm/
Onscart.app.dSYM/
Onscart.app.dSYM/Contents/
Onscart.app.dSYM/Contents/Resources/
Onscart.app.dSYM/Contents/Resources/DWARF/
RegulaCommon.framework.dSYM/
RegulaCommon.framework.dSYM/Contents/
RegulaCommon.framework.dSYM/Contents/Resources/
RegulaCommon.framework.dSYM/Contents/Resources/DWARF/
SDKConfigurations.framework.dSYM/
SDKConfigurations.framework.dSYM/Contents/
SDKConfigurations.framework.dSYM/Contents/Resources/
SDKConfigurations.framework.dSYM/Contents/Resources/DWARF/
2022-05-13 09:18:06 +0000  
sent 2.81K bytes  received 488 bytes  6.57K bytes/sec
total size is 101.14M  speedup is 31507.57
2022-05-13 09:18:06 +0000  /usr/bin/rsync exited with 0
2022-05-13 09:18:06 +0000  Running /Applications/Xcode.app/Contents/Developer/usr/bin/symbols '-noTextInSOD' '-noDaemon' '-arch' 'all' '-symbolsPackageDir' '/var/folders/ww/sw0d02593_9c001st0kyw4bc0000gn/T/XcodeDistPipeline.~~~p63Lc0/Symbols' '/var/folders/ww/sw0d02593_9c001st0kyw4bc0000gn/T/XcodeDistPipeline.~~~p63Lc0/FaceSDK.framework.dSYM/Contents/Resources/Dwarf/FaceSDK'
2022-05-13 09:18:06 +0000  /var/folders/ww/sw0d02593_9c001st0kyw4bc0000gn/T/XcodeDistPipeline.~~~p63Lc0/FaceSDK.framework.dSYM/Contents/Resources/Dwarf/FaceSDK [armv7, 0.102141 seconds]:
/var/folders/ww/sw0d02593_9c001st0kyw4bc0000gn/T/XcodeDistPipeline.~~~p63Lc0/FaceSDK.framework.dSYM/Contents/Resources/Dwarf/FaceSDK [arm64, 0.102141 seconds]:
2022-05-13 09:18:06 +0000  /Applications/Xcode.app/Contents/Developer/usr/bin/symbols exited with 0
2022-05-13 09:18:06 +0000  Processing symbols for MessagingAPI.framework
2022-05-13 09:18:06 +0000  Running /usr/bin/rsync '-8aPhhE' '/var/folders/ww/sw0d02593_9c001st0kyw4bc0000gn/T/XcodeDistPipeline.~~~p63Lc0/Root/Payload/Onscart.app/Frameworks/MessagingAPI.framework' '--link-dest' '/var/folders/ww/sw0d02593_9c001st0kyw4bc0000gn/T/XcodeDistPipeline.~~~p63Lc0/Root/Payload/Onscart.app/Frameworks' '/var/folders/ww/sw0d02593_9c001st0kyw4bc0000gn/T/XcodeDistPipeline.~~~p63Lc0'
2022-05-13 09:18:06 +0000  building file list ... 
2022-05-13 09:18:06 +0000   0 files...2022-05-13 09:18:06 +0000  5 files to consider
2022-05-13 09:18:06 +0000  MessagingAPI.framework/
2022-05-13 09:18:06 +0000  MessagingAPI.framework/_CodeSignature/
rsync: link "/var/folders/ww/sw0d02593_9c001st0kyw4bc0000gn/T/XcodeDistPipeline.~~~p63Lc0/MessagingAPI.framework/_CodeSignature/CodeResources" => /var/folders/ww/sw0d02593_9c001st0kyw4bc0000gn/T/XcodeDistPipeline.~~~p63Lc0/Root/Payload/Onscart.app/Frameworks/MessagingAPI.framework/_CodeSignature/CodeResources failed: Operation not permitted (1)
2022-05-13 09:18:06 +0000  MessagingAPI.framework/_CodeSignature/CodeResources
2022-05-13 09:18:06 +0000  
sent 239 bytes  received 38 bytes  554.00 bytes/sec
total size is 256.53K  speedup is 948.33
2022-05-13 09:18:06 +0000  /usr/bin/rsync exited with 0
2022-05-13 09:18:06 +0000  Running /usr/bin/rsync '-8aPhhE' '/Users/cbl-mac-001/Library/Developer/Xcode/Archives/2022-05-13/Onscart(Prod) 13-05-22, 1.29 PM.xcarchive/dSYMs/' '--link-dest' '/Users/cbl-mac-001/Library/Developer/Xcode/Archives/2022-05-13/Onscart(Prod) 13-05-22, 1.29 PM.xcarchive/dSYMs/' '/var/folders/ww/sw0d02593_9c001st0kyw4bc0000gn/T/XcodeDistPipeline.~~~p63Lc0'
2022-05-13 09:18:06 +0000  building file list ... 
2022-05-13 09:18:06 +0000   0 files...2022-05-13 09:18:06 +0000  78 files to consider
2022-05-13 09:18:06 +0000  ./
2022-05-13 09:18:06 +0000  ChatProvidersSDK.framework.dSYM/
ChatProvidersSDK.framework.dSYM/Contents/
ChatProvidersSDK.framework.dSYM/Contents/Resources/
ChatProvidersSDK.framework.dSYM/Contents/Resources/DWARF/
2022-05-13 09:18:06 +0000  ChatSDK.framework.dSYM/
ChatSDK.framework.dSYM/Contents/
ChatSDK.framework.dSYM/Contents/Resources/
ChatSDK.framework.dSYM/Contents/Resources/DWARF/
ChatSDK.framework.dSYM/Contents/Resources/Swift/
ChatSDK.framework.dSYM/Contents/Resources/Swift/aarch64/
ChatSDK.framework.dSYM/Contents/Resources/Swift/arm/
CommonUISDK.framework.dSYM/
CommonUISDK.framework.dSYM/Contents/
CommonUISDK.framework.dSYM/Contents/Resources/
CommonUISDK.framework.dSYM/Contents/Resources/DWARF/
FaceSDK.framework.dSYM/
FaceSDK.framework.dSYM/Contents/
FaceSDK.framework.dSYM/Contents/Resources/
FaceSDK.framework.dSYM/Contents/Resources/DWARF/
MessagingAPI.framework.dSYM/
MessagingAPI.framework.dSYM/Contents/
MessagingAPI.framework.dSYM/Contents/Resources/
MessagingAPI.framework.dSYM/Contents/Resources/DWARF/
MessagingAPI.framework.dSYM/Contents/Resources/Swift/
MessagingAPI.framework.dSYM/Contents/Resources/Swift/aarch64/
2022-05-13 09:18:06 +0000  MessagingAPI.framework.dSYM/Contents/Resources/Swift/arm/
MessagingSDK.framework.dSYM/
MessagingSDK.framework.dSYM/Contents/
MessagingSDK.framework.dSYM/Contents/Resources/
MessagingSDK.framework.dSYM/Contents/Resources/DWARF/
MessagingSDK.framework.dSYM/Contents/Resources/Swift/
MessagingSDK.framework.dSYM/Contents/Resources/Swift/aarch64/
MessagingSDK.framework.dSYM/Contents/Resources/Swift/arm/
Onscart.app.dSYM/
Onscart.app.dSYM/Contents/
Onscart.app.dSYM/Contents/Resources/
Onscart.app.dSYM/Contents/Resources/DWARF/
RegulaCommon.framework.dSYM/
RegulaCommon.framework.dSYM/Contents/
RegulaCommon.framework.dSYM/Contents/Resources/
RegulaCommon.framework.dSYM/Contents/Resources/DWARF/
SDKConfigurations.framework.dSYM/
SDKConfigurations.framework.dSYM/Contents/
SDKConfigurations.framework.dSYM/Contents/Resources/
SDKConfigurations.framework.dSYM/Contents/Resources/DWARF/
2022-05-13 09:18:06 +0000  
sent 2.81K bytes  received 488 bytes  6.57K bytes/sec
total size is 101.14M  speedup is 31507.57
2022-05-13 09:18:06 +0000  /usr/bin/rsync exited with 0
2022-05-13 09:18:06 +0000  Running /Applications/Xcode.app/Contents/Developer/usr/bin/symbols '-noTextInSOD' '-noDaemon' '-arch' 'all' '-symbolsPackageDir' '/var/folders/ww/sw0d02593_9c001st0kyw4bc0000gn/T/XcodeDistPipeline.~~~p63Lc0/Symbols' '/var/folders/ww/sw0d02593_9c001st0kyw4bc0000gn/T/XcodeDistPipeline.~~~p63Lc0/MessagingAPI.framework.dSYM/Contents/Resources/Dwarf/MessagingAPI'
2022-05-13 09:18:06 +0000  /var/folders/ww/sw0d02593_9c001st0kyw4bc0000gn/T/XcodeDistPipeline.~~~p63Lc0/MessagingAPI.framework.dSYM/Contents/Resources/Dwarf/MessagingAPI [armv7, 0.074783 seconds]:
/var/folders/ww/sw0d02593_9c001st0kyw4bc0000gn/T/XcodeDistPipeline.~~~p63Lc0/MessagingAPI.framework.dSYM/Contents/Resources/Dwarf/MessagingAPI [arm64, 0.074783 seconds]:
2022-05-13 09:18:06 +0000  /Applications/Xcode.app/Contents/Developer/usr/bin/symbols exited with 0
2022-05-13 09:18:06 +0000  Processing symbols for MessagingSDK.framework
2022-05-13 09:18:06 +0000  Running /usr/bin/rsync '-8aPhhE' '/var/folders/ww/sw0d02593_9c001st0kyw4bc0000gn/T/XcodeDistPipeline.~~~p63Lc0/Root/Payload/Onscart.app/Frameworks/MessagingSDK.framework' '--link-dest' '/var/folders/ww/sw0d02593_9c001st0kyw4bc0000gn/T/XcodeDistPipeline.~~~p63Lc0/Root/Payload/Onscart.app/Frameworks' '/var/folders/ww/sw0d02593_9c001st0kyw4bc0000gn/T/XcodeDistPipeline.~~~p63Lc0'
2022-05-13 09:18:06 +0000  building file list ... 
2022-05-13 09:18:06 +0000   0 files...2022-05-13 09:18:06 +0000  76 files to consider
2022-05-13 09:18:06 +0000  MessagingSDK.framework/
2022-05-13 09:18:06 +0000  MessagingSDK.framework/MessagingSDKStrings/
MessagingSDK.framework/MessagingSDKStrings/ar.lproj/
MessagingSDK.framework/MessagingSDKStrings/bg.lproj/
MessagingSDK.framework/MessagingSDKStrings/cs.lproj/
MessagingSDK.framework/MessagingSDKStrings/da.lproj/
MessagingSDK.framework/MessagingSDKStrings/de.lproj/
MessagingSDK.framework/MessagingSDKStrings/el.lproj/
MessagingSDK.framework/MessagingSDKStrings/en-GB.lproj/
MessagingSDK.framework/MessagingSDKStrings/en.lproj/
MessagingSDK.framework/MessagingSDKStrings/es.lproj/
MessagingSDK.framework/MessagingSDKStrings/fi.lproj/
MessagingSDK.framework/MessagingSDKStrings/fil.lproj/
MessagingSDK.framework/MessagingSDKStrings/fr-CA.lproj/
MessagingSDK.framework/MessagingSDKStrings/fr.lproj/
MessagingSDK.framework/MessagingSDKStrings/he.lproj/
MessagingSDK.framework/MessagingSDKStrings/hi.lproj/
MessagingSDK.framework/MessagingSDKStrings/hu.lproj/
MessagingSDK.framework/MessagingSDKStrings/id.lproj/
MessagingSDK.framework/MessagingSDKStrings/it.lproj/
MessagingSDK.framework/MessagingSDKStrings/ja.lproj/
MessagingSDK.framework/MessagingSDKStrings/ko.lproj/
MessagingSDK.framework/MessagingSDKStrings/ms.lproj/
MessagingSDK.framework/MessagingSDKStrings/nb.lproj/
MessagingSDK.framework/MessagingSDKStrings/nl.lproj/
MessagingSDK.framework/MessagingSDKStrings/pl.lproj/
MessagingSDK.framework/MessagingSDKStrings/pt-BR.lproj/
MessagingSDK.framework/MessagingSDKStrings/pt.lproj/
MessagingSDK.framework/MessagingSDKStrings/ro.lproj/
MessagingSDK.framework/MessagingSDKStrings/ru.lproj/
MessagingSDK.framework/MessagingSDKStrings/sv.lproj/
MessagingSDK.framework/MessagingSDKStrings/th.lproj/
MessagingSDK.framework/MessagingSDKStrings/tr.lproj/
MessagingSDK.framework/MessagingSDKStrings/vi.lproj/
MessagingSDK.framework/MessagingSDKStrings/zh-Hans.lproj/
MessagingSDK.framework/MessagingSDKStrings/zh-Hant.lproj/
MessagingSDK.framework/_CodeSignature/
rsync: link "/var/folders/ww/sw0d02593_9c001st0kyw4bc0000gn/T/XcodeDistPipeline.~~~p63Lc0/MessagingSDK.framework/_CodeSignature/CodeResources" => /var/folders/ww/sw0d02593_9c001st0kyw4bc0000gn/T/XcodeDistPipeline.~~~p63Lc0/Root/Payload/Onscart.app/Frameworks/MessagingSDK.framework/_CodeSignature/CodeResources failed: Operation not permitted (1)
2022-05-13 09:18:06 +0000  MessagingSDK.framework/_CodeSignature/CodeResources
2022-05-13 09:18:06 +0000  
sent 2.31K bytes  received 248 bytes  5.11K bytes/sec
total size is 345.08K  speedup is 134.97
2022-05-13 09:18:06 +0000  /usr/bin/rsync exited with 0
2022-05-13 09:18:06 +0000  Running /usr/bin/rsync '-8aPhhE' '/Users/cbl-mac-001/Library/Developer/Xcode/Archives/2022-05-13/Onscart(Prod) 13-05-22, 1.29 PM.xcarchive/dSYMs/' '--link-dest' '/Users/cbl-mac-001/Library/Developer/Xcode/Archives/2022-05-13/Onscart(Prod) 13-05-22, 1.29 PM.xcarchive/dSYMs/' '/var/folders/ww/sw0d02593_9c001st0kyw4bc0000gn/T/XcodeDistPipeline.~~~p63Lc0'
2022-05-13 09:18:06 +0000  building file list ... 
2022-05-13 09:18:06 +0000   0 files...2022-05-13 09:18:06 +0000  78 files to consider
2022-05-13 09:18:06 +0000  ./
2022-05-13 09:18:06 +0000  ChatProvidersSDK.framework.dSYM/
ChatProvidersSDK.framework.dSYM/Contents/
ChatProvidersSDK.framework.dSYM/Contents/Resources/
ChatProvidersSDK.framework.dSYM/Contents/Resources/DWARF/
ChatSDK.framework.dSYM/
ChatSDK.framework.dSYM/Contents/
ChatSDK.framework.dSYM/Contents/Resources/
ChatSDK.framework.dSYM/Contents/Resources/DWARF/
ChatSDK.framework.dSYM/Contents/Resources/Swift/
2022-05-13 09:18:06 +0000  ChatSDK.framework.dSYM/Contents/Resources/Swift/aarch64/
ChatSDK.framework.dSYM/Contents/Resources/Swift/arm/
CommonUISDK.framework.dSYM/
CommonUISDK.framework.dSYM/Contents/
CommonUISDK.framework.dSYM/Contents/Resources/
CommonUISDK.framework.dSYM/Contents/Resources/DWARF/
FaceSDK.framework.dSYM/
FaceSDK.framework.dSYM/Contents/
FaceSDK.framework.dSYM/Contents/Resources/
FaceSDK.framework.dSYM/Contents/Resources/DWARF/
MessagingAPI.framework.dSYM/
MessagingAPI.framework.dSYM/Contents/
MessagingAPI.framework.dSYM/Contents/Resources/
MessagingAPI.framework.dSYM/Contents/Resources/DWARF/
MessagingAPI.framework.dSYM/Contents/Resources/Swift/
MessagingAPI.framework.dSYM/Contents/Resources/Swift/aarch64/
MessagingAPI.framework.dSYM/Contents/Resources/Swift/arm/
MessagingSDK.framework.dSYM/
MessagingSDK.framework.dSYM/Contents/
MessagingSDK.framework.dSYM/Contents/Resources/
MessagingSDK.framework.dSYM/Contents/Resources/DWARF/
MessagingSDK.framework.dSYM/Contents/Resources/Swift/
MessagingSDK.framework.dSYM/Contents/Resources/Swift/aarch64/
2022-05-13 09:18:06 +0000  MessagingSDK.framework.dSYM/Contents/Resources/Swift/arm/
Onscart.app.dSYM/
Onscart.app.dSYM/Contents/
Onscart.app.dSYM/Contents/Resources/
Onscart.app.dSYM/Contents/Resources/DWARF/
RegulaCommon.framework.dSYM/
RegulaCommon.framework.dSYM/Contents/
RegulaCommon.framework.dSYM/Contents/Resources/
RegulaCommon.framework.dSYM/Contents/Resources/DWARF/
SDKConfigurations.framework.dSYM/
SDKConfigurations.framework.dSYM/Contents/
SDKConfigurations.framework.dSYM/Contents/Resources/
SDKConfigurations.framework.dSYM/Contents/Resources/DWARF/
2022-05-13 09:18:06 +0000  
2022-05-13 09:18:06 +0000  sent 2.81K bytes  received 488 bytes  6.57K bytes/sec
total size is 101.14M  speedup is 31507.57
2022-05-13 09:18:06 +0000  /usr/bin/rsync exited with 0
2022-05-13 09:18:06 +0000  Running /Applications/Xcode.app/Contents/Developer/usr/bin/symbols '-noTextInSOD' '-noDaemon' '-arch' 'all' '-symbolsPackageDir' '/var/folders/ww/sw0d02593_9c001st0kyw4bc0000gn/T/XcodeDistPipeline.~~~p63Lc0/Symbols' '/var/folders/ww/sw0d02593_9c001st0kyw4bc0000gn/T/XcodeDistPipeline.~~~p63Lc0/MessagingSDK.framework.dSYM/Contents/Resources/Dwarf/MessagingSDK'
2022-05-13 09:18:06 +0000  /var/folders/ww/sw0d02593_9c001st0kyw4bc0000gn/T/XcodeDistPipeline.~~~p63Lc0/MessagingSDK.framework.dSYM/Contents/Resources/Dwarf/MessagingSDK [armv7, 0.091569 seconds]:
/var/folders/ww/sw0d02593_9c001st0kyw4bc0000gn/T/XcodeDistPipeline.~~~p63Lc0/MessagingSDK.framework.dSYM/Contents/Resources/Dwarf/MessagingSDK [arm64, 0.091569 seconds]:
2022-05-13 09:18:06 +0000  /Applications/Xcode.app/Contents/Developer/usr/bin/symbols exited with 0
2022-05-13 09:18:06 +0000  Processing symbols for Razorpay.framework
2022-05-13 09:18:06 +0000  Running /usr/bin/rsync '-8aPhhE' '/var/folders/ww/sw0d02593_9c001st0kyw4bc0000gn/T/XcodeDistPipeline.~~~p63Lc0/Root/Payload/Onscart.app/Frameworks/Razorpay.framework' '--link-dest' '/var/folders/ww/sw0d02593_9c001st0kyw4bc0000gn/T/XcodeDistPipeline.~~~p63Lc0/Root/Payload/Onscart.app/Frameworks' '/var/folders/ww/sw0d02593_9c001st0kyw4bc0000gn/T/XcodeDistPipeline.~~~p63Lc0'
2022-05-13 09:18:06 +0000  building file list ... 
2022-05-13 09:18:06 +0000   0 files...2022-05-13 09:18:06 +0000  18 files to consider
2022-05-13 09:18:06 +0000  Razorpay.framework/
2022-05-13 09:18:06 +0000  Razorpay.framework/Checkout.storyboardc/
Razorpay.framework/Checkout.storyboardc/RBq-mH-fUs-view-vI7-59-shd.nib/
Razorpay.framework/Checkout.storyboardc/RazorpayCheckoutVC.nib/
Razorpay.framework/Checkout.storyboardc/UINavigationController-ODs-ga-9IN.nib/
Razorpay.framework/_CodeSignature/
rsync: link "/var/folders/ww/sw0d02593_9c001st0kyw4bc0000gn/T/XcodeDistPipeline.~~~p63Lc0/Razorpay.framework/_CodeSignature/CodeResources" => /var/folders/ww/sw0d02593_9c001st0kyw4bc0000gn/T/XcodeDistPipeline.~~~p63Lc0/Root/Payload/Onscart.app/Frameworks/Razorpay.framework/_CodeSignature/CodeResources failed: Operation not permitted (1)
2022-05-13 09:18:06 +0000  Razorpay.framework/_CodeSignature/CodeResources
2022-05-13 09:18:06 +0000  
2022-05-13 09:18:06 +0000  sent 723 bytes  received 62 bytes  1.53K bytes/sec
total size is 1.13M  speedup is 1504.75
2022-05-13 09:18:06 +0000  /usr/bin/rsync exited with 0
2022-05-13 09:18:06 +0000  Running /usr/bin/rsync '-8aPhhE' '/Users/cbl-mac-001/Library/Developer/Xcode/Archives/2022-05-13/Onscart(Prod) 13-05-22, 1.29 PM.xcarchive/dSYMs/' '--link-dest' '/Users/cbl-mac-001/Library/Developer/Xcode/Archives/2022-05-13/Onscart(Prod) 13-05-22, 1.29 PM.xcarchive/dSYMs/' '/var/folders/ww/sw0d02593_9c001st0kyw4bc0000gn/T/XcodeDistPipeline.~~~p63Lc0'
2022-05-13 09:18:06 +0000  building file list ... 
2022-05-13 09:18:06 +0000   0 files...2022-05-13 09:18:06 +0000  78 files to consider
2022-05-13 09:18:06 +0000  ./
2022-05-13 09:18:06 +0000  ChatProvidersSDK.framework.dSYM/
ChatProvidersSDK.framework.dSYM/Contents/
ChatProvidersSDK.framework.dSYM/Contents/Resources/
ChatProvidersSDK.framework.dSYM/Contents/Resources/DWARF/
2022-05-13 09:18:06 +0000  ChatSDK.framework.dSYM/
ChatSDK.framework.dSYM/Contents/
ChatSDK.framework.dSYM/Contents/Resources/
ChatSDK.framework.dSYM/Contents/Resources/DWARF/
ChatSDK.framework.dSYM/Contents/Resources/Swift/
ChatSDK.framework.dSYM/Contents/Resources/Swift/aarch64/
ChatSDK.framework.dSYM/Contents/Resources/Swift/arm/
CommonUISDK.framework.dSYM/
CommonUISDK.framework.dSYM/Contents/
CommonUISDK.framework.dSYM/Contents/Resources/
CommonUISDK.framework.dSYM/Contents/Resources/DWARF/
FaceSDK.framework.dSYM/
FaceSDK.framework.dSYM/Contents/
FaceSDK.framework.dSYM/Contents/Resources/
FaceSDK.framework.dSYM/Contents/Resources/DWARF/
MessagingAPI.framework.dSYM/
MessagingAPI.framework.dSYM/Contents/
MessagingAPI.framework.dSYM/Contents/Resources/
MessagingAPI.framework.dSYM/Contents/Resources/DWARF/
2022-05-13 09:18:06 +0000  MessagingAPI.framework.dSYM/Contents/Resources/Swift/
MessagingAPI.framework.dSYM/Contents/Resources/Swift/aarch64/
MessagingAPI.framework.dSYM/Contents/Resources/Swift/arm/
MessagingSDK.framework.dSYM/
MessagingSDK.framework.dSYM/Contents/
MessagingSDK.framework.dSYM/Contents/Resources/
MessagingSDK.framework.dSYM/Contents/Resources/DWARF/
MessagingSDK.framework.dSYM/Contents/Resources/Swift/
MessagingSDK.framework.dSYM/Contents/Resources/Swift/aarch64/
MessagingSDK.framework.dSYM/Contents/Resources/Swift/arm/
Onscart.app.dSYM/
Onscart.app.dSYM/Contents/
Onscart.app.dSYM/Contents/Resources/
Onscart.app.dSYM/Contents/Resources/DWARF/
RegulaCommon.framework.dSYM/
RegulaCommon.framework.dSYM/Contents/
RegulaCommon.framework.dSYM/Contents/Resources/
RegulaCommon.framework.dSYM/Contents/Resources/DWARF/
SDKConfigurations.framework.dSYM/
SDKConfigurations.framework.dSYM/Contents/
2022-05-13 09:18:06 +0000  SDKConfigurations.framework.dSYM/Contents/Resources/
SDKConfigurations.framework.dSYM/Contents/Resources/DWARF/
2022-05-13 09:18:06 +0000  
2022-05-13 09:18:06 +0000  sent 2.81K bytes  received 488 bytes  6.57K bytes/sec
total size is 101.14M  speedup is 31507.57
2022-05-13 09:18:06 +0000  /usr/bin/rsync exited with 0
2022-05-13 09:18:06 +0000  Running /Applications/Xcode.app/Contents/Developer/usr/bin/symbols '-noTextInSOD' '-noDaemon' '-arch' 'all' '-symbolsPackageDir' '/var/folders/ww/sw0d02593_9c001st0kyw4bc0000gn/T/XcodeDistPipeline.~~~p63Lc0/Symbols' '/var/folders/ww/sw0d02593_9c001st0kyw4bc0000gn/T/XcodeDistPipeline.~~~p63Lc0/Razorpay.framework/Razorpay'
2022-05-13 09:18:06 +0000  /var/folders/ww/sw0d02593_9c001st0kyw4bc0000gn/T/XcodeDistPipeline.~~~p63Lc0/Razorpay.framework/Razorpay [arm64, 0.271825 seconds]:
2022-05-13 09:18:06 +0000  /Applications/Xcode.app/Contents/Developer/usr/bin/symbols exited with 0
2022-05-13 09:18:07 +0000  Processing symbols for RegulaCommon.framework
2022-05-13 09:18:07 +0000  Running /usr/bin/rsync '-8aPhhE' '/var/folders/ww/sw0d02593_9c001st0kyw4bc0000gn/T/XcodeDistPipeline.~~~p63Lc0/Root/Payload/Onscart.app/Frameworks/RegulaCommon.framework' '--link-dest' '/var/folders/ww/sw0d02593_9c001st0kyw4bc0000gn/T/XcodeDistPipeline.~~~p63Lc0/Root/Payload/Onscart.app/Frameworks' '/var/folders/ww/sw0d02593_9c001st0kyw4bc0000gn/T/XcodeDistPipeline.~~~p63Lc0'
2022-05-13 09:18:07 +0000  building file list ... 
2022-05-13 09:18:07 +0000   0 files...2022-05-13 09:18:07 +0000  5 files to consider
2022-05-13 09:18:07 +0000  RegulaCommon.framework/
2022-05-13 09:18:07 +0000  RegulaCommon.framework/_CodeSignature/
rsync: link "/var/folders/ww/sw0d02593_9c001st0kyw4bc0000gn/T/XcodeDistPipeline.~~~p63Lc0/RegulaCommon.framework/_CodeSignature/CodeResources" => /var/folders/ww/sw0d02593_9c001st0kyw4bc0000gn/T/XcodeDistPipeline.~~~p63Lc0/Root/Payload/Onscart.app/Frameworks/RegulaCommon.framework/_CodeSignature/CodeResources failed: Operation not permitted (1)
2022-05-13 09:18:07 +0000  RegulaCommon.framework/_CodeSignature/CodeResources
2022-05-13 09:18:07 +0000  
sent 239 bytes  received 38 bytes  554.00 bytes/sec
total size is 280.39K  speedup is 1036.52
2022-05-13 09:18:07 +0000  /usr/bin/rsync exited with 0
2022-05-13 09:18:07 +0000  Running /usr/bin/rsync '-8aPhhE' '/Users/cbl-mac-001/Library/Developer/Xcode/Archives/2022-05-13/Onscart(Prod) 13-05-22, 1.29 PM.xcarchive/dSYMs/' '--link-dest' '/Users/cbl-mac-001/Library/Developer/Xcode/Archives/2022-05-13/Onscart(Prod) 13-05-22, 1.29 PM.xcarchive/dSYMs/' '/var/folders/ww/sw0d02593_9c001st0kyw4bc0000gn/T/XcodeDistPipeline.~~~p63Lc0'
2022-05-13 09:18:07 +0000  building file list ... 
2022-05-13 09:18:07 +0000   0 files...2022-05-13 09:18:07 +0000  78 files to consider
2022-05-13 09:18:07 +0000  ./
2022-05-13 09:18:07 +0000  ChatProvidersSDK.framework.dSYM/
ChatProvidersSDK.framework.dSYM/Contents/
ChatProvidersSDK.framework.dSYM/Contents/Resources/
ChatProvidersSDK.framework.dSYM/Contents/Resources/DWARF/
2022-05-13 09:18:07 +0000  ChatSDK.framework.dSYM/
ChatSDK.framework.dSYM/Contents/
ChatSDK.framework.dSYM/Contents/Resources/
ChatSDK.framework.dSYM/Contents/Resources/DWARF/
ChatSDK.framework.dSYM/Contents/Resources/Swift/
ChatSDK.framework.dSYM/Contents/Resources/Swift/aarch64/
ChatSDK.framework.dSYM/Contents/Resources/Swift/arm/
CommonUISDK.framework.dSYM/
CommonUISDK.framework.dSYM/Contents/
CommonUISDK.framework.dSYM/Contents/Resources/
CommonUISDK.framework.dSYM/Contents/Resources/DWARF/
FaceSDK.framework.dSYM/
FaceSDK.framework.dSYM/Contents/
FaceSDK.framework.dSYM/Contents/Resources/
FaceSDK.framework.dSYM/Contents/Resources/DWARF/
MessagingAPI.framework.dSYM/
MessagingAPI.framework.dSYM/Contents/
MessagingAPI.framework.dSYM/Contents/Resources/
MessagingAPI.framework.dSYM/Contents/Resources/DWARF/
2022-05-13 09:18:07 +0000  MessagingAPI.framework.dSYM/Contents/Resources/Swift/
MessagingAPI.framework.dSYM/Contents/Resources/Swift/aarch64/
MessagingAPI.framework.dSYM/Contents/Resources/Swift/arm/
MessagingSDK.framework.dSYM/
MessagingSDK.framework.dSYM/Contents/
MessagingSDK.framework.dSYM/Contents/Resources/
MessagingSDK.framework.dSYM/Contents/Resources/DWARF/
MessagingSDK.framework.dSYM/Contents/Resources/Swift/
MessagingSDK.framework.dSYM/Contents/Resources/Swift/aarch64/
MessagingSDK.framework.dSYM/Contents/Resources/Swift/arm/
Onscart.app.dSYM/
Onscart.app.dSYM/Contents/
Onscart.app.dSYM/Contents/Resources/
Onscart.app.dSYM/Contents/Resources/DWARF/
RegulaCommon.framework.dSYM/
RegulaCommon.framework.dSYM/Contents/
RegulaCommon.framework.dSYM/Contents/Resources/
RegulaCommon.framework.dSYM/Contents/Resources/DWARF/
SDKConfigurations.framework.dSYM/
SDKConfigurations.framework.dSYM/Contents/
2022-05-13 09:18:07 +0000  SDKConfigurations.framework.dSYM/Contents/Resources/
SDKConfigurations.framework.dSYM/Contents/Resources/DWARF/
2022-05-13 09:18:07 +0000  
sent 2.81K bytes  received 488 bytes  6.57K bytes/sec
2022-05-13 09:18:07 +0000  total size is 101.14M  speedup is 31507.57
2022-05-13 09:18:07 +0000  /usr/bin/rsync exited with 0
2022-05-13 09:18:07 +0000  Running /Applications/Xcode.app/Contents/Developer/usr/bin/symbols '-noTextInSOD' '-noDaemon' '-arch' 'all' '-symbolsPackageDir' '/var/folders/ww/sw0d02593_9c001st0kyw4bc0000gn/T/XcodeDistPipeline.~~~p63Lc0/Symbols' '/var/folders/ww/sw0d02593_9c001st0kyw4bc0000gn/T/XcodeDistPipeline.~~~p63Lc0/RegulaCommon.framework.dSYM/Contents/Resources/Dwarf/RegulaCommon'
2022-05-13 09:18:07 +0000  /var/folders/ww/sw0d02593_9c001st0kyw4bc0000gn/T/XcodeDistPipeline.~~~p63Lc0/RegulaCommon.framework.dSYM/Contents/Resources/Dwarf/RegulaCommon [armv7, 0.064570 seconds]:
/var/folders/ww/sw0d02593_9c001st0kyw4bc0000gn/T/XcodeDistPipeline.~~~p63Lc0/RegulaCommon.framework.dSYM/Contents/Resources/Dwarf/RegulaCommon [arm64, 0.064570 seconds]:
2022-05-13 09:18:07 +0000  /Applications/Xcode.app/Contents/Developer/usr/bin/symbols exited with 0
2022-05-13 09:18:07 +0000  Processing symbols for SDKConfigurations.framework
2022-05-13 09:18:07 +0000  Running /usr/bin/rsync '-8aPhhE' '/var/folders/ww/sw0d02593_9c001st0kyw4bc0000gn/T/XcodeDistPipeline.~~~p63Lc0/Root/Payload/Onscart.app/Frameworks/SDKConfigurations.framework' '--link-dest' '/var/folders/ww/sw0d02593_9c001st0kyw4bc0000gn/T/XcodeDistPipeline.~~~p63Lc0/Root/Payload/Onscart.app/Frameworks' '/var/folders/ww/sw0d02593_9c001st0kyw4bc0000gn/T/XcodeDistPipeline.~~~p63Lc0'
2022-05-13 09:18:07 +0000  building file list ... 
2022-05-13 09:18:07 +0000   0 files...2022-05-13 09:18:07 +0000  5 files to consider
2022-05-13 09:18:07 +0000  SDKConfigurations.framework/
2022-05-13 09:18:07 +0000  SDKConfigurations.framework/_CodeSignature/
rsync: link "/var/folders/ww/sw0d02593_9c001st0kyw4bc0000gn/T/XcodeDistPipeline.~~~p63Lc0/SDKConfigurations.framework/_CodeSignature/CodeResources" => /var/folders/ww/sw0d02593_9c001st0kyw4bc0000gn/T/XcodeDistPipeline.~~~p63Lc0/Root/Payload/Onscart.app/Frameworks/SDKConfigurations.framework/_CodeSignature/CodeResources failed: Operation not permitted (1)
2022-05-13 09:18:07 +0000  SDKConfigurations.framework/_CodeSignature/CodeResources
2022-05-13 09:18:07 +0000  
2022-05-13 09:18:07 +0000  sent 249 bytes  received 38 bytes  574.00 bytes/sec
total size is 123.95K  speedup is 442.24
2022-05-13 09:18:07 +0000  /usr/bin/rsync exited with 0
2022-05-13 09:18:07 +0000  Running /usr/bin/rsync '-8aPhhE' '/Users/cbl-mac-001/Library/Developer/Xcode/Archives/2022-05-13/Onscart(Prod) 13-05-22, 1.29 PM.xcarchive/dSYMs/' '--link-dest' '/Users/cbl-mac-001/Library/Developer/Xcode/Archives/2022-05-13/Onscart(Prod) 13-05-22, 1.29 PM.xcarchive/dSYMs/' '/var/folders/ww/sw0d02593_9c001st0kyw4bc0000gn/T/XcodeDistPipeline.~~~p63Lc0'
2022-05-13 09:18:07 +0000  building file list ... 
2022-05-13 09:18:07 +0000   0 files...2022-05-13 09:18:07 +0000  78 files to consider
2022-05-13 09:18:07 +0000  ./
2022-05-13 09:18:07 +0000  ChatProvidersSDK.framework.dSYM/
ChatProvidersSDK.framework.dSYM/Contents/
ChatProvidersSDK.framework.dSYM/Contents/Resources/
ChatProvidersSDK.framework.dSYM/Contents/Resources/DWARF/
2022-05-13 09:18:07 +0000  ChatSDK.framework.dSYM/
ChatSDK.framework.dSYM/Contents/
ChatSDK.framework.dSYM/Contents/Resources/
ChatSDK.framework.dSYM/Contents/Resources/DWARF/
ChatSDK.framework.dSYM/Contents/Resources/Swift/
ChatSDK.framework.dSYM/Contents/Resources/Swift/aarch64/
ChatSDK.framework.dSYM/Contents/Resources/Swift/arm/
CommonUISDK.framework.dSYM/
CommonUISDK.framework.dSYM/Contents/
CommonUISDK.framework.dSYM/Contents/Resources/
CommonUISDK.framework.dSYM/Contents/Resources/DWARF/
FaceSDK.framework.dSYM/
FaceSDK.framework.dSYM/Contents/
FaceSDK.framework.dSYM/Contents/Resources/
FaceSDK.framework.dSYM/Contents/Resources/DWARF/
MessagingAPI.framework.dSYM/
MessagingAPI.framework.dSYM/Contents/
MessagingAPI.framework.dSYM/Contents/Resources/
MessagingAPI.framework.dSYM/Contents/Resources/DWARF/
MessagingAPI.framework.dSYM/Contents/Resources/Swift/
MessagingAPI.framework.dSYM/Contents/Resources/Swift/aarch64/
MessagingAPI.framework.dSYM/Contents/Resources/Swift/arm/
MessagingSDK.framework.dSYM/
MessagingSDK.framework.dSYM/Contents/
MessagingSDK.framework.dSYM/Contents/Resources/
MessagingSDK.framework.dSYM/Contents/Resources/DWARF/
MessagingSDK.framework.dSYM/Contents/Resources/Swift/
MessagingSDK.framework.dSYM/Contents/Resources/Swift/aarch64/
MessagingSDK.framework.dSYM/Contents/Resources/Swift/arm/
Onscart.app.dSYM/
Onscart.app.dSYM/Contents/
Onscart.app.dSYM/Contents/Resources/
Onscart.app.dSYM/Contents/Resources/DWARF/
RegulaCommon.framework.dSYM/
RegulaCommon.framework.dSYM/Contents/
RegulaCommon.framework.dSYM/Contents/Resources/
RegulaCommon.framework.dSYM/Contents/Resources/DWARF/
SDKConfigurations.framework.dSYM/
SDKConfigurations.framework.dSYM/Contents/
SDKConfigurations.framework.dSYM/Contents/Resources/
SDKConfigurations.framework.dSYM/Contents/Resources/DWARF/
2022-05-13 09:18:07 +0000  
2022-05-13 09:18:07 +0000  sent 2.81K bytes  received 488 bytes  6.57K bytes/sec
total size is 101.14M  speedup is 31507.57
2022-05-13 09:18:07 +0000  /usr/bin/rsync exited with 0
2022-05-13 09:18:07 +0000  Running /Applications/Xcode.app/Contents/Developer/usr/bin/symbols '-noTextInSOD' '-noDaemon' '-arch' 'all' '-symbolsPackageDir' '/var/folders/ww/sw0d02593_9c001st0kyw4bc0000gn/T/XcodeDistPipeline.~~~p63Lc0/Symbols' '/var/folders/ww/sw0d02593_9c001st0kyw4bc0000gn/T/XcodeDistPipeline.~~~p63Lc0/SDKConfigurations.framework.dSYM/Contents/Resources/Dwarf/SDKConfigurations'
2022-05-13 09:18:07 +0000  /var/folders/ww/sw0d02593_9c001st0kyw4bc0000gn/T/XcodeDistPipeline.~~~p63Lc0/SDKConfigurations.framework.dSYM/Contents/Resources/Dwarf/SDKConfigurations [armv7, 0.054357 seconds]:
/var/folders/ww/sw0d02593_9c001st0kyw4bc0000gn/T/XcodeDistPipeline.~~~p63Lc0/SDKConfigurations.framework.dSYM/Contents/Resources/Dwarf/SDKConfigurations [arm64, 0.054357 seconds]:
2022-05-13 09:18:07 +0000  /Applications/Xcode.app/Contents/Developer/usr/bin/symbols exited with 0
2022-05-13 09:18:07 +0000  Excluding symbols for libswiftAVFoundation.dylib
2022-05-13 09:18:07 +0000  Excluding symbols for libswiftContacts.dylib
2022-05-13 09:18:07 +0000  Excluding symbols for libswiftCore.dylib
2022-05-13 09:18:07 +0000  Excluding symbols for libswiftCoreAudio.dylib
2022-05-13 09:18:07 +0000  Excluding symbols for libswiftCoreData.dylib
2022-05-13 09:18:07 +0000  Excluding symbols for libswiftCoreFoundation.dylib
2022-05-13 09:18:07 +0000  Excluding symbols for libswiftCoreGraphics.dylib
2022-05-13 09:18:07 +0000  Excluding symbols for libswiftCoreImage.dylib
2022-05-13 09:18:07 +0000  Excluding symbols for libswiftCoreLocation.dylib
2022-05-13 09:18:07 +0000  Excluding symbols for libswiftCoreMedia.dylib
2022-05-13 09:18:07 +0000  Excluding symbols for libswiftDarwin.dylib
2022-05-13 09:18:07 +0000  Excluding symbols for libswiftDispatch.dylib
2022-05-13 09:18:08 +0000  Excluding symbols for libswiftFoundation.dylib
2022-05-13 09:18:08 +0000  Excluding symbols for libswiftMetal.dylib
2022-05-13 09:18:08 +0000  Excluding symbols for libswiftObjectiveC.dylib
2022-05-13 09:18:08 +0000  Excluding symbols for libswiftPhotos.dylib
2022-05-13 09:18:08 +0000  Excluding symbols for libswiftQuartzCore.dylib
2022-05-13 09:18:08 +0000  Excluding symbols for libswiftUIKit.dylib
2022-05-13 09:18:08 +0000  Excluding symbols for libswiftVision.dylib
2022-05-13 09:18:08 +0000  Excluding symbols for libswiftos.dylib
2022-05-13 09:18:08 +0000  Excluding symbols for libswiftsimd.dylib
2022-05-13 09:18:08 +0000  Processing symbols for Onscart.app
2022-05-13 09:18:08 +0000  Running /usr/bin/rsync '-8aPhhE' '/var/folders/ww/sw0d02593_9c001st0kyw4bc0000gn/T/XcodeDistPipeline.~~~p63Lc0/Root/Payload/Onscart.app' '--link-dest' '/var/folders/ww/sw0d02593_9c001st0kyw4bc0000gn/T/XcodeDistPipeline.~~~p63Lc0/Root/Payload' '/var/folders/ww/sw0d02593_9c001st0kyw4bc0000gn/T/XcodeDistPipeline.~~~p63Lc0'
2022-05-13 09:18:08 +0000  building file list ... 
2022-05-13 09:18:08 +0000   0 files...2022-05-13 09:18:08 +0000   100 files...2022-05-13 09:18:08 +0000   200 files... 300 files...2022-05-13 09:18:08 +0000   400 files...2022-05-13 09:18:08 +0000   500 files...2022-05-13 09:18:08 +0000   600 files...2022-05-13 09:18:08 +0000   700 files...2022-05-13 09:18:08 +0000   800 files...2022-05-13 09:18:08 +0000   900 files...2022-05-13 09:18:08 +0000   1000 files...2022-05-13 09:18:08 +0000   1100 files...2022-05-13 09:18:08 +0000   1200 files...2022-05-13 09:18:08 +0000   1300 files...2022-05-13 09:18:08 +0000   1400 files...2022-05-13 09:18:08 +0000  1453 files to consider
2022-05-13 09:18:08 +0000  Onscart.app/
2022-05-13 09:18:09 +0000  Onscart.app/AccessibilityResources.bundle/
Onscart.app/AccessibilityResources.bundle/en.lproj/
Onscart.app/Frameworks/
Onscart.app/Frameworks/ChatProvidersSDK.framework/
Onscart.app/Frameworks/ChatProvidersSDK.framework/_CodeSignature/
Onscart.app/Frameworks/ChatSDK.framework/
Onscart.app/Frameworks/ChatSDK.framework/ChatStrings/
Onscart.app/Frameworks/ChatSDK.framework/ChatStrings/ar.lproj/
Onscart.app/Frameworks/ChatSDK.framework/ChatStrings/bg.lproj/
Onscart.app/Frameworks/ChatSDK.framework/ChatStrings/cs.lproj/
Onscart.app/Frameworks/ChatSDK.framework/ChatStrings/da.lproj/
Onscart.app/Frameworks/ChatSDK.framework/ChatStrings/de.lproj/
Onscart.app/Frameworks/ChatSDK.framework/ChatStrings/el.lproj/
Onscart.app/Frameworks/ChatSDK.framework/ChatStrings/en-GB.lproj/
Onscart.app/Frameworks/ChatSDK.framework/ChatStrings/en.lproj/
Onscart.app/Frameworks/ChatSDK.framework/ChatStrings/es.lproj/
Onscart.app/Frameworks/ChatSDK.framework/ChatStrings/fi.lproj/
Onscart.app/Frameworks/ChatSDK.framework/ChatStrings/fil.lproj/
Onscart.app/Frameworks/ChatSDK.framework/ChatStrings/fr-CA.lproj/
Onscart.app/Frameworks/ChatSDK.framework/ChatStrings/fr.lproj/
Onscart.app/Frameworks/ChatSDK.framework/ChatStrings/he.lproj/
Onscart.app/Frameworks/ChatSDK.framework/ChatStrings/hi.lproj/
Onscart.app/Frameworks/ChatSDK.framework/ChatStrings/hu.lproj/
Onscart.app/Frameworks/ChatSDK.framework/ChatStrings/id.lproj/
Onscart.app/Frameworks/ChatSDK.framework/ChatStrings/it.lproj/
Onscart.app/Frameworks/ChatSDK.framework/ChatStrings/ja.lproj/
Onscart.app/Frameworks/ChatSDK.framework/ChatStrings/ko.lproj/
Onscart.app/Frameworks/ChatSDK.framework/ChatStrings/ms.lproj/
Onscart.app/Frameworks/ChatSDK.framework/ChatStrings/nb.lproj/
Onscart.app/Frameworks/ChatSDK.framework/ChatStrings/nl.lproj/
Onscart.app/Frameworks/ChatSDK.framework/ChatStrings/pl.lproj/
Onscart.app/Frameworks/ChatSDK.framework/ChatStrings/pt-BR.lproj/
Onscart.app/Frameworks/ChatSDK.framework/ChatStrings/pt.lproj/
Onscart.app/Frameworks/ChatSDK.framework/ChatStrings/ro.lproj/
Onscart.app/Frameworks/ChatSDK.framework/ChatStrings/ru.lproj/
Onscart.app/Frameworks/ChatSDK.framework/ChatStrings/sv.lproj/
Onscart.app/Frameworks/ChatSDK.framework/ChatStrings/th.lproj/
Onscart.app/Frameworks/ChatSDK.framework/ChatStrings/tr.lproj/
Onscart.app/Frameworks/ChatSDK.framework/ChatStrings/vi.lproj/
Onscart.app/Frameworks/ChatSDK.framework/ChatStrings/zh-Hans.lproj/
Onscart.app/Frameworks/ChatSDK.framework/ChatStrings/zh-Hant.lproj/
Onscart.app/Frameworks/ChatSDK.framework/_CodeSignature/
Onscart.app/Frameworks/CommonUISDK.framework/
Onscart.app/Frameworks/CommonUISDK.framework/CommonUIStrings/
Onscart.app/Frameworks/CommonUISDK.framework/CommonUIStrings/ar.lproj/
Onscart.app/Frameworks/CommonUISDK.framework/CommonUIStrings/bg.lproj/
Onscart.app/Frameworks/CommonUISDK.framework/CommonUIStrings/cs.lproj/
Onscart.app/Frameworks/CommonUISDK.framework/CommonUIStrings/da.lproj/
Onscart.app/Frameworks/CommonUISDK.framework/CommonUIStrings/de.lproj/
Onscart.app/Frameworks/CommonUISDK.framework/CommonUIStrings/el.lproj/
Onscart.app/Frameworks/CommonUISDK.framework/CommonUIStrings/en-GB.lproj/
Onscart.app/Frameworks/CommonUISDK.framework/CommonUIStrings/en.lproj/
Onscart.app/Frameworks/CommonUISDK.framework/CommonUIStrings/es.lproj/
Onscart.app/Frameworks/CommonUISDK.framework/CommonUIStrings/fi.lproj/
Onscart.app/Frameworks/CommonUISDK.framework/CommonUIStrings/fil.lproj/
Onscart.app/Frameworks/CommonUISDK.framework/CommonUIStrings/fr-CA.lproj/
Onscart.app/Frameworks/CommonUISDK.framework/CommonUIStrings/fr.lproj/
Onscart.app/Frameworks/CommonUISDK.framework/CommonUIStrings/he.lproj/
Onscart.app/Frameworks/CommonUISDK.framework/CommonUIStrings/hi.lproj/
Onscart.app/Frameworks/CommonUISDK.framework/CommonUIStrings/hu.lproj/
Onscart.app/Frameworks/CommonUISDK.framework/CommonUIStrings/id.lproj/
Onscart.app/Frameworks/CommonUISDK.framework/CommonUIStrings/it.lproj/
Onscart.app/Frameworks/CommonUISDK.framework/CommonUIStrings/ja.lproj/
Onscart.app/Frameworks/CommonUISDK.framework/CommonUIStrings/ko.lproj/
Onscart.ap
2022-05-13 09:18:09 +0000  p/Frameworks/CommonUISDK.framework/CommonUIStrings/ms.lproj/
Onscart.app/Frameworks/CommonUISDK.framework/CommonUIStrings/nb.lproj/
Onscart.app/Frameworks/CommonUISDK.framework/CommonUIStrings/nl.lproj/
Onscart.app/Frameworks/CommonUISDK.framework/CommonUIStrings/pl.lproj/
Onscart.app/Frameworks/CommonUISDK.framework/CommonUIStrings/pt-BR.lproj/
Onscart.app/Frameworks/CommonUISDK.framework/CommonUIStrings/pt.lproj/
Onscart.app/Frameworks/CommonUISDK.framework/CommonUIStrings/ro.lproj/
Onscart.app/Frameworks/CommonUISDK.framework/CommonUIStrings/ru.lproj/
Onscart.app/Frameworks/CommonUISDK.framework/CommonUIStrings/sv.lproj/
Onscart.app/Frameworks/CommonUISDK.framework/CommonUIStrings/th.lproj/
Onscart.app/Frameworks/CommonUISDK.framework/CommonUIStrings/tr.lproj/
Onscart.app/Frameworks/CommonUISDK.framework/CommonUIStrings/vi.lproj/
Onscart.app/Frameworks/CommonUISDK.framework/CommonUIStrings/zh-Hans.lproj/
Onscart.app/Frameworks/CommonUISDK.framework/CommonUIStrings/zh-Hant.lproj/
Onscart.app/Frameworks/CommonUISDK.framework/_CodeSignature/
Onscart.app/Frameworks/FaceSDK.framework/
Onscart.app/Frameworks/FaceSDK.framework/FaceSDK.bundle/
Onscart.app/Frameworks/FaceSDK.framework/FaceSDK.bundle/ar.lproj/
Onscart.app/Frameworks/FaceSDK.framework/FaceSDK.bundle/bn-BD.lproj/
Onscart.app/Frameworks/FaceSDK.framework/FaceSDK.bundle/bn-IN.lproj/
Onscart.app/Frameworks/FaceSDK.framework/FaceSDK.bundle/bn.lproj/
Onscart.app/Frameworks/FaceSDK.framework/FaceSDK.bundle/cs.lproj/
Onscart.app/Frameworks/FaceSDK.framework/FaceSDK.bundle/de.lproj/
Onscart.app/Frameworks/FaceSDK.framework/FaceSDK.bundle/el.lproj/
Onscart.app/Frameworks/FaceSDK.framework/FaceSDK.bundle/en.lproj/
Onscart.app/Frameworks/FaceSDK.framework/FaceSDK.bundle/es.lproj/
Onscart.app/Frameworks/FaceSDK.framework/FaceSDK.bundle/fi.lproj/
Onscart.app/Frameworks/FaceSDK.framework/FaceSDK.bundle/fr.lproj/
Onscart.app/Frameworks/FaceSDK.framework/FaceSDK.bundle/he.lproj/
Onscart.app/Frameworks/FaceSDK.framework/FaceSDK.bundle/hi.lproj/
Onscart.app/Frameworks/FaceSDK.framework/FaceSDK.bundle/it.lproj/
Onscart.app/Frameworks/FaceSDK.framework/FaceSDK.bundle/ja.lproj/
Onscart.app/Frameworks/FaceSDK.framework/FaceSDK.bundle/ko.lproj/
Onscart.app/Frameworks/FaceSDK.framework/FaceSDK.bundle/ms.lproj/
Onscart.app/Frameworks/FaceSDK.framework/FaceSDK.bundle/nl.lproj/
Onscart.app/Frameworks/FaceSDK.framework/FaceSDK.bundle/pl.lproj/
Onscart.app/Frameworks/FaceSDK.framework/FaceSDK.bundle/pt.lproj/
Onscart.app/Frameworks/FaceSDK.framework/FaceSDK.bundle/ru.lproj/
Onscart.app/Frameworks/FaceSDK.framework/FaceSDK.bundle/sv.lproj/
Onscart.app/Frameworks/FaceSDK.framework/FaceSDK.bundle/th.lproj/
Onscart.app/Frameworks/FaceSDK.framework/FaceSDK.bundle/tr.lproj/
Onscart.app/Frameworks/FaceSDK.framework/FaceSDK.bundle/vi.lproj/
Onscart.app/Frameworks/FaceSDK.framework/FaceSDK.bundle/zh-Hans.lproj/
Onscart.app/Frameworks/FaceSDK.framework/FaceSDK.bundle/zh-Hant.lproj/
Onscart.app/Frameworks/FaceSDK.framework/_CodeSignature/
Onscart.app/Frameworks/MessagingAPI.framework/
Onscart.app/Frameworks/MessagingAPI.framework/_CodeSignature/
Onscart.app/Frameworks/MessagingSDK.framework/
Onscart.app/Frameworks/MessagingSDK.framework/MessagingSDKStrings/
Onscart.app/Frameworks/MessagingSDK.framework/MessagingSDKStrings/ar.lproj/
Onscart.app/Frameworks/MessagingSDK.framework/MessagingSDKStrings/bg.lproj/
Onscart.app/Frameworks/MessagingSDK.framework/MessagingSDKStrings/cs.lproj/
Onscart.app/Frameworks/MessagingSDK.framework/MessagingSDKStrings/da.lproj/
Onscart.app/Frameworks/MessagingSDK.framework/MessagingSDKStrings/de.lproj/
Onscart.app/Frameworks/MessagingSDK.framework/MessagingSDKStrings/el.lproj/
Onscart.app/Frameworks/MessagingSDK.framework/MessagingSDKStrings/en-GB.lproj/
Onscart.app/Frameworks/MessagingSDK.framework/MessagingSDKStrings/en.lproj/
Onscart.app/Frameworks/MessagingSDK.framework/MessagingSDKStrings/es.lproj/
Onscart.app/Frameworks/MessagingSDK.framework/MessagingSDKStrings/fi.lproj/
Onscart.app/Frameworks/MessagingSDK.framework/MessagingSDKStrings/fil.lproj/
Onscart.app/Framework
2022-05-13 09:18:09 +0000  s/MessagingSDK.framework/MessagingSDKStrings/fr-CA.lproj/
Onscart.app/Frameworks/MessagingSDK.framework/MessagingSDKStrings/fr.lproj/
Onscart.app/Frameworks/MessagingSDK.framework/MessagingSDKStrings/he.lproj/
Onscart.app/Frameworks/MessagingSDK.framework/MessagingSDKStrings/hi.lproj/
Onscart.app/Frameworks/MessagingSDK.framework/MessagingSDKStrings/hu.lproj/
Onscart.app/Frameworks/MessagingSDK.framework/MessagingSDKStrings/id.lproj/
Onscart.app/Frameworks/MessagingSDK.framework/MessagingSDKStrings/it.lproj/
Onscart.app/Frameworks/MessagingSDK.framework/MessagingSDKStrings/ja.lproj/
Onscart.app/Frameworks/MessagingSDK.framework/MessagingSDKStrings/ko.lproj/
Onscart.app/Frameworks/MessagingSDK.framework/MessagingSDKStrings/ms.lproj/
Onscart.app/Frameworks/MessagingSDK.framework/MessagingSDKStrings/nb.lproj/
Onscart.app/Frameworks/MessagingSDK.framework/MessagingSDKStrings/nl.lproj/
Onscart.app/Frameworks/MessagingSDK.framework/MessagingSDKStrings/pl.lproj/
Onscart.app/Frameworks/MessagingSDK.framework/MessagingSDKStrings/pt-BR.lproj/
Onscart.app/Frameworks/MessagingSDK.framework/MessagingSDKStrings/pt.lproj/
Onscart.app/Frameworks/MessagingSDK.framework/MessagingSDKStrings/ro.lproj/
Onscart.app/Frameworks/MessagingSDK.framework/MessagingSDKStrings/ru.lproj/
Onscart.app/Frameworks/MessagingSDK.framework/MessagingSDKStrings/sv.lproj/
Onscart.app/Frameworks/MessagingSDK.framework/MessagingSDKStrings/th.lproj/
Onscart.app/Frameworks/MessagingSDK.framework/MessagingSDKStrings/tr.lproj/
Onscart.app/Frameworks/MessagingSDK.framework/MessagingSDKStrings/vi.lproj/
Onscart.app/Frameworks/MessagingSDK.framework/MessagingSDKStrings/zh-Hans.lproj/
Onscart.app/Frameworks/MessagingSDK.framework/MessagingSDKStrings/zh-Hant.lproj/
Onscart.app/Frameworks/MessagingSDK.framework/_CodeSignature/
Onscart.app/Frameworks/Razorpay.framework/
Onscart.app/Frameworks/Razorpay.framework/Checkout.storyboardc/
Onscart.app/Frameworks/Razorpay.framework/Checkout.storyboardc/RBq-mH-fUs-view-vI7-59-shd.nib/
Onscart.app/Frameworks/Razorpay.framework/Checkout.storyboardc/RazorpayCheckoutVC.nib/
Onscart.app/Frameworks/Razorpay.framework/Checkout.storyboardc/UINavigationController-ODs-ga-9IN.nib/
Onscart.app/Frameworks/Razorpay.framework/_CodeSignature/
Onscart.app/Frameworks/RegulaCommon.framework/
Onscart.app/Frameworks/RegulaCommon.framework/_CodeSignature/
Onscart.app/Frameworks/SDKConfigurations.framework/
Onscart.app/Frameworks/SDKConfigurations.framework/_CodeSignature/
Onscart.app/GoogleMaps.bundle/
Onscart.app/GoogleMaps.bundle/GMSCacheStorage.momd/
Onscart.app/GoogleMaps.bundle/GMSCoreResources.bundle/
Onscart.app/GoogleMaps.bundle/GMSCoreResources.bundle/ar.lproj/
Onscart.app/GoogleMaps.bundle/GMSCoreResources.bundle/ca.lproj/
Onscart.app/GoogleMaps.bundle/GMSCoreResources.bundle/cs.lproj/
Onscart.app/GoogleMaps.bundle/GMSCoreResources.bundle/da.lproj/
Onscart.app/GoogleMaps.bundle/GMSCoreResources.bundle/de.lproj/
Onscart.app/GoogleMaps.bundle/GMSCoreResources.bundle/el.lproj/
Onscart.app/GoogleMaps.bundle/GMSCoreResources.bundle/en.lproj/
Onscart.app/GoogleMaps.bundle/GMSCoreResources.bundle/en_AU.lproj/
Onscart.app/GoogleMaps.bundle/GMSCoreResources.bundle/en_GB.lproj/
Onscart.app/GoogleMaps.bundle/GMSCoreResources.bundle/en_IN.lproj/
Onscart.app/GoogleMaps.bundle/GMSCoreResources.bundle/es.lproj/
Onscart.app/GoogleMaps.bundle/GMSCoreResources.bundle/es_419.lproj/
Onscart.app/GoogleMaps.bundle/GMSCoreResources.bundle/es_MX.lproj/
Onscart.app/GoogleMaps.bundle/GMSCoreResources.bundle/fi.lproj/
Onscart.app/GoogleMaps.bundle/GMSCoreResources.bundle/fr.lproj/
Onscart.app/GoogleMaps.bundle/GMSCoreResources.bundle/fr_CA.lproj/
Onscart.app/GoogleMaps.bundle/GMSCoreResources.bundle/he.lproj/
Onscart.app/GoogleMaps.bundle/GMSCoreResources.bundle/hi.lproj/
Onscart.app/GoogleMaps.bundle/GMSCoreResources.bundle/hr.lproj/
Onscart.app/GoogleMaps.bundle/GMSCoreResources.bundle/hu.lproj/
Onscart.app/GoogleMaps.bundle/GMSCoreResources.bundle/id.lproj/
Onscart.app/GoogleMaps.bundle/GMSCoreResources.bundle/it.lproj/
Onscart.app/GoogleMaps.bundle/GMSCoreResources.bu
2022-05-13 09:18:09 +0000  ndle/ja.lproj/
Onscart.app/GoogleMaps.bundle/GMSCoreResources.bundle/ko.lproj/
Onscart.app/GoogleMaps.bundle/GMSCoreResources.bundle/lt.lproj/
Onscart.app/GoogleMaps.bundle/GMSCoreResources.bundle/lv.lproj/
Onscart.app/GoogleMaps.bundle/GMSCoreResources.bundle/ms.lproj/
Onscart.app/GoogleMaps.bundle/GMSCoreResources.bundle/nb.lproj/
Onscart.app/GoogleMaps.bundle/GMSCoreResources.bundle/nl.lproj/
Onscart.app/GoogleMaps.bundle/GMSCoreResources.bundle/pl.lproj/
Onscart.app/GoogleMaps.bundle/GMSCoreResources.bundle/pt.lproj/
Onscart.app/GoogleMaps.bundle/GMSCoreResources.bundle/pt_BR.lproj/
Onscart.app/GoogleMaps.bundle/GMSCoreResources.bundle/pt_PT.lproj/
Onscart.app/GoogleMaps.bundle/GMSCoreResources.bundle/ro.lproj/
Onscart.app/GoogleMaps.bundle/GMSCoreResources.bundle/ru.lproj/
Onscart.app/GoogleMaps.bundle/GMSCoreResources.bundle/sk.lproj/
Onscart.app/GoogleMaps.bundle/GMSCoreResources.bundle/sv.lproj/
Onscart.app/GoogleMaps.bundle/GMSCoreResources.bundle/th.lproj/
Onscart.app/GoogleMaps.bundle/GMSCoreResources.bundle/tr.lproj/
Onscart.app/GoogleMaps.bundle/GMSCoreResources.bundle/uk.lproj/
Onscart.app/GoogleMaps.bundle/GMSCoreResources.bundle/vi.lproj/
Onscart.app/GoogleMaps.bundle/GMSCoreResources.bundle/zh_CN.lproj/
Onscart.app/GoogleMaps.bundle/GMSCoreResources.bundle/zh_HK.lproj/
Onscart.app/GoogleMaps.bundle/GMSCoreResources.bundle/zh_TW.lproj/
Onscart.app/LaunchScreen.storyboardc/
Onscart.app/QBImagePicker.bundle/
Onscart.app/QBImagePicker.bundle/QBImagePicker.storyboardc/
Onscart.app/QBImagePicker.bundle/QBImagePicker.storyboardc/QBAlbumsNavigationController.nib/
Onscart.app/QBImagePicker.bundle/QBImagePicker.storyboardc/QBAlbumsViewController.nib/
Onscart.app/QBImagePicker.bundle/QBImagePicker.storyboardc/QBAssetsViewController.nib/
Onscart.app/QBImagePicker.bundle/QBImagePicker.storyboardc/QL5-wR-LYt-view-66K-TS-Yoc.nib/
Onscart.app/QBImagePicker.bundle/QBImagePicker.storyboardc/QiH-NZ-ZGN-view-sD2-zK-ryo.nib/
Onscart.app/QBImagePicker.bundle/de.lproj/
Onscart.app/QBImagePicker.bundle/en.lproj/
Onscart.app/QBImagePicker.bundle/es.lproj/
Onscart.app/QBImagePicker.bundle/fr.lproj/
Onscart.app/QBImagePicker.bundle/it.lproj/
Onscart.app/QBImagePicker.bundle/ja.lproj/
Onscart.app/QBImagePicker.bundle/ko.lproj/
Onscart.app/QBImagePicker.bundle/pl.lproj/
Onscart.app/QBImagePicker.bundle/pt.lproj/
Onscart.app/QBImagePicker.bundle/ro.lproj/
Onscart.app/QBImagePicker.bundle/ru.lproj/
Onscart.app/QBImagePicker.bundle/tr.lproj/
Onscart.app/QBImagePicker.bundle/zh-Hans.lproj/
Onscart.app/QBImagePicker.bundle/zh-Hant.lproj/
Onscart.app/Stripe.bundle/
Onscart.app/Stripe.bundle/bg-BG.lproj/
Onscart.app/Stripe.bundle/ca-ES.lproj/
Onscart.app/Stripe.bundle/cs-CZ.lproj/
Onscart.app/Stripe.bundle/da.lproj/
Onscart.app/Stripe.bundle/de.lproj/
Onscart.app/Stripe.bundle/el-GR.lproj/
Onscart.app/Stripe.bundle/en-GB.lproj/
Onscart.app/Stripe.bundle/en.lproj/
Onscart.app/Stripe.bundle/es-419.lproj/
Onscart.app/Stripe.bundle/es.lproj/
Onscart.app/Stripe.bundle/et-EE.lproj/
Onscart.app/Stripe.bundle/fi.lproj/
Onscart.app/Stripe.bundle/fil.lproj/
Onscart.app/Stripe.bundle/fr-CA.lproj/
Onscart.app/Stripe.bundle/fr.lproj/
Onscart.app/Stripe.bundle/hr.lproj/
Onscart.app/Stripe.bundle/hu.lproj/
Onscart.app/Stripe.bundle/id.lproj/
Onscart.app/Stripe.bundle/it.lproj/
Onscart.app/Stripe.bundle/ja.lproj/
Onscart.app/Stripe.bundle/ko.lproj/
Onscart.app/Stripe.bundle/lt-LT.lproj/
Onscart.app/Stripe.bundle/lv-LV.lproj/
Onscart.app/Stripe.bundle/ms-MY.lproj/
Onscart.app/Stripe.bundle/mt.lproj/
Onscart.app/Stripe.bundle/nb.lproj/
Onscart.app/Stripe.bundle/nl.lproj/
Onscart.app/Stripe.bundle/nn-NO.lproj/
Onscart.app/Stripe.bundle/pl-PL.lproj/
Onscart.app/Stripe.bundle/pt-BR.lproj/
Onscart.app/Stripe.bundle/pt-PT.lproj/
Onscart.app/Stripe.bundle/ro-RO.lproj/
Onscart.app/Stripe.bundle/ru.lproj/
Onscart.app/Stripe.bundle/sk-SK.lproj/
Onscart.app/Stripe.bundle/sl-SI.lproj/
Onscart.app/Stripe.bundle/sv.lproj/
Onscart.app/Stripe.bundle/tk.lproj/
Onscart.app/Stripe.bundle/tr.lproj/
Onscart.app/Stripe.bundle/vi.lproj/
Onscart.app/Stripe.bundle/zh-HK.lproj/
Ons
2022-05-13 09:18:09 +0000  cart.app/Stripe.bundle/zh-Hans.lproj/
Onscart.app/Stripe.bundle/zh-Hant.lproj/
Onscart.app/Stripe3DS2.bundle/
Onscart.app/Stripe3DS2.bundle/bg-BG.lproj/
Onscart.app/Stripe3DS2.bundle/ca-ES.lproj/
Onscart.app/Stripe3DS2.bundle/cs-CZ.lproj/
Onscart.app/Stripe3DS2.bundle/da.lproj/
Onscart.app/Stripe3DS2.bundle/de.lproj/
Onscart.app/Stripe3DS2.bundle/el-GR.lproj/
Onscart.app/Stripe3DS2.bundle/en-GB.lproj/
Onscart.app/Stripe3DS2.bundle/en.lproj/
Onscart.app/Stripe3DS2.bundle/es-419.lproj/
Onscart.app/Stripe3DS2.bundle/es.lproj/
Onscart.app/Stripe3DS2.bundle/et-EE.lproj/
Onscart.app/Stripe3DS2.bundle/fi.lproj/
Onscart.app/Stripe3DS2.bundle/fil.lproj/
Onscart.app/Stripe3DS2.bundle/fr-CA.lproj/
Onscart.app/Stripe3DS2.bundle/fr.lproj/
Onscart.app/Stripe3DS2.bundle/hr.lproj/
Onscart.app/Stripe3DS2.bundle/hu.lproj/
Onscart.app/Stripe3DS2.bundle/id.lproj/
Onscart.app/Stripe3DS2.bundle/it.lproj/
Onscart.app/Stripe3DS2.bundle/ja.lproj/
Onscart.app/Stripe3DS2.bundle/ko.lproj/
Onscart.app/Stripe3DS2.bundle/lt-LT.lproj/
Onscart.app/Stripe3DS2.bundle/lv-LV.lproj/
Onscart.app/Stripe3DS2.bundle/ms-MY.lproj/
Onscart.app/Stripe3DS2.bundle/mt.lproj/
Onscart.app/Stripe3DS2.bundle/nb.lproj/
Onscart.app/Stripe3DS2.bundle/nl.lproj/
Onscart.app/Stripe3DS2.bundle/nn-NO.lproj/
Onscart.app/Stripe3DS2.bundle/pl-PL.lproj/
Onscart.app/Stripe3DS2.bundle/pt-BR.lproj/
Onscart.app/Stripe3DS2.bundle/pt-PT.lproj/
Onscart.app/Stripe3DS2.bundle/ro-RO.lproj/
Onscart.app/Stripe3DS2.bundle/ru.lproj/
Onscart.app/Stripe3DS2.bundle/sk-SK.lproj/
Onscart.app/Stripe3DS2.bundle/sl-SI.lproj/
Onscart.app/Stripe3DS2.bundle/sv.lproj/
Onscart.app/Stripe3DS2.bundle/tk.lproj/
Onscart.app/Stripe3DS2.bundle/tr.lproj/
Onscart.app/Stripe3DS2.bundle/vi.lproj/
Onscart.app/Stripe3DS2.bundle/zh-HK.lproj/
Onscart.app/Stripe3DS2.bundle/zh-Hans.lproj/
Onscart.app/Stripe3DS2.bundle/zh-Hant.lproj/
Onscart.app/StripeCore.bundle/
Onscart.app/StripeCore.bundle/bg-BG.lproj/
Onscart.app/StripeCore.bundle/ca-ES.lproj/
Onscart.app/StripeCore.bundle/cs-CZ.lproj/
Onscart.app/StripeCore.bundle/da.lproj/
Onscart.app/StripeCore.bundle/de.lproj/
Onscart.app/StripeCore.bundle/el-GR.lproj/
Onscart.app/StripeCore.bundle/en-GB.lproj/
Onscart.app/StripeCore.bundle/en.lproj/
Onscart.app/StripeCore.bundle/es-419.lproj/
Onscart.app/StripeCore.bundle/es.lproj/
Onscart.app/StripeCore.bundle/et-EE.lproj/
Onscart.app/StripeCore.bundle/fi.lproj/
Onscart.app/StripeCore.bundle/fil.lproj/
Onscart.app/StripeCore.bundle/fr-CA.lproj/
Onscart.app/StripeCore.bundle/fr.lproj/
Onscart.app/StripeCore.bundle/hr.lproj/
Onscart.app/StripeCore.bundle/hu.lproj/
Onscart.app/StripeCore.bundle/id.lproj/
Onscart.app/StripeCore.bundle/it.lproj/
Onscart.app/StripeCore.bundle/ja.lproj/
Onscart.app/StripeCore.bundle/ko.lproj/
Onscart.app/StripeCore.bundle/lt-LT.lproj/
Onscart.app/StripeCore.bundle/lv-LV.lproj/
Onscart.app/StripeCore.bundle/ms-MY.lproj/
Onscart.app/StripeCore.bundle/mt.lproj/
Onscart.app/StripeCore.bundle/nb.lproj/
Onscart.app/StripeCore.bundle/nl.lproj/
Onscart.app/StripeCore.bundle/nn-NO.lproj/
Onscart.app/StripeCore.bundle/pl-PL.lproj/
Onscart.app/StripeCore.bundle/pt-BR.lproj/
Onscart.app/StripeCore.bundle/pt-PT.lproj/
Onscart.app/StripeCore.bundle/ro-RO.lproj/
Onscart.app/StripeCore.bundle/ru.lproj/
Onscart.app/StripeCore.bundle/sk-SK.lproj/
Onscart.app/StripeCore.bundle/sl-SI.lproj/
Onscart.app/StripeCore.bundle/sv.lproj/
Onscart.app/StripeCore.bundle/tk.lproj/
Onscart.app/StripeCore.bundle/tr.lproj/
Onscart.app/StripeCore.bundle/vi.lproj/
Onscart.app/StripeCore.bundle/zh-HK.lproj/
Onscart.app/StripeCore.bundle/zh-Hans.lproj/
Onscart.app/StripeCore.bundle/zh-Hant.lproj/
Onscart.app/StripeUICore.bundle/
Onscart.app/StripeUICore.bundle/bg-BG.lproj/
Onscart.app/StripeUICore.bundle/ca-ES.lproj/
Onscart.app/StripeUICore.bundle/cs-CZ.lproj/
Onscart.app/StripeUICore.bundle/da.lproj/
Onscart.app/StripeUICore.bundle/de.lproj/
Onscart.app/StripeUICore.bundle/el-GR.lproj/
Onscart.app/StripeUICore.bundle/en-GB.lproj/
Onscart.app/StripeUICore.bundle/en.lproj/
Onscart.app/StripeUICore.bundle/es-419.lproj/
Onscart.app/StripeUICore.bu
2022-05-13 09:18:09 +0000  ndle/es.lproj/
Onscart.app/StripeUICore.bundle/et-EE.lproj/
Onscart.app/StripeUICore.bundle/fi.lproj/
Onscart.app/StripeUICore.bundle/fil.lproj/
Onscart.app/StripeUICore.bundle/fr-CA.lproj/
Onscart.app/StripeUICore.bundle/fr.lproj/
Onscart.app/StripeUICore.bundle/hr.lproj/
Onscart.app/StripeUICore.bundle/hu.lproj/
Onscart.app/StripeUICore.bundle/id.lproj/
Onscart.app/StripeUICore.bundle/it.lproj/
Onscart.app/StripeUICore.bundle/ja.lproj/
Onscart.app/StripeUICore.bundle/ko.lproj/
Onscart.app/StripeUICore.bundle/lt-LT.lproj/
Onscart.app/StripeUICore.bundle/lv-LV.lproj/
Onscart.app/StripeUICore.bundle/ms-MY.lproj/
Onscart.app/StripeUICore.bundle/mt.lproj/
Onscart.app/StripeUICore.bundle/nb.lproj/
Onscart.app/StripeUICore.bundle/nl.lproj/
Onscart.app/StripeUICore.bundle/nn-NO.lproj/
Onscart.app/StripeUICore.bundle/pl-PL.lproj/
Onscart.app/StripeUICore.bundle/pt-BR.lproj/
Onscart.app/StripeUICore.bundle/pt-PT.lproj/
Onscart.app/StripeUICore.bundle/ro-RO.lproj/
Onscart.app/StripeUICore.bundle/ru.lproj/
Onscart.app/StripeUICore.bundle/sk-SK.lproj/
Onscart.app/StripeUICore.bundle/sl-SI.lproj/
Onscart.app/StripeUICore.bundle/sv.lproj/
Onscart.app/StripeUICore.bundle/tr.lproj/
Onscart.app/StripeUICore.bundle/vi.lproj/
Onscart.app/StripeUICore.bundle/zh-HK.lproj/
Onscart.app/StripeUICore.bundle/zh-Hans.lproj/
Onscart.app/StripeUICore.bundle/zh-Hant.lproj/
Onscart.app/TOCropViewControllerBundle.bundle/
Onscart.app/TOCropViewControllerBundle.bundle/Base.lproj/
Onscart.app/TOCropViewControllerBundle.bundle/ar.lproj/
Onscart.app/TOCropViewControllerBundle.bundle/ca.lproj/
Onscart.app/TOCropViewControllerBundle.bundle/cs.lproj/
Onscart.app/TOCropViewControllerBundle.bundle/da-DK.lproj/
Onscart.app/TOCropViewControllerBundle.bundle/de.lproj/
Onscart.app/TOCropViewControllerBundle.bundle/en.lproj/
Onscart.app/TOCropViewControllerBundle.bundle/es.lproj/
Onscart.app/TOCropViewControllerBundle.bundle/fa-IR.lproj/
Onscart.app/TOCropViewControllerBundle.bundle/fa.lproj/
Onscart.app/TOCropViewControllerBundle.bundle/fi.lproj/
Onscart.app/TOCropViewControllerBundle.bundle/fr.lproj/
Onscart.app/TOCropViewControllerBundle.bundle/hu.lproj/
Onscart.app/TOCropViewControllerBundle.bundle/id.lproj/
Onscart.app/TOCropViewControllerBundle.bundle/it.lproj/
Onscart.app/TOCropViewControllerBundle.bundle/ja.lproj/
Onscart.app/TOCropViewControllerBundle.bundle/ko.lproj/
Onscart.app/TOCropViewControllerBundle.bundle/ms.lproj/
Onscart.app/TOCropViewControllerBundle.bundle/nl.lproj/
Onscart.app/TOCropViewControllerBundle.bundle/pl.lproj/
2022-05-13 09:18:09 +0000  Onscart.app/TOCropViewControllerBundle.bundle/pt-BR.lproj/
Onscart.app/TOCropViewControllerBundle.bundle/pt.lproj/
Onscart.app/TOCropViewControllerBundle.bundle/ro.lproj/
Onscart.app/TOCropViewControllerBundle.bundle/ru.lproj/
Onscart.app/TOCropViewControllerBundle.bundle/sk.lproj/
Onscart.app/TOCropViewControllerBundle.bundle/tr.lproj/
Onscart.app/TOCropViewControllerBundle.bundle/vi.lproj/
Onscart.app/TOCropViewControllerBundle.bundle/zh-Hans.lproj/
Onscart.app/TOCropViewControllerBundle.bundle/zh-Hant.lproj/
Onscart.app/_CodeSignature/
Onscart.app/assets/
Onscart.app/assets/node_modules/
Onscart.app/assets/node_modules/@react-navigation/
Onscart.app/assets/node_modules/@react-navigation/drawer/
Onscart.app/assets/node_modules/@react-navigation/drawer/src/
Onscart.app/assets/node_modules/@react-navigation/drawer/src/views/
Onscart.app/assets/node_modules/@react-navigation/drawer/src/views/assets/
Onscart.app/assets/node_modules/@react-navigation/elements/
Onscart.app/assets/node_modules/@react-navigation/elements/src/
Onscart.app/assets/node_modules/@react-navigation/elements/src/assets/
Onscart.app/assets/node_modules/react-native-calendars/
Onscart.app/assets/node_modules/react-native-calendars/src/
Onscart.app/assets/node_modules/react-native-calendars/src/calendar/
Onscart.app/assets/node_modules/react-native-calendars/src/calendar/img/
Onscart.app/assets/node_modules/react-native-calendars/src/img/
Onscart.app/assets/node_modules/react-native-country-picker-modal/
2022-05-13 09:18:09 +0000  Onscart.app/assets/node_modules/react-native-country-picker-modal/lib/
Onscart.app/assets/node_modules/react-native-country-picker-modal/lib/assets/
Onscart.app/assets/node_modules/react-native-country-picker-modal/lib/assets/images/
Onscart.app/assets/node_modules/react-native-dropdown-picker/
Onscart.app/assets/node_modules/react-native-dropdown-picker/src/
Onscart.app/assets/node_modules/react-native-dropdown-picker/src/themes/
Onscart.app/assets/node_modules/react-native-dropdown-picker/src/themes/dark/
Onscart.app/assets/node_modules/react-native-dropdown-picker/src/themes/dark/icons/
2022-05-13 09:18:09 +0000  Onscart.app/assets/node_modules/react-native-dropdown-picker/src/themes/light/
Onscart.app/assets/node_modules/react-native-dropdown-picker/src/themes/light/icons/
Onscart.app/assets/node_modules/react-native-flash-message/
Onscart.app/assets/node_modules/react-native-flash-message/src/
Onscart.app/assets/node_modules/react-native-flash-message/src/icons/
Onscart.app/assets/node_modules/react-native/
Onscart.app/assets/node_modules/react-native/Libraries/
Onscart.app/assets/node_modules/react-native/Libraries/NewAppScreen/
Onscart.app/assets/node_modules/react-native/Libraries/NewAppScreen/components/
Onscart.app/assets/src/
Onscart.app/assets/src/assets/
Onscart.app/assets/src/assets/images/
2022-05-13 09:18:09 +0000  
sent 42.42K bytes  received 2.75K bytes  30.11K bytes/sec
total size is 83.32M  speedup is 1889.00
2022-05-13 09:18:09 +0000  /usr/bin/rsync exited with 0
2022-05-13 09:18:09 +0000  Running /usr/bin/rsync '-8aPhhE' '/Users/cbl-mac-001/Library/Developer/Xcode/Archives/2022-05-13/Onscart(Prod) 13-05-22, 1.29 PM.xcarchive/dSYMs/' '--link-dest' '/Users/cbl-mac-001/Library/Developer/Xcode/Archives/2022-05-13/Onscart(Prod) 13-05-22, 1.29 PM.xcarchive/dSYMs/' '/var/folders/ww/sw0d02593_9c001st0kyw4bc0000gn/T/XcodeDistPipeline.~~~p63Lc0'
2022-05-13 09:18:09 +0000  building file list ... 
2022-05-13 09:18:09 +0000   0 files...2022-05-13 09:18:09 +0000  78 files to consider
2022-05-13 09:18:09 +0000  ./
2022-05-13 09:18:09 +0000  ChatProvidersSDK.framework.dSYM/
ChatProvidersSDK.framework.dSYM/Contents/
ChatProvidersSDK.framework.dSYM/Contents/Resources/
ChatProvidersSDK.framework.dSYM/Contents/Resources/DWARF/
ChatSDK.framework.dSYM/
2022-05-13 09:18:09 +0000  ChatSDK.framework.dSYM/Contents/
ChatSDK.framework.dSYM/Contents/Resources/
ChatSDK.framework.dSYM/Contents/Resources/DWARF/
ChatSDK.framework.dSYM/Contents/Resources/Swift/
ChatSDK.framework.dSYM/Contents/Resources/Swift/aarch64/
ChatSDK.framework.dSYM/Contents/Resources/Swift/arm/
CommonUISDK.framework.dSYM/
CommonUISDK.framework.dSYM/Contents/
CommonUISDK.framework.dSYM/Contents/Resources/
CommonUISDK.framework.dSYM/Contents/Resources/DWARF/
FaceSDK.framework.dSYM/
FaceSDK.framework.dSYM/Contents/
FaceSDK.framework.dSYM/Contents/Resources/
FaceSDK.framework.dSYM/Contents/Resources/DWARF/
MessagingAPI.framework.dSYM/
MessagingAPI.framework.dSYM/Contents/
MessagingAPI.framework.dSYM/Contents/Resources/
MessagingAPI.framework.dSYM/Contents/Resources/DWARF/
MessagingAPI.framework.dSYM/Contents/Resources/Swift/
MessagingAPI.framework.dSYM/Contents/Resources/Swift/aarch64/
MessagingAPI.framework.dSYM/Contents/Resources/Swift/arm/
2022-05-13 09:18:09 +0000  MessagingSDK.framework.dSYM/
MessagingSDK.framework.dSYM/Contents/
MessagingSDK.framework.dSYM/Contents/Resources/
MessagingSDK.framework.dSYM/Contents/Resources/DWARF/
MessagingSDK.framework.dSYM/Contents/Resources/Swift/
MessagingSDK.framework.dSYM/Contents/Resources/Swift/aarch64/
MessagingSDK.framework.dSYM/Contents/Resources/Swift/arm/
Onscart.app.dSYM/
Onscart.app.dSYM/Contents/
Onscart.app.dSYM/Contents/Resources/
Onscart.app.dSYM/Contents/Resources/DWARF/
RegulaCommon.framework.dSYM/
RegulaCommon.framework.dSYM/Contents/
RegulaCommon.framework.dSYM/Contents/Resources/
RegulaCommon.framework.dSYM/Contents/Resources/DWARF/
SDKConfigurations.framework.dSYM/
SDKConfigurations.framework.dSYM/Contents/
SDKConfigurations.framework.dSYM/Contents/Resources/
2022-05-13 09:18:09 +0000  SDKConfigurations.framework.dSYM/Contents/Resources/DWARF/
2022-05-13 09:18:09 +0000  
sent 2.81K bytes  received 488 bytes  6.57K bytes/sec
total size is 101.14M  speedup is 31507.57
2022-05-13 09:18:09 +0000  /usr/bin/rsync exited with 0
2022-05-13 09:18:09 +0000  Running /Applications/Xcode.app/Contents/Developer/usr/bin/symbols '-noTextInSOD' '-noDaemon' '-arch' 'all' '-symbolsPackageDir' '/var/folders/ww/sw0d02593_9c001st0kyw4bc0000gn/T/XcodeDistPipeline.~~~p63Lc0/Symbols' '/var/folders/ww/sw0d02593_9c001st0kyw4bc0000gn/T/XcodeDistPipeline.~~~p63Lc0/Onscart.app.dSYM/Contents/Resources/Dwarf/Onscart'
2022-05-13 09:18:11 +0000  /var/folders/ww/sw0d02593_9c001st0kyw4bc0000gn/T/XcodeDistPipeline.~~~p63Lc0/Onscart.app.dSYM/Contents/Resources/Dwarf/Onscart [arm64, 2.161649 seconds]:
2022-05-13 09:18:11 +0000  /Applications/Xcode.app/Contents/Developer/usr/bin/symbols exited with 0
2022-05-13 09:18:11 +0000  Processing step: IDEDistributionCopyAppleProvidedContentStep
2022-05-13 09:18:11 +0000  Running /usr/bin/ditto '-V' '/Users/cbl-mac-001/Library/Developer/Xcode/Archives/2022-05-13/Onscart(Prod) 13-05-22, 1.29 PM.xcarchive/SwiftSupport' '/var/folders/ww/sw0d02593_9c001st0kyw4bc0000gn/T/XcodeDistPipeline.~~~p63Lc0/Root/SwiftSupport'
2022-05-13 09:18:11 +0000  >>> Copying /Users/cbl-mac-001/Library/Developer/Xcode/Archives/2022-05-13/Onscart(Prod) 13-05-22, 1.29 PM.xcarchive/SwiftSupport 
2022-05-13 09:18:11 +0000  copying file ./iphoneos/libswiftPhotos.dylib ... 
2022-05-13 09:18:11 +0000  529949 bytes for ./iphoneos/libswiftPhotos.dylib
copying file ./iphoneos/libswiftCoreImage.dylib ... 
2022-05-13 09:18:11 +0000  537828 bytes for ./iphoneos/libswiftCoreImage.dylib
copying file ./iphoneos/libswiftObjectiveC.dylib ... 
2022-05-13 09:18:11 +0000  863957 bytes for ./iphoneos/libswiftObjectiveC.dylib
2022-05-13 09:18:11 +0000  copying file ./iphoneos/libswiftVision.dylib ... 
2022-05-13 09:18:11 +0000  548750 bytes for ./iphoneos/libswiftVision.dylib
copying file ./iphoneos/libswiftCore.dylib ... 
2022-05-13 09:18:13 +0000  143357870 bytes for ./iphoneos/libswiftCore.dylib
copying file ./iphoneos/libswiftCoreGraphics.dylib ... 
2022-05-13 09:18:13 +0000  2775369 bytes for ./iphoneos/libswiftCoreGraphics.dylib
copying file ./iphoneos/libswiftUIKit.dylib ... 
2022-05-13 09:18:13 +0000  2245592 bytes for ./iphoneos/libswiftUIKit.dylib
copying file ./iphoneos/libswiftMetal.dylib ... 
2022-05-13 09:18:13 +0000  907187 bytes for ./iphoneos/libswiftMetal.dylib
copying file ./iphoneos/libswiftCoreData.dylib ... 
2022-05-13 09:18:13 +0000  1231024 bytes for ./iphoneos/libswiftCoreData.dylib
copying file ./iphoneos/libswiftDispatch.dylib ... 
2022-05-13 09:18:13 +0000  5596773 bytes for ./iphoneos/libswiftDispatch.dylib
copying file ./iphoneos/libswiftos.dylib ... 
2022-05-13 09:18:13 +0000  1152694 bytes for ./iphoneos/libswiftos.dylib
copying file ./iphoneos/libswiftCoreFoundation.dylib ... 
2022-05-13 09:18:14 +0000  507261 bytes for ./iphoneos/libswiftCoreFoundation.dylib
copying file ./iphoneos/libswiftDarwin.dylib ... 
2022-05-13 09:18:14 +0000  1435812 bytes for ./iphoneos/libswiftDarwin.dylib
copying file ./iphoneos/libswiftContacts.dylib ... 
2022-05-13 09:18:14 +0000  826232 bytes for ./iphoneos/libswiftContacts.dylib
copying file ./iphoneos/libswiftQuartzCore.dylib ... 
2022-05-13 09:18:14 +0000  585808 bytes for ./iphoneos/libswiftQuartzCore.dylib
copying file ./iphoneos/libswiftCoreAudio.dylib ... 
2022-05-13 09:18:14 +0000  1096427 bytes for ./iphoneos/libswiftCoreAudio.dylib
2022-05-13 09:18:14 +0000  copying file ./iphoneos/libswiftAVFoundation.dylib ... 
2022-05-13 09:18:14 +0000  2260301 bytes for ./iphoneos/libswiftAVFoundation.dylib
copying file ./iphoneos/libswiftFoundation.dylib ... 
2022-05-13 09:18:15 +0000  63663024 bytes for ./iphoneos/libswiftFoundation.dylib
copying file ./iphoneos/libswiftCoreMedia.dylib ... 
2022-05-13 09:18:15 +0000  1013900 bytes for ./iphoneos/libswiftCoreMedia.dylib
copying file ./iphoneos/libswiftCoreLocation.dylib ... 
2022-05-13 09:18:15 +0000  930771 bytes for ./iphoneos/libswiftCoreLocation.dylib
copying file ./iphoneos/libswiftsimd.dylib ... 
2022-05-13 09:18:15 +0000  5631861 bytes for ./iphoneos/libswiftsimd.dylib
2022-05-13 09:18:15 +0000  /usr/bin/ditto exited with 0
2022-05-13 09:18:15 +0000  Processing step: IDEDistributionAppThinningStep
2022-05-13 09:18:15 +0000  Skipping step: IDEDistributionAppThinningStep because it said so
2022-05-13 09:18:15 +0000  Processing step: IDEDistributionArchThinningStep
2022-05-13 09:18:16 +0000  Running /Applications/Xcode.app/Contents/Developer/Toolchains/XcodeDefault.xctoolchain/usr/bin/lipo '/var/folders/ww/sw0d02593_9c001st0kyw4bc0000gn/T/XcodeDistPipeline.~~~p63Lc0/Root/Payload/Onscart.app/Frameworks/ChatProvidersSDK.framework/ChatProvidersSDK' '-verify_arch' 'arm64e'
2022-05-13 09:18:16 +0000  /Applications/Xcode.app/Contents/Developer/Toolchains/XcodeDefault.xctoolchain/usr/bin/lipo exited with 1
2022-05-13 09:18:16 +0000  Skipping architecture thinning for item "ChatProvidersSDK" because arch "arm64e" wasn't found
2022-05-13 09:18:16 +0000  Running /Applications/Xcode.app/Contents/Developer/Toolchains/XcodeDefault.xctoolchain/usr/bin/lipo '/var/folders/ww/sw0d02593_9c001st0kyw4bc0000gn/T/XcodeDistPipeline.~~~p63Lc0/Root/Payload/Onscart.app/Frameworks/ChatSDK.framework/ChatSDK' '-verify_arch' 'arm64e'
2022-05-13 09:18:16 +0000  /Applications/Xcode.app/Contents/Developer/Toolchains/XcodeDefault.xctoolchain/usr/bin/lipo exited with 1
2022-05-13 09:18:16 +0000  Skipping architecture thinning for item "ChatSDK" because arch "arm64e" wasn't found
2022-05-13 09:18:16 +0000  Running /Applications/Xcode.app/Contents/Developer/Toolchains/XcodeDefault.xctoolchain/usr/bin/lipo '/var/folders/ww/sw0d02593_9c001st0kyw4bc0000gn/T/XcodeDistPipeline.~~~p63Lc0/Root/Payload/Onscart.app/Frameworks/CommonUISDK.framework/CommonUISDK' '-verify_arch' 'arm64e'
2022-05-13 09:18:16 +0000  /Applications/Xcode.app/Contents/Developer/Toolchains/XcodeDefault.xctoolchain/usr/bin/lipo exited with 1
2022-05-13 09:18:16 +0000  Skipping architecture thinning for item "CommonUISDK" because arch "arm64e" wasn't found
2022-05-13 09:18:16 +0000  Running /Applications/Xcode.app/Contents/Developer/Toolchains/XcodeDefault.xctoolchain/usr/bin/lipo '/var/folders/ww/sw0d02593_9c001st0kyw4bc0000gn/T/XcodeDistPipeline.~~~p63Lc0/Root/Payload/Onscart.app/Frameworks/FaceSDK.framework/FaceSDK' '-verify_arch' 'arm64e'
2022-05-13 09:18:16 +0000  /Applications/Xcode.app/Contents/Developer/Toolchains/XcodeDefault.xctoolchain/usr/bin/lipo exited with 1
2022-05-13 09:18:16 +0000  Skipping architecture thinning for item "FaceSDK" because arch "arm64e" wasn't found
2022-05-13 09:18:16 +0000  Running /Applications/Xcode.app/Contents/Developer/Toolchains/XcodeDefault.xctoolchain/usr/bin/lipo '/var/folders/ww/sw0d02593_9c001st0kyw4bc0000gn/T/XcodeDistPipeline.~~~p63Lc0/Root/Payload/Onscart.app/Frameworks/MessagingAPI.framework/MessagingAPI' '-verify_arch' 'arm64e'
2022-05-13 09:18:16 +0000  /Applications/Xcode.app/Contents/Developer/Toolchains/XcodeDefault.xctoolchain/usr/bin/lipo exited with 1
2022-05-13 09:18:16 +0000  Skipping architecture thinning for item "MessagingAPI" because arch "arm64e" wasn't found
2022-05-13 09:18:16 +0000  Running /Applications/Xcode.app/Contents/Developer/Toolchains/XcodeDefault.xctoolchain/usr/bin/lipo '/var/folders/ww/sw0d02593_9c001st0kyw4bc0000gn/T/XcodeDistPipeline.~~~p63Lc0/Root/Payload/Onscart.app/Frameworks/MessagingSDK.framework/MessagingSDK' '-verify_arch' 'arm64e'
2022-05-13 09:18:16 +0000  /Applications/Xcode.app/Contents/Developer/Toolchains/XcodeDefault.xctoolchain/usr/bin/lipo exited with 1
2022-05-13 09:18:16 +0000  Skipping architecture thinning for item "MessagingSDK" because arch "arm64e" wasn't found
2022-05-13 09:18:16 +0000  Running /Applications/Xcode.app/Contents/Developer/Toolchains/XcodeDefault.xctoolchain/usr/bin/lipo '/var/folders/ww/sw0d02593_9c001st0kyw4bc0000gn/T/XcodeDistPipeline.~~~p63Lc0/Root/Payload/Onscart.app/Frameworks/Razorpay.framework/Razorpay' '-verify_arch' 'arm64e'
2022-05-13 09:18:16 +0000  /Applications/Xcode.app/Contents/Developer/Toolchains/XcodeDefault.xctoolchain/usr/bin/lipo exited with 1
2022-05-13 09:18:16 +0000  Skipping architecture thinning for item "Razorpay" because arch "arm64e" wasn't found
2022-05-13 09:18:16 +0000  Running /Applications/Xcode.app/Contents/Developer/Toolchains/XcodeDefault.xctoolchain/usr/bin/lipo '/var/folders/ww/sw0d02593_9c001st0kyw4bc0000gn/T/XcodeDistPipeline.~~~p63Lc0/Root/Payload/Onscart.app/Frameworks/RegulaCommon.framework/RegulaCommon' '-verify_arch' 'arm64e'
2022-05-13 09:18:16 +0000  /Applications/Xcode.app/Contents/Developer/Toolchains/XcodeDefault.xctoolchain/usr/bin/lipo exited with 1
2022-05-13 09:18:16 +0000  Skipping architecture thinning for item "RegulaCommon" because arch "arm64e" wasn't found
2022-05-13 09:18:16 +0000  Running /Applications/Xcode.app/Contents/Developer/Toolchains/XcodeDefault.xctoolchain/usr/bin/lipo '/var/folders/ww/sw0d02593_9c001st0kyw4bc0000gn/T/XcodeDistPipeline.~~~p63Lc0/Root/Payload/Onscart.app/Frameworks/SDKConfigurations.framework/SDKConfigurations' '-verify_arch' 'arm64e'
2022-05-13 09:18:16 +0000  /Applications/Xcode.app/Contents/Developer/Toolchains/XcodeDefault.xctoolchain/usr/bin/lipo exited with 1
2022-05-13 09:18:16 +0000  Skipping architecture thinning for item "SDKConfigurations" because arch "arm64e" wasn't found
2022-05-13 09:18:16 +0000  Running /Applications/Xcode.app/Contents/Developer/Toolchains/XcodeDefault.xctoolchain/usr/bin/lipo '/var/folders/ww/sw0d02593_9c001st0kyw4bc0000gn/T/XcodeDistPipeline.~~~p63Lc0/Root/Payload/Onscart.app/Frameworks/libswiftAVFoundation.dylib' '-verify_arch' 'arm64e'
2022-05-13 09:18:16 +0000  /Applications/Xcode.app/Contents/Developer/Toolchains/XcodeDefault.xctoolchain/usr/bin/lipo exited with 0
2022-05-13 09:18:16 +0000  Running /Applications/Xcode.app/Contents/Developer/Toolchains/XcodeDefault.xctoolchain/usr/bin/lipo '/var/folders/ww/sw0d02593_9c001st0kyw4bc0000gn/T/XcodeDistPipeline.~~~p63Lc0/Root/Payload/Onscart.app/Frameworks/libswiftAVFoundation.dylib' '-remove' 'arm64e' '-output' '/var/folders/ww/sw0d02593_9c001st0kyw4bc0000gn/T/XcodeDistPipeline.~~~p63Lc0/Root/Payload/Onscart.app/Frameworks/libswiftAVFoundation.dylib'
2022-05-13 09:18:16 +0000  /Applications/Xcode.app/Contents/Developer/Toolchains/XcodeDefault.xctoolchain/usr/bin/lipo exited with 0
2022-05-13 09:18:16 +0000  Successfully thinned item "libswiftAVFoundation.dylib", arch "arm64e"
2022-05-13 09:18:16 +0000  Running /Applications/Xcode.app/Contents/Developer/Toolchains/XcodeDefault.xctoolchain/usr/bin/lipo '/var/folders/ww/sw0d02593_9c001st0kyw4bc0000gn/T/XcodeDistPipeline.~~~p63Lc0/Root/Payload/Onscart.app/Frameworks/libswiftContacts.dylib' '-verify_arch' 'arm64e'
2022-05-13 09:18:16 +0000  /Applications/Xcode.app/Contents/Developer/Toolchains/XcodeDefault.xctoolchain/usr/bin/lipo exited with 0
2022-05-13 09:18:16 +0000  Running /Applications/Xcode.app/Contents/Developer/Toolchains/XcodeDefault.xctoolchain/usr/bin/lipo '/var/folders/ww/sw0d02593_9c001st0kyw4bc0000gn/T/XcodeDistPipeline.~~~p63Lc0/Root/Payload/Onscart.app/Frameworks/libswiftContacts.dylib' '-remove' 'arm64e' '-output' '/var/folders/ww/sw0d02593_9c001st0kyw4bc0000gn/T/XcodeDistPipeline.~~~p63Lc0/Root/Payload/Onscart.app/Frameworks/libswiftContacts.dylib'
2022-05-13 09:18:16 +0000  /Applications/Xcode.app/Contents/Developer/Toolchains/XcodeDefault.xctoolchain/usr/bin/lipo exited with 0
2022-05-13 09:18:16 +0000  Successfully thinned item "libswiftContacts.dylib", arch "arm64e"
2022-05-13 09:18:16 +0000  Running /Applications/Xcode.app/Contents/Developer/Toolchains/XcodeDefault.xctoolchain/usr/bin/lipo '/var/folders/ww/sw0d02593_9c001st0kyw4bc0000gn/T/XcodeDistPipeline.~~~p63Lc0/Root/Payload/Onscart.app/Frameworks/libswiftCore.dylib' '-verify_arch' 'arm64e'
2022-05-13 09:18:16 +0000  /Applications/Xcode.app/Contents/Developer/Toolchains/XcodeDefault.xctoolchain/usr/bin/lipo exited with 0
2022-05-13 09:18:16 +0000  Running /Applications/Xcode.app/Contents/Developer/Toolchains/XcodeDefault.xctoolchain/usr/bin/lipo '/var/folders/ww/sw0d02593_9c001st0kyw4bc0000gn/T/XcodeDistPipeline.~~~p63Lc0/Root/Payload/Onscart.app/Frameworks/libswiftCore.dylib' '-remove' 'arm64e' '-output' '/var/folders/ww/sw0d02593_9c001st0kyw4bc0000gn/T/XcodeDistPipeline.~~~p63Lc0/Root/Payload/Onscart.app/Frameworks/libswiftCore.dylib'
2022-05-13 09:18:17 +0000  /Applications/Xcode.app/Contents/Developer/Toolchains/XcodeDefault.xctoolchain/usr/bin/lipo exited with 0
2022-05-13 09:18:18 +0000  Successfully thinned item "libswiftCore.dylib", arch "arm64e"
2022-05-13 09:18:18 +0000  Running /Applications/Xcode.app/Contents/Developer/Toolchains/XcodeDefault.xctoolchain/usr/bin/lipo '/var/folders/ww/sw0d02593_9c001st0kyw4bc0000gn/T/XcodeDistPipeline.~~~p63Lc0/Root/Payload/Onscart.app/Frameworks/libswiftCoreAudio.dylib' '-verify_arch' 'arm64e'
2022-05-13 09:18:18 +0000  /Applications/Xcode.app/Contents/Developer/Toolchains/XcodeDefault.xctoolchain/usr/bin/lipo exited with 0
2022-05-13 09:18:18 +0000  Running /Applications/Xcode.app/Contents/Developer/Toolchains/XcodeDefault.xctoolchain/usr/bin/lipo '/var/folders/ww/sw0d02593_9c001st0kyw4bc0000gn/T/XcodeDistPipeline.~~~p63Lc0/Root/Payload/Onscart.app/Frameworks/libswiftCoreAudio.dylib' '-remove' 'arm64e' '-output' '/var/folders/ww/sw0d02593_9c001st0kyw4bc0000gn/T/XcodeDistPipeline.~~~p63Lc0/Root/Payload/Onscart.app/Frameworks/libswiftCoreAudio.dylib'
2022-05-13 09:18:18 +0000  /Applications/Xcode.app/Contents/Developer/Toolchains/XcodeDefault.xctoolchain/usr/bin/lipo exited with 0
2022-05-13 09:18:18 +0000  Successfully thinned item "libswiftCoreAudio.dylib", arch "arm64e"
2022-05-13 09:18:18 +0000  Running /Applications/Xcode.app/Contents/Developer/Toolchains/XcodeDefault.xctoolchain/usr/bin/lipo '/var/folders/ww/sw0d02593_9c001st0kyw4bc0000gn/T/XcodeDistPipeline.~~~p63Lc0/Root/Payload/Onscart.app/Frameworks/libswiftCoreData.dylib' '-verify_arch' 'arm64e'
2022-05-13 09:18:18 +0000  /Applications/Xcode.app/Contents/Developer/Toolchains/XcodeDefault.xctoolchain/usr/bin/lipo exited with 0
2022-05-13 09:18:18 +0000  Running /Applications/Xcode.app/Contents/Developer/Toolchains/XcodeDefault.xctoolchain/usr/bin/lipo '/var/folders/ww/sw0d02593_9c001st0kyw4bc0000gn/T/XcodeDistPipeline.~~~p63Lc0/Root/Payload/Onscart.app/Frameworks/libswiftCoreData.dylib' '-remove' 'arm64e' '-output' '/var/folders/ww/sw0d02593_9c001st0kyw4bc0000gn/T/XcodeDistPipeline.~~~p63Lc0/Root/Payload/Onscart.app/Frameworks/libswiftCoreData.dylib'
2022-05-13 09:18:18 +0000  /Applications/Xcode.app/Contents/Developer/Toolchains/XcodeDefault.xctoolchain/usr/bin/lipo exited with 0
2022-05-13 09:18:18 +0000  Successfully thinned item "libswiftCoreData.dylib", arch "arm64e"
2022-05-13 09:18:18 +0000  Running /Applications/Xcode.app/Contents/Developer/Toolchains/XcodeDefault.xctoolchain/usr/bin/lipo '/var/folders/ww/sw0d02593_9c001st0kyw4bc0000gn/T/XcodeDistPipeline.~~~p63Lc0/Root/Payload/Onscart.app/Frameworks/libswiftCoreFoundation.dylib' '-verify_arch' 'arm64e'
2022-05-13 09:18:18 +0000  /Applications/Xcode.app/Contents/Developer/Toolchains/XcodeDefault.xctoolchain/usr/bin/lipo exited with 0
2022-05-13 09:18:18 +0000  Running /Applications/Xcode.app/Contents/Developer/Toolchains/XcodeDefault.xctoolchain/usr/bin/lipo '/var/folders/ww/sw0d02593_9c001st0kyw4bc0000gn/T/XcodeDistPipeline.~~~p63Lc0/Root/Payload/Onscart.app/Frameworks/libswiftCoreFoundation.dylib' '-remove' 'arm64e' '-output' '/var/folders/ww/sw0d02593_9c001st0kyw4bc0000gn/T/XcodeDistPipeline.~~~p63Lc0/Root/Payload/Onscart.app/Frameworks/libswiftCoreFoundation.dylib'
2022-05-13 09:18:18 +0000  /Applications/Xcode.app/Contents/Developer/Toolchains/XcodeDefault.xctoolchain/usr/bin/lipo exited with 0
2022-05-13 09:18:18 +0000  Successfully thinned item "libswiftCoreFoundation.dylib", arch "arm64e"
2022-05-13 09:18:18 +0000  Running /Applications/Xcode.app/Contents/Developer/Toolchains/XcodeDefault.xctoolchain/usr/bin/lipo '/var/folders/ww/sw0d02593_9c001st0kyw4bc0000gn/T/XcodeDistPipeline.~~~p63Lc0/Root/Payload/Onscart.app/Frameworks/libswiftCoreGraphics.dylib' '-verify_arch' 'arm64e'
2022-05-13 09:18:18 +0000  /Applications/Xcode.app/Contents/Developer/Toolchains/XcodeDefault.xctoolchain/usr/bin/lipo exited with 0
2022-05-13 09:18:18 +0000  Running /Applications/Xcode.app/Contents/Developer/Toolchains/XcodeDefault.xctoolchain/usr/bin/lipo '/var/folders/ww/sw0d02593_9c001st0kyw4bc0000gn/T/XcodeDistPipeline.~~~p63Lc0/Root/Payload/Onscart.app/Frameworks/libswiftCoreGraphics.dylib' '-remove' 'arm64e' '-output' '/var/folders/ww/sw0d02593_9c001st0kyw4bc0000gn/T/XcodeDistPipeline.~~~p63Lc0/Root/Payload/Onscart.app/Frameworks/libswiftCoreGraphics.dylib'
2022-05-13 09:18:18 +0000  /Applications/Xcode.app/Contents/Developer/Toolchains/XcodeDefault.xctoolchain/usr/bin/lipo exited with 0
2022-05-13 09:18:18 +0000  Successfully thinned item "libswiftCoreGraphics.dylib", arch "arm64e"
2022-05-13 09:18:18 +0000  Running /Applications/Xcode.app/Contents/Developer/Toolchains/XcodeDefault.xctoolchain/usr/bin/lipo '/var/folders/ww/sw0d02593_9c001st0kyw4bc0000gn/T/XcodeDistPipeline.~~~p63Lc0/Root/Payload/Onscart.app/Frameworks/libswiftCoreImage.dylib' '-verify_arch' 'arm64e'
2022-05-13 09:18:18 +0000  /Applications/Xcode.app/Contents/Developer/Toolchains/XcodeDefault.xctoolchain/usr/bin/lipo exited with 0
2022-05-13 09:18:18 +0000  Running /Applications/Xcode.app/Contents/Developer/Toolchains/XcodeDefault.xctoolchain/usr/bin/lipo '/var/folders/ww/sw0d02593_9c001st0kyw4bc0000gn/T/XcodeDistPipeline.~~~p63Lc0/Root/Payload/Onscart.app/Frameworks/libswiftCoreImage.dylib' '-remove' 'arm64e' '-output' '/var/folders/ww/sw0d02593_9c001st0kyw4bc0000gn/T/XcodeDistPipeline.~~~p63Lc0/Root/Payload/Onscart.app/Frameworks/libswiftCoreImage.dylib'
2022-05-13 09:18:18 +0000  /Applications/Xcode.app/Contents/Developer/Toolchains/XcodeDefault.xctoolchain/usr/bin/lipo exited with 0
2022-05-13 09:18:18 +0000  Successfully thinned item "libswiftCoreImage.dylib", arch "arm64e"
2022-05-13 09:18:18 +0000  Running /Applications/Xcode.app/Contents/Developer/Toolchains/XcodeDefault.xctoolchain/usr/bin/lipo '/var/folders/ww/sw0d02593_9c001st0kyw4bc0000gn/T/XcodeDistPipeline.~~~p63Lc0/Root/Payload/Onscart.app/Frameworks/libswiftCoreLocation.dylib' '-verify_arch' 'arm64e'
2022-05-13 09:18:18 +0000  /Applications/Xcode.app/Contents/Developer/Toolchains/XcodeDefault.xctoolchain/usr/bin/lipo exited with 0
2022-05-13 09:18:18 +0000  Running /Applications/Xcode.app/Contents/Developer/Toolchains/XcodeDefault.xctoolchain/usr/bin/lipo '/var/folders/ww/sw0d02593_9c001st0kyw4bc0000gn/T/XcodeDistPipeline.~~~p63Lc0/Root/Payload/Onscart.app/Frameworks/libswiftCoreLocation.dylib' '-remove' 'arm64e' '-output' '/var/folders/ww/sw0d02593_9c001st0kyw4bc0000gn/T/XcodeDistPipeline.~~~p63Lc0/Root/Payload/Onscart.app/Frameworks/libswiftCoreLocation.dylib'
2022-05-13 09:18:18 +0000  /Applications/Xcode.app/Contents/Developer/Toolchains/XcodeDefault.xctoolchain/usr/bin/lipo exited with 0
2022-05-13 09:18:18 +0000  Successfully thinned item "libswiftCoreLocation.dylib", arch "arm64e"
2022-05-13 09:18:18 +0000  Running /Applications/Xcode.app/Contents/Developer/Toolchains/XcodeDefault.xctoolchain/usr/bin/lipo '/var/folders/ww/sw0d02593_9c001st0kyw4bc0000gn/T/XcodeDistPipeline.~~~p63Lc0/Root/Payload/Onscart.app/Frameworks/libswiftCoreMedia.dylib' '-verify_arch' 'arm64e'
2022-05-13 09:18:18 +0000  /Applications/Xcode.app/Contents/Developer/Toolchains/XcodeDefault.xctoolchain/usr/bin/lipo exited with 0
2022-05-13 09:18:18 +0000  Running /Applications/Xcode.app/Contents/Developer/Toolchains/XcodeDefault.xctoolchain/usr/bin/lipo '/var/folders/ww/sw0d02593_9c001st0kyw4bc0000gn/T/XcodeDistPipeline.~~~p63Lc0/Root/Payload/Onscart.app/Frameworks/libswiftCoreMedia.dylib' '-remove' 'arm64e' '-output' '/var/folders/ww/sw0d02593_9c001st0kyw4bc0000gn/T/XcodeDistPipeline.~~~p63Lc0/Root/Payload/Onscart.app/Frameworks/libswiftCoreMedia.dylib'
2022-05-13 09:18:18 +0000  /Applications/Xcode.app/Contents/Developer/Toolchains/XcodeDefault.xctoolchain/usr/bin/lipo exited with 0
2022-05-13 09:18:18 +0000  Successfully thinned item "libswiftCoreMedia.dylib", arch "arm64e"
2022-05-13 09:18:18 +0000  Running /Applications/Xcode.app/Contents/Developer/Toolchains/XcodeDefault.xctoolchain/usr/bin/lipo '/var/folders/ww/sw0d02593_9c001st0kyw4bc0000gn/T/XcodeDistPipeline.~~~p63Lc0/Root/Payload/Onscart.app/Frameworks/libswiftDarwin.dylib' '-verify_arch' 'arm64e'
2022-05-13 09:18:18 +0000  /Applications/Xcode.app/Contents/Developer/Toolchains/XcodeDefault.xctoolchain/usr/bin/lipo exited with 0
2022-05-13 09:18:18 +0000  Running /Applications/Xcode.app/Contents/Developer/Toolchains/XcodeDefault.xctoolchain/usr/bin/lipo '/var/folders/ww/sw0d02593_9c001st0kyw4bc0000gn/T/XcodeDistPipeline.~~~p63Lc0/Root/Payload/Onscart.app/Frameworks/libswiftDarwin.dylib' '-remove' 'arm64e' '-output' '/var/folders/ww/sw0d02593_9c001st0kyw4bc0000gn/T/XcodeDistPipeline.~~~p63Lc0/Root/Payload/Onscart.app/Frameworks/libswiftDarwin.dylib'
2022-05-13 09:18:18 +0000  /Applications/Xcode.app/Contents/Developer/Toolchains/XcodeDefault.xctoolchain/usr/bin/lipo exited with 0
2022-05-13 09:18:18 +0000  Successfully thinned item "libswiftDarwin.dylib", arch "arm64e"
2022-05-13 09:18:18 +0000  Running /Applications/Xcode.app/Contents/Developer/Toolchains/XcodeDefault.xctoolchain/usr/bin/lipo '/var/folders/ww/sw0d02593_9c001st0kyw4bc0000gn/T/XcodeDistPipeline.~~~p63Lc0/Root/Payload/Onscart.app/Frameworks/libswiftDispatch.dylib' '-verify_arch' 'arm64e'
2022-05-13 09:18:18 +0000  /Applications/Xcode.app/Contents/Developer/Toolchains/XcodeDefault.xctoolchain/usr/bin/lipo exited with 0
2022-05-13 09:18:18 +0000  Running /Applications/Xcode.app/Contents/Developer/Toolchains/XcodeDefault.xctoolchain/usr/bin/lipo '/var/folders/ww/sw0d02593_9c001st0kyw4bc0000gn/T/XcodeDistPipeline.~~~p63Lc0/Root/Payload/Onscart.app/Frameworks/libswiftDispatch.dylib' '-remove' 'arm64e' '-output' '/var/folders/ww/sw0d02593_9c001st0kyw4bc0000gn/T/XcodeDistPipeline.~~~p63Lc0/Root/Payload/Onscart.app/Frameworks/libswiftDispatch.dylib'
2022-05-13 09:18:18 +0000  /Applications/Xcode.app/Contents/Developer/Toolchains/XcodeDefault.xctoolchain/usr/bin/lipo exited with 0
2022-05-13 09:18:18 +0000  Successfully thinned item "libswiftDispatch.dylib", arch "arm64e"
2022-05-13 09:18:18 +0000  Running /Applications/Xcode.app/Contents/Developer/Toolchains/XcodeDefault.xctoolchain/usr/bin/lipo '/var/folders/ww/sw0d02593_9c001st0kyw4bc0000gn/T/XcodeDistPipeline.~~~p63Lc0/Root/Payload/Onscart.app/Frameworks/libswiftFoundation.dylib' '-verify_arch' 'arm64e'
2022-05-13 09:18:18 +0000  /Applications/Xcode.app/Contents/Developer/Toolchains/XcodeDefault.xctoolchain/usr/bin/lipo exited with 0
2022-05-13 09:18:18 +0000  Running /Applications/Xcode.app/Contents/Developer/Toolchains/XcodeDefault.xctoolchain/usr/bin/lipo '/var/folders/ww/sw0d02593_9c001st0kyw4bc0000gn/T/XcodeDistPipeline.~~~p63Lc0/Root/Payload/Onscart.app/Frameworks/libswiftFoundation.dylib' '-remove' 'arm64e' '-output' '/var/folders/ww/sw0d02593_9c001st0kyw4bc0000gn/T/XcodeDistPipeline.~~~p63Lc0/Root/Payload/Onscart.app/Frameworks/libswiftFoundation.dylib'
2022-05-13 09:18:19 +0000  /Applications/Xcode.app/Contents/Developer/Toolchains/XcodeDefault.xctoolchain/usr/bin/lipo exited with 0
2022-05-13 09:18:19 +0000  Successfully thinned item "libswiftFoundation.dylib", arch "arm64e"
2022-05-13 09:18:19 +0000  Running /Applications/Xcode.app/Contents/Developer/Toolchains/XcodeDefault.xctoolchain/usr/bin/lipo '/var/folders/ww/sw0d02593_9c001st0kyw4bc0000gn/T/XcodeDistPipeline.~~~p63Lc0/Root/Payload/Onscart.app/Frameworks/libswiftMetal.dylib' '-verify_arch' 'arm64e'
2022-05-13 09:18:19 +0000  /Applications/Xcode.app/Contents/Developer/Toolchains/XcodeDefault.xctoolchain/usr/bin/lipo exited with 0
2022-05-13 09:18:19 +0000  Running /Applications/Xcode.app/Contents/Developer/Toolchains/XcodeDefault.xctoolchain/usr/bin/lipo '/var/folders/ww/sw0d02593_9c001st0kyw4bc0000gn/T/XcodeDistPipeline.~~~p63Lc0/Root/Payload/Onscart.app/Frameworks/libswiftMetal.dylib' '-remove' 'arm64e' '-output' '/var/folders/ww/sw0d02593_9c001st0kyw4bc0000gn/T/XcodeDistPipeline.~~~p63Lc0/Root/Payload/Onscart.app/Frameworks/libswiftMetal.dylib'
2022-05-13 09:18:19 +0000  /Applications/Xcode.app/Contents/Developer/Toolchains/XcodeDefault.xctoolchain/usr/bin/lipo exited with 0
2022-05-13 09:18:19 +0000  Successfully thinned item "libswiftMetal.dylib", arch "arm64e"
2022-05-13 09:18:19 +0000  Running /Applications/Xcode.app/Contents/Developer/Toolchains/XcodeDefault.xctoolchain/usr/bin/lipo '/var/folders/ww/sw0d02593_9c001st0kyw4bc0000gn/T/XcodeDistPipeline.~~~p63Lc0/Root/Payload/Onscart.app/Frameworks/libswiftObjectiveC.dylib' '-verify_arch' 'arm64e'
2022-05-13 09:18:19 +0000  /Applications/Xcode.app/Contents/Developer/Toolchains/XcodeDefault.xctoolchain/usr/bin/lipo exited with 0
2022-05-13 09:18:19 +0000  Running /Applications/Xcode.app/Contents/Developer/Toolchains/XcodeDefault.xctoolchain/usr/bin/lipo '/var/folders/ww/sw0d02593_9c001st0kyw4bc0000gn/T/XcodeDistPipeline.~~~p63Lc0/Root/Payload/Onscart.app/Frameworks/libswiftObjectiveC.dylib' '-remove' 'arm64e' '-output' '/var/folders/ww/sw0d02593_9c001st0kyw4bc0000gn/T/XcodeDistPipeline.~~~p63Lc0/Root/Payload/Onscart.app/Frameworks/libswiftObjectiveC.dylib'
2022-05-13 09:18:19 +0000  /Applications/Xcode.app/Contents/Developer/Toolchains/XcodeDefault.xctoolchain/usr/bin/lipo exited with 0
2022-05-13 09:18:19 +0000  Successfully thinned item "libswiftObjectiveC.dylib", arch "arm64e"
2022-05-13 09:18:19 +0000  Running /Applications/Xcode.app/Contents/Developer/Toolchains/XcodeDefault.xctoolchain/usr/bin/lipo '/var/folders/ww/sw0d02593_9c001st0kyw4bc0000gn/T/XcodeDistPipeline.~~~p63Lc0/Root/Payload/Onscart.app/Frameworks/libswiftPhotos.dylib' '-verify_arch' 'arm64e'
2022-05-13 09:18:19 +0000  /Applications/Xcode.app/Contents/Developer/Toolchains/XcodeDefault.xctoolchain/usr/bin/lipo exited with 0
2022-05-13 09:18:19 +0000  Running /Applications/Xcode.app/Contents/Developer/Toolchains/XcodeDefault.xctoolchain/usr/bin/lipo '/var/folders/ww/sw0d02593_9c001st0kyw4bc0000gn/T/XcodeDistPipeline.~~~p63Lc0/Root/Payload/Onscart.app/Frameworks/libswiftPhotos.dylib' '-remove' 'arm64e' '-output' '/var/folders/ww/sw0d02593_9c001st0kyw4bc0000gn/T/XcodeDistPipeline.~~~p63Lc0/Root/Payload/Onscart.app/Frameworks/libswiftPhotos.dylib'
2022-05-13 09:18:19 +0000  /Applications/Xcode.app/Contents/Developer/Toolchains/XcodeDefault.xctoolchain/usr/bin/lipo exited with 0
2022-05-13 09:18:19 +0000  Successfully thinned item "libswiftPhotos.dylib", arch "arm64e"
2022-05-13 09:18:19 +0000  Running /Applications/Xcode.app/Contents/Developer/Toolchains/XcodeDefault.xctoolchain/usr/bin/lipo '/var/folders/ww/sw0d02593_9c001st0kyw4bc0000gn/T/XcodeDistPipeline.~~~p63Lc0/Root/Payload/Onscart.app/Frameworks/libswiftQuartzCore.dylib' '-verify_arch' 'arm64e'
2022-05-13 09:18:19 +0000  /Applications/Xcode.app/Contents/Developer/Toolchains/XcodeDefault.xctoolchain/usr/bin/lipo exited with 0
2022-05-13 09:18:19 +0000  Running /Applications/Xcode.app/Contents/Developer/Toolchains/XcodeDefault.xctoolchain/usr/bin/lipo '/var/folders/ww/sw0d02593_9c001st0kyw4bc0000gn/T/XcodeDistPipeline.~~~p63Lc0/Root/Payload/Onscart.app/Frameworks/libswiftQuartzCore.dylib' '-remove' 'arm64e' '-output' '/var/folders/ww/sw0d02593_9c001st0kyw4bc0000gn/T/XcodeDistPipeline.~~~p63Lc0/Root/Payload/Onscart.app/Frameworks/libswiftQuartzCore.dylib'
2022-05-13 09:18:19 +0000  /Applications/Xcode.app/Contents/Developer/Toolchains/XcodeDefault.xctoolchain/usr/bin/lipo exited with 0
2022-05-13 09:18:19 +0000  Successfully thinned item "libswiftQuartzCore.dylib", arch "arm64e"
2022-05-13 09:18:19 +0000  Running /Applications/Xcode.app/Contents/Developer/Toolchains/XcodeDefault.xctoolchain/usr/bin/lipo '/var/folders/ww/sw0d02593_9c001st0kyw4bc0000gn/T/XcodeDistPipeline.~~~p63Lc0/Root/Payload/Onscart.app/Frameworks/libswiftUIKit.dylib' '-verify_arch' 'arm64e'
2022-05-13 09:18:19 +0000  /Applications/Xcode.app/Contents/Developer/Toolchains/XcodeDefault.xctoolchain/usr/bin/lipo exited with 0
2022-05-13 09:18:19 +0000  Running /Applications/Xcode.app/Contents/Developer/Toolchains/XcodeDefault.xctoolchain/usr/bin/lipo '/var/folders/ww/sw0d02593_9c001st0kyw4bc0000gn/T/XcodeDistPipeline.~~~p63Lc0/Root/Payload/Onscart.app/Frameworks/libswiftUIKit.dylib' '-remove' 'arm64e' '-output' '/var/folders/ww/sw0d02593_9c001st0kyw4bc0000gn/T/XcodeDistPipeline.~~~p63Lc0/Root/Payload/Onscart.app/Frameworks/libswiftUIKit.dylib'
2022-05-13 09:18:19 +0000  /Applications/Xcode.app/Contents/Developer/Toolchains/XcodeDefault.xctoolchain/usr/bin/lipo exited with 0
2022-05-13 09:18:19 +0000  Successfully thinned item "libswiftUIKit.dylib", arch "arm64e"
2022-05-13 09:18:19 +0000  Running /Applications/Xcode.app/Contents/Developer/Toolchains/XcodeDefault.xctoolchain/usr/bin/lipo '/var/folders/ww/sw0d02593_9c001st0kyw4bc0000gn/T/XcodeDistPipeline.~~~p63Lc0/Root/Payload/Onscart.app/Frameworks/libswiftVision.dylib' '-verify_arch' 'arm64e'
2022-05-13 09:18:19 +0000  /Applications/Xcode.app/Contents/Developer/Toolchains/XcodeDefault.xctoolchain/usr/bin/lipo exited with 0
2022-05-13 09:18:19 +0000  Running /Applications/Xcode.app/Contents/Developer/Toolchains/XcodeDefault.xctoolchain/usr/bin/lipo '/var/folders/ww/sw0d02593_9c001st0kyw4bc0000gn/T/XcodeDistPipeline.~~~p63Lc0/Root/Payload/Onscart.app/Frameworks/libswiftVision.dylib' '-remove' 'arm64e' '-output' '/var/folders/ww/sw0d02593_9c001st0kyw4bc0000gn/T/XcodeDistPipeline.~~~p63Lc0/Root/Payload/Onscart.app/Frameworks/libswiftVision.dylib'
2022-05-13 09:18:19 +0000  /Applications/Xcode.app/Contents/Developer/Toolchains/XcodeDefault.xctoolchain/usr/bin/lipo exited with 0
2022-05-13 09:18:19 +0000  Successfully thinned item "libswiftVision.dylib", arch "arm64e"
2022-05-13 09:18:19 +0000  Running /Applications/Xcode.app/Contents/Developer/Toolchains/XcodeDefault.xctoolchain/usr/bin/lipo '/var/folders/ww/sw0d02593_9c001st0kyw4bc0000gn/T/XcodeDistPipeline.~~~p63Lc0/Root/Payload/Onscart.app/Frameworks/libswiftos.dylib' '-verify_arch' 'arm64e'
2022-05-13 09:18:19 +0000  /Applications/Xcode.app/Contents/Developer/Toolchains/XcodeDefault.xctoolchain/usr/bin/lipo exited with 0
2022-05-13 09:18:19 +0000  Running /Applications/Xcode.app/Contents/Developer/Toolchains/XcodeDefault.xctoolchain/usr/bin/lipo '/var/folders/ww/sw0d02593_9c001st0kyw4bc0000gn/T/XcodeDistPipeline.~~~p63Lc0/Root/Payload/Onscart.app/Frameworks/libswiftos.dylib' '-remove' 'arm64e' '-output' '/var/folders/ww/sw0d02593_9c001st0kyw4bc0000gn/T/XcodeDistPipeline.~~~p63Lc0/Root/Payload/Onscart.app/Frameworks/libswiftos.dylib'
2022-05-13 09:18:19 +0000  /Applications/Xcode.app/Contents/Developer/Toolchains/XcodeDefault.xctoolchain/usr/bin/lipo exited with 0
2022-05-13 09:18:19 +0000  Successfully thinned item "libswiftos.dylib", arch "arm64e"
2022-05-13 09:18:19 +0000  Running /Applications/Xcode.app/Contents/Developer/Toolchains/XcodeDefault.xctoolchain/usr/bin/lipo '/var/folders/ww/sw0d02593_9c001st0kyw4bc0000gn/T/XcodeDistPipeline.~~~p63Lc0/Root/Payload/Onscart.app/Frameworks/libswiftsimd.dylib' '-verify_arch' 'arm64e'
2022-05-13 09:18:19 +0000  /Applications/Xcode.app/Contents/Developer/Toolchains/XcodeDefault.xctoolchain/usr/bin/lipo exited with 0
2022-05-13 09:18:19 +0000  Running /Applications/Xcode.app/Contents/Developer/Toolchains/XcodeDefault.xctoolchain/usr/bin/lipo '/var/folders/ww/sw0d02593_9c001st0kyw4bc0000gn/T/XcodeDistPipeline.~~~p63Lc0/Root/Payload/Onscart.app/Frameworks/libswiftsimd.dylib' '-remove' 'arm64e' '-output' '/var/folders/ww/sw0d02593_9c001st0kyw4bc0000gn/T/XcodeDistPipeline.~~~p63Lc0/Root/Payload/Onscart.app/Frameworks/libswiftsimd.dylib'
2022-05-13 09:18:19 +0000  /Applications/Xcode.app/Contents/Developer/Toolchains/XcodeDefault.xctoolchain/usr/bin/lipo exited with 0
2022-05-13 09:18:19 +0000  Successfully thinned item "libswiftsimd.dylib", arch "arm64e"
2022-05-13 09:18:19 +0000  Running /Applications/Xcode.app/Contents/Developer/Toolchains/XcodeDefault.xctoolchain/usr/bin/lipo '/var/folders/ww/sw0d02593_9c001st0kyw4bc0000gn/T/XcodeDistPipeline.~~~p63Lc0/Root/Payload/Onscart.app/Onscart' '-verify_arch' 'arm64e'
2022-05-13 09:18:19 +0000  /Applications/Xcode.app/Contents/Developer/Toolchains/XcodeDefault.xctoolchain/usr/bin/lipo exited with 1
2022-05-13 09:18:19 +0000  Skipping architecture thinning for item "Onscart" because arch "arm64e" wasn't found
2022-05-13 09:18:19 +0000  Processing step: IDEDistributionODRStep
2022-05-13 09:18:19 +0000  Processing step: IDEDistributionStripXattrsStep
2022-05-13 09:18:19 +0000  Skipping stripping extended attributes of item: <IDEDistributionItem: 0x7fa33a35b6d0; bundleID='com.zendesk.ChatProvidersSDK', path='<DVTFilePath:0x7fa33a1b36f0:'/Users/cbl-mac-001/Library/Developer/Xcode/Archives/2022-05-13/Onscart(Prod) 13-05-22, 1.29 PM.xcarchive/Products/Applications/Onscart.app/Frameworks/ChatProvidersSDK.framework'>', codeSigningInfo='<_DVTCodeSigningInformation_Path: 0x7fa324966480; isSigned='1', isAdHocSigned='0', signingCertificate='<DVTSigningCertificate: 0x7fa4e694cb60; name='Apple Distribution: Code Brew Labs (6FXUMT5X23)', hash='123CDC3C0D45E7C1D11EBC0789D358D71BDC3FE0', serialNumber='61FFED10654449B1B4B474C94D696131', certificateKinds='(
    "1.2.840.113635.100.6.1.7",
    "1.2.840.113635.100.6.1.4"
), issueDate='2021-05-17 09:31:07 +0000''>', entitlements='(null)', teamID='6FXUMT5X23', identifier='com.zendesk.ChatProvidersSDK', executablePath='<DVTFilePath:0x7fa3163b21c0:'/Users/cbl-mac-001/Library/Developer/Xcode/Archives/2022-05-13/Onscart(Prod) 13-05-22, 1.29 PM.xcarchive/Products/Applications/Onscart.app/Frameworks/ChatProvidersSDK.framework/ChatProvidersSDK'>', hardenedRuntime='0'>'>
2022-05-13 09:18:19 +0000  Skipping stripping extended attributes of item: <IDEDistributionItem: 0x7fa328170e60; bundleID='com.zendesk.ChatSDK', path='<DVTFilePath:0x7fa33a144290:'/Users/cbl-mac-001/Library/Developer/Xcode/Archives/2022-05-13/Onscart(Prod) 13-05-22, 1.29 PM.xcarchive/Products/Applications/Onscart.app/Frameworks/ChatSDK.framework'>', codeSigningInfo='<_DVTCodeSigningInformation_Path: 0x7fa4d20b4ea0; isSigned='1', isAdHocSigned='0', signingCertificate='<DVTSigningCertificate: 0x7fa40d088d80; name='Apple Distribution: Code Brew Labs (6FXUMT5X23)', hash='123CDC3C0D45E7C1D11EBC0789D358D71BDC3FE0', serialNumber='61FFED10654449B1B4B474C94D696131', certificateKinds='(
    "1.2.840.113635.100.6.1.7",
    "1.2.840.113635.100.6.1.4"
), issueDate='2021-05-17 09:31:07 +0000''>', entitlements='(null)', teamID='6FXUMT5X23', identifier='com.zendesk.ChatSDK', executablePath='<DVTFilePath:0x7fa33a1f60a0:'/Users/cbl-mac-001/Library/Developer/Xcode/Archives/2022-05-13/Onscart(Prod) 13-05-22, 1.29 PM.xcarchive/Products/Applications/Onscart.app/Frameworks/ChatSDK.framework/ChatSDK'>', hardenedRuntime='0'>'>
2022-05-13 09:18:19 +0000  Skipping stripping extended attributes of item: <IDEDistributionItem: 0x7fa3343b5130; bundleID='com.zendesk.CommonUISDK', path='<DVTFilePath:0x7fa33a4fe950:'/Users/cbl-mac-001/Library/Developer/Xcode/Archives/2022-05-13/Onscart(Prod) 13-05-22, 1.29 PM.xcarchive/Products/Applications/Onscart.app/Frameworks/CommonUISDK.framework'>', codeSigningInfo='<_DVTCodeSigningInformation_Path: 0x7fa41b2aaeb0; isSigned='1', isAdHocSigned='0', signingCertificate='<DVTSigningCertificate: 0x7fa4ba92efe0; name='Apple Distribution: Code Brew Labs (6FXUMT5X23)', hash='123CDC3C0D45E7C1D11EBC0789D358D71BDC3FE0', serialNumber='61FFED10654449B1B4B474C94D696131', certificateKinds='(
    "1.2.840.113635.100.6.1.7",
    "1.2.840.113635.100.6.1.4"
), issueDate='2021-05-17 09:31:07 +0000''>', entitlements='(null)', teamID='6FXUMT5X23', identifier='com.zendesk.CommonUISDK', executablePath='<DVTFilePath:0x7fa33a475660:'/Users/cbl-mac-001/Library/Developer/Xcode/Archives/2022-05-13/Onscart(Prod) 13-05-22, 1.29 PM.xcarchive/Products/Applications/Onscart.app/Frameworks/CommonUISDK.framework/CommonUISDK'>', hardenedRuntime='0'>'>
2022-05-13 09:18:19 +0000  Skipping stripping extended attributes of item: <IDEDistributionItem: 0x7fa339e30c20; bundleID='com.regula.facesdk', path='<DVTFilePath:0x7fa33a4c0920:'/Users/cbl-mac-001/Library/Developer/Xcode/Archives/2022-05-13/Onscart(Prod) 13-05-22, 1.29 PM.xcarchive/Products/Applications/Onscart.app/Frameworks/FaceSDK.framework'>', codeSigningInfo='<_DVTCodeSigningInformation_Path: 0x7fa31a03c4e0; isSigned='1', isAdHocSigned='0', signingCertificate='<DVTSigningCertificate: 0x7fa4ba92efe0; name='Apple Distribution: Code Brew Labs (6FXUMT5X23)', hash='123CDC3C0D45E7C1D11EBC0789D358D71BDC3FE0', serialNumber='61FFED10654449B1B4B474C94D696131', certificateKinds='(
    "1.2.840.113635.100.6.1.7",
    "1.2.840.113635.100.6.1.4"
), issueDate='2021-05-17 09:31:07 +0000''>', entitlements='(null)', teamID='6FXUMT5X23', identifier='com.regula.facesdk', executablePath='<DVTFilePath:0x7fa33a4e14b0:'/Users/cbl-mac-001/Library/Developer/Xcode/Archives/2022-05-13/Onscart(Prod) 13-05-22, 1.29 PM.xcarchive/Products/Applications/Onscart.app/Frameworks/FaceSDK.framework/FaceSDK'>', hardenedRuntime='0'>'>
2022-05-13 09:18:19 +0000  Skipping stripping extended attributes of item: <IDEDistributionItem: 0x7fa336341a60; bundleID='com.zendesk.MessagingAPI', path='<DVTFilePath:0x7fa33a4d2cf0:'/Users/cbl-mac-001/Library/Developer/Xcode/Archives/2022-05-13/Onscart(Prod) 13-05-22, 1.29 PM.xcarchive/Products/Applications/Onscart.app/Frameworks/MessagingAPI.framework'>', codeSigningInfo='<_DVTCodeSigningInformation_Path: 0x7fa52a6cf8c0; isSigned='1', isAdHocSigned='0', signingCertificate='<DVTSigningCertificate: 0x7fa4ba92efe0; name='Apple Distribution: Code Brew Labs (6FXUMT5X23)', hash='123CDC3C0D45E7C1D11EBC0789D358D71BDC3FE0', serialNumber='61FFED10654449B1B4B474C94D696131', certificateKinds='(
    "1.2.840.113635.100.6.1.7",
    "1.2.840.113635.100.6.1.4"
), issueDate='2021-05-17 09:31:07 +0000''>', entitlements='(null)', teamID='6FXUMT5X23', identifier='com.zendesk.MessagingAPI', executablePath='<DVTFilePath:0x7fa339fdd0f0:'/Users/cbl-mac-001/Library/Developer/Xcode/Archives/2022-05-13/Onscart(Prod) 13-05-22, 1.29 PM.xcarchive/Products/Applications/Onscart.app/Frameworks/MessagingAPI.framework/MessagingAPI'>', hardenedRuntime='0'>'>
2022-05-13 09:18:19 +0000  Skipping stripping extended attributes of item: <IDEDistributionItem: 0x7fa4d29ab370; bundleID='com.zendesk.MessagingSDK', path='<DVTFilePath:0x7fa33a45da70:'/Users/cbl-mac-001/Library/Developer/Xcode/Archives/2022-05-13/Onscart(Prod) 13-05-22, 1.29 PM.xcarchive/Products/Applications/Onscart.app/Frameworks/MessagingSDK.framework'>', codeSigningInfo='<_DVTCodeSigningInformation_Path: 0x7fa3281408f0; isSigned='1', isAdHocSigned='0', signingCertificate='<DVTSigningCertificate: 0x7fa4ba92efe0; name='Apple Distribution: Code Brew Labs (6FXUMT5X23)', hash='123CDC3C0D45E7C1D11EBC0789D358D71BDC3FE0', serialNumber='61FFED10654449B1B4B474C94D696131', certificateKinds='(
    "1.2.840.113635.100.6.1.7",
    "1.2.840.113635.100.6.1.4"
), issueDate='2021-05-17 09:31:07 +0000''>', entitlements='(null)', teamID='6FXUMT5X23', identifier='com.zendesk.MessagingSDK', executablePath='<DVTFilePath:0x7fa419a877e0:'/Users/cbl-mac-001/Library/Developer/Xcode/Archives/2022-05-13/Onscart(Prod) 13-05-22, 1.29 PM.xcarchive/Products/Applications/Onscart.app/Frameworks/MessagingSDK.framework/MessagingSDK'>', hardenedRuntime='0'>'>
2022-05-13 09:18:19 +0000  Skipping stripping extended attributes of item: <IDEDistributionItem: 0x7fa33a32ecd0; bundleID='com.razorpay.CheckoutOtpelf', path='<DVTFilePath:0x7fa33a45fae0:'/Users/cbl-mac-001/Library/Developer/Xcode/Archives/2022-05-13/Onscart(Prod) 13-05-22, 1.29 PM.xcarchive/Products/Applications/Onscart.app/Frameworks/Razorpay.framework'>', codeSigningInfo='<_DVTCodeSigningInformation_Path: 0x7fa336369980; isSigned='1', isAdHocSigned='0', signingCertificate='<DVTSigningCertificate: 0x7fa4ba92efe0; name='Apple Distribution: Code Brew Labs (6FXUMT5X23)', hash='123CDC3C0D45E7C1D11EBC0789D358D71BDC3FE0', serialNumber='61FFED10654449B1B4B474C94D696131', certificateKinds='(
    "1.2.840.113635.100.6.1.7",
    "1.2.840.113635.100.6.1.4"
), issueDate='2021-05-17 09:31:07 +0000''>', entitlements='(null)', teamID='6FXUMT5X23', identifier='com.razorpay.CheckoutOtpelf', executablePath='<DVTFilePath:0x7fa38d722f50:'/Users/cbl-mac-001/Library/Developer/Xcode/Archives/2022-05-13/Onscart(Prod) 13-05-22, 1.29 PM.xcarchive/Products/Applications/Onscart.app/Frameworks/Razorpay.framework/Razorpay'>', hardenedRuntime='0'>'>
2022-05-13 09:18:19 +0000  Skipping stripping extended attributes of item: <IDEDistributionItem: 0x7fa38d1aac60; bundleID='com.regula.RegulaCommon', path='<DVTFilePath:0x7fa33a4b6ed0:'/Users/cbl-mac-001/Library/Developer/Xcode/Archives/2022-05-13/Onscart(Prod) 13-05-22, 1.29 PM.xcarchive/Products/Applications/Onscart.app/Frameworks/RegulaCommon.framework'>', codeSigningInfo='<_DVTCodeSigningInformation_Path: 0x7fa38a63c430; isSigned='1', isAdHocSigned='0', signingCertificate='<DVTSigningCertificate: 0x7fa40d088d80; name='Apple Distribution: Code Brew Labs (6FXUMT5X23)', hash='123CDC3C0D45E7C1D11EBC0789D358D71BDC3FE0', serialNumber='61FFED10654449B1B4B474C94D696131', certificateKinds='(
    "1.2.840.113635.100.6.1.7",
    "1.2.840.113635.100.6.1.4"
), issueDate='2021-05-17 09:31:07 +0000''>', entitlements='(null)', teamID='6FXUMT5X23', identifier='com.regula.RegulaCommon', executablePath='<DVTFilePath:0x7fa41ce78010:'/Users/cbl-mac-001/Library/Developer/Xcode/Archives/2022-05-13/Onscart(Prod) 13-05-22, 1.29 PM.xcarchive/Products/Applications/Onscart.app/Frameworks/RegulaCommon.framework/RegulaCommon'>', hardenedRuntime='0'>'>
2022-05-13 09:18:19 +0000  Skipping stripping extended attributes of item: <IDEDistributionItem: 0x7fa334bf3360; bundleID='com.zendesk.SDKConfigurations', path='<DVTFilePath:0x7fa33a4b4750:'/Users/cbl-mac-001/Library/Developer/Xcode/Archives/2022-05-13/Onscart(Prod) 13-05-22, 1.29 PM.xcarchive/Products/Applications/Onscart.app/Frameworks/SDKConfigurations.framework'>', codeSigningInfo='<_DVTCodeSigningInformation_Path: 0x7fa4edbff340; isSigned='1', isAdHocSigned='0', signingCertificate='<DVTSigningCertificate: 0x7fa4e694cb60; name='Apple Distribution: Code Brew Labs (6FXUMT5X23)', hash='123CDC3C0D45E7C1D11EBC0789D358D71BDC3FE0', serialNumber='61FFED10654449B1B4B474C94D696131', certificateKinds='(
    "1.2.840.113635.100.6.1.7",
    "1.2.840.113635.100.6.1.4"
), issueDate='2021-05-17 09:31:07 +0000''>', entitlements='(null)', teamID='6FXUMT5X23', identifier='com.zendesk.SDKConfigurations', executablePath='<DVTFilePath:0x7fa4d1295570:'/Users/cbl-mac-001/Library/Developer/Xcode/Archives/2022-05-13/Onscart(Prod) 13-05-22, 1.29 PM.xcarchive/Products/Applications/Onscart.app/Frameworks/SDKConfigurations.framework/SDKConfigurations'>', hardenedRuntime='0'>'>
2022-05-13 09:18:19 +0000  Skipping stripping extended attributes of item: <IDEDistributionItem: 0x7fa38a9b62c0; bundleID='com.apple.dt.runtime.swiftAVFoundation', path='<DVTFilePath:0x7fa339c0ba80:'/Users/cbl-mac-001/Library/Developer/Xcode/Archives/2022-05-13/Onscart(Prod) 13-05-22, 1.29 PM.xcarchive/Products/Applications/Onscart.app/Frameworks/libswiftAVFoundation.dylib'>', codeSigningInfo='<_DVTCodeSigningInformation_Path: 0x7fa3908e0650; isSigned='1', isAdHocSigned='0', signingCertificate='<DVTSigningCertificate: 0x7fa40d088d80; name='Apple Distribution: Code Brew Labs (6FXUMT5X23)', hash='123CDC3C0D45E7C1D11EBC0789D358D71BDC3FE0', serialNumber='61FFED10654449B1B4B474C94D696131', certificateKinds='(
    "1.2.840.113635.100.6.1.7",
    "1.2.840.113635.100.6.1.4"
), issueDate='2021-05-17 09:31:07 +0000''>', entitlements='(null)', teamID='6FXUMT5X23', identifier='com.apple.dt.runtime.swiftAVFoundation', executablePath='<DVTFilePath:0x7fa339c0ba80:'/Users/cbl-mac-001/Library/Developer/Xcode/Archives/2022-05-13/Onscart(Prod) 13-05-22, 1.29 PM.xcarchive/Products/Applications/Onscart.app/Frameworks/libswiftAVFoundation.dylib'>', hardenedRuntime='0'>'>
2022-05-13 09:18:19 +0000  Skipping stripping extended attributes of item: <IDEDistributionItem: 0x7fa332efe100; bundleID='com.apple.dt.runtime.swiftContacts', path='<DVTFilePath:0x7fa339ce1c00:'/Users/cbl-mac-001/Library/Developer/Xcode/Archives/2022-05-13/Onscart(Prod) 13-05-22, 1.29 PM.xcarchive/Products/Applications/Onscart.app/Frameworks/libswiftContacts.dylib'>', codeSigningInfo='<_DVTCodeSigningInformation_Path: 0x7fa38a63a3a0; isSigned='1', isAdHocSigned='0', signingCertificate='<DVTSigningCertificate: 0x7fa4e694cb60; name='Apple Distribution: Code Brew Labs (6FXUMT5X23)', hash='123CDC3C0D45E7C1D11EBC0789D358D71BDC3FE0', serialNumber='61FFED10654449B1B4B474C94D696131', certificateKinds='(
    "1.2.840.113635.100.6.1.7",
    "1.2.840.113635.100.6.1.4"
), issueDate='2021-05-17 09:31:07 +0000''>', entitlements='(null)', teamID='6FXUMT5X23', identifier='com.apple.dt.runtime.swiftContacts', executablePath='<DVTFilePath:0x7fa339ce1c00:'/Users/cbl-mac-001/Library/Developer/Xcode/Archives/2022-05-13/Onscart(Prod) 13-05-22, 1.29 PM.xcarchive/Products/Applications/Onscart.app/Frameworks/libswiftContacts.dylib'>', hardenedRuntime='0'>'>
2022-05-13 09:18:19 +0000  Skipping stripping extended attributes of item: <IDEDistributionItem: 0x7fa3363f2d30; bundleID='com.apple.dt.runtime.swiftCore', path='<DVTFilePath:0x7fa4f7d5a530:'/Users/cbl-mac-001/Library/Developer/Xcode/Archives/2022-05-13/Onscart(Prod) 13-05-22, 1.29 PM.xcarchive/Products/Applications/Onscart.app/Frameworks/libswiftCore.dylib'>', codeSigningInfo='<_DVTCodeSigningInformation_Path: 0x7fa38edf92f0; isSigned='1', isAdHocSigned='0', signingCertificate='<DVTSigningCertificate: 0x7fa40d088d80; name='Apple Distribution: Code Brew Labs (6FXUMT5X23)', hash='123CDC3C0D45E7C1D11EBC0789D358D71BDC3FE0', serialNumber='61FFED10654449B1B4B474C94D696131', certificateKinds='(
    "1.2.840.113635.100.6.1.7",
    "1.2.840.113635.100.6.1.4"
), issueDate='2021-05-17 09:31:07 +0000''>', entitlements='(null)', teamID='6FXUMT5X23', identifier='com.apple.dt.runtime.swiftCore', executablePath='<DVTFilePath:0x7fa4f7d5a530:'/Users/cbl-mac-001/Library/Developer/Xcode/Archives/2022-05-13/Onscart(Prod) 13-05-22, 1.29 PM.xcarchive/Products/Applications/Onscart.app/Frameworks/libswiftCore.dylib'>', hardenedRuntime='0'>'>
2022-05-13 09:18:19 +0000  Skipping stripping extended attributes of item: <IDEDistributionItem: 0x7fa33a3774c0; bundleID='com.apple.dt.runtime.swiftCoreAudio', path='<DVTFilePath:0x7fa339c74790:'/Users/cbl-mac-001/Library/Developer/Xcode/Archives/2022-05-13/Onscart(Prod) 13-05-22, 1.29 PM.xcarchive/Products/Applications/Onscart.app/Frameworks/libswiftCoreAudio.dylib'>', codeSigningInfo='<_DVTCodeSigningInformation_Path: 0x7fa4ff8f0810; isSigned='1', isAdHocSigned='0', signingCertificate='<DVTSigningCertificate: 0x7fa4e694cb60; name='Apple Distribution: Code Brew Labs (6FXUMT5X23)', hash='123CDC3C0D45E7C1D11EBC0789D358D71BDC3FE0', serialNumber='61FFED10654449B1B4B474C94D696131', certificateKinds='(
    "1.2.840.113635.100.6.1.7",
    "1.2.840.113635.100.6.1.4"
), issueDate='2021-05-17 09:31:07 +0000''>', entitlements='(null)', teamID='6FXUMT5X23', identifier='com.apple.dt.runtime.swiftCoreAudio', executablePath='<DVTFilePath:0x7fa339c74790:'/Users/cbl-mac-001/Library/Developer/Xcode/Archives/2022-05-13/Onscart(Prod) 13-05-22, 1.29 PM.xcarchive/Products/Applications/Onscart.app/Frameworks/libswiftCoreAudio.dylib'>', hardenedRuntime='0'>'>
2022-05-13 09:18:19 +0000  Skipping stripping extended attributes of item: <IDEDistributionItem: 0x7fa339d2dae0; bundleID='com.apple.dt.runtime.swiftCoreData', path='<DVTFilePath:0x7fa519ab6b00:'/Users/cbl-mac-001/Library/Developer/Xcode/Archives/2022-05-13/Onscart(Prod) 13-05-22, 1.29 PM.xcarchive/Products/Applications/Onscart.app/Frameworks/libswiftCoreData.dylib'>', codeSigningInfo='<_DVTCodeSigningInformation_Path: 0x7fa4e6accab0; isSigned='1', isAdHocSigned='0', signingCertificate='<DVTSigningCertificate: 0x7fa4cca89ab0; name='Apple Distribution: Code Brew Labs (6FXUMT5X23)', hash='123CDC3C0D45E7C1D11EBC0789D358D71BDC3FE0', serialNumber='61FFED10654449B1B4B474C94D696131', certificateKinds='(
    "1.2.840.113635.100.6.1.7",
    "1.2.840.113635.100.6.1.4"
), issueDate='2021-05-17 09:31:07 +0000''>', entitlements='(null)', teamID='6FXUMT5X23', identifier='com.apple.dt.runtime.swiftCoreData', executablePath='<DVTFilePath:0x7fa519ab6b00:'/Users/cbl-mac-001/Library/Developer/Xcode/Archives/2022-05-13/Onscart(Prod) 13-05-22, 1.29 PM.xcarchive/Products/Applications/Onscart.app/Frameworks/libswiftCoreData.dylib'>', hardenedRuntime='0'>'>
2022-05-13 09:18:19 +0000  Skipping stripping extended attributes of item: <IDEDistributionItem: 0x7fa3363868d0; bundleID='com.apple.dt.runtime.swiftCoreFoundation', path='<DVTFilePath:0x7fa339c62270:'/Users/cbl-mac-001/Library/Developer/Xcode/Archives/2022-05-13/Onscart(Prod) 13-05-22, 1.29 PM.xcarchive/Products/Applications/Onscart.app/Frameworks/libswiftCoreFoundation.dylib'>', codeSigningInfo='<_DVTCodeSigningInformation_Path: 0x7fa38ed29050; isSigned='1', isAdHocSigned='0', signingCertificate='<DVTSigningCertificate: 0x7fa40d088d80; name='Apple Distribution: Code Brew Labs (6FXUMT5X23)', hash='123CDC3C0D45E7C1D11EBC0789D358D71BDC3FE0', serialNumber='61FFED10654449B1B4B474C94D696131', certificateKinds='(
    "1.2.840.113635.100.6.1.7",
    "1.2.840.113635.100.6.1.4"
), issueDate='2021-05-17 09:31:07 +0000''>', entitlements='(null)', teamID='6FXUMT5X23', identifier='com.apple.dt.runtime.swiftCoreFoundation', executablePath='<DVTFilePath:0x7fa339c62270:'/Users/cbl-mac-001/Library/Developer/Xcode/Archives/2022-05-13/Onscart(Prod) 13-05-22, 1.29 PM.xcarchive/Products/Applications/Onscart.app/Frameworks/libswiftCoreFoundation.dylib'>', hardenedRuntime='0'>'>
2022-05-13 09:18:19 +0000  Skipping stripping extended attributes of item: <IDEDistributionItem: 0x7fa390841a50; bundleID='com.apple.dt.runtime.swiftCoreGraphics', path='<DVTFilePath:0x7fa4cfccd810:'/Users/cbl-mac-001/Library/Developer/Xcode/Archives/2022-05-13/Onscart(Prod) 13-05-22, 1.29 PM.xcarchive/Products/Applications/Onscart.app/Frameworks/libswiftCoreGraphics.dylib'>', codeSigningInfo='<_DVTCodeSigningInformation_Path: 0x7fa3245b8bf0; isSigned='1', isAdHocSigned='0', signingCertificate='<DVTSigningCertificate: 0x7fa4e694cb60; name='Apple Distribution: Code Brew Labs (6FXUMT5X23)', hash='123CDC3C0D45E7C1D11EBC0789D358D71BDC3FE0', serialNumber='61FFED10654449B1B4B474C94D696131', certificateKinds='(
    "1.2.840.113635.100.6.1.7",
    "1.2.840.113635.100.6.1.4"
), issueDate='2021-05-17 09:31:07 +0000''>', entitlements='(null)', teamID='6FXUMT5X23', identifier='com.apple.dt.runtime.swiftCoreGraphics', executablePath='<DVTFilePath:0x7fa4cfccd810:'/Users/cbl-mac-001/Library/Developer/Xcode/Archives/2022-05-13/Onscart(Prod) 13-05-22, 1.29 PM.xcarchive/Products/Applications/Onscart.app/Frameworks/libswiftCoreGraphics.dylib'>', hardenedRuntime='0'>'>
2022-05-13 09:18:19 +0000  Skipping stripping extended attributes of item: <IDEDistributionItem: 0x7fa4f5ddc870; bundleID='com.apple.dt.runtime.swiftCoreImage', path='<DVTFilePath:0x7fa324006770:'/Users/cbl-mac-001/Library/Developer/Xcode/Archives/2022-05-13/Onscart(Prod) 13-05-22, 1.29 PM.xcarchive/Products/Applications/Onscart.app/Frameworks/libswiftCoreImage.dylib'>', codeSigningInfo='<_DVTCodeSigningInformation_Path: 0x7fa4e8289080; isSigned='1', isAdHocSigned='0', signingCertificate='<DVTSigningCertificate: 0x7fa40d088d80; name='Apple Distribution: Code Brew Labs (6FXUMT5X23)', hash='123CDC3C0D45E7C1D11EBC0789D358D71BDC3FE0', serialNumber='61FFED10654449B1B4B474C94D696131', certificateKinds='(
    "1.2.840.113635.100.6.1.7",
    "1.2.840.113635.100.6.1.4"
), issueDate='2021-05-17 09:31:07 +0000''>', entitlements='(null)', teamID='6FXUMT5X23', identifier='com.apple.dt.runtime.swiftCoreImage', executablePath='<DVTFilePath:0x7fa324006770:'/Users/cbl-mac-001/Library/Developer/Xcode/Archives/2022-05-13/Onscart(Prod) 13-05-22, 1.29 PM.xcarchive/Products/Applications/Onscart.app/Frameworks/libswiftCoreImage.dylib'>', hardenedRuntime='0'>'>
2022-05-13 09:18:19 +0000  Skipping stripping extended attributes of item: <IDEDistributionItem: 0x7fa335fd8380; bundleID='com.apple.dt.runtime.swiftCoreLocation', path='<DVTFilePath:0x7fa339c83cb0:'/Users/cbl-mac-001/Library/Developer/Xcode/Archives/2022-05-13/Onscart(Prod) 13-05-22, 1.29 PM.xcarchive/Products/Applications/Onscart.app/Frameworks/libswiftCoreLocation.dylib'>', codeSigningInfo='<_DVTCodeSigningInformation_Path: 0x7fa4ff89ff30; isSigned='1', isAdHocSigned='0', signingCertificate='<DVTSigningCertificate: 0x7fa4e694cb60; name='Apple Distribution: Code Brew Labs (6FXUMT5X23)', hash='123CDC3C0D45E7C1D11EBC0789D358D71BDC3FE0', serialNumber='61FFED10654449B1B4B474C94D696131', certificateKinds='(
    "1.2.840.113635.100.6.1.7",
    "1.2.840.113635.100.6.1.4"
), issueDate='2021-05-17 09:31:07 +0000''>', entitlements='(null)', teamID='6FXUMT5X23', identifier='com.apple.dt.runtime.swiftCoreLocation', executablePath='<DVTFilePath:0x7fa339c83cb0:'/Users/cbl-mac-001/Library/Developer/Xcode/Archives/2022-05-13/Onscart(Prod) 13-05-22, 1.29 PM.xcarchive/Products/Applications/Onscart.app/Frameworks/libswiftCoreLocation.dylib'>', hardenedRuntime='0'>'>
2022-05-13 09:18:19 +0000  Skipping stripping extended attributes of item: <IDEDistributionItem: 0x7fa40e60f010; bundleID='com.apple.dt.runtime.swiftCoreMedia', path='<DVTFilePath:0x7fa339c9b890:'/Users/cbl-mac-001/Library/Developer/Xcode/Archives/2022-05-13/Onscart(Prod) 13-05-22, 1.29 PM.xcarchive/Products/Applications/Onscart.app/Frameworks/libswiftCoreMedia.dylib'>', codeSigningInfo='<_DVTCodeSigningInformation_Path: 0x7fa38b0d8890; isSigned='1', isAdHocSigned='0', signingCertificate='<DVTSigningCertificate: 0x7fa4e694cb60; name='Apple Distribution: Code Brew Labs (6FXUMT5X23)', hash='123CDC3C0D45E7C1D11EBC0789D358D71BDC3FE0', serialNumber='61FFED10654449B1B4B474C94D696131', certificateKinds='(
    "1.2.840.113635.100.6.1.7",
    "1.2.840.113635.100.6.1.4"
), issueDate='2021-05-17 09:31:07 +0000''>', entitlements='(null)', teamID='6FXUMT5X23', identifier='com.apple.dt.runtime.swiftCoreMedia', executablePath='<DVTFilePath:0x7fa339c9b890:'/Users/cbl-mac-001/Library/Developer/Xcode/Archives/2022-05-13/Onscart(Prod) 13-05-22, 1.29 PM.xcarchive/Products/Applications/Onscart.app/Frameworks/libswiftCoreMedia.dylib'>', hardenedRuntime='0'>'>
2022-05-13 09:18:19 +0000  Skipping stripping extended attributes of item: <IDEDistributionItem: 0x7fa339e21f00; bundleID='com.apple.dt.runtime.swiftDarwin', path='<DVTFilePath:0x7fa339c06880:'/Users/cbl-mac-001/Library/Developer/Xcode/Archives/2022-05-13/Onscart(Prod) 13-05-22, 1.29 PM.xcarchive/Products/Applications/Onscart.app/Frameworks/libswiftDarwin.dylib'>', codeSigningInfo='<_DVTCodeSigningInformation_Path: 0x7fa4ed622030; isSigned='1', isAdHocSigned='0', signingCertificate='<DVTSigningCertificate: 0x7fa40d088d80; name='Apple Distribution: Code Brew Labs (6FXUMT5X23)', hash='123CDC3C0D45E7C1D11EBC0789D358D71BDC3FE0', serialNumber='61FFED10654449B1B4B474C94D696131', certificateKinds='(
    "1.2.840.113635.100.6.1.7",
    "1.2.840.113635.100.6.1.4"
), issueDate='2021-05-17 09:31:07 +0000''>', entitlements='(null)', teamID='6FXUMT5X23', identifier='com.apple.dt.runtime.swiftDarwin', executablePath='<DVTFilePath:0x7fa339c06880:'/Users/cbl-mac-001/Library/Developer/Xcode/Archives/2022-05-13/Onscart(Prod) 13-05-22, 1.29 PM.xcarchive/Products/Applications/Onscart.app/Frameworks/libswiftDarwin.dylib'>', hardenedRuntime='0'>'>
2022-05-13 09:18:19 +0000  Skipping stripping extended attributes of item: <IDEDistributionItem: 0x7fa33a378020; bundleID='com.apple.dt.runtime.swiftDispatch', path='<DVTFilePath:0x7fa4d2b77590:'/Users/cbl-mac-001/Library/Developer/Xcode/Archives/2022-05-13/Onscart(Prod) 13-05-22, 1.29 PM.xcarchive/Products/Applications/Onscart.app/Frameworks/libswiftDispatch.dylib'>', codeSigningInfo='<_DVTCodeSigningInformation_Path: 0x7fa41b2c55a0; isSigned='1', isAdHocSigned='0', signingCertificate='<DVTSigningCertificate: 0x7fa40d088d80; name='Apple Distribution: Code Brew Labs (6FXUMT5X23)', hash='123CDC3C0D45E7C1D11EBC0789D358D71BDC3FE0', serialNumber='61FFED10654449B1B4B474C94D696131', certificateKinds='(
    "1.2.840.113635.100.6.1.7",
    "1.2.840.113635.100.6.1.4"
), issueDate='2021-05-17 09:31:07 +0000''>', entitlements='(null)', teamID='6FXUMT5X23', identifier='com.apple.dt.runtime.swiftDispatch', executablePath='<DVTFilePath:0x7fa4d2b77590:'/Users/cbl-mac-001/Library/Developer/Xcode/Archives/2022-05-13/Onscart(Prod) 13-05-22, 1.29 PM.xcarchive/Products/Applications/Onscart.app/Frameworks/libswiftDispatch.dylib'>', hardenedRuntime='0'>'>
2022-05-13 09:18:19 +0000  Skipping stripping extended attributes of item: <IDEDistributionItem: 0x7fa339de2020; bundleID='com.apple.dt.runtime.swiftFoundation', path='<DVTFilePath:0x7fa339c36250:'/Users/cbl-mac-001/Library/Developer/Xcode/Archives/2022-05-13/Onscart(Prod) 13-05-22, 1.29 PM.xcarchive/Products/Applications/Onscart.app/Frameworks/libswiftFoundation.dylib'>', codeSigningInfo='<_DVTCodeSigningInformation_Path: 0x7fa324ef5fe0; isSigned='1', isAdHocSigned='0', signingCertificate='<DVTSigningCertificate: 0x7fa40d088d80; name='Apple Distribution: Code Brew Labs (6FXUMT5X23)', hash='123CDC3C0D45E7C1D11EBC0789D358D71BDC3FE0', serialNumber='61FFED10654449B1B4B474C94D696131', certificateKinds='(
    "1.2.840.113635.100.6.1.7",
    "1.2.840.113635.100.6.1.4"
), issueDate='2021-05-17 09:31:07 +0000''>', entitlements='(null)', teamID='6FXUMT5X23', identifier='com.apple.dt.runtime.swiftFoundation', executablePath='<DVTFilePath:0x7fa339c36250:'/Users/cbl-mac-001/Library/Developer/Xcode/Archives/2022-05-13/Onscart(Prod) 13-05-22, 1.29 PM.xcarchive/Products/Applications/Onscart.app/Frameworks/libswiftFoundation.dylib'>', hardenedRuntime='0'>'>
2022-05-13 09:18:19 +0000  Skipping stripping extended attributes of item: <IDEDistributionItem: 0x7fa336308da0; bundleID='com.apple.dt.runtime.swiftMetal', path='<DVTFilePath:0x7fa4aa56a080:'/Users/cbl-mac-001/Library/Developer/Xcode/Archives/2022-05-13/Onscart(Prod) 13-05-22, 1.29 PM.xcarchive/Products/Applications/Onscart.app/Frameworks/libswiftMetal.dylib'>', codeSigningInfo='<_DVTCodeSigningInformation_Path: 0x7fa41b28eef0; isSigned='1', isAdHocSigned='0', signingCertificate='<DVTSigningCertificate: 0x7fa4e694cb60; name='Apple Distribution: Code Brew Labs (6FXUMT5X23)', hash='123CDC3C0D45E7C1D11EBC0789D358D71BDC3FE0', serialNumber='61FFED10654449B1B4B474C94D696131', certificateKinds='(
    "1.2.840.113635.100.6.1.7",
    "1.2.840.113635.100.6.1.4"
), issueDate='2021-05-17 09:31:07 +0000''>', entitlements='(null)', teamID='6FXUMT5X23', identifier='com.apple.dt.runtime.swiftMetal', executablePath='<DVTFilePath:0x7fa4aa56a080:'/Users/cbl-mac-001/Library/Developer/Xcode/Archives/2022-05-13/Onscart(Prod) 13-05-22, 1.29 PM.xcarchive/Products/Applications/Onscart.app/Frameworks/libswiftMetal.dylib'>', hardenedRuntime='0'>'>
2022-05-13 09:18:19 +0000  Skipping stripping extended attributes of item: <IDEDistributionItem: 0x7fa336330c30; bundleID='com.apple.dt.runtime.swiftObjectiveC', path='<DVTFilePath:0x7fa40f1c9fb0:'/Users/cbl-mac-001/Library/Developer/Xcode/Archives/2022-05-13/Onscart(Prod) 13-05-22, 1.29 PM.xcarchive/Products/Applications/Onscart.app/Frameworks/libswiftObjectiveC.dylib'>', codeSigningInfo='<_DVTCodeSigningInformation_Path: 0x7fa38ce23070; isSigned='1', isAdHocSigned='0', signingCertificate='<DVTSigningCertificate: 0x7fa40d088d80; name='Apple Distribution: Code Brew Labs (6FXUMT5X23)', hash='123CDC3C0D45E7C1D11EBC0789D358D71BDC3FE0', serialNumber='61FFED10654449B1B4B474C94D696131', certificateKinds='(
    "1.2.840.113635.100.6.1.7",
    "1.2.840.113635.100.6.1.4"
), issueDate='2021-05-17 09:31:07 +0000''>', entitlements='(null)', teamID='6FXUMT5X23', identifier='com.apple.dt.runtime.swiftObjectiveC', executablePath='<DVTFilePath:0x7fa40f1c9fb0:'/Users/cbl-mac-001/Library/Developer/Xcode/Archives/2022-05-13/Onscart(Prod) 13-05-22, 1.29 PM.xcarchive/Products/Applications/Onscart.app/Frameworks/libswiftObjectiveC.dylib'>', hardenedRuntime='0'>'>
2022-05-13 09:18:19 +0000  Skipping stripping extended attributes of item: <IDEDistributionItem: 0x7fa38a94fab0; bundleID='com.apple.dt.runtime.swiftPhotos', path='<DVTFilePath:0x7fa3240727e0:'/Users/cbl-mac-001/Library/Developer/Xcode/Archives/2022-05-13/Onscart(Prod) 13-05-22, 1.29 PM.xcarchive/Products/Applications/Onscart.app/Frameworks/libswiftPhotos.dylib'>', codeSigningInfo='<_DVTCodeSigningInformation_Path: 0x7fa3363a3680; isSigned='1', isAdHocSigned='0', signingCertificate='<DVTSigningCertificate: 0x7fa4e694cb60; name='Apple Distribution: Code Brew Labs (6FXUMT5X23)', hash='123CDC3C0D45E7C1D11EBC0789D358D71BDC3FE0', serialNumber='61FFED10654449B1B4B474C94D696131', certificateKinds='(
    "1.2.840.113635.100.6.1.7",
    "1.2.840.113635.100.6.1.4"
), issueDate='2021-05-17 09:31:07 +0000''>', entitlements='(null)', teamID='6FXUMT5X23', identifier='com.apple.dt.runtime.swiftPhotos', executablePath='<DVTFilePath:0x7fa3240727e0:'/Users/cbl-mac-001/Library/Developer/Xcode/Archives/2022-05-13/Onscart(Prod) 13-05-22, 1.29 PM.xcarchive/Products/Applications/Onscart.app/Frameworks/libswiftPhotos.dylib'>', hardenedRuntime='0'>'>
2022-05-13 09:18:19 +0000  Skipping stripping extended attributes of item: <IDEDistributionItem: 0x7fa334399a50; bundleID='com.apple.dt.runtime.swiftQuartzCore', path='<DVTFilePath:0x7fa334ce3bf0:'/Users/cbl-mac-001/Library/Developer/Xcode/Archives/2022-05-13/Onscart(Prod) 13-05-22, 1.29 PM.xcarchive/Products/Applications/Onscart.app/Frameworks/libswiftQuartzCore.dylib'>', codeSigningInfo='<_DVTCodeSigningInformation_Path: 0x7fa52a635d90; isSigned='1', isAdHocSigned='0', signingCertificate='<DVTSigningCertificate: 0x7fa40d088d80; name='Apple Distribution: Code Brew Labs (6FXUMT5X23)', hash='123CDC3C0D45E7C1D11EBC0789D358D71BDC3FE0', serialNumber='61FFED10654449B1B4B474C94D696131', certificateKinds='(
    "1.2.840.113635.100.6.1.7",
    "1.2.840.113635.100.6.1.4"
), issueDate='2021-05-17 09:31:07 +0000''>', entitlements='(null)', teamID='6FXUMT5X23', identifier='com.apple.dt.runtime.swiftQuartzCore', executablePath='<DVTFilePath:0x7fa334ce3bf0:'/Users/cbl-mac-001/Library/Developer/Xcode/Archives/2022-05-13/Onscart(Prod) 13-05-22, 1.29 PM.xcarchive/Products/Applications/Onscart.app/Frameworks/libswiftQuartzCore.dylib'>', hardenedRuntime='0'>'>
2022-05-13 09:18:19 +0000  Skipping stripping extended attributes of item: <IDEDistributionItem: 0x7fa336373fc0; bundleID='com.apple.dt.runtime.swiftUIKit', path='<DVTFilePath:0x7fa4d37eef30:'/Users/cbl-mac-001/Library/Developer/Xcode/Archives/2022-05-13/Onscart(Prod) 13-05-22, 1.29 PM.xcarchive/Products/Applications/Onscart.app/Frameworks/libswiftUIKit.dylib'>', codeSigningInfo='<_DVTCodeSigningInformation_Path: 0x7fa3495069b0; isSigned='1', isAdHocSigned='0', signingCertificate='<DVTSigningCertificate: 0x7fa4e694cb60; name='Apple Distribution: Code Brew Labs (6FXUMT5X23)', hash='123CDC3C0D45E7C1D11EBC0789D358D71BDC3FE0', serialNumber='61FFED10654449B1B4B474C94D696131', certificateKinds='(
    "1.2.840.113635.100.6.1.7",
    "1.2.840.113635.100.6.1.4"
), issueDate='2021-05-17 09:31:07 +0000''>', entitlements='(null)', teamID='6FXUMT5X23', identifier='com.apple.dt.runtime.swiftUIKit', executablePath='<DVTFilePath:0x7fa4d37eef30:'/Users/cbl-mac-001/Library/Developer/Xcode/Archives/2022-05-13/Onscart(Prod) 13-05-22, 1.29 PM.xcarchive/Products/Applications/Onscart.app/Frameworks/libswiftUIKit.dylib'>', hardenedRuntime='0'>'>
2022-05-13 09:18:19 +0000  Skipping stripping extended attributes of item: <IDEDistributionItem: 0x7fa38a979000; bundleID='com.apple.dt.runtime.swiftVision', path='<DVTFilePath:0x7fa3240a12e0:'/Users/cbl-mac-001/Library/Developer/Xcode/Archives/2022-05-13/Onscart(Prod) 13-05-22, 1.29 PM.xcarchive/Products/Applications/Onscart.app/Frameworks/libswiftVision.dylib'>', codeSigningInfo='<_DVTCodeSigningInformation_Path: 0x7fa51a247b50; isSigned='1', isAdHocSigned='0', signingCertificate='<DVTSigningCertificate: 0x7fa40d088d80; name='Apple Distribution: Code Brew Labs (6FXUMT5X23)', hash='123CDC3C0D45E7C1D11EBC0789D358D71BDC3FE0', serialNumber='61FFED10654449B1B4B474C94D696131', certificateKinds='(
    "1.2.840.113635.100.6.1.7",
    "1.2.840.113635.100.6.1.4"
), issueDate='2021-05-17 09:31:07 +0000''>', entitlements='(null)', teamID='6FXUMT5X23', identifier='com.apple.dt.runtime.swiftVision', executablePath='<DVTFilePath:0x7fa3240a12e0:'/Users/cbl-mac-001/Library/Developer/Xcode/Archives/2022-05-13/Onscart(Prod) 13-05-22, 1.29 PM.xcarchive/Products/Applications/Onscart.app/Frameworks/libswiftVision.dylib'>', hardenedRuntime='0'>'>
2022-05-13 09:18:19 +0000  Skipping stripping extended attributes of item: <IDEDistributionItem: 0x7fa4febe5d30; bundleID='com.apple.dt.runtime.swiftos', path='<DVTFilePath:0x7fa324071f00:'/Users/cbl-mac-001/Library/Developer/Xcode/Archives/2022-05-13/Onscart(Prod) 13-05-22, 1.29 PM.xcarchive/Products/Applications/Onscart.app/Frameworks/libswiftos.dylib'>', codeSigningInfo='<_DVTCodeSigningInformation_Path: 0x7fa32403cc00; isSigned='1', isAdHocSigned='0', signingCertificate='<DVTSigningCertificate: 0x7fa40d088d80; name='Apple Distribution: Code Brew Labs (6FXUMT5X23)', hash='123CDC3C0D45E7C1D11EBC0789D358D71BDC3FE0', serialNumber='61FFED10654449B1B4B474C94D696131', certificateKinds='(
    "1.2.840.113635.100.6.1.7",
    "1.2.840.113635.100.6.1.4"
), issueDate='2021-05-17 09:31:07 +0000''>', entitlements='(null)', teamID='6FXUMT5X23', identifier='com.apple.dt.runtime.swiftos', executablePath='<DVTFilePath:0x7fa324071f00:'/Users/cbl-mac-001/Library/Developer/Xcode/Archives/2022-05-13/Onscart(Prod) 13-05-22, 1.29 PM.xcarchive/Products/Applications/Onscart.app/Frameworks/libswiftos.dylib'>', hardenedRuntime='0'>'>
2022-05-13 09:18:19 +0000  Skipping stripping extended attributes of item: <IDEDistributionItem: 0x7fa33a377800; bundleID='com.apple.dt.runtime.swiftsimd', path='<DVTFilePath:0x7fa32404ef10:'/Users/cbl-mac-001/Library/Developer/Xcode/Archives/2022-05-13/Onscart(Prod) 13-05-22, 1.29 PM.xcarchive/Products/Applications/Onscart.app/Frameworks/libswiftsimd.dylib'>', codeSigningInfo='<_DVTCodeSigningInformation_Path: 0x7fa339d21b90; isSigned='1', isAdHocSigned='0', signingCertificate='<DVTSigningCertificate: 0x7fa4e694cb60; name='Apple Distribution: Code Brew Labs (6FXUMT5X23)', hash='123CDC3C0D45E7C1D11EBC0789D358D71BDC3FE0', serialNumber='61FFED10654449B1B4B474C94D696131', certificateKinds='(
    "1.2.840.113635.100.6.1.7",
    "1.2.840.113635.100.6.1.4"
), issueDate='2021-05-17 09:31:07 +0000''>', entitlements='(null)', teamID='6FXUMT5X23', identifier='com.apple.dt.runtime.swiftsimd', executablePath='<DVTFilePath:0x7fa32404ef10:'/Users/cbl-mac-001/Library/Developer/Xcode/Archives/2022-05-13/Onscart(Prod) 13-05-22, 1.29 PM.xcarchive/Products/Applications/Onscart.app/Frameworks/libswiftsimd.dylib'>', hardenedRuntime='0'>'>
2022-05-13 09:18:19 +0000  Running /usr/bin/xattr '-crs' '/var/folders/ww/sw0d02593_9c001st0kyw4bc0000gn/T/XcodeDistPipeline.~~~p63Lc0/Root/Payload/Onscart.app'
2022-05-13 09:18:19 +0000  /usr/bin/xattr exited with 0
2022-05-13 09:18:19 +0000  Processing step: IDEDistributionCodesignStep
2022-05-13 09:18:19 +0000  Entitlements for <IDEDistributionItem: 0x7fa33a35b6d0; bundleID='com.zendesk.ChatProvidersSDK', path='<DVTFilePath:0x7fa33a1b36f0:'/Users/cbl-mac-001/Library/Developer/Xcode/Archives/2022-05-13/Onscart(Prod) 13-05-22, 1.29 PM.xcarchive/Products/Applications/Onscart.app/Frameworks/ChatProvidersSDK.framework'>', codeSigningInfo='<_DVTCodeSigningInformation_Path: 0x7fa324966480; isSigned='1', isAdHocSigned='0', signingCertificate='<DVTSigningCertificate: 0x7fa40d088d80; name='Apple Distribution: Code Brew Labs (6FXUMT5X23)', hash='123CDC3C0D45E7C1D11EBC0789D358D71BDC3FE0', serialNumber='61FFED10654449B1B4B474C94D696131', certificateKinds='(
    "1.2.840.113635.100.6.1.7",
    "1.2.840.113635.100.6.1.4"
), issueDate='2021-05-17 09:31:07 +0000''>', entitlements='(null)', teamID='6FXUMT5X23', identifier='com.zendesk.ChatProvidersSDK', executablePath='<DVTFilePath:0x7fa3163b21c0:'/Users/cbl-mac-001/Library/Developer/Xcode/Archives/2022-05-13/Onscart(Prod) 13-05-22, 1.29 PM.xcarchive/Products/Applications/Onscart.app/Frameworks/ChatProvidersSDK.framework/ChatProvidersSDK'>', hardenedRuntime='0'>'>: {
}
2022-05-13 09:18:19 +0000  Entitlements for <IDEDistributionItem: 0x7fa33a35b6d0; bundleID='com.zendesk.ChatProvidersSDK', path='<DVTFilePath:0x7fa33a1b36f0:'/Users/cbl-mac-001/Library/Developer/Xcode/Archives/2022-05-13/Onscart(Prod) 13-05-22, 1.29 PM.xcarchive/Products/Applications/Onscart.app/Frameworks/ChatProvidersSDK.framework'>', codeSigningInfo='<_DVTCodeSigningInformation_Path: 0x7fa324966480; isSigned='1', isAdHocSigned='0', signingCertificate='<DVTSigningCertificate: 0x7fa41dde0ab0; name='Apple Distribution: Code Brew Labs (6FXUMT5X23)', hash='123CDC3C0D45E7C1D11EBC0789D358D71BDC3FE0', serialNumber='61FFED10654449B1B4B474C94D696131', certificateKinds='(
    "1.2.840.113635.100.6.1.7",
    "1.2.840.113635.100.6.1.4"
), issueDate='2021-05-17 09:31:07 +0000''>', entitlements='(null)', teamID='6FXUMT5X23', identifier='com.zendesk.ChatProvidersSDK', executablePath='<DVTFilePath:0x7fa3163b21c0:'/Users/cbl-mac-001/Library/Developer/Xcode/Archives/2022-05-13/Onscart(Prod) 13-05-22, 1.29 PM.xcarchive/Products/Applications/Onscart.app/Frameworks/ChatProvidersSDK.framework/ChatProvidersSDK'>', hardenedRuntime='0'>'> are: {
}
2022-05-13 09:18:19 +0000  Writing entitlements for <IDEDistributionItem: 0x7fa33a35b6d0; bundleID='com.zendesk.ChatProvidersSDK', path='<DVTFilePath:0x7fa33a1b36f0:'/Users/cbl-mac-001/Library/Developer/Xcode/Archives/2022-05-13/Onscart(Prod) 13-05-22, 1.29 PM.xcarchive/Products/Applications/Onscart.app/Frameworks/ChatProvidersSDK.framework'>', codeSigningInfo='<_DVTCodeSigningInformation_Path: 0x7fa324966480; isSigned='1', isAdHocSigned='0', signingCertificate='<DVTSigningCertificate: 0x7fa4e694cb60; name='Apple Distribution: Code Brew Labs (6FXUMT5X23)', hash='123CDC3C0D45E7C1D11EBC0789D358D71BDC3FE0', serialNumber='61FFED10654449B1B4B474C94D696131', certificateKinds='(
    "1.2.840.113635.100.6.1.7",
    "1.2.840.113635.100.6.1.4"
), issueDate='2021-05-17 09:31:07 +0000''>', entitlements='(null)', teamID='6FXUMT5X23', identifier='com.zendesk.ChatProvidersSDK', executablePath='<DVTFilePath:0x7fa3163b21c0:'/Users/cbl-mac-001/Library/Developer/Xcode/Archives/2022-05-13/Onscart(Prod) 13-05-22, 1.29 PM.xcarchive/Products/Applications/Onscart.app/Frameworks/ChatProvidersSDK.framework/ChatProvidersSDK'>', hardenedRuntime='0'>'> to: /var/folders/ww/sw0d02593_9c001st0kyw4bc0000gn/T/XcodeDistPipeline.~~~p63Lc0/entitlements~~~g6S1g9
2022-05-13 09:18:19 +0000  Running /usr/bin/codesign '-vvv' '--force' '--sign' '123CDC3C0D45E7C1D11EBC0789D358D71BDC3FE0' '--entitlements' '/var/folders/ww/sw0d02593_9c001st0kyw4bc0000gn/T/XcodeDistPipeline.~~~p63Lc0/entitlements~~~g6S1g9' '--generate-entitlement-der' '--preserve-metadata=identifier,flags,runtime' '/var/folders/ww/sw0d02593_9c001st0kyw4bc0000gn/T/XcodeDistPipeline.~~~p63Lc0/Root/Payload/Onscart.app/Frameworks/ChatProvidersSDK.framework'
2022-05-13 09:18:19 +0000  /var/folders/ww/sw0d02593_9c001st0kyw4bc0000gn/T/XcodeDistPipeline.~~~p63Lc0/Root/Payload/Onscart.app/Frameworks/ChatProvidersSDK.framework: replacing existing signature
2022-05-13 09:18:20 +0000  /var/folders/ww/sw0d02593_9c001st0kyw4bc0000gn/T/XcodeDistPipeline.~~~p63Lc0/Root/Payload/Onscart.app/Frameworks/ChatProvidersSDK.framework: signed bundle with Mach-O universal (arm64) [com.zendesk.ChatProvidersSDK]
2022-05-13 09:18:20 +0000  /usr/bin/codesign exited with 0
2022-05-13 09:18:20 +0000  Entitlements for <IDEDistributionItem: 0x7fa328170e60; bundleID='com.zendesk.ChatSDK', path='<DVTFilePath:0x7fa33a144290:'/Users/cbl-mac-001/Library/Developer/Xcode/Archives/2022-05-13/Onscart(Prod) 13-05-22, 1.29 PM.xcarchive/Products/Applications/Onscart.app/Frameworks/ChatSDK.framework'>', codeSigningInfo='<_DVTCodeSigningInformation_Path: 0x7fa4d20b4ea0; isSigned='1', isAdHocSigned='0', signingCertificate='<DVTSigningCertificate: 0x7fa4ba92efe0; name='Apple Distribution: Code Brew Labs (6FXUMT5X23)', hash='123CDC3C0D45E7C1D11EBC0789D358D71BDC3FE0', serialNumber='61FFED10654449B1B4B474C94D696131', certificateKinds='(
    "1.2.840.113635.100.6.1.7",
    "1.2.840.113635.100.6.1.4"
), issueDate='2021-05-17 09:31:07 +0000''>', entitlements='(null)', teamID='6FXUMT5X23', identifier='com.zendesk.ChatSDK', executablePath='<DVTFilePath:0x7fa33a1f60a0:'/Users/cbl-mac-001/Library/Developer/Xcode/Archives/2022-05-13/Onscart(Prod) 13-05-22, 1.29 PM.xcarchive/Products/Applications/Onscart.app/Frameworks/ChatSDK.framework/ChatSDK'>', hardenedRuntime='0'>'>: {
}
2022-05-13 09:18:20 +0000  Entitlements for <IDEDistributionItem: 0x7fa328170e60; bundleID='com.zendesk.ChatSDK', path='<DVTFilePath:0x7fa33a144290:'/Users/cbl-mac-001/Library/Developer/Xcode/Archives/2022-05-13/Onscart(Prod) 13-05-22, 1.29 PM.xcarchive/Products/Applications/Onscart.app/Frameworks/ChatSDK.framework'>', codeSigningInfo='<_DVTCodeSigningInformation_Path: 0x7fa4d20b4ea0; isSigned='1', isAdHocSigned='0', signingCertificate='<DVTSigningCertificate: 0x7fa4e6981070; name='Apple Distribution: Code Brew Labs (6FXUMT5X23)', hash='123CDC3C0D45E7C1D11EBC0789D358D71BDC3FE0', serialNumber='61FFED10654449B1B4B474C94D696131', certificateKinds='(
    "1.2.840.113635.100.6.1.7",
    "1.2.840.113635.100.6.1.4"
), issueDate='2021-05-17 09:31:07 +0000''>', entitlements='(null)', teamID='6FXUMT5X23', identifier='com.zendesk.ChatSDK', executablePath='<DVTFilePath:0x7fa33a1f60a0:'/Users/cbl-mac-001/Library/Developer/Xcode/Archives/2022-05-13/Onscart(Prod) 13-05-22, 1.29 PM.xcarchive/Products/Applications/Onscart.app/Frameworks/ChatSDK.framework/ChatSDK'>', hardenedRuntime='0'>'> are: {
}
2022-05-13 09:18:20 +0000  Writing entitlements for <IDEDistributionItem: 0x7fa328170e60; bundleID='com.zendesk.ChatSDK', path='<DVTFilePath:0x7fa33a144290:'/Users/cbl-mac-001/Library/Developer/Xcode/Archives/2022-05-13/Onscart(Prod) 13-05-22, 1.29 PM.xcarchive/Products/Applications/Onscart.app/Frameworks/ChatSDK.framework'>', codeSigningInfo='<_DVTCodeSigningInformation_Path: 0x7fa4d20b4ea0; isSigned='1', isAdHocSigned='0', signingCertificate='<DVTSigningCertificate: 0x7fa4e69df020; name='Apple Distribution: Code Brew Labs (6FXUMT5X23)', hash='123CDC3C0D45E7C1D11EBC0789D358D71BDC3FE0', serialNumber='61FFED10654449B1B4B474C94D696131', certificateKinds='(
    "1.2.840.113635.100.6.1.7",
    "1.2.840.113635.100.6.1.4"
), issueDate='2021-05-17 09:31:07 +0000''>', entitlements='(null)', teamID='6FXUMT5X23', identifier='com.zendesk.ChatSDK', executablePath='<DVTFilePath:0x7fa33a1f60a0:'/Users/cbl-mac-001/Library/Developer/Xcode/Archives/2022-05-13/Onscart(Prod) 13-05-22, 1.29 PM.xcarchive/Products/Applications/Onscart.app/Frameworks/ChatSDK.framework/ChatSDK'>', hardenedRuntime='0'>'> to: /var/folders/ww/sw0d02593_9c001st0kyw4bc0000gn/T/XcodeDistPipeline.~~~p63Lc0/entitlements~~~dT8S03
2022-05-13 09:18:20 +0000  Running /usr/bin/codesign '-vvv' '--force' '--sign' '123CDC3C0D45E7C1D11EBC0789D358D71BDC3FE0' '--entitlements' '/var/folders/ww/sw0d02593_9c001st0kyw4bc0000gn/T/XcodeDistPipeline.~~~p63Lc0/entitlements~~~dT8S03' '--generate-entitlement-der' '--preserve-metadata=identifier,flags,runtime' '/var/folders/ww/sw0d02593_9c001st0kyw4bc0000gn/T/XcodeDistPipeline.~~~p63Lc0/Root/Payload/Onscart.app/Frameworks/ChatSDK.framework'
2022-05-13 09:18:20 +0000  /var/folders/ww/sw0d02593_9c001st0kyw4bc0000gn/T/XcodeDistPipeline.~~~p63Lc0/Root/Payload/Onscart.app/Frameworks/ChatSDK.framework: replacing existing signature
2022-05-13 09:18:20 +0000  /var/folders/ww/sw0d02593_9c001st0kyw4bc0000gn/T/XcodeDistPipeline.~~~p63Lc0/Root/Payload/Onscart.app/Frameworks/ChatSDK.framework: signed bundle with Mach-O universal (arm64) [com.zendesk.ChatSDK]
2022-05-13 09:18:20 +0000  /usr/bin/codesign exited with 0
2022-05-13 09:18:20 +0000  Entitlements for <IDEDistributionItem: 0x7fa3343b5130; bundleID='com.zendesk.CommonUISDK', path='<DVTFilePath:0x7fa33a4fe950:'/Users/cbl-mac-001/Library/Developer/Xcode/Archives/2022-05-13/Onscart(Prod) 13-05-22, 1.29 PM.xcarchive/Products/Applications/Onscart.app/Frameworks/CommonUISDK.framework'>', codeSigningInfo='<_DVTCodeSigningInformation_Path: 0x7fa41b2aaeb0; isSigned='1', isAdHocSigned='0', signingCertificate='<DVTSigningCertificate: 0x7fa4ba92efe0; name='Apple Distribution: Code Brew Labs (6FXUMT5X23)', hash='123CDC3C0D45E7C1D11EBC0789D358D71BDC3FE0', serialNumber='61FFED10654449B1B4B474C94D696131', certificateKinds='(
    "1.2.840.113635.100.6.1.7",
    "1.2.840.113635.100.6.1.4"
), issueDate='2021-05-17 09:31:07 +0000''>', entitlements='(null)', teamID='6FXUMT5X23', identifier='com.zendesk.CommonUISDK', executablePath='<DVTFilePath:0x7fa33a475660:'/Users/cbl-mac-001/Library/Developer/Xcode/Archives/2022-05-13/Onscart(Prod) 13-05-22, 1.29 PM.xcarchive/Products/Applications/Onscart.app/Frameworks/CommonUISDK.framework/CommonUISDK'>', hardenedRuntime='0'>'>: {
}
2022-05-13 09:18:20 +0000  Entitlements for <IDEDistributionItem: 0x7fa3343b5130; bundleID='com.zendesk.CommonUISDK', path='<DVTFilePath:0x7fa33a4fe950:'/Users/cbl-mac-001/Library/Developer/Xcode/Archives/2022-05-13/Onscart(Prod) 13-05-22, 1.29 PM.xcarchive/Products/Applications/Onscart.app/Frameworks/CommonUISDK.framework'>', codeSigningInfo='<_DVTCodeSigningInformation_Path: 0x7fa41b2aaeb0; isSigned='1', isAdHocSigned='0', signingCertificate='<DVTSigningCertificate: 0x7fa41af91aa0; name='Apple Distribution: Code Brew Labs (6FXUMT5X23)', hash='123CDC3C0D45E7C1D11EBC0789D358D71BDC3FE0', serialNumber='61FFED10654449B1B4B474C94D696131', certificateKinds='(
    "1.2.840.113635.100.6.1.7",
    "1.2.840.113635.100.6.1.4"
), issueDate='2021-05-17 09:31:07 +0000''>', entitlements='(null)', teamID='6FXUMT5X23', identifier='com.zendesk.CommonUISDK', executablePath='<DVTFilePath:0x7fa33a475660:'/Users/cbl-mac-001/Library/Developer/Xcode/Archives/2022-05-13/Onscart(Prod) 13-05-22, 1.29 PM.xcarchive/Products/Applications/Onscart.app/Frameworks/CommonUISDK.framework/CommonUISDK'>', hardenedRuntime='0'>'> are: {
}
2022-05-13 09:18:20 +0000  Writing entitlements for <IDEDistributionItem: 0x7fa3343b5130; bundleID='com.zendesk.CommonUISDK', path='<DVTFilePath:0x7fa33a4fe950:'/Users/cbl-mac-001/Library/Developer/Xcode/Archives/2022-05-13/Onscart(Prod) 13-05-22, 1.29 PM.xcarchive/Products/Applications/Onscart.app/Frameworks/CommonUISDK.framework'>', codeSigningInfo='<_DVTCodeSigningInformation_Path: 0x7fa41b2aaeb0; isSigned='1', isAdHocSigned='0', signingCertificate='<DVTSigningCertificate: 0x7fa37ee4f240; name='Apple Distribution: Code Brew Labs (6FXUMT5X23)', hash='123CDC3C0D45E7C1D11EBC0789D358D71BDC3FE0', serialNumber='61FFED10654449B1B4B474C94D696131', certificateKinds='(
    "1.2.840.113635.100.6.1.7",
    "1.2.840.113635.100.6.1.4"
), issueDate='2021-05-17 09:31:07 +0000''>', entitlements='(null)', teamID='6FXUMT5X23', identifier='com.zendesk.CommonUISDK', executablePath='<DVTFilePath:0x7fa33a475660:'/Users/cbl-mac-001/Library/Developer/Xcode/Archives/2022-05-13/Onscart(Prod) 13-05-22, 1.29 PM.xcarchive/Products/Applications/Onscart.app/Frameworks/CommonUISDK.framework/CommonUISDK'>', hardenedRuntime='0'>'> to: /var/folders/ww/sw0d02593_9c001st0kyw4bc0000gn/T/XcodeDistPipeline.~~~p63Lc0/entitlements~~~5rh2qz
2022-05-13 09:18:20 +0000  Running /usr/bin/codesign '-vvv' '--force' '--sign' '123CDC3C0D45E7C1D11EBC0789D358D71BDC3FE0' '--entitlements' '/var/folders/ww/sw0d02593_9c001st0kyw4bc0000gn/T/XcodeDistPipeline.~~~p63Lc0/entitlements~~~5rh2qz' '--generate-entitlement-der' '--preserve-metadata=identifier,flags,runtime' '/var/folders/ww/sw0d02593_9c001st0kyw4bc0000gn/T/XcodeDistPipeline.~~~p63Lc0/Root/Payload/Onscart.app/Frameworks/CommonUISDK.framework'
2022-05-13 09:18:20 +0000  /var/folders/ww/sw0d02593_9c001st0kyw4bc0000gn/T/XcodeDistPipeline.~~~p63Lc0/Root/Payload/Onscart.app/Frameworks/CommonUISDK.framework: replacing existing signature
2022-05-13 09:18:20 +0000  /var/folders/ww/sw0d02593_9c001st0kyw4bc0000gn/T/XcodeDistPipeline.~~~p63Lc0/Root/Payload/Onscart.app/Frameworks/CommonUISDK.framework: signed bundle with Mach-O universal (arm64) [com.zendesk.CommonUISDK]
2022-05-13 09:18:20 +0000  /usr/bin/codesign exited with 0
2022-05-13 09:18:20 +0000  Entitlements for <IDEDistributionItem: 0x7fa339e30c20; bundleID='com.regula.facesdk', path='<DVTFilePath:0x7fa33a4c0920:'/Users/cbl-mac-001/Library/Developer/Xcode/Archives/2022-05-13/Onscart(Prod) 13-05-22, 1.29 PM.xcarchive/Products/Applications/Onscart.app/Frameworks/FaceSDK.framework'>', codeSigningInfo='<_DVTCodeSigningInformation_Path: 0x7fa31a03c4e0; isSigned='1', isAdHocSigned='0', signingCertificate='<DVTSigningCertificate: 0x7fa4e694cb60; name='Apple Distribution: Code Brew Labs (6FXUMT5X23)', hash='123CDC3C0D45E7C1D11EBC0789D358D71BDC3FE0', serialNumber='61FFED10654449B1B4B474C94D696131', certificateKinds='(
    "1.2.840.113635.100.6.1.7",
    "1.2.840.113635.100.6.1.4"
), issueDate='2021-05-17 09:31:07 +0000''>', entitlements='(null)', teamID='6FXUMT5X23', identifier='com.regula.facesdk', executablePath='<DVTFilePath:0x7fa33a4e14b0:'/Users/cbl-mac-001/Library/Developer/Xcode/Archives/2022-05-13/Onscart(Prod) 13-05-22, 1.29 PM.xcarchive/Products/Applications/Onscart.app/Frameworks/FaceSDK.framework/FaceSDK'>', hardenedRuntime='0'>'>: {
}
2022-05-13 09:18:20 +0000  Entitlements for <IDEDistributionItem: 0x7fa339e30c20; bundleID='com.regula.facesdk', path='<DVTFilePath:0x7fa33a4c0920:'/Users/cbl-mac-001/Library/Developer/Xcode/Archives/2022-05-13/Onscart(Prod) 13-05-22, 1.29 PM.xcarchive/Products/Applications/Onscart.app/Frameworks/FaceSDK.framework'>', codeSigningInfo='<_DVTCodeSigningInformation_Path: 0x7fa31a03c4e0; isSigned='1', isAdHocSigned='0', signingCertificate='<DVTSigningCertificate: 0x7fa4e69df020; name='Apple Distribution: Code Brew Labs (6FXUMT5X23)', hash='123CDC3C0D45E7C1D11EBC0789D358D71BDC3FE0', serialNumber='61FFED10654449B1B4B474C94D696131', certificateKinds='(
    "1.2.840.113635.100.6.1.7",
    "1.2.840.113635.100.6.1.4"
), issueDate='2021-05-17 09:31:07 +0000''>', entitlements='(null)', teamID='6FXUMT5X23', identifier='com.regula.facesdk', executablePath='<DVTFilePath:0x7fa33a4e14b0:'/Users/cbl-mac-001/Library/Developer/Xcode/Archives/2022-05-13/Onscart(Prod) 13-05-22, 1.29 PM.xcarchive/Products/Applications/Onscart.app/Frameworks/FaceSDK.framework/FaceSDK'>', hardenedRuntime='0'>'> are: {
}
2022-05-13 09:18:20 +0000  Writing entitlements for <IDEDistributionItem: 0x7fa339e30c20; bundleID='com.regula.facesdk', path='<DVTFilePath:0x7fa33a4c0920:'/Users/cbl-mac-001/Library/Developer/Xcode/Archives/2022-05-13/Onscart(Prod) 13-05-22, 1.29 PM.xcarchive/Products/Applications/Onscart.app/Frameworks/FaceSDK.framework'>', codeSigningInfo='<_DVTCodeSigningInformation_Path: 0x7fa31a03c4e0; isSigned='1', isAdHocSigned='0', signingCertificate='<DVTSigningCertificate: 0x7fa38e7ba9d0; name='Apple Distribution: Code Brew Labs (6FXUMT5X23)', hash='123CDC3C0D45E7C1D11EBC0789D358D71BDC3FE0', serialNumber='61FFED10654449B1B4B474C94D696131', certificateKinds='(
    "1.2.840.113635.100.6.1.7",
    "1.2.840.113635.100.6.1.4"
), issueDate='2021-05-17 09:31:07 +0000''>', entitlements='(null)', teamID='6FXUMT5X23', identifier='com.regula.facesdk', executablePath='<DVTFilePath:0x7fa33a4e14b0:'/Users/cbl-mac-001/Library/Developer/Xcode/Archives/2022-05-13/Onscart(Prod) 13-05-22, 1.29 PM.xcarchive/Products/Applications/Onscart.app/Frameworks/FaceSDK.framework/FaceSDK'>', hardenedRuntime='0'>'> to: /var/folders/ww/sw0d02593_9c001st0kyw4bc0000gn/T/XcodeDistPipeline.~~~p63Lc0/entitlements~~~5kGxIp
2022-05-13 09:18:20 +0000  Running /usr/bin/codesign '-vvv' '--force' '--sign' '123CDC3C0D45E7C1D11EBC0789D358D71BDC3FE0' '--entitlements' '/var/folders/ww/sw0d02593_9c001st0kyw4bc0000gn/T/XcodeDistPipeline.~~~p63Lc0/entitlements~~~5kGxIp' '--generate-entitlement-der' '--preserve-metadata=identifier,flags,runtime' '/var/folders/ww/sw0d02593_9c001st0kyw4bc0000gn/T/XcodeDistPipeline.~~~p63Lc0/Root/Payload/Onscart.app/Frameworks/FaceSDK.framework'
2022-05-13 09:18:20 +0000  /var/folders/ww/sw0d02593_9c001st0kyw4bc0000gn/T/XcodeDistPipeline.~~~p63Lc0/Root/Payload/Onscart.app/Frameworks/FaceSDK.framework: replacing existing signature
2022-05-13 09:18:20 +0000  /var/folders/ww/sw0d02593_9c001st0kyw4bc0000gn/T/XcodeDistPipeline.~~~p63Lc0/Root/Payload/Onscart.app/Frameworks/FaceSDK.framework: signed bundle with Mach-O universal (arm64) [com.regula.facesdk]
2022-05-13 09:18:20 +0000  /usr/bin/codesign exited with 0
2022-05-13 09:18:20 +0000  Entitlements for <IDEDistributionItem: 0x7fa336341a60; bundleID='com.zendesk.MessagingAPI', path='<DVTFilePath:0x7fa33a4d2cf0:'/Users/cbl-mac-001/Library/Developer/Xcode/Archives/2022-05-13/Onscart(Prod) 13-05-22, 1.29 PM.xcarchive/Products/Applications/Onscart.app/Frameworks/MessagingAPI.framework'>', codeSigningInfo='<_DVTCodeSigningInformation_Path: 0x7fa52a6cf8c0; isSigned='1', isAdHocSigned='0', signingCertificate='<DVTSigningCertificate: 0x7fa4e10efe80; name='Apple Distribution: Code Brew Labs (6FXUMT5X23)', hash='123CDC3C0D45E7C1D11EBC0789D358D71BDC3FE0', serialNumber='61FFED10654449B1B4B474C94D696131', certificateKinds='(
    "1.2.840.113635.100.6.1.7",
    "1.2.840.113635.100.6.1.4"
), issueDate='2021-05-17 09:31:07 +0000''>', entitlements='(null)', teamID='6FXUMT5X23', identifier='com.zendesk.MessagingAPI', executablePath='<DVTFilePath:0x7fa339fdd0f0:'/Users/cbl-mac-001/Library/Developer/Xcode/Archives/2022-05-13/Onscart(Prod) 13-05-22, 1.29 PM.xcarchive/Products/Applications/Onscart.app/Frameworks/MessagingAPI.framework/MessagingAPI'>', hardenedRuntime='0'>'>: {
}
2022-05-13 09:18:20 +0000  Entitlements for <IDEDistributionItem: 0x7fa336341a60; bundleID='com.zendesk.MessagingAPI', path='<DVTFilePath:0x7fa33a4d2cf0:'/Users/cbl-mac-001/Library/Developer/Xcode/Archives/2022-05-13/Onscart(Prod) 13-05-22, 1.29 PM.xcarchive/Products/Applications/Onscart.app/Frameworks/MessagingAPI.framework'>', codeSigningInfo='<_DVTCodeSigningInformation_Path: 0x7fa52a6cf8c0; isSigned='1', isAdHocSigned='0', signingCertificate='<DVTSigningCertificate: 0x7fa4e6981070; name='Apple Distribution: Code Brew Labs (6FXUMT5X23)', hash='123CDC3C0D45E7C1D11EBC0789D358D71BDC3FE0', serialNumber='61FFED10654449B1B4B474C94D696131', certificateKinds='(
    "1.2.840.113635.100.6.1.7",
    "1.2.840.113635.100.6.1.4"
), issueDate='2021-05-17 09:31:07 +0000''>', entitlements='(null)', teamID='6FXUMT5X23', identifier='com.zendesk.MessagingAPI', executablePath='<DVTFilePath:0x7fa339fdd0f0:'/Users/cbl-mac-001/Library/Developer/Xcode/Archives/2022-05-13/Onscart(Prod) 13-05-22, 1.29 PM.xcarchive/Products/Applications/Onscart.app/Frameworks/MessagingAPI.framework/MessagingAPI'>', hardenedRuntime='0'>'> are: {
}
2022-05-13 09:18:20 +0000  Writing entitlements for <IDEDistributionItem: 0x7fa336341a60; bundleID='com.zendesk.MessagingAPI', path='<DVTFilePath:0x7fa33a4d2cf0:'/Users/cbl-mac-001/Library/Developer/Xcode/Archives/2022-05-13/Onscart(Prod) 13-05-22, 1.29 PM.xcarchive/Products/Applications/Onscart.app/Frameworks/MessagingAPI.framework'>', codeSigningInfo='<_DVTCodeSigningInformation_Path: 0x7fa52a6cf8c0; isSigned='1', isAdHocSigned='0', signingCertificate='<DVTSigningCertificate: 0x7fa41dde0ab0; name='Apple Distribution: Code Brew Labs (6FXUMT5X23)', hash='123CDC3C0D45E7C1D11EBC0789D358D71BDC3FE0', serialNumber='61FFED10654449B1B4B474C94D696131', certificateKinds='(
    "1.2.840.113635.100.6.1.7",
    "1.2.840.113635.100.6.1.4"
), issueDate='2021-05-17 09:31:07 +0000''>', entitlements='(null)', teamID='6FXUMT5X23', identifier='com.zendesk.MessagingAPI', executablePath='<DVTFilePath:0x7fa339fdd0f0:'/Users/cbl-mac-001/Library/Developer/Xcode/Archives/2022-05-13/Onscart(Prod) 13-05-22, 1.29 PM.xcarchive/Products/Applications/Onscart.app/Frameworks/MessagingAPI.framework/MessagingAPI'>', hardenedRuntime='0'>'> to: /var/folders/ww/sw0d02593_9c001st0kyw4bc0000gn/T/XcodeDistPipeline.~~~p63Lc0/entitlements~~~gCi2Ds
2022-05-13 09:18:20 +0000  Running /usr/bin/codesign '-vvv' '--force' '--sign' '123CDC3C0D45E7C1D11EBC0789D358D71BDC3FE0' '--entitlements' '/var/folders/ww/sw0d02593_9c001st0kyw4bc0000gn/T/XcodeDistPipeline.~~~p63Lc0/entitlements~~~gCi2Ds' '--generate-entitlement-der' '--preserve-metadata=identifier,flags,runtime' '/var/folders/ww/sw0d02593_9c001st0kyw4bc0000gn/T/XcodeDistPipeline.~~~p63Lc0/Root/Payload/Onscart.app/Frameworks/MessagingAPI.framework'
2022-05-13 09:18:20 +0000  /var/folders/ww/sw0d02593_9c001st0kyw4bc0000gn/T/XcodeDistPipeline.~~~p63Lc0/Root/Payload/Onscart.app/Frameworks/MessagingAPI.framework: replacing existing signature
2022-05-13 09:18:20 +0000  /var/folders/ww/sw0d02593_9c001st0kyw4bc0000gn/T/XcodeDistPipeline.~~~p63Lc0/Root/Payload/Onscart.app/Frameworks/MessagingAPI.framework: signed bundle with Mach-O universal (arm64) [com.zendesk.MessagingAPI]
2022-05-13 09:18:20 +0000  /usr/bin/codesign exited with 0
2022-05-13 09:18:20 +0000  Entitlements for <IDEDistributionItem: 0x7fa4d29ab370; bundleID='com.zendesk.MessagingSDK', path='<DVTFilePath:0x7fa33a45da70:'/Users/cbl-mac-001/Library/Developer/Xcode/Archives/2022-05-13/Onscart(Prod) 13-05-22, 1.29 PM.xcarchive/Products/Applications/Onscart.app/Frameworks/MessagingSDK.framework'>', codeSigningInfo='<_DVTCodeSigningInformation_Path: 0x7fa3281408f0; isSigned='1', isAdHocSigned='0', signingCertificate='<DVTSigningCertificate: 0x7fa4e694cb60; name='Apple Distribution: Code Brew Labs (6FXUMT5X23)', hash='123CDC3C0D45E7C1D11EBC0789D358D71BDC3FE0', serialNumber='61FFED10654449B1B4B474C94D696131', certificateKinds='(
    "1.2.840.113635.100.6.1.7",
    "1.2.840.113635.100.6.1.4"
), issueDate='2021-05-17 09:31:07 +0000''>', entitlements='(null)', teamID='6FXUMT5X23', identifier='com.zendesk.MessagingSDK', executablePath='<DVTFilePath:0x7fa419a877e0:'/Users/cbl-mac-001/Library/Developer/Xcode/Archives/2022-05-13/Onscart(Prod) 13-05-22, 1.29 PM.xcarchive/Products/Applications/Onscart.app/Frameworks/MessagingSDK.framework/MessagingSDK'>', hardenedRuntime='0'>'>: {
}
2022-05-13 09:18:20 +0000  Entitlements for <IDEDistributionItem: 0x7fa4d29ab370; bundleID='com.zendesk.MessagingSDK', path='<DVTFilePath:0x7fa33a45da70:'/Users/cbl-mac-001/Library/Developer/Xcode/Archives/2022-05-13/Onscart(Prod) 13-05-22, 1.29 PM.xcarchive/Products/Applications/Onscart.app/Frameworks/MessagingSDK.framework'>', codeSigningInfo='<_DVTCodeSigningInformation_Path: 0x7fa3281408f0; isSigned='1', isAdHocSigned='0', signingCertificate='<DVTSigningCertificate: 0x7fa4e69df020; name='Apple Distribution: Code Brew Labs (6FXUMT5X23)', hash='123CDC3C0D45E7C1D11EBC0789D358D71BDC3FE0', serialNumber='61FFED10654449B1B4B474C94D696131', certificateKinds='(
    "1.2.840.113635.100.6.1.7",
    "1.2.840.113635.100.6.1.4"
), issueDate='2021-05-17 09:31:07 +0000''>', entitlements='(null)', teamID='6FXUMT5X23', identifier='com.zendesk.MessagingSDK', executablePath='<DVTFilePath:0x7fa419a877e0:'/Users/cbl-mac-001/Library/Developer/Xcode/Archives/2022-05-13/Onscart(Prod) 13-05-22, 1.29 PM.xcarchive/Products/Applications/Onscart.app/Frameworks/MessagingSDK.framework/MessagingSDK'>', hardenedRuntime='0'>'> are: {
}
2022-05-13 09:18:20 +0000  Writing entitlements for <IDEDistributionItem: 0x7fa4d29ab370; bundleID='com.zendesk.MessagingSDK', path='<DVTFilePath:0x7fa33a45da70:'/Users/cbl-mac-001/Library/Developer/Xcode/Archives/2022-05-13/Onscart(Prod) 13-05-22, 1.29 PM.xcarchive/Products/Applications/Onscart.app/Frameworks/MessagingSDK.framework'>', codeSigningInfo='<_DVTCodeSigningInformation_Path: 0x7fa3281408f0; isSigned='1', isAdHocSigned='0', signingCertificate='<DVTSigningCertificate: 0x7fa4e10efe80; name='Apple Distribution: Code Brew Labs (6FXUMT5X23)', hash='123CDC3C0D45E7C1D11EBC0789D358D71BDC3FE0', serialNumber='61FFED10654449B1B4B474C94D696131', certificateKinds='(
    "1.2.840.113635.100.6.1.7",
    "1.2.840.113635.100.6.1.4"
), issueDate='2021-05-17 09:31:07 +0000''>', entitlements='(null)', teamID='6FXUMT5X23', identifier='com.zendesk.MessagingSDK', executablePath='<DVTFilePath:0x7fa419a877e0:'/Users/cbl-mac-001/Library/Developer/Xcode/Archives/2022-05-13/Onscart(Prod) 13-05-22, 1.29 PM.xcarchive/Products/Applications/Onscart.app/Frameworks/MessagingSDK.framework/MessagingSDK'>', hardenedRuntime='0'>'> to: /var/folders/ww/sw0d02593_9c001st0kyw4bc0000gn/T/XcodeDistPipeline.~~~p63Lc0/entitlements~~~DWkPhZ
2022-05-13 09:18:20 +0000  Running /usr/bin/codesign '-vvv' '--force' '--sign' '123CDC3C0D45E7C1D11EBC0789D358D71BDC3FE0' '--entitlements' '/var/folders/ww/sw0d02593_9c001st0kyw4bc0000gn/T/XcodeDistPipeline.~~~p63Lc0/entitlements~~~DWkPhZ' '--generate-entitlement-der' '--preserve-metadata=identifier,flags,runtime' '/var/folders/ww/sw0d02593_9c001st0kyw4bc0000gn/T/XcodeDistPipeline.~~~p63Lc0/Root/Payload/Onscart.app/Frameworks/MessagingSDK.framework'
2022-05-13 09:18:20 +0000  /var/folders/ww/sw0d02593_9c001st0kyw4bc0000gn/T/XcodeDistPipeline.~~~p63Lc0/Root/Payload/Onscart.app/Frameworks/MessagingSDK.framework: replacing existing signature
2022-05-13 09:18:20 +0000  /var/folders/ww/sw0d02593_9c001st0kyw4bc0000gn/T/XcodeDistPipeline.~~~p63Lc0/Root/Payload/Onscart.app/Frameworks/MessagingSDK.framework: signed bundle with Mach-O universal (arm64) [com.zendesk.MessagingSDK]
2022-05-13 09:18:20 +0000  /usr/bin/codesign exited with 0
2022-05-13 09:18:20 +0000  Entitlements for <IDEDistributionItem: 0x7fa33a32ecd0; bundleID='com.razorpay.CheckoutOtpelf', path='<DVTFilePath:0x7fa33a45fae0:'/Users/cbl-mac-001/Library/Developer/Xcode/Archives/2022-05-13/Onscart(Prod) 13-05-22, 1.29 PM.xcarchive/Products/Applications/Onscart.app/Frameworks/Razorpay.framework'>', codeSigningInfo='<_DVTCodeSigningInformation_Path: 0x7fa336369980; isSigned='1', isAdHocSigned='0', signingCertificate='<DVTSigningCertificate: 0x7fa4e10efe80; name='Apple Distribution: Code Brew Labs (6FXUMT5X23)', hash='123CDC3C0D45E7C1D11EBC0789D358D71BDC3FE0', serialNumber='61FFED10654449B1B4B474C94D696131', certificateKinds='(
    "1.2.840.113635.100.6.1.7",
    "1.2.840.113635.100.6.1.4"
), issueDate='2021-05-17 09:31:07 +0000''>', entitlements='(null)', teamID='6FXUMT5X23', identifier='com.razorpay.CheckoutOtpelf', executablePath='<DVTFilePath:0x7fa38d722f50:'/Users/cbl-mac-001/Library/Developer/Xcode/Archives/2022-05-13/Onscart(Prod) 13-05-22, 1.29 PM.xcarchive/Products/Applications/Onscart.app/Frameworks/Razorpay.framework/Razorpay'>', hardenedRuntime='0'>'>: {
}
2022-05-13 09:18:20 +0000  Entitlements for <IDEDistributionItem: 0x7fa33a32ecd0; bundleID='com.razorpay.CheckoutOtpelf', path='<DVTFilePath:0x7fa33a45fae0:'/Users/cbl-mac-001/Library/Developer/Xcode/Archives/2022-05-13/Onscart(Prod) 13-05-22, 1.29 PM.xcarchive/Products/Applications/Onscart.app/Frameworks/Razorpay.framework'>', codeSigningInfo='<_DVTCodeSigningInformation_Path: 0x7fa336369980; isSigned='1', isAdHocSigned='0', signingCertificate='<DVTSigningCertificate: 0x7fa41dde0ab0; name='Apple Distribution: Code Brew Labs (6FXUMT5X23)', hash='123CDC3C0D45E7C1D11EBC0789D358D71BDC3FE0', serialNumber='61FFED10654449B1B4B474C94D696131', certificateKinds='(
    "1.2.840.113635.100.6.1.7",
    "1.2.840.113635.100.6.1.4"
), issueDate='2021-05-17 09:31:07 +0000''>', entitlements='(null)', teamID='6FXUMT5X23', identifier='com.razorpay.CheckoutOtpelf', executablePath='<DVTFilePath:0x7fa38d722f50:'/Users/cbl-mac-001/Library/Developer/Xcode/Archives/2022-05-13/Onscart(Prod) 13-05-22, 1.29 PM.xcarchive/Products/Applications/Onscart.app/Frameworks/Razorpay.framework/Razorpay'>', hardenedRuntime='0'>'> are: {
}
2022-05-13 09:18:20 +0000  Writing entitlements for <IDEDistributionItem: 0x7fa33a32ecd0; bundleID='com.razorpay.CheckoutOtpelf', path='<DVTFilePath:0x7fa33a45fae0:'/Users/cbl-mac-001/Library/Developer/Xcode/Archives/2022-05-13/Onscart(Prod) 13-05-22, 1.29 PM.xcarchive/Products/Applications/Onscart.app/Frameworks/Razorpay.framework'>', codeSigningInfo='<_DVTCodeSigningInformation_Path: 0x7fa336369980; isSigned='1', isAdHocSigned='0', signingCertificate='<DVTSigningCertificate: 0x7fa4e694cb60; name='Apple Distribution: Code Brew Labs (6FXUMT5X23)', hash='123CDC3C0D45E7C1D11EBC0789D358D71BDC3FE0', serialNumber='61FFED10654449B1B4B474C94D696131', certificateKinds='(
    "1.2.840.113635.100.6.1.7",
    "1.2.840.113635.100.6.1.4"
), issueDate='2021-05-17 09:31:07 +0000''>', entitlements='(null)', teamID='6FXUMT5X23', identifier='com.razorpay.CheckoutOtpelf', executablePath='<DVTFilePath:0x7fa38d722f50:'/Users/cbl-mac-001/Library/Developer/Xcode/Archives/2022-05-13/Onscart(Prod) 13-05-22, 1.29 PM.xcarchive/Products/Applications/Onscart.app/Frameworks/Razorpay.framework/Razorpay'>', hardenedRuntime='0'>'> to: /var/folders/ww/sw0d02593_9c001st0kyw4bc0000gn/T/XcodeDistPipeline.~~~p63Lc0/entitlements~~~3m1gmH
2022-05-13 09:18:20 +0000  Running /usr/bin/codesign '-vvv' '--force' '--sign' '123CDC3C0D45E7C1D11EBC0789D358D71BDC3FE0' '--entitlements' '/var/folders/ww/sw0d02593_9c001st0kyw4bc0000gn/T/XcodeDistPipeline.~~~p63Lc0/entitlements~~~3m1gmH' '--generate-entitlement-der' '--preserve-metadata=identifier,flags,runtime' '/var/folders/ww/sw0d02593_9c001st0kyw4bc0000gn/T/XcodeDistPipeline.~~~p63Lc0/Root/Payload/Onscart.app/Frameworks/Razorpay.framework'
2022-05-13 09:18:20 +0000  /var/folders/ww/sw0d02593_9c001st0kyw4bc0000gn/T/XcodeDistPipeline.~~~p63Lc0/Root/Payload/Onscart.app/Frameworks/Razorpay.framework: replacing existing signature
2022-05-13 09:18:20 +0000  /var/folders/ww/sw0d02593_9c001st0kyw4bc0000gn/T/XcodeDistPipeline.~~~p63Lc0/Root/Payload/Onscart.app/Frameworks/Razorpay.framework: signed bundle with Mach-O universal (arm64) [com.razorpay.CheckoutOtpelf]
2022-05-13 09:18:20 +0000  /usr/bin/codesign exited with 0
2022-05-13 09:18:20 +0000  Entitlements for <IDEDistributionItem: 0x7fa38d1aac60; bundleID='com.regula.RegulaCommon', path='<DVTFilePath:0x7fa33a4b6ed0:'/Users/cbl-mac-001/Library/Developer/Xcode/Archives/2022-05-13/Onscart(Prod) 13-05-22, 1.29 PM.xcarchive/Products/Applications/Onscart.app/Frameworks/RegulaCommon.framework'>', codeSigningInfo='<_DVTCodeSigningInformation_Path: 0x7fa38a63c430; isSigned='1', isAdHocSigned='0', signingCertificate='<DVTSigningCertificate: 0x7fa4ba92efe0; name='Apple Distribution: Code Brew Labs (6FXUMT5X23)', hash='123CDC3C0D45E7C1D11EBC0789D358D71BDC3FE0', serialNumber='61FFED10654449B1B4B474C94D696131', certificateKinds='(
    "1.2.840.113635.100.6.1.7",
    "1.2.840.113635.100.6.1.4"
), issueDate='2021-05-17 09:31:07 +0000''>', entitlements='(null)', teamID='6FXUMT5X23', identifier='com.regula.RegulaCommon', executablePath='<DVTFilePath:0x7fa41ce78010:'/Users/cbl-mac-001/Library/Developer/Xcode/Archives/2022-05-13/Onscart(Prod) 13-05-22, 1.29 PM.xcarchive/Products/Applications/Onscart.app/Frameworks/RegulaCommon.framework/RegulaCommon'>', hardenedRuntime='0'>'>: {
}
2022-05-13 09:18:20 +0000  Entitlements for <IDEDistributionItem: 0x7fa38d1aac60; bundleID='com.regula.RegulaCommon', path='<DVTFilePath:0x7fa33a4b6ed0:'/Users/cbl-mac-001/Library/Developer/Xcode/Archives/2022-05-13/Onscart(Prod) 13-05-22, 1.29 PM.xcarchive/Products/Applications/Onscart.app/Frameworks/RegulaCommon.framework'>', codeSigningInfo='<_DVTCodeSigningInformation_Path: 0x7fa38a63c430; isSigned='1', isAdHocSigned='0', signingCertificate='<DVTSigningCertificate: 0x7fa41af91aa0; name='Apple Distribution: Code Brew Labs (6FXUMT5X23)', hash='123CDC3C0D45E7C1D11EBC0789D358D71BDC3FE0', serialNumber='61FFED10654449B1B4B474C94D696131', certificateKinds='(
    "1.2.840.113635.100.6.1.7",
    "1.2.840.113635.100.6.1.4"
), issueDate='2021-05-17 09:31:07 +0000''>', entitlements='(null)', teamID='6FXUMT5X23', identifier='com.regula.RegulaCommon', executablePath='<DVTFilePath:0x7fa41ce78010:'/Users/cbl-mac-001/Library/Developer/Xcode/Archives/2022-05-13/Onscart(Prod) 13-05-22, 1.29 PM.xcarchive/Products/Applications/Onscart.app/Frameworks/RegulaCommon.framework/RegulaCommon'>', hardenedRuntime='0'>'> are: {
}
2022-05-13 09:18:20 +0000  Writing entitlements for <IDEDistributionItem: 0x7fa38d1aac60; bundleID='com.regula.RegulaCommon', path='<DVTFilePath:0x7fa33a4b6ed0:'/Users/cbl-mac-001/Library/Developer/Xcode/Archives/2022-05-13/Onscart(Prod) 13-05-22, 1.29 PM.xcarchive/Products/Applications/Onscart.app/Frameworks/RegulaCommon.framework'>', codeSigningInfo='<_DVTCodeSigningInformation_Path: 0x7fa38a63c430; isSigned='1', isAdHocSigned='0', signingCertificate='<DVTSigningCertificate: 0x7fa4cca89ab0; name='Apple Distribution: Code Brew Labs (6FXUMT5X23)', hash='123CDC3C0D45E7C1D11EBC0789D358D71BDC3FE0', serialNumber='61FFED10654449B1B4B474C94D696131', certificateKinds='(
    "1.2.840.113635.100.6.1.7",
    "1.2.840.113635.100.6.1.4"
), issueDate='2021-05-17 09:31:07 +0000''>', entitlements='(null)', teamID='6FXUMT5X23', identifier='com.regula.RegulaCommon', executablePath='<DVTFilePath:0x7fa41ce78010:'/Users/cbl-mac-001/Library/Developer/Xcode/Archives/2022-05-13/Onscart(Prod) 13-05-22, 1.29 PM.xcarchive/Products/Applications/Onscart.app/Frameworks/RegulaCommon.framework/RegulaCommon'>', hardenedRuntime='0'>'> to: /var/folders/ww/sw0d02593_9c001st0kyw4bc0000gn/T/XcodeDistPipeline.~~~p63Lc0/entitlements~~~PIu78R
2022-05-13 09:18:20 +0000  Running /usr/bin/codesign '-vvv' '--force' '--sign' '123CDC3C0D45E7C1D11EBC0789D358D71BDC3FE0' '--entitlements' '/var/folders/ww/sw0d02593_9c001st0kyw4bc0000gn/T/XcodeDistPipeline.~~~p63Lc0/entitlements~~~PIu78R' '--generate-entitlement-der' '--preserve-metadata=identifier,flags,runtime' '/var/folders/ww/sw0d02593_9c001st0kyw4bc0000gn/T/XcodeDistPipeline.~~~p63Lc0/Root/Payload/Onscart.app/Frameworks/RegulaCommon.framework'
2022-05-13 09:18:20 +0000  /var/folders/ww/sw0d02593_9c001st0kyw4bc0000gn/T/XcodeDistPipeline.~~~p63Lc0/Root/Payload/Onscart.app/Frameworks/RegulaCommon.framework: replacing existing signature
2022-05-13 09:18:21 +0000  /var/folders/ww/sw0d02593_9c001st0kyw4bc0000gn/T/XcodeDistPipeline.~~~p63Lc0/Root/Payload/Onscart.app/Frameworks/RegulaCommon.framework: signed bundle with Mach-O universal (arm64) [com.regula.RegulaCommon]
2022-05-13 09:18:21 +0000  /usr/bin/codesign exited with 0
2022-05-13 09:18:21 +0000  Entitlements for <IDEDistributionItem: 0x7fa334bf3360; bundleID='com.zendesk.SDKConfigurations', path='<DVTFilePath:0x7fa33a4b4750:'/Users/cbl-mac-001/Library/Developer/Xcode/Archives/2022-05-13/Onscart(Prod) 13-05-22, 1.29 PM.xcarchive/Products/Applications/Onscart.app/Frameworks/SDKConfigurations.framework'>', codeSigningInfo='<_DVTCodeSigningInformation_Path: 0x7fa4edbff340; isSigned='1', isAdHocSigned='0', signingCertificate='<DVTSigningCertificate: 0x7fa4e694cb60; name='Apple Distribution: Code Brew Labs (6FXUMT5X23)', hash='123CDC3C0D45E7C1D11EBC0789D358D71BDC3FE0', serialNumber='61FFED10654449B1B4B474C94D696131', certificateKinds='(
    "1.2.840.113635.100.6.1.7",
    "1.2.840.113635.100.6.1.4"
), issueDate='2021-05-17 09:31:07 +0000''>', entitlements='(null)', teamID='6FXUMT5X23', identifier='com.zendesk.SDKConfigurations', executablePath='<DVTFilePath:0x7fa4d1295570:'/Users/cbl-mac-001/Library/Developer/Xcode/Archives/2022-05-13/Onscart(Prod) 13-05-22, 1.29 PM.xcarchive/Products/Applications/Onscart.app/Frameworks/SDKConfigurations.framework/SDKConfigurations'>', hardenedRuntime='0'>'>: {
}
2022-05-13 09:18:21 +0000  Entitlements for <IDEDistributionItem: 0x7fa334bf3360; bundleID='com.zendesk.SDKConfigurations', path='<DVTFilePath:0x7fa33a4b4750:'/Users/cbl-mac-001/Library/Developer/Xcode/Archives/2022-05-13/Onscart(Prod) 13-05-22, 1.29 PM.xcarchive/Products/Applications/Onscart.app/Frameworks/SDKConfigurations.framework'>', codeSigningInfo='<_DVTCodeSigningInformation_Path: 0x7fa4edbff340; isSigned='1', isAdHocSigned='0', signingCertificate='<DVTSigningCertificate: 0x7fa4e69df020; name='Apple Distribution: Code Brew Labs (6FXUMT5X23)', hash='123CDC3C0D45E7C1D11EBC0789D358D71BDC3FE0', serialNumber='61FFED10654449B1B4B474C94D696131', certificateKinds='(
    "1.2.840.113635.100.6.1.7",
    "1.2.840.113635.100.6.1.4"
), issueDate='2021-05-17 09:31:07 +0000''>', entitlements='(null)', teamID='6FXUMT5X23', identifier='com.zendesk.SDKConfigurations', executablePath='<DVTFilePath:0x7fa4d1295570:'/Users/cbl-mac-001/Library/Developer/Xcode/Archives/2022-05-13/Onscart(Prod) 13-05-22, 1.29 PM.xcarchive/Products/Applications/Onscart.app/Frameworks/SDKConfigurations.framework/SDKConfigurations'>', hardenedRuntime='0'>'> are: {
}
2022-05-13 09:18:21 +0000  Writing entitlements for <IDEDistributionItem: 0x7fa334bf3360; bundleID='com.zendesk.SDKConfigurations', path='<DVTFilePath:0x7fa33a4b4750:'/Users/cbl-mac-001/Library/Developer/Xcode/Archives/2022-05-13/Onscart(Prod) 13-05-22, 1.29 PM.xcarchive/Products/Applications/Onscart.app/Frameworks/SDKConfigurations.framework'>', codeSigningInfo='<_DVTCodeSigningInformation_Path: 0x7fa4edbff340; isSigned='1', isAdHocSigned='0', signingCertificate='<DVTSigningCertificate: 0x7fa38e7ba9d0; name='Apple Distribution: Code Brew Labs (6FXUMT5X23)', hash='123CDC3C0D45E7C1D11EBC0789D358D71BDC3FE0', serialNumber='61FFED10654449B1B4B474C94D696131', certificateKinds='(
    "1.2.840.113635.100.6.1.7",
    "1.2.840.113635.100.6.1.4"
), issueDate='2021-05-17 09:31:07 +0000''>', entitlements='(null)', teamID='6FXUMT5X23', identifier='com.zendesk.SDKConfigurations', executablePath='<DVTFilePath:0x7fa4d1295570:'/Users/cbl-mac-001/Library/Developer/Xcode/Archives/2022-05-13/Onscart(Prod) 13-05-22, 1.29 PM.xcarchive/Products/Applications/Onscart.app/Frameworks/SDKConfigurations.framework/SDKConfigurations'>', hardenedRuntime='0'>'> to: /var/folders/ww/sw0d02593_9c001st0kyw4bc0000gn/T/XcodeDistPipeline.~~~p63Lc0/entitlements~~~jX8sxJ
2022-05-13 09:18:21 +0000  Running /usr/bin/codesign '-vvv' '--force' '--sign' '123CDC3C0D45E7C1D11EBC0789D358D71BDC3FE0' '--entitlements' '/var/folders/ww/sw0d02593_9c001st0kyw4bc0000gn/T/XcodeDistPipeline.~~~p63Lc0/entitlements~~~jX8sxJ' '--generate-entitlement-der' '--preserve-metadata=identifier,flags,runtime' '/var/folders/ww/sw0d02593_9c001st0kyw4bc0000gn/T/XcodeDistPipeline.~~~p63Lc0/Root/Payload/Onscart.app/Frameworks/SDKConfigurations.framework'
2022-05-13 09:18:21 +0000  /var/folders/ww/sw0d02593_9c001st0kyw4bc0000gn/T/XcodeDistPipeline.~~~p63Lc0/Root/Payload/Onscart.app/Frameworks/SDKConfigurations.framework: replacing existing signature
2022-05-13 09:18:21 +0000  /var/folders/ww/sw0d02593_9c001st0kyw4bc0000gn/T/XcodeDistPipeline.~~~p63Lc0/Root/Payload/Onscart.app/Frameworks/SDKConfigurations.framework: signed bundle with Mach-O universal (arm64) [com.zendesk.SDKConfigurations]
2022-05-13 09:18:21 +0000  /usr/bin/codesign exited with 0
2022-05-13 09:18:21 +0000  Entitlements for <IDEDistributionItem: 0x7fa38a9b62c0; bundleID='com.apple.dt.runtime.swiftAVFoundation', path='<DVTFilePath:0x7fa339c0ba80:'/Users/cbl-mac-001/Library/Developer/Xcode/Archives/2022-05-13/Onscart(Prod) 13-05-22, 1.29 PM.xcarchive/Products/Applications/Onscart.app/Frameworks/libswiftAVFoundation.dylib'>', codeSigningInfo='<_DVTCodeSigningInformation_Path: 0x7fa3908e0650; isSigned='1', isAdHocSigned='0', signingCertificate='<DVTSigningCertificate: 0x7fa4ba92efe0; name='Apple Distribution: Code Brew Labs (6FXUMT5X23)', hash='123CDC3C0D45E7C1D11EBC0789D358D71BDC3FE0', serialNumber='61FFED10654449B1B4B474C94D696131', certificateKinds='(
    "1.2.840.113635.100.6.1.7",
    "1.2.840.113635.100.6.1.4"
), issueDate='2021-05-17 09:31:07 +0000''>', entitlements='(null)', teamID='6FXUMT5X23', identifier='com.apple.dt.runtime.swiftAVFoundation', executablePath='<DVTFilePath:0x7fa339c0ba80:'/Users/cbl-mac-001/Library/Developer/Xcode/Archives/2022-05-13/Onscart(Prod) 13-05-22, 1.29 PM.xcarchive/Products/Applications/Onscart.app/Frameworks/libswiftAVFoundation.dylib'>', hardenedRuntime='0'>'>: {
}
2022-05-13 09:18:21 +0000  Entitlements for <IDEDistributionItem: 0x7fa38a9b62c0; bundleID='com.apple.dt.runtime.swiftAVFoundation', path='<DVTFilePath:0x7fa339c0ba80:'/Users/cbl-mac-001/Library/Developer/Xcode/Archives/2022-05-13/Onscart(Prod) 13-05-22, 1.29 PM.xcarchive/Products/Applications/Onscart.app/Frameworks/libswiftAVFoundation.dylib'>', codeSigningInfo='<_DVTCodeSigningInformation_Path: 0x7fa3908e0650; isSigned='1', isAdHocSigned='0', signingCertificate='<DVTSigningCertificate: 0x7fa38e26c060; name='Apple Distribution: Code Brew Labs (6FXUMT5X23)', hash='123CDC3C0D45E7C1D11EBC0789D358D71BDC3FE0', serialNumber='61FFED10654449B1B4B474C94D696131', certificateKinds='(
    "1.2.840.113635.100.6.1.7",
    "1.2.840.113635.100.6.1.4"
), issueDate='2021-05-17 09:31:07 +0000''>', entitlements='(null)', teamID='6FXUMT5X23', identifier='com.apple.dt.runtime.swiftAVFoundation', executablePath='<DVTFilePath:0x7fa339c0ba80:'/Users/cbl-mac-001/Library/Developer/Xcode/Archives/2022-05-13/Onscart(Prod) 13-05-22, 1.29 PM.xcarchive/Products/Applications/Onscart.app/Frameworks/libswiftAVFoundation.dylib'>', hardenedRuntime='0'>'> are: {
}
2022-05-13 09:18:21 +0000  Writing entitlements for <IDEDistributionItem: 0x7fa38a9b62c0; bundleID='com.apple.dt.runtime.swiftAVFoundation', path='<DVTFilePath:0x7fa339c0ba80:'/Users/cbl-mac-001/Library/Developer/Xcode/Archives/2022-05-13/Onscart(Prod) 13-05-22, 1.29 PM.xcarchive/Products/Applications/Onscart.app/Frameworks/libswiftAVFoundation.dylib'>', codeSigningInfo='<_DVTCodeSigningInformation_Path: 0x7fa3908e0650; isSigned='1', isAdHocSigned='0', signingCertificate='<DVTSigningCertificate: 0x7fa38e252620; name='Apple Distribution: Code Brew Labs (6FXUMT5X23)', hash='123CDC3C0D45E7C1D11EBC0789D358D71BDC3FE0', serialNumber='61FFED10654449B1B4B474C94D696131', certificateKinds='(
    "1.2.840.113635.100.6.1.7",
    "1.2.840.113635.100.6.1.4"
), issueDate='2021-05-17 09:31:07 +0000''>', entitlements='(null)', teamID='6FXUMT5X23', identifier='com.apple.dt.runtime.swiftAVFoundation', executablePath='<DVTFilePath:0x7fa339c0ba80:'/Users/cbl-mac-001/Library/Developer/Xcode/Archives/2022-05-13/Onscart(Prod) 13-05-22, 1.29 PM.xcarchive/Products/Applications/Onscart.app/Frameworks/libswiftAVFoundation.dylib'>', hardenedRuntime='0'>'> to: /var/folders/ww/sw0d02593_9c001st0kyw4bc0000gn/T/XcodeDistPipeline.~~~p63Lc0/entitlements~~~hqlFPb
2022-05-13 09:18:21 +0000  Running /usr/bin/codesign '-vvv' '--force' '--sign' '123CDC3C0D45E7C1D11EBC0789D358D71BDC3FE0' '--entitlements' '/var/folders/ww/sw0d02593_9c001st0kyw4bc0000gn/T/XcodeDistPipeline.~~~p63Lc0/entitlements~~~hqlFPb' '--generate-entitlement-der' '--preserve-metadata=identifier,flags,runtime' '/var/folders/ww/sw0d02593_9c001st0kyw4bc0000gn/T/XcodeDistPipeline.~~~p63Lc0/Root/Payload/Onscart.app/Frameworks/libswiftAVFoundation.dylib'
2022-05-13 09:18:21 +0000  /var/folders/ww/sw0d02593_9c001st0kyw4bc0000gn/T/XcodeDistPipeline.~~~p63Lc0/Root/Payload/Onscart.app/Frameworks/libswiftAVFoundation.dylib: replacing existing signature
2022-05-13 09:18:21 +0000  /var/folders/ww/sw0d02593_9c001st0kyw4bc0000gn/T/XcodeDistPipeline.~~~p63Lc0/Root/Payload/Onscart.app/Frameworks/libswiftAVFoundation.dylib: signed Mach-O universal (armv7 armv7s arm64) [com.apple.dt.runtime.swiftAVFoundation]
2022-05-13 09:18:21 +0000  /usr/bin/codesign exited with 0
2022-05-13 09:18:21 +0000  Entitlements for <IDEDistributionItem: 0x7fa332efe100; bundleID='com.apple.dt.runtime.swiftContacts', path='<DVTFilePath:0x7fa339ce1c00:'/Users/cbl-mac-001/Library/Developer/Xcode/Archives/2022-05-13/Onscart(Prod) 13-05-22, 1.29 PM.xcarchive/Products/Applications/Onscart.app/Frameworks/libswiftContacts.dylib'>', codeSigningInfo='<_DVTCodeSigningInformation_Path: 0x7fa38a63a3a0; isSigned='1', isAdHocSigned='0', signingCertificate='<DVTSigningCertificate: 0x7fa49d626a00; name='Apple Distribution: Code Brew Labs (6FXUMT5X23)', hash='123CDC3C0D45E7C1D11EBC0789D358D71BDC3FE0', serialNumber='61FFED10654449B1B4B474C94D696131', certificateKinds='(
    "1.2.840.113635.100.6.1.7",
    "1.2.840.113635.100.6.1.4"
), issueDate='2021-05-17 09:31:07 +0000''>', entitlements='(null)', teamID='6FXUMT5X23', identifier='com.apple.dt.runtime.swiftContacts', executablePath='<DVTFilePath:0x7fa339ce1c00:'/Users/cbl-mac-001/Library/Developer/Xcode/Archives/2022-05-13/Onscart(Prod) 13-05-22, 1.29 PM.xcarchive/Products/Applications/Onscart.app/Frameworks/libswiftContacts.dylib'>', hardenedRuntime='0'>'>: {
}
2022-05-13 09:18:21 +0000  Entitlements for <IDEDistributionItem: 0x7fa332efe100; bundleID='com.apple.dt.runtime.swiftContacts', path='<DVTFilePath:0x7fa339ce1c00:'/Users/cbl-mac-001/Library/Developer/Xcode/Archives/2022-05-13/Onscart(Prod) 13-05-22, 1.29 PM.xcarchive/Products/Applications/Onscart.app/Frameworks/libswiftContacts.dylib'>', codeSigningInfo='<_DVTCodeSigningInformation_Path: 0x7fa38a63a3a0; isSigned='1', isAdHocSigned='0', signingCertificate='<DVTSigningCertificate: 0x7fa41af91aa0; name='Apple Distribution: Code Brew Labs (6FXUMT5X23)', hash='123CDC3C0D45E7C1D11EBC0789D358D71BDC3FE0', serialNumber='61FFED10654449B1B4B474C94D696131', certificateKinds='(
    "1.2.840.113635.100.6.1.7",
    "1.2.840.113635.100.6.1.4"
), issueDate='2021-05-17 09:31:07 +0000''>', entitlements='(null)', teamID='6FXUMT5X23', identifier='com.apple.dt.runtime.swiftContacts', executablePath='<DVTFilePath:0x7fa339ce1c00:'/Users/cbl-mac-001/Library/Developer/Xcode/Archives/2022-05-13/Onscart(Prod) 13-05-22, 1.29 PM.xcarchive/Products/Applications/Onscart.app/Frameworks/libswiftContacts.dylib'>', hardenedRuntime='0'>'> are: {
}
2022-05-13 09:18:21 +0000  Writing entitlements for <IDEDistributionItem: 0x7fa332efe100; bundleID='com.apple.dt.runtime.swiftContacts', path='<DVTFilePath:0x7fa339ce1c00:'/Users/cbl-mac-001/Library/Developer/Xcode/Archives/2022-05-13/Onscart(Prod) 13-05-22, 1.29 PM.xcarchive/Products/Applications/Onscart.app/Frameworks/libswiftContacts.dylib'>', codeSigningInfo='<_DVTCodeSigningInformation_Path: 0x7fa38a63a3a0; isSigned='1', isAdHocSigned='0', signingCertificate='<DVTSigningCertificate: 0x7fa4e85c0b60; name='Apple Distribution: Code Brew Labs (6FXUMT5X23)', hash='123CDC3C0D45E7C1D11EBC0789D358D71BDC3FE0', serialNumber='61FFED10654449B1B4B474C94D696131', certificateKinds='(
    "1.2.840.113635.100.6.1.7",
    "1.2.840.113635.100.6.1.4"
), issueDate='2021-05-17 09:31:07 +0000''>', entitlements='(null)', teamID='6FXUMT5X23', identifier='com.apple.dt.runtime.swiftContacts', executablePath='<DVTFilePath:0x7fa339ce1c00:'/Users/cbl-mac-001/Library/Developer/Xcode/Archives/2022-05-13/Onscart(Prod) 13-05-22, 1.29 PM.xcarchive/Products/Applications/Onscart.app/Frameworks/libswiftContacts.dylib'>', hardenedRuntime='0'>'> to: /var/folders/ww/sw0d02593_9c001st0kyw4bc0000gn/T/XcodeDistPipeline.~~~p63Lc0/entitlements~~~BTV5Rp
2022-05-13 09:18:21 +0000  Running /usr/bin/codesign '-vvv' '--force' '--sign' '123CDC3C0D45E7C1D11EBC0789D358D71BDC3FE0' '--entitlements' '/var/folders/ww/sw0d02593_9c001st0kyw4bc0000gn/T/XcodeDistPipeline.~~~p63Lc0/entitlements~~~BTV5Rp' '--generate-entitlement-der' '--preserve-metadata=identifier,flags,runtime' '/var/folders/ww/sw0d02593_9c001st0kyw4bc0000gn/T/XcodeDistPipeline.~~~p63Lc0/Root/Payload/Onscart.app/Frameworks/libswiftContacts.dylib'
2022-05-13 09:18:21 +0000  /var/folders/ww/sw0d02593_9c001st0kyw4bc0000gn/T/XcodeDistPipeline.~~~p63Lc0/Root/Payload/Onscart.app/Frameworks/libswiftContacts.dylib: replacing existing signature
2022-05-13 09:18:21 +0000  /var/folders/ww/sw0d02593_9c001st0kyw4bc0000gn/T/XcodeDistPipeline.~~~p63Lc0/Root/Payload/Onscart.app/Frameworks/libswiftContacts.dylib: signed Mach-O universal (armv7 armv7s arm64) [com.apple.dt.runtime.swiftContacts]
2022-05-13 09:18:21 +0000  /usr/bin/codesign exited with 0
2022-05-13 09:18:21 +0000  Entitlements for <IDEDistributionItem: 0x7fa3363f2d30; bundleID='com.apple.dt.runtime.swiftCore', path='<DVTFilePath:0x7fa4f7d5a530:'/Users/cbl-mac-001/Library/Developer/Xcode/Archives/2022-05-13/Onscart(Prod) 13-05-22, 1.29 PM.xcarchive/Products/Applications/Onscart.app/Frameworks/libswiftCore.dylib'>', codeSigningInfo='<_DVTCodeSigningInformation_Path: 0x7fa38edf92f0; isSigned='1', isAdHocSigned='0', signingCertificate='<DVTSigningCertificate: 0x7fa4ba92efe0; name='Apple Distribution: Code Brew Labs (6FXUMT5X23)', hash='123CDC3C0D45E7C1D11EBC0789D358D71BDC3FE0', serialNumber='61FFED10654449B1B4B474C94D696131', certificateKinds='(
    "1.2.840.113635.100.6.1.7",
    "1.2.840.113635.100.6.1.4"
), issueDate='2021-05-17 09:31:07 +0000''>', entitlements='(null)', teamID='6FXUMT5X23', identifier='com.apple.dt.runtime.swiftCore', executablePath='<DVTFilePath:0x7fa4f7d5a530:'/Users/cbl-mac-001/Library/Developer/Xcode/Archives/2022-05-13/Onscart(Prod) 13-05-22, 1.29 PM.xcarchive/Products/Applications/Onscart.app/Frameworks/libswiftCore.dylib'>', hardenedRuntime='0'>'>: {
}
2022-05-13 09:18:21 +0000  Entitlements for <IDEDistributionItem: 0x7fa3363f2d30; bundleID='com.apple.dt.runtime.swiftCore', path='<DVTFilePath:0x7fa4f7d5a530:'/Users/cbl-mac-001/Library/Developer/Xcode/Archives/2022-05-13/Onscart(Prod) 13-05-22, 1.29 PM.xcarchive/Products/Applications/Onscart.app/Frameworks/libswiftCore.dylib'>', codeSigningInfo='<_DVTCodeSigningInformation_Path: 0x7fa38edf92f0; isSigned='1', isAdHocSigned='0', signingCertificate='<DVTSigningCertificate: 0x7fa38e26c060; name='Apple Distribution: Code Brew Labs (6FXUMT5X23)', hash='123CDC3C0D45E7C1D11EBC0789D358D71BDC3FE0', serialNumber='61FFED10654449B1B4B474C94D696131', certificateKinds='(
    "1.2.840.113635.100.6.1.7",
    "1.2.840.113635.100.6.1.4"
), issueDate='2021-05-17 09:31:07 +0000''>', entitlements='(null)', teamID='6FXUMT5X23', identifier='com.apple.dt.runtime.swiftCore', executablePath='<DVTFilePath:0x7fa4f7d5a530:'/Users/cbl-mac-001/Library/Developer/Xcode/Archives/2022-05-13/Onscart(Prod) 13-05-22, 1.29 PM.xcarchive/Products/Applications/Onscart.app/Frameworks/libswiftCore.dylib'>', hardenedRuntime='0'>'> are: {
}
2022-05-13 09:18:21 +0000  Writing entitlements for <IDEDistributionItem: 0x7fa3363f2d30; bundleID='com.apple.dt.runtime.swiftCore', path='<DVTFilePath:0x7fa4f7d5a530:'/Users/cbl-mac-001/Library/Developer/Xcode/Archives/2022-05-13/Onscart(Prod) 13-05-22, 1.29 PM.xcarchive/Products/Applications/Onscart.app/Frameworks/libswiftCore.dylib'>', codeSigningInfo='<_DVTCodeSigningInformation_Path: 0x7fa38edf92f0; isSigned='1', isAdHocSigned='0', signingCertificate='<DVTSigningCertificate: 0x7fa41af91aa0; name='Apple Distribution: Code Brew Labs (6FXUMT5X23)', hash='123CDC3C0D45E7C1D11EBC0789D358D71BDC3FE0', serialNumber='61FFED10654449B1B4B474C94D696131', certificateKinds='(
    "1.2.840.113635.100.6.1.7",
    "1.2.840.113635.100.6.1.4"
), issueDate='2021-05-17 09:31:07 +0000''>', entitlements='(null)', teamID='6FXUMT5X23', identifier='com.apple.dt.runtime.swiftCore', executablePath='<DVTFilePath:0x7fa4f7d5a530:'/Users/cbl-mac-001/Library/Developer/Xcode/Archives/2022-05-13/Onscart(Prod) 13-05-22, 1.29 PM.xcarchive/Products/Applications/Onscart.app/Frameworks/libswiftCore.dylib'>', hardenedRuntime='0'>'> to: /var/folders/ww/sw0d02593_9c001st0kyw4bc0000gn/T/XcodeDistPipeline.~~~p63Lc0/entitlements~~~LpuU6x
2022-05-13 09:18:21 +0000  Running /usr/bin/codesign '-vvv' '--force' '--sign' '123CDC3C0D45E7C1D11EBC0789D358D71BDC3FE0' '--entitlements' '/var/folders/ww/sw0d02593_9c001st0kyw4bc0000gn/T/XcodeDistPipeline.~~~p63Lc0/entitlements~~~LpuU6x' '--generate-entitlement-der' '--preserve-metadata=identifier,flags,runtime' '/var/folders/ww/sw0d02593_9c001st0kyw4bc0000gn/T/XcodeDistPipeline.~~~p63Lc0/Root/Payload/Onscart.app/Frameworks/libswiftCore.dylib'
2022-05-13 09:18:21 +0000  /var/folders/ww/sw0d02593_9c001st0kyw4bc0000gn/T/XcodeDistPipeline.~~~p63Lc0/Root/Payload/Onscart.app/Frameworks/libswiftCore.dylib: replacing existing signature
2022-05-13 09:18:21 +0000  /var/folders/ww/sw0d02593_9c001st0kyw4bc0000gn/T/XcodeDistPipeline.~~~p63Lc0/Root/Payload/Onscart.app/Frameworks/libswiftCore.dylib: signed Mach-O universal (armv7 armv7s arm64) [com.apple.dt.runtime.swiftCore]
2022-05-13 09:18:21 +0000  /usr/bin/codesign exited with 0
2022-05-13 09:18:21 +0000  Entitlements for <IDEDistributionItem: 0x7fa33a3774c0; bundleID='com.apple.dt.runtime.swiftCoreAudio', path='<DVTFilePath:0x7fa339c74790:'/Users/cbl-mac-001/Library/Developer/Xcode/Archives/2022-05-13/Onscart(Prod) 13-05-22, 1.29 PM.xcarchive/Products/Applications/Onscart.app/Frameworks/libswiftCoreAudio.dylib'>', codeSigningInfo='<_DVTCodeSigningInformation_Path: 0x7fa4ff8f0810; isSigned='1', isAdHocSigned='0', signingCertificate='<DVTSigningCertificate: 0x7fa41af91aa0; name='Apple Distribution: Code Brew Labs (6FXUMT5X23)', hash='123CDC3C0D45E7C1D11EBC0789D358D71BDC3FE0', serialNumber='61FFED10654449B1B4B474C94D696131', certificateKinds='(
    "1.2.840.113635.100.6.1.7",
    "1.2.840.113635.100.6.1.4"
), issueDate='2021-05-17 09:31:07 +0000''>', entitlements='(null)', teamID='6FXUMT5X23', identifier='com.apple.dt.runtime.swiftCoreAudio', executablePath='<DVTFilePath:0x7fa339c74790:'/Users/cbl-mac-001/Library/Developer/Xcode/Archives/2022-05-13/Onscart(Prod) 13-05-22, 1.29 PM.xcarchive/Products/Applications/Onscart.app/Frameworks/libswiftCoreAudio.dylib'>', hardenedRuntime='0'>'>: {
}
2022-05-13 09:18:21 +0000  Entitlements for <IDEDistributionItem: 0x7fa33a3774c0; bundleID='com.apple.dt.runtime.swiftCoreAudio', path='<DVTFilePath:0x7fa339c74790:'/Users/cbl-mac-001/Library/Developer/Xcode/Archives/2022-05-13/Onscart(Prod) 13-05-22, 1.29 PM.xcarchive/Products/Applications/Onscart.app/Frameworks/libswiftCoreAudio.dylib'>', codeSigningInfo='<_DVTCodeSigningInformation_Path: 0x7fa4ff8f0810; isSigned='1', isAdHocSigned='0', signingCertificate='<DVTSigningCertificate: 0x7fa41dde0ab0; name='Apple Distribution: Code Brew Labs (6FXUMT5X23)', hash='123CDC3C0D45E7C1D11EBC0789D358D71BDC3FE0', serialNumber='61FFED10654449B1B4B474C94D696131', certificateKinds='(
    "1.2.840.113635.100.6.1.7",
    "1.2.840.113635.100.6.1.4"
), issueDate='2021-05-17 09:31:07 +0000''>', entitlements='(null)', teamID='6FXUMT5X23', identifier='com.apple.dt.runtime.swiftCoreAudio', executablePath='<DVTFilePath:0x7fa339c74790:'/Users/cbl-mac-001/Library/Developer/Xcode/Archives/2022-05-13/Onscart(Prod) 13-05-22, 1.29 PM.xcarchive/Products/Applications/Onscart.app/Frameworks/libswiftCoreAudio.dylib'>', hardenedRuntime='0'>'> are: {
}
2022-05-13 09:18:21 +0000  Writing entitlements for <IDEDistributionItem: 0x7fa33a3774c0; bundleID='com.apple.dt.runtime.swiftCoreAudio', path='<DVTFilePath:0x7fa339c74790:'/Users/cbl-mac-001/Library/Developer/Xcode/Archives/2022-05-13/Onscart(Prod) 13-05-22, 1.29 PM.xcarchive/Products/Applications/Onscart.app/Frameworks/libswiftCoreAudio.dylib'>', codeSigningInfo='<_DVTCodeSigningInformation_Path: 0x7fa4ff8f0810; isSigned='1', isAdHocSigned='0', signingCertificate='<DVTSigningCertificate: 0x7fa4c250d110; name='Apple Distribution: Code Brew Labs (6FXUMT5X23)', hash='123CDC3C0D45E7C1D11EBC0789D358D71BDC3FE0', serialNumber='61FFED10654449B1B4B474C94D696131', certificateKinds='(
    "1.2.840.113635.100.6.1.7",
    "1.2.840.113635.100.6.1.4"
), issueDate='2021-05-17 09:31:07 +0000''>', entitlements='(null)', teamID='6FXUMT5X23', identifier='com.apple.dt.runtime.swiftCoreAudio', executablePath='<DVTFilePath:0x7fa339c74790:'/Users/cbl-mac-001/Library/Developer/Xcode/Archives/2022-05-13/Onscart(Prod) 13-05-22, 1.29 PM.xcarchive/Products/Applications/Onscart.app/Frameworks/libswiftCoreAudio.dylib'>', hardenedRuntime='0'>'> to: /var/folders/ww/sw0d02593_9c001st0kyw4bc0000gn/T/XcodeDistPipeline.~~~p63Lc0/entitlements~~~llAdwu
2022-05-13 09:18:21 +0000  Running /usr/bin/codesign '-vvv' '--force' '--sign' '123CDC3C0D45E7C1D11EBC0789D358D71BDC3FE0' '--entitlements' '/var/folders/ww/sw0d02593_9c001st0kyw4bc0000gn/T/XcodeDistPipeline.~~~p63Lc0/entitlements~~~llAdwu' '--generate-entitlement-der' '--preserve-metadata=identifier,flags,runtime' '/var/folders/ww/sw0d02593_9c001st0kyw4bc0000gn/T/XcodeDistPipeline.~~~p63Lc0/Root/Payload/Onscart.app/Frameworks/libswiftCoreAudio.dylib'
2022-05-13 09:18:21 +0000  /var/folders/ww/sw0d02593_9c001st0kyw4bc0000gn/T/XcodeDistPipeline.~~~p63Lc0/Root/Payload/Onscart.app/Frameworks/libswiftCoreAudio.dylib: replacing existing signature
2022-05-13 09:18:21 +0000  /var/folders/ww/sw0d02593_9c001st0kyw4bc0000gn/T/XcodeDistPipeline.~~~p63Lc0/Root/Payload/Onscart.app/Frameworks/libswiftCoreAudio.dylib: signed Mach-O universal (armv7 armv7s arm64) [com.apple.dt.runtime.swiftCoreAudio]
2022-05-13 09:18:21 +0000  /usr/bin/codesign exited with 0
2022-05-13 09:18:21 +0000  Entitlements for <IDEDistributionItem: 0x7fa339d2dae0; bundleID='com.apple.dt.runtime.swiftCoreData', path='<DVTFilePath:0x7fa519ab6b00:'/Users/cbl-mac-001/Library/Developer/Xcode/Archives/2022-05-13/Onscart(Prod) 13-05-22, 1.29 PM.xcarchive/Products/Applications/Onscart.app/Frameworks/libswiftCoreData.dylib'>', codeSigningInfo='<_DVTCodeSigningInformation_Path: 0x7fa4e6accab0; isSigned='1', isAdHocSigned='0', signingCertificate='<DVTSigningCertificate: 0x7fa41af91aa0; name='Apple Distribution: Code Brew Labs (6FXUMT5X23)', hash='123CDC3C0D45E7C1D11EBC0789D358D71BDC3FE0', serialNumber='61FFED10654449B1B4B474C94D696131', certificateKinds='(
    "1.2.840.113635.100.6.1.7",
    "1.2.840.113635.100.6.1.4"
), issueDate='2021-05-17 09:31:07 +0000''>', entitlements='(null)', teamID='6FXUMT5X23', identifier='com.apple.dt.runtime.swiftCoreData', executablePath='<DVTFilePath:0x7fa519ab6b00:'/Users/cbl-mac-001/Library/Developer/Xcode/Archives/2022-05-13/Onscart(Prod) 13-05-22, 1.29 PM.xcarchive/Products/Applications/Onscart.app/Frameworks/libswiftCoreData.dylib'>', hardenedRuntime='0'>'>: {
}
2022-05-13 09:18:21 +0000  Entitlements for <IDEDistributionItem: 0x7fa339d2dae0; bundleID='com.apple.dt.runtime.swiftCoreData', path='<DVTFilePath:0x7fa519ab6b00:'/Users/cbl-mac-001/Library/Developer/Xcode/Archives/2022-05-13/Onscart(Prod) 13-05-22, 1.29 PM.xcarchive/Products/Applications/Onscart.app/Frameworks/libswiftCoreData.dylib'>', codeSigningInfo='<_DVTCodeSigningInformation_Path: 0x7fa4e6accab0; isSigned='1', isAdHocSigned='0', signingCertificate='<DVTSigningCertificate: 0x7fa41dde0ab0; name='Apple Distribution: Code Brew Labs (6FXUMT5X23)', hash='123CDC3C0D45E7C1D11EBC0789D358D71BDC3FE0', serialNumber='61FFED10654449B1B4B474C94D696131', certificateKinds='(
    "1.2.840.113635.100.6.1.7",
    "1.2.840.113635.100.6.1.4"
), issueDate='2021-05-17 09:31:07 +0000''>', entitlements='(null)', teamID='6FXUMT5X23', identifier='com.apple.dt.runtime.swiftCoreData', executablePath='<DVTFilePath:0x7fa519ab6b00:'/Users/cbl-mac-001/Library/Developer/Xcode/Archives/2022-05-13/Onscart(Prod) 13-05-22, 1.29 PM.xcarchive/Products/Applications/Onscart.app/Frameworks/libswiftCoreData.dylib'>', hardenedRuntime='0'>'> are: {
}
2022-05-13 09:18:21 +0000  Writing entitlements for <IDEDistributionItem: 0x7fa339d2dae0; bundleID='com.apple.dt.runtime.swiftCoreData', path='<DVTFilePath:0x7fa519ab6b00:'/Users/cbl-mac-001/Library/Developer/Xcode/Archives/2022-05-13/Onscart(Prod) 13-05-22, 1.29 PM.xcarchive/Products/Applications/Onscart.app/Frameworks/libswiftCoreData.dylib'>', codeSigningInfo='<_DVTCodeSigningInformation_Path: 0x7fa4e6accab0; isSigned='1', isAdHocSigned='0', signingCertificate='<DVTSigningCertificate: 0x7fa4c250d110; name='Apple Distribution: Code Brew Labs (6FXUMT5X23)', hash='123CDC3C0D45E7C1D11EBC0789D358D71BDC3FE0', serialNumber='61FFED10654449B1B4B474C94D696131', certificateKinds='(
    "1.2.840.113635.100.6.1.7",
    "1.2.840.113635.100.6.1.4"
), issueDate='2021-05-17 09:31:07 +0000''>', entitlements='(null)', teamID='6FXUMT5X23', identifier='com.apple.dt.runtime.swiftCoreData', executablePath='<DVTFilePath:0x7fa519ab6b00:'/Users/cbl-mac-001/Library/Developer/Xcode/Archives/2022-05-13/Onscart(Prod) 13-05-22, 1.29 PM.xcarchive/Products/Applications/Onscart.app/Frameworks/libswiftCoreData.dylib'>', hardenedRuntime='0'>'> to: /var/folders/ww/sw0d02593_9c001st0kyw4bc0000gn/T/XcodeDistPipeline.~~~p63Lc0/entitlements~~~a7MUrL
2022-05-13 09:18:21 +0000  Running /usr/bin/codesign '-vvv' '--force' '--sign' '123CDC3C0D45E7C1D11EBC0789D358D71BDC3FE0' '--entitlements' '/var/folders/ww/sw0d02593_9c001st0kyw4bc0000gn/T/XcodeDistPipeline.~~~p63Lc0/entitlements~~~a7MUrL' '--generate-entitlement-der' '--preserve-metadata=identifier,flags,runtime' '/var/folders/ww/sw0d02593_9c001st0kyw4bc0000gn/T/XcodeDistPipeline.~~~p63Lc0/Root/Payload/Onscart.app/Frameworks/libswiftCoreData.dylib'
2022-05-13 09:18:22 +0000  /var/folders/ww/sw0d02593_9c001st0kyw4bc0000gn/T/XcodeDistPipeline.~~~p63Lc0/Root/Payload/Onscart.app/Frameworks/libswiftCoreData.dylib: replacing existing signature
2022-05-13 09:18:22 +0000  /var/folders/ww/sw0d02593_9c001st0kyw4bc0000gn/T/XcodeDistPipeline.~~~p63Lc0/Root/Payload/Onscart.app/Frameworks/libswiftCoreData.dylib: signed Mach-O universal (armv7 armv7s arm64) [com.apple.dt.runtime.swiftCoreData]
2022-05-13 09:18:22 +0000  /usr/bin/codesign exited with 0
2022-05-13 09:18:22 +0000  Entitlements for <IDEDistributionItem: 0x7fa3363868d0; bundleID='com.apple.dt.runtime.swiftCoreFoundation', path='<DVTFilePath:0x7fa339c62270:'/Users/cbl-mac-001/Library/Developer/Xcode/Archives/2022-05-13/Onscart(Prod) 13-05-22, 1.29 PM.xcarchive/Products/Applications/Onscart.app/Frameworks/libswiftCoreFoundation.dylib'>', codeSigningInfo='<_DVTCodeSigningInformation_Path: 0x7fa38ed29050; isSigned='1', isAdHocSigned='0', signingCertificate='<DVTSigningCertificate: 0x7fa333fcf5d0; name='Apple Distribution: Code Brew Labs (6FXUMT5X23)', hash='123CDC3C0D45E7C1D11EBC0789D358D71BDC3FE0', serialNumber='61FFED10654449B1B4B474C94D696131', certificateKinds='(
    "1.2.840.113635.100.6.1.7",
    "1.2.840.113635.100.6.1.4"
), issueDate='2021-05-17 09:31:07 +0000''>', entitlements='(null)', teamID='6FXUMT5X23', identifier='com.apple.dt.runtime.swiftCoreFoundation', executablePath='<DVTFilePath:0x7fa339c62270:'/Users/cbl-mac-001/Library/Developer/Xcode/Archives/2022-05-13/Onscart(Prod) 13-05-22, 1.29 PM.xcarchive/Products/Applications/Onscart.app/Frameworks/libswiftCoreFoundation.dylib'>', hardenedRuntime='0'>'>: {
}
2022-05-13 09:18:22 +0000  Entitlements for <IDEDistributionItem: 0x7fa3363868d0; bundleID='com.apple.dt.runtime.swiftCoreFoundation', path='<DVTFilePath:0x7fa339c62270:'/Users/cbl-mac-001/Library/Developer/Xcode/Archives/2022-05-13/Onscart(Prod) 13-05-22, 1.29 PM.xcarchive/Products/Applications/Onscart.app/Frameworks/libswiftCoreFoundation.dylib'>', codeSigningInfo='<_DVTCodeSigningInformation_Path: 0x7fa38ed29050; isSigned='1', isAdHocSigned='0', signingCertificate='<DVTSigningCertificate: 0x7fa4e6981070; name='Apple Distribution: Code Brew Labs (6FXUMT5X23)', hash='123CDC3C0D45E7C1D11EBC0789D358D71BDC3FE0', serialNumber='61FFED10654449B1B4B474C94D696131', certificateKinds='(
    "1.2.840.113635.100.6.1.7",
    "1.2.840.113635.100.6.1.4"
), issueDate='2021-05-17 09:31:07 +0000''>', entitlements='(null)', teamID='6FXUMT5X23', identifier='com.apple.dt.runtime.swiftCoreFoundation', executablePath='<DVTFilePath:0x7fa339c62270:'/Users/cbl-mac-001/Library/Developer/Xcode/Archives/2022-05-13/Onscart(Prod) 13-05-22, 1.29 PM.xcarchive/Products/Applications/Onscart.app/Frameworks/libswiftCoreFoundation.dylib'>', hardenedRuntime='0'>'> are: {
}
2022-05-13 09:18:22 +0000  Writing entitlements for <IDEDistributionItem: 0x7fa3363868d0; bundleID='com.apple.dt.runtime.swiftCoreFoundation', path='<DVTFilePath:0x7fa339c62270:'/Users/cbl-mac-001/Library/Developer/Xcode/Archives/2022-05-13/Onscart(Prod) 13-05-22, 1.29 PM.xcarchive/Products/Applications/Onscart.app/Frameworks/libswiftCoreFoundation.dylib'>', codeSigningInfo='<_DVTCodeSigningInformation_Path: 0x7fa38ed29050; isSigned='1', isAdHocSigned='0', signingCertificate='<DVTSigningCertificate: 0x7fa4e69df020; name='Apple Distribution: Code Brew Labs (6FXUMT5X23)', hash='123CDC3C0D45E7C1D11EBC0789D358D71BDC3FE0', serialNumber='61FFED10654449B1B4B474C94D696131', certificateKinds='(
    "1.2.840.113635.100.6.1.7",
    "1.2.840.113635.100.6.1.4"
), issueDate='2021-05-17 09:31:07 +0000''>', entitlements='(null)', teamID='6FXUMT5X23', identifier='com.apple.dt.runtime.swiftCoreFoundation', executablePath='<DVTFilePath:0x7fa339c62270:'/Users/cbl-mac-001/Library/Developer/Xcode/Archives/2022-05-13/Onscart(Prod) 13-05-22, 1.29 PM.xcarchive/Products/Applications/Onscart.app/Frameworks/libswiftCoreFoundation.dylib'>', hardenedRuntime='0'>'> to: /var/folders/ww/sw0d02593_9c001st0kyw4bc0000gn/T/XcodeDistPipeline.~~~p63Lc0/entitlements~~~YgKQiI
2022-05-13 09:18:22 +0000  Running /usr/bin/codesign '-vvv' '--force' '--sign' '123CDC3C0D45E7C1D11EBC0789D358D71BDC3FE0' '--entitlements' '/var/folders/ww/sw0d02593_9c001st0kyw4bc0000gn/T/XcodeDistPipeline.~~~p63Lc0/entitlements~~~YgKQiI' '--generate-entitlement-der' '--preserve-metadata=identifier,flags,runtime' '/var/folders/ww/sw0d02593_9c001st0kyw4bc0000gn/T/XcodeDistPipeline.~~~p63Lc0/Root/Payload/Onscart.app/Frameworks/libswiftCoreFoundation.dylib'
2022-05-13 09:18:22 +0000  /var/folders/ww/sw0d02593_9c001st0kyw4bc0000gn/T/XcodeDistPipeline.~~~p63Lc0/Root/Payload/Onscart.app/Frameworks/libswiftCoreFoundation.dylib: replacing existing signature
2022-05-13 09:18:22 +0000  /var/folders/ww/sw0d02593_9c001st0kyw4bc0000gn/T/XcodeDistPipeline.~~~p63Lc0/Root/Payload/Onscart.app/Frameworks/libswiftCoreFoundation.dylib: signed Mach-O universal (armv7 armv7s arm64) [com.apple.dt.runtime.swiftCoreFoundation]
2022-05-13 09:18:22 +0000  /usr/bin/codesign exited with 0
2022-05-13 09:18:22 +0000  Entitlements for <IDEDistributionItem: 0x7fa390841a50; bundleID='com.apple.dt.runtime.swiftCoreGraphics', path='<DVTFilePath:0x7fa4cfccd810:'/Users/cbl-mac-001/Library/Developer/Xcode/Archives/2022-05-13/Onscart(Prod) 13-05-22, 1.29 PM.xcarchive/Products/Applications/Onscart.app/Frameworks/libswiftCoreGraphics.dylib'>', codeSigningInfo='<_DVTCodeSigningInformation_Path: 0x7fa3245b8bf0; isSigned='1', isAdHocSigned='0', signingCertificate='<DVTSigningCertificate: 0x7fa333fcf5d0; name='Apple Distribution: Code Brew Labs (6FXUMT5X23)', hash='123CDC3C0D45E7C1D11EBC0789D358D71BDC3FE0', serialNumber='61FFED10654449B1B4B474C94D696131', certificateKinds='(
    "1.2.840.113635.100.6.1.7",
    "1.2.840.113635.100.6.1.4"
), issueDate='2021-05-17 09:31:07 +0000''>', entitlements='(null)', teamID='6FXUMT5X23', identifier='com.apple.dt.runtime.swiftCoreGraphics', executablePath='<DVTFilePath:0x7fa4cfccd810:'/Users/cbl-mac-001/Library/Developer/Xcode/Archives/2022-05-13/Onscart(Prod) 13-05-22, 1.29 PM.xcarchive/Products/Applications/Onscart.app/Frameworks/libswiftCoreGraphics.dylib'>', hardenedRuntime='0'>'>: {
}
2022-05-13 09:18:22 +0000  Entitlements for <IDEDistributionItem: 0x7fa390841a50; bundleID='com.apple.dt.runtime.swiftCoreGraphics', path='<DVTFilePath:0x7fa4cfccd810:'/Users/cbl-mac-001/Library/Developer/Xcode/Archives/2022-05-13/Onscart(Prod) 13-05-22, 1.29 PM.xcarchive/Products/Applications/Onscart.app/Frameworks/libswiftCoreGraphics.dylib'>', codeSigningInfo='<_DVTCodeSigningInformation_Path: 0x7fa3245b8bf0; isSigned='1', isAdHocSigned='0', signingCertificate='<DVTSigningCertificate: 0x7fa4e6981070; name='Apple Distribution: Code Brew Labs (6FXUMT5X23)', hash='123CDC3C0D45E7C1D11EBC0789D358D71BDC3FE0', serialNumber='61FFED10654449B1B4B474C94D696131', certificateKinds='(
    "1.2.840.113635.100.6.1.7",
    "1.2.840.113635.100.6.1.4"
), issueDate='2021-05-17 09:31:07 +0000''>', entitlements='(null)', teamID='6FXUMT5X23', identifier='com.apple.dt.runtime.swiftCoreGraphics', executablePath='<DVTFilePath:0x7fa4cfccd810:'/Users/cbl-mac-001/Library/Developer/Xcode/Archives/2022-05-13/Onscart(Prod) 13-05-22, 1.29 PM.xcarchive/Products/Applications/Onscart.app/Frameworks/libswiftCoreGraphics.dylib'>', hardenedRuntime='0'>'> are: {
}
2022-05-13 09:18:22 +0000  Writing entitlements for <IDEDistributionItem: 0x7fa390841a50; bundleID='com.apple.dt.runtime.swiftCoreGraphics', path='<DVTFilePath:0x7fa4cfccd810:'/Users/cbl-mac-001/Library/Developer/Xcode/Archives/2022-05-13/Onscart(Prod) 13-05-22, 1.29 PM.xcarchive/Products/Applications/Onscart.app/Frameworks/libswiftCoreGraphics.dylib'>', codeSigningInfo='<_DVTCodeSigningInformation_Path: 0x7fa3245b8bf0; isSigned='1', isAdHocSigned='0', signingCertificate='<DVTSigningCertificate: 0x7fa4e69df020; name='Apple Distribution: Code Brew Labs (6FXUMT5X23)', hash='123CDC3C0D45E7C1D11EBC0789D358D71BDC3FE0', serialNumber='61FFED10654449B1B4B474C94D696131', certificateKinds='(
    "1.2.840.113635.100.6.1.7",
    "1.2.840.113635.100.6.1.4"
), issueDate='2021-05-17 09:31:07 +0000''>', entitlements='(null)', teamID='6FXUMT5X23', identifier='com.apple.dt.runtime.swiftCoreGraphics', executablePath='<DVTFilePath:0x7fa4cfccd810:'/Users/cbl-mac-001/Library/Developer/Xcode/Archives/2022-05-13/Onscart(Prod) 13-05-22, 1.29 PM.xcarchive/Products/Applications/Onscart.app/Frameworks/libswiftCoreGraphics.dylib'>', hardenedRuntime='0'>'> to: /var/folders/ww/sw0d02593_9c001st0kyw4bc0000gn/T/XcodeDistPipeline.~~~p63Lc0/entitlements~~~0xJVxL
2022-05-13 09:18:22 +0000  Running /usr/bin/codesign '-vvv' '--force' '--sign' '123CDC3C0D45E7C1D11EBC0789D358D71BDC3FE0' '--entitlements' '/var/folders/ww/sw0d02593_9c001st0kyw4bc0000gn/T/XcodeDistPipeline.~~~p63Lc0/entitlements~~~0xJVxL' '--generate-entitlement-der' '--preserve-metadata=identifier,flags,runtime' '/var/folders/ww/sw0d02593_9c001st0kyw4bc0000gn/T/XcodeDistPipeline.~~~p63Lc0/Root/Payload/Onscart.app/Frameworks/libswiftCoreGraphics.dylib'
2022-05-13 09:18:22 +0000  /var/folders/ww/sw0d02593_9c001st0kyw4bc0000gn/T/XcodeDistPipeline.~~~p63Lc0/Root/Payload/Onscart.app/Frameworks/libswiftCoreGraphics.dylib: replacing existing signature
2022-05-13 09:18:22 +0000  /var/folders/ww/sw0d02593_9c001st0kyw4bc0000gn/T/XcodeDistPipeline.~~~p63Lc0/Root/Payload/Onscart.app/Frameworks/libswiftCoreGraphics.dylib: signed Mach-O universal (armv7 armv7s arm64) [com.apple.dt.runtime.swiftCoreGraphics]
2022-05-13 09:18:22 +0000  /usr/bin/codesign exited with 0
2022-05-13 09:18:22 +0000  Entitlements for <IDEDistributionItem: 0x7fa4f5ddc870; bundleID='com.apple.dt.runtime.swiftCoreImage', path='<DVTFilePath:0x7fa324006770:'/Users/cbl-mac-001/Library/Developer/Xcode/Archives/2022-05-13/Onscart(Prod) 13-05-22, 1.29 PM.xcarchive/Products/Applications/Onscart.app/Frameworks/libswiftCoreImage.dylib'>', codeSigningInfo='<_DVTCodeSigningInformation_Path: 0x7fa4e8289080; isSigned='1', isAdHocSigned='0', signingCertificate='<DVTSigningCertificate: 0x7fa49ca93bf0; name='Apple Distribution: Code Brew Labs (6FXUMT5X23)', hash='123CDC3C0D45E7C1D11EBC0789D358D71BDC3FE0', serialNumber='61FFED10654449B1B4B474C94D696131', certificateKinds='(
    "1.2.840.113635.100.6.1.7",
    "1.2.840.113635.100.6.1.4"
), issueDate='2021-05-17 09:31:07 +0000''>', entitlements='(null)', teamID='6FXUMT5X23', identifier='com.apple.dt.runtime.swiftCoreImage', executablePath='<DVTFilePath:0x7fa324006770:'/Users/cbl-mac-001/Library/Developer/Xcode/Archives/2022-05-13/Onscart(Prod) 13-05-22, 1.29 PM.xcarchive/Products/Applications/Onscart.app/Frameworks/libswiftCoreImage.dylib'>', hardenedRuntime='0'>'>: {
}
2022-05-13 09:18:22 +0000  Entitlements for <IDEDistributionItem: 0x7fa4f5ddc870; bundleID='com.apple.dt.runtime.swiftCoreImage', path='<DVTFilePath:0x7fa324006770:'/Users/cbl-mac-001/Library/Developer/Xcode/Archives/2022-05-13/Onscart(Prod) 13-05-22, 1.29 PM.xcarchive/Products/Applications/Onscart.app/Frameworks/libswiftCoreImage.dylib'>', codeSigningInfo='<_DVTCodeSigningInformation_Path: 0x7fa4e8289080; isSigned='1', isAdHocSigned='0', signingCertificate='<DVTSigningCertificate: 0x7fa4e85c0b60; name='Apple Distribution: Code Brew Labs (6FXUMT5X23)', hash='123CDC3C0D45E7C1D11EBC0789D358D71BDC3FE0', serialNumber='61FFED10654449B1B4B474C94D696131', certificateKinds='(
    "1.2.840.113635.100.6.1.7",
    "1.2.840.113635.100.6.1.4"
), issueDate='2021-05-17 09:31:07 +0000''>', entitlements='(null)', teamID='6FXUMT5X23', identifier='com.apple.dt.runtime.swiftCoreImage', executablePath='<DVTFilePath:0x7fa324006770:'/Users/cbl-mac-001/Library/Developer/Xcode/Archives/2022-05-13/Onscart(Prod) 13-05-22, 1.29 PM.xcarchive/Products/Applications/Onscart.app/Frameworks/libswiftCoreImage.dylib'>', hardenedRuntime='0'>'> are: {
}
2022-05-13 09:18:22 +0000  Writing entitlements for <IDEDistributionItem: 0x7fa4f5ddc870; bundleID='com.apple.dt.runtime.swiftCoreImage', path='<DVTFilePath:0x7fa324006770:'/Users/cbl-mac-001/Library/Developer/Xcode/Archives/2022-05-13/Onscart(Prod) 13-05-22, 1.29 PM.xcarchive/Products/Applications/Onscart.app/Frameworks/libswiftCoreImage.dylib'>', codeSigningInfo='<_DVTCodeSigningInformation_Path: 0x7fa4e8289080; isSigned='1', isAdHocSigned='0', signingCertificate='<DVTSigningCertificate: 0x7fa38e26c060; name='Apple Distribution: Code Brew Labs (6FXUMT5X23)', hash='123CDC3C0D45E7C1D11EBC0789D358D71BDC3FE0', serialNumber='61FFED10654449B1B4B474C94D696131', certificateKinds='(
    "1.2.840.113635.100.6.1.7",
    "1.2.840.113635.100.6.1.4"
), issueDate='2021-05-17 09:31:07 +0000''>', entitlements='(null)', teamID='6FXUMT5X23', identifier='com.apple.dt.runtime.swiftCoreImage', executablePath='<DVTFilePath:0x7fa324006770:'/Users/cbl-mac-001/Library/Developer/Xcode/Archives/2022-05-13/Onscart(Prod) 13-05-22, 1.29 PM.xcarchive/Products/Applications/Onscart.app/Frameworks/libswiftCoreImage.dylib'>', hardenedRuntime='0'>'> to: /var/folders/ww/sw0d02593_9c001st0kyw4bc0000gn/T/XcodeDistPipeline.~~~p63Lc0/entitlements~~~ucI1JW
2022-05-13 09:18:22 +0000  Running /usr/bin/codesign '-vvv' '--force' '--sign' '123CDC3C0D45E7C1D11EBC0789D358D71BDC3FE0' '--entitlements' '/var/folders/ww/sw0d02593_9c001st0kyw4bc0000gn/T/XcodeDistPipeline.~~~p63Lc0/entitlements~~~ucI1JW' '--generate-entitlement-der' '--preserve-metadata=identifier,flags,runtime' '/var/folders/ww/sw0d02593_9c001st0kyw4bc0000gn/T/XcodeDistPipeline.~~~p63Lc0/Root/Payload/Onscart.app/Frameworks/libswiftCoreImage.dylib'
2022-05-13 09:18:22 +0000  /var/folders/ww/sw0d02593_9c001st0kyw4bc0000gn/T/XcodeDistPipeline.~~~p63Lc0/Root/Payload/Onscart.app/Frameworks/libswiftCoreImage.dylib: replacing existing signature
2022-05-13 09:18:22 +0000  /var/folders/ww/sw0d02593_9c001st0kyw4bc0000gn/T/XcodeDistPipeline.~~~p63Lc0/Root/Payload/Onscart.app/Frameworks/libswiftCoreImage.dylib: signed Mach-O universal (armv7 armv7s arm64) [com.apple.dt.runtime.swiftCoreImage]
2022-05-13 09:18:22 +0000  /usr/bin/codesign exited with 0
2022-05-13 09:18:22 +0000  Entitlements for <IDEDistributionItem: 0x7fa335fd8380; bundleID='com.apple.dt.runtime.swiftCoreLocation', path='<DVTFilePath:0x7fa339c83cb0:'/Users/cbl-mac-001/Library/Developer/Xcode/Archives/2022-05-13/Onscart(Prod) 13-05-22, 1.29 PM.xcarchive/Products/Applications/Onscart.app/Frameworks/libswiftCoreLocation.dylib'>', codeSigningInfo='<_DVTCodeSigningInformation_Path: 0x7fa4ff89ff30; isSigned='1', isAdHocSigned='0', signingCertificate='<DVTSigningCertificate: 0x7fa49ca93bf0; name='Apple Distribution: Code Brew Labs (6FXUMT5X23)', hash='123CDC3C0D45E7C1D11EBC0789D358D71BDC3FE0', serialNumber='61FFED10654449B1B4B474C94D696131', certificateKinds='(
    "1.2.840.113635.100.6.1.7",
    "1.2.840.113635.100.6.1.4"
), issueDate='2021-05-17 09:31:07 +0000''>', entitlements='(null)', teamID='6FXUMT5X23', identifier='com.apple.dt.runtime.swiftCoreLocation', executablePath='<DVTFilePath:0x7fa339c83cb0:'/Users/cbl-mac-001/Library/Developer/Xcode/Archives/2022-05-13/Onscart(Prod) 13-05-22, 1.29 PM.xcarchive/Products/Applications/Onscart.app/Frameworks/libswiftCoreLocation.dylib'>', hardenedRuntime='0'>'>: {
}
2022-05-13 09:18:22 +0000  Entitlements for <IDEDistributionItem: 0x7fa335fd8380; bundleID='com.apple.dt.runtime.swiftCoreLocation', path='<DVTFilePath:0x7fa339c83cb0:'/Users/cbl-mac-001/Library/Developer/Xcode/Archives/2022-05-13/Onscart(Prod) 13-05-22, 1.29 PM.xcarchive/Products/Applications/Onscart.app/Frameworks/libswiftCoreLocation.dylib'>', codeSigningInfo='<_DVTCodeSigningInformation_Path: 0x7fa4ff89ff30; isSigned='1', isAdHocSigned='0', signingCertificate='<DVTSigningCertificate: 0x7fa40e881a80; name='Apple Distribution: Code Brew Labs (6FXUMT5X23)', hash='123CDC3C0D45E7C1D11EBC0789D358D71BDC3FE0', serialNumber='61FFED10654449B1B4B474C94D696131', certificateKinds='(
    "1.2.840.113635.100.6.1.7",
    "1.2.840.113635.100.6.1.4"
), issueDate='2021-05-17 09:31:07 +0000''>', entitlements='(null)', teamID='6FXUMT5X23', identifier='com.apple.dt.runtime.swiftCoreLocation', executablePath='<DVTFilePath:0x7fa339c83cb0:'/Users/cbl-mac-001/Library/Developer/Xcode/Archives/2022-05-13/Onscart(Prod) 13-05-22, 1.29 PM.xcarchive/Products/Applications/Onscart.app/Frameworks/libswiftCoreLocation.dylib'>', hardenedRuntime='0'>'> are: {
}
2022-05-13 09:18:22 +0000  Writing entitlements for <IDEDistributionItem: 0x7fa335fd8380; bundleID='com.apple.dt.runtime.swiftCoreLocation', path='<DVTFilePath:0x7fa339c83cb0:'/Users/cbl-mac-001/Library/Developer/Xcode/Archives/2022-05-13/Onscart(Prod) 13-05-22, 1.29 PM.xcarchive/Products/Applications/Onscart.app/Frameworks/libswiftCoreLocation.dylib'>', codeSigningInfo='<_DVTCodeSigningInformation_Path: 0x7fa4ff89ff30; isSigned='1', isAdHocSigned='0', signingCertificate='<DVTSigningCertificate: 0x7fa4cf960300; name='Apple Distribution: Code Brew Labs (6FXUMT5X23)', hash='123CDC3C0D45E7C1D11EBC0789D358D71BDC3FE0', serialNumber='61FFED10654449B1B4B474C94D696131', certificateKinds='(
    "1.2.840.113635.100.6.1.7",
    "1.2.840.113635.100.6.1.4"
), issueDate='2021-05-17 09:31:07 +0000''>', entitlements='(null)', teamID='6FXUMT5X23', identifier='com.apple.dt.runtime.swiftCoreLocation', executablePath='<DVTFilePath:0x7fa339c83cb0:'/Users/cbl-mac-001/Library/Developer/Xcode/Archives/2022-05-13/Onscart(Prod) 13-05-22, 1.29 PM.xcarchive/Products/Applications/Onscart.app/Frameworks/libswiftCoreLocation.dylib'>', hardenedRuntime='0'>'> to: /var/folders/ww/sw0d02593_9c001st0kyw4bc0000gn/T/XcodeDistPipeline.~~~p63Lc0/entitlements~~~ZhVOBK
2022-05-13 09:18:22 +0000  Running /usr/bin/codesign '-vvv' '--force' '--sign' '123CDC3C0D45E7C1D11EBC0789D358D71BDC3FE0' '--entitlements' '/var/folders/ww/sw0d02593_9c001st0kyw4bc0000gn/T/XcodeDistPipeline.~~~p63Lc0/entitlements~~~ZhVOBK' '--generate-entitlement-der' '--preserve-metadata=identifier,flags,runtime' '/var/folders/ww/sw0d02593_9c001st0kyw4bc0000gn/T/XcodeDistPipeline.~~~p63Lc0/Root/Payload/Onscart.app/Frameworks/libswiftCoreLocation.dylib'
2022-05-13 09:18:22 +0000  /var/folders/ww/sw0d02593_9c001st0kyw4bc0000gn/T/XcodeDistPipeline.~~~p63Lc0/Root/Payload/Onscart.app/Frameworks/libswiftCoreLocation.dylib: replacing existing signature
2022-05-13 09:18:22 +0000  /var/folders/ww/sw0d02593_9c001st0kyw4bc0000gn/T/XcodeDistPipeline.~~~p63Lc0/Root/Payload/Onscart.app/Frameworks/libswiftCoreLocation.dylib: signed Mach-O universal (armv7 armv7s arm64) [com.apple.dt.runtime.swiftCoreLocation]
2022-05-13 09:18:22 +0000  /usr/bin/codesign exited with 0
2022-05-13 09:18:22 +0000  Entitlements for <IDEDistributionItem: 0x7fa40e60f010; bundleID='com.apple.dt.runtime.swiftCoreMedia', path='<DVTFilePath:0x7fa339c9b890:'/Users/cbl-mac-001/Library/Developer/Xcode/Archives/2022-05-13/Onscart(Prod) 13-05-22, 1.29 PM.xcarchive/Products/Applications/Onscart.app/Frameworks/libswiftCoreMedia.dylib'>', codeSigningInfo='<_DVTCodeSigningInformation_Path: 0x7fa38b0d8890; isSigned='1', isAdHocSigned='0', signingCertificate='<DVTSigningCertificate: 0x7fa49ca93bf0; name='Apple Distribution: Code Brew Labs (6FXUMT5X23)', hash='123CDC3C0D45E7C1D11EBC0789D358D71BDC3FE0', serialNumber='61FFED10654449B1B4B474C94D696131', certificateKinds='(
    "1.2.840.113635.100.6.1.7",
    "1.2.840.113635.100.6.1.4"
), issueDate='2021-05-17 09:31:07 +0000''>', entitlements='(null)', teamID='6FXUMT5X23', identifier='com.apple.dt.runtime.swiftCoreMedia', executablePath='<DVTFilePath:0x7fa339c9b890:'/Users/cbl-mac-001/Library/Developer/Xcode/Archives/2022-05-13/Onscart(Prod) 13-05-22, 1.29 PM.xcarchive/Products/Applications/Onscart.app/Frameworks/libswiftCoreMedia.dylib'>', hardenedRuntime='0'>'>: {
}
2022-05-13 09:18:22 +0000  Entitlements for <IDEDistributionItem: 0x7fa40e60f010; bundleID='com.apple.dt.runtime.swiftCoreMedia', path='<DVTFilePath:0x7fa339c9b890:'/Users/cbl-mac-001/Library/Developer/Xcode/Archives/2022-05-13/Onscart(Prod) 13-05-22, 1.29 PM.xcarchive/Products/Applications/Onscart.app/Frameworks/libswiftCoreMedia.dylib'>', codeSigningInfo='<_DVTCodeSigningInformation_Path: 0x7fa38b0d8890; isSigned='1', isAdHocSigned='0', signingCertificate='<DVTSigningCertificate: 0x7fa40e881a80; name='Apple Distribution: Code Brew Labs (6FXUMT5X23)', hash='123CDC3C0D45E7C1D11EBC0789D358D71BDC3FE0', serialNumber='61FFED10654449B1B4B474C94D696131', certificateKinds='(
    "1.2.840.113635.100.6.1.7",
    "1.2.840.113635.100.6.1.4"
), issueDate='2021-05-17 09:31:07 +0000''>', entitlements='(null)', teamID='6FXUMT5X23', identifier='com.apple.dt.runtime.swiftCoreMedia', executablePath='<DVTFilePath:0x7fa339c9b890:'/Users/cbl-mac-001/Library/Developer/Xcode/Archives/2022-05-13/Onscart(Prod) 13-05-22, 1.29 PM.xcarchive/Products/Applications/Onscart.app/Frameworks/libswiftCoreMedia.dylib'>', hardenedRuntime='0'>'> are: {
}
2022-05-13 09:18:22 +0000  Writing entitlements for <IDEDistributionItem: 0x7fa40e60f010; bundleID='com.apple.dt.runtime.swiftCoreMedia', path='<DVTFilePath:0x7fa339c9b890:'/Users/cbl-mac-001/Library/Developer/Xcode/Archives/2022-05-13/Onscart(Prod) 13-05-22, 1.29 PM.xcarchive/Products/Applications/Onscart.app/Frameworks/libswiftCoreMedia.dylib'>', codeSigningInfo='<_DVTCodeSigningInformation_Path: 0x7fa38b0d8890; isSigned='1', isAdHocSigned='0', signingCertificate='<DVTSigningCertificate: 0x7fa49d626a00; name='Apple Distribution: Code Brew Labs (6FXUMT5X23)', hash='123CDC3C0D45E7C1D11EBC0789D358D71BDC3FE0', serialNumber='61FFED10654449B1B4B474C94D696131', certificateKinds='(
    "1.2.840.113635.100.6.1.7",
    "1.2.840.113635.100.6.1.4"
), issueDate='2021-05-17 09:31:07 +0000''>', entitlements='(null)', teamID='6FXUMT5X23', identifier='com.apple.dt.runtime.swiftCoreMedia', executablePath='<DVTFilePath:0x7fa339c9b890:'/Users/cbl-mac-001/Library/Developer/Xcode/Archives/2022-05-13/Onscart(Prod) 13-05-22, 1.29 PM.xcarchive/Products/Applications/Onscart.app/Frameworks/libswiftCoreMedia.dylib'>', hardenedRuntime='0'>'> to: /var/folders/ww/sw0d02593_9c001st0kyw4bc0000gn/T/XcodeDistPipeline.~~~p63Lc0/entitlements~~~j9cAVv
2022-05-13 09:18:22 +0000  Running /usr/bin/codesign '-vvv' '--force' '--sign' '123CDC3C0D45E7C1D11EBC0789D358D71BDC3FE0' '--entitlements' '/var/folders/ww/sw0d02593_9c001st0kyw4bc0000gn/T/XcodeDistPipeline.~~~p63Lc0/entitlements~~~j9cAVv' '--generate-entitlement-der' '--preserve-metadata=identifier,flags,runtime' '/var/folders/ww/sw0d02593_9c001st0kyw4bc0000gn/T/XcodeDistPipeline.~~~p63Lc0/Root/Payload/Onscart.app/Frameworks/libswiftCoreMedia.dylib'
2022-05-13 09:18:22 +0000  /var/folders/ww/sw0d02593_9c001st0kyw4bc0000gn/T/XcodeDistPipeline.~~~p63Lc0/Root/Payload/Onscart.app/Frameworks/libswiftCoreMedia.dylib: replacing existing signature
2022-05-13 09:18:22 +0000  /var/folders/ww/sw0d02593_9c001st0kyw4bc0000gn/T/XcodeDistPipeline.~~~p63Lc0/Root/Payload/Onscart.app/Frameworks/libswiftCoreMedia.dylib: signed Mach-O universal (armv7 armv7s arm64) [com.apple.dt.runtime.swiftCoreMedia]
2022-05-13 09:18:22 +0000  /usr/bin/codesign exited with 0
2022-05-13 09:18:22 +0000  Entitlements for <IDEDistributionItem: 0x7fa339e21f00; bundleID='com.apple.dt.runtime.swiftDarwin', path='<DVTFilePath:0x7fa339c06880:'/Users/cbl-mac-001/Library/Developer/Xcode/Archives/2022-05-13/Onscart(Prod) 13-05-22, 1.29 PM.xcarchive/Products/Applications/Onscart.app/Frameworks/libswiftDarwin.dylib'>', codeSigningInfo='<_DVTCodeSigningInformation_Path: 0x7fa4ed622030; isSigned='1', isAdHocSigned='0', signingCertificate='<DVTSigningCertificate: 0x7fa49ca93bf0; name='Apple Distribution: Code Brew Labs (6FXUMT5X23)', hash='123CDC3C0D45E7C1D11EBC0789D358D71BDC3FE0', serialNumber='61FFED10654449B1B4B474C94D696131', certificateKinds='(
    "1.2.840.113635.100.6.1.7",
    "1.2.840.113635.100.6.1.4"
), issueDate='2021-05-17 09:31:07 +0000''>', entitlements='(null)', teamID='6FXUMT5X23', identifier='com.apple.dt.runtime.swiftDarwin', executablePath='<DVTFilePath:0x7fa339c06880:'/Users/cbl-mac-001/Library/Developer/Xcode/Archives/2022-05-13/Onscart(Prod) 13-05-22, 1.29 PM.xcarchive/Products/Applications/Onscart.app/Frameworks/libswiftDarwin.dylib'>', hardenedRuntime='0'>'>: {
}
2022-05-13 09:18:22 +0000  Entitlements for <IDEDistributionItem: 0x7fa339e21f00; bundleID='com.apple.dt.runtime.swiftDarwin', path='<DVTFilePath:0x7fa339c06880:'/Users/cbl-mac-001/Library/Developer/Xcode/Archives/2022-05-13/Onscart(Prod) 13-05-22, 1.29 PM.xcarchive/Products/Applications/Onscart.app/Frameworks/libswiftDarwin.dylib'>', codeSigningInfo='<_DVTCodeSigningInformation_Path: 0x7fa4ed622030; isSigned='1', isAdHocSigned='0', signingCertificate='<DVTSigningCertificate: 0x7fa40e881a80; name='Apple Distribution: Code Brew Labs (6FXUMT5X23)', hash='123CDC3C0D45E7C1D11EBC0789D358D71BDC3FE0', serialNumber='61FFED10654449B1B4B474C94D696131', certificateKinds='(
    "1.2.840.113635.100.6.1.7",
    "1.2.840.113635.100.6.1.4"
), issueDate='2021-05-17 09:31:07 +0000''>', entitlements='(null)', teamID='6FXUMT5X23', identifier='com.apple.dt.runtime.swiftDarwin', executablePath='<DVTFilePath:0x7fa339c06880:'/Users/cbl-mac-001/Library/Developer/Xcode/Archives/2022-05-13/Onscart(Prod) 13-05-22, 1.29 PM.xcarchive/Products/Applications/Onscart.app/Frameworks/libswiftDarwin.dylib'>', hardenedRuntime='0'>'> are: {
}
2022-05-13 09:18:22 +0000  Writing entitlements for <IDEDistributionItem: 0x7fa339e21f00; bundleID='com.apple.dt.runtime.swiftDarwin', path='<DVTFilePath:0x7fa339c06880:'/Users/cbl-mac-001/Library/Developer/Xcode/Archives/2022-05-13/Onscart(Prod) 13-05-22, 1.29 PM.xcarchive/Products/Applications/Onscart.app/Frameworks/libswiftDarwin.dylib'>', codeSigningInfo='<_DVTCodeSigningInformation_Path: 0x7fa4ed622030; isSigned='1', isAdHocSigned='0', signingCertificate='<DVTSigningCertificate: 0x7fa4cf960300; name='Apple Distribution: Code Brew Labs (6FXUMT5X23)', hash='123CDC3C0D45E7C1D11EBC0789D358D71BDC3FE0', serialNumber='61FFED10654449B1B4B474C94D696131', certificateKinds='(
    "1.2.840.113635.100.6.1.7",
    "1.2.840.113635.100.6.1.4"
), issueDate='2021-05-17 09:31:07 +0000''>', entitlements='(null)', teamID='6FXUMT5X23', identifier='com.apple.dt.runtime.swiftDarwin', executablePath='<DVTFilePath:0x7fa339c06880:'/Users/cbl-mac-001/Library/Developer/Xcode/Archives/2022-05-13/Onscart(Prod) 13-05-22, 1.29 PM.xcarchive/Products/Applications/Onscart.app/Frameworks/libswiftDarwin.dylib'>', hardenedRuntime='0'>'> to: /var/folders/ww/sw0d02593_9c001st0kyw4bc0000gn/T/XcodeDistPipeline.~~~p63Lc0/entitlements~~~5QSbQO
2022-05-13 09:18:22 +0000  Running /usr/bin/codesign '-vvv' '--force' '--sign' '123CDC3C0D45E7C1D11EBC0789D358D71BDC3FE0' '--entitlements' '/var/folders/ww/sw0d02593_9c001st0kyw4bc0000gn/T/XcodeDistPipeline.~~~p63Lc0/entitlements~~~5QSbQO' '--generate-entitlement-der' '--preserve-metadata=identifier,flags,runtime' '/var/folders/ww/sw0d02593_9c001st0kyw4bc0000gn/T/XcodeDistPipeline.~~~p63Lc0/Root/Payload/Onscart.app/Frameworks/libswiftDarwin.dylib'
2022-05-13 09:18:22 +0000  /var/folders/ww/sw0d02593_9c001st0kyw4bc0000gn/T/XcodeDistPipeline.~~~p63Lc0/Root/Payload/Onscart.app/Frameworks/libswiftDarwin.dylib: replacing existing signature
2022-05-13 09:18:23 +0000  /var/folders/ww/sw0d02593_9c001st0kyw4bc0000gn/T/XcodeDistPipeline.~~~p63Lc0/Root/Payload/Onscart.app/Frameworks/libswiftDarwin.dylib: signed Mach-O universal (armv7 armv7s arm64) [com.apple.dt.runtime.swiftDarwin]
2022-05-13 09:18:23 +0000  /usr/bin/codesign exited with 0
2022-05-13 09:18:23 +0000  Entitlements for <IDEDistributionItem: 0x7fa33a378020; bundleID='com.apple.dt.runtime.swiftDispatch', path='<DVTFilePath:0x7fa4d2b77590:'/Users/cbl-mac-001/Library/Developer/Xcode/Archives/2022-05-13/Onscart(Prod) 13-05-22, 1.29 PM.xcarchive/Products/Applications/Onscart.app/Frameworks/libswiftDispatch.dylib'>', codeSigningInfo='<_DVTCodeSigningInformation_Path: 0x7fa41b2c55a0; isSigned='1', isAdHocSigned='0', signingCertificate='<DVTSigningCertificate: 0x7fa4cf960300; name='Apple Distribution: Code Brew Labs (6FXUMT5X23)', hash='123CDC3C0D45E7C1D11EBC0789D358D71BDC3FE0', serialNumber='61FFED10654449B1B4B474C94D696131', certificateKinds='(
    "1.2.840.113635.100.6.1.7",
    "1.2.840.113635.100.6.1.4"
), issueDate='2021-05-17 09:31:07 +0000''>', entitlements='(null)', teamID='6FXUMT5X23', identifier='com.apple.dt.runtime.swiftDispatch', executablePath='<DVTFilePath:0x7fa4d2b77590:'/Users/cbl-mac-001/Library/Developer/Xcode/Archives/2022-05-13/Onscart(Prod) 13-05-22, 1.29 PM.xcarchive/Products/Applications/Onscart.app/Frameworks/libswiftDispatch.dylib'>', hardenedRuntime='0'>'>: {
}
2022-05-13 09:18:23 +0000  Entitlements for <IDEDistributionItem: 0x7fa33a378020; bundleID='com.apple.dt.runtime.swiftDispatch', path='<DVTFilePath:0x7fa4d2b77590:'/Users/cbl-mac-001/Library/Developer/Xcode/Archives/2022-05-13/Onscart(Prod) 13-05-22, 1.29 PM.xcarchive/Products/Applications/Onscart.app/Frameworks/libswiftDispatch.dylib'>', codeSigningInfo='<_DVTCodeSigningInformation_Path: 0x7fa41b2c55a0; isSigned='1', isAdHocSigned='0', signingCertificate='<DVTSigningCertificate: 0x7fa333fcf5d0; name='Apple Distribution: Code Brew Labs (6FXUMT5X23)', hash='123CDC3C0D45E7C1D11EBC0789D358D71BDC3FE0', serialNumber='61FFED10654449B1B4B474C94D696131', certificateKinds='(
    "1.2.840.113635.100.6.1.7",
    "1.2.840.113635.100.6.1.4"
), issueDate='2021-05-17 09:31:07 +0000''>', entitlements='(null)', teamID='6FXUMT5X23', identifier='com.apple.dt.runtime.swiftDispatch', executablePath='<DVTFilePath:0x7fa4d2b77590:'/Users/cbl-mac-001/Library/Developer/Xcode/Archives/2022-05-13/Onscart(Prod) 13-05-22, 1.29 PM.xcarchive/Products/Applications/Onscart.app/Frameworks/libswiftDispatch.dylib'>', hardenedRuntime='0'>'> are: {
}
2022-05-13 09:18:23 +0000  Writing entitlements for <IDEDistributionItem: 0x7fa33a378020; bundleID='com.apple.dt.runtime.swiftDispatch', path='<DVTFilePath:0x7fa4d2b77590:'/Users/cbl-mac-001/Library/Developer/Xcode/Archives/2022-05-13/Onscart(Prod) 13-05-22, 1.29 PM.xcarchive/Products/Applications/Onscart.app/Frameworks/libswiftDispatch.dylib'>', codeSigningInfo='<_DVTCodeSigningInformation_Path: 0x7fa41b2c55a0; isSigned='1', isAdHocSigned='0', signingCertificate='<DVTSigningCertificate: 0x7fa4e694cb60; name='Apple Distribution: Code Brew Labs (6FXUMT5X23)', hash='123CDC3C0D45E7C1D11EBC0789D358D71BDC3FE0', serialNumber='61FFED10654449B1B4B474C94D696131', certificateKinds='(
    "1.2.840.113635.100.6.1.7",
    "1.2.840.113635.100.6.1.4"
), issueDate='2021-05-17 09:31:07 +0000''>', entitlements='(null)', teamID='6FXUMT5X23', identifier='com.apple.dt.runtime.swiftDispatch', executablePath='<DVTFilePath:0x7fa4d2b77590:'/Users/cbl-mac-001/Library/Developer/Xcode/Archives/2022-05-13/Onscart(Prod) 13-05-22, 1.29 PM.xcarchive/Products/Applications/Onscart.app/Frameworks/libswiftDispatch.dylib'>', hardenedRuntime='0'>'> to: /var/folders/ww/sw0d02593_9c001st0kyw4bc0000gn/T/XcodeDistPipeline.~~~p63Lc0/entitlements~~~g6e0fd
2022-05-13 09:18:23 +0000  Running /usr/bin/codesign '-vvv' '--force' '--sign' '123CDC3C0D45E7C1D11EBC0789D358D71BDC3FE0' '--entitlements' '/var/folders/ww/sw0d02593_9c001st0kyw4bc0000gn/T/XcodeDistPipeline.~~~p63Lc0/entitlements~~~g6e0fd' '--generate-entitlement-der' '--preserve-metadata=identifier,flags,runtime' '/var/folders/ww/sw0d02593_9c001st0kyw4bc0000gn/T/XcodeDistPipeline.~~~p63Lc0/Root/Payload/Onscart.app/Frameworks/libswiftDispatch.dylib'
2022-05-13 09:18:23 +0000  /var/folders/ww/sw0d02593_9c001st0kyw4bc0000gn/T/XcodeDistPipeline.~~~p63Lc0/Root/Payload/Onscart.app/Frameworks/libswiftDispatch.dylib: replacing existing signature
2022-05-13 09:18:23 +0000  /var/folders/ww/sw0d02593_9c001st0kyw4bc0000gn/T/XcodeDistPipeline.~~~p63Lc0/Root/Payload/Onscart.app/Frameworks/libswiftDispatch.dylib: signed Mach-O universal (armv7 armv7s arm64) [com.apple.dt.runtime.swiftDispatch]
2022-05-13 09:18:23 +0000  /usr/bin/codesign exited with 0
2022-05-13 09:18:23 +0000  Entitlements for <IDEDistributionItem: 0x7fa339de2020; bundleID='com.apple.dt.runtime.swiftFoundation', path='<DVTFilePath:0x7fa339c36250:'/Users/cbl-mac-001/Library/Developer/Xcode/Archives/2022-05-13/Onscart(Prod) 13-05-22, 1.29 PM.xcarchive/Products/Applications/Onscart.app/Frameworks/libswiftFoundation.dylib'>', codeSigningInfo='<_DVTCodeSigningInformation_Path: 0x7fa324ef5fe0; isSigned='1', isAdHocSigned='0', signingCertificate='<DVTSigningCertificate: 0x7fa4cf960300; name='Apple Distribution: Code Brew Labs (6FXUMT5X23)', hash='123CDC3C0D45E7C1D11EBC0789D358D71BDC3FE0', serialNumber='61FFED10654449B1B4B474C94D696131', certificateKinds='(
    "1.2.840.113635.100.6.1.7",
    "1.2.840.113635.100.6.1.4"
), issueDate='2021-05-17 09:31:07 +0000''>', entitlements='(null)', teamID='6FXUMT5X23', identifier='com.apple.dt.runtime.swiftFoundation', executablePath='<DVTFilePath:0x7fa339c36250:'/Users/cbl-mac-001/Library/Developer/Xcode/Archives/2022-05-13/Onscart(Prod) 13-05-22, 1.29 PM.xcarchive/Products/Applications/Onscart.app/Frameworks/libswiftFoundation.dylib'>', hardenedRuntime='0'>'>: {
}
2022-05-13 09:18:23 +0000  Entitlements for <IDEDistributionItem: 0x7fa339de2020; bundleID='com.apple.dt.runtime.swiftFoundation', path='<DVTFilePath:0x7fa339c36250:'/Users/cbl-mac-001/Library/Developer/Xcode/Archives/2022-05-13/Onscart(Prod) 13-05-22, 1.29 PM.xcarchive/Products/Applications/Onscart.app/Frameworks/libswiftFoundation.dylib'>', codeSigningInfo='<_DVTCodeSigningInformation_Path: 0x7fa324ef5fe0; isSigned='1', isAdHocSigned='0', signingCertificate='<DVTSigningCertificate: 0x7fa41dde0ab0; name='Apple Distribution: Code Brew Labs (6FXUMT5X23)', hash='123CDC3C0D45E7C1D11EBC0789D358D71BDC3FE0', serialNumber='61FFED10654449B1B4B474C94D696131', certificateKinds='(
    "1.2.840.113635.100.6.1.7",
    "1.2.840.113635.100.6.1.4"
), issueDate='2021-05-17 09:31:07 +0000''>', entitlements='(null)', teamID='6FXUMT5X23', identifier='com.apple.dt.runtime.swiftFoundation', executablePath='<DVTFilePath:0x7fa339c36250:'/Users/cbl-mac-001/Library/Developer/Xcode/Archives/2022-05-13/Onscart(Prod) 13-05-22, 1.29 PM.xcarchive/Products/Applications/Onscart.app/Frameworks/libswiftFoundation.dylib'>', hardenedRuntime='0'>'> are: {
}
2022-05-13 09:18:23 +0000  Writing entitlements for <IDEDistributionItem: 0x7fa339de2020; bundleID='com.apple.dt.runtime.swiftFoundation', path='<DVTFilePath:0x7fa339c36250:'/Users/cbl-mac-001/Library/Developer/Xcode/Archives/2022-05-13/Onscart(Prod) 13-05-22, 1.29 PM.xcarchive/Products/Applications/Onscart.app/Frameworks/libswiftFoundation.dylib'>', codeSigningInfo='<_DVTCodeSigningInformation_Path: 0x7fa324ef5fe0; isSigned='1', isAdHocSigned='0', signingCertificate='<DVTSigningCertificate: 0x7fa49d626a00; name='Apple Distribution: Code Brew Labs (6FXUMT5X23)', hash='123CDC3C0D45E7C1D11EBC0789D358D71BDC3FE0', serialNumber='61FFED10654449B1B4B474C94D696131', certificateKinds='(
    "1.2.840.113635.100.6.1.7",
    "1.2.840.113635.100.6.1.4"
), issueDate='2021-05-17 09:31:07 +0000''>', entitlements='(null)', teamID='6FXUMT5X23', identifier='com.apple.dt.runtime.swiftFoundation', executablePath='<DVTFilePath:0x7fa339c36250:'/Users/cbl-mac-001/Library/Developer/Xcode/Archives/2022-05-13/Onscart(Prod) 13-05-22, 1.29 PM.xcarchive/Products/Applications/Onscart.app/Frameworks/libswiftFoundation.dylib'>', hardenedRuntime='0'>'> to: /var/folders/ww/sw0d02593_9c001st0kyw4bc0000gn/T/XcodeDistPipeline.~~~p63Lc0/entitlements~~~0aE6aU
2022-05-13 09:18:23 +0000  Running /usr/bin/codesign '-vvv' '--force' '--sign' '123CDC3C0D45E7C1D11EBC0789D358D71BDC3FE0' '--entitlements' '/var/folders/ww/sw0d02593_9c001st0kyw4bc0000gn/T/XcodeDistPipeline.~~~p63Lc0/entitlements~~~0aE6aU' '--generate-entitlement-der' '--preserve-metadata=identifier,flags,runtime' '/var/folders/ww/sw0d02593_9c001st0kyw4bc0000gn/T/XcodeDistPipeline.~~~p63Lc0/Root/Payload/Onscart.app/Frameworks/libswiftFoundation.dylib'
2022-05-13 09:18:23 +0000  /var/folders/ww/sw0d02593_9c001st0kyw4bc0000gn/T/XcodeDistPipeline.~~~p63Lc0/Root/Payload/Onscart.app/Frameworks/libswiftFoundation.dylib: replacing existing signature
2022-05-13 09:18:23 +0000  /var/folders/ww/sw0d02593_9c001st0kyw4bc0000gn/T/XcodeDistPipeline.~~~p63Lc0/Root/Payload/Onscart.app/Frameworks/libswiftFoundation.dylib: signed Mach-O universal (armv7 armv7s arm64) [com.apple.dt.runtime.swiftFoundation]
2022-05-13 09:18:23 +0000  /usr/bin/codesign exited with 0
2022-05-13 09:18:23 +0000  Entitlements for <IDEDistributionItem: 0x7fa336308da0; bundleID='com.apple.dt.runtime.swiftMetal', path='<DVTFilePath:0x7fa4aa56a080:'/Users/cbl-mac-001/Library/Developer/Xcode/Archives/2022-05-13/Onscart(Prod) 13-05-22, 1.29 PM.xcarchive/Products/Applications/Onscart.app/Frameworks/libswiftMetal.dylib'>', codeSigningInfo='<_DVTCodeSigningInformation_Path: 0x7fa41b28eef0; isSigned='1', isAdHocSigned='0', signingCertificate='<DVTSigningCertificate: 0x7fa4ba92efe0; name='Apple Distribution: Code Brew Labs (6FXUMT5X23)', hash='123CDC3C0D45E7C1D11EBC0789D358D71BDC3FE0', serialNumber='61FFED10654449B1B4B474C94D696131', certificateKinds='(
    "1.2.840.113635.100.6.1.7",
    "1.2.840.113635.100.6.1.4"
), issueDate='2021-05-17 09:31:07 +0000''>', entitlements='(null)', teamID='6FXUMT5X23', identifier='com.apple.dt.runtime.swiftMetal', executablePath='<DVTFilePath:0x7fa4aa56a080:'/Users/cbl-mac-001/Library/Developer/Xcode/Archives/2022-05-13/Onscart(Prod) 13-05-22, 1.29 PM.xcarchive/Products/Applications/Onscart.app/Frameworks/libswiftMetal.dylib'>', hardenedRuntime='0'>'>: {
}
2022-05-13 09:18:23 +0000  Entitlements for <IDEDistributionItem: 0x7fa336308da0; bundleID='com.apple.dt.runtime.swiftMetal', path='<DVTFilePath:0x7fa4aa56a080:'/Users/cbl-mac-001/Library/Developer/Xcode/Archives/2022-05-13/Onscart(Prod) 13-05-22, 1.29 PM.xcarchive/Products/Applications/Onscart.app/Frameworks/libswiftMetal.dylib'>', codeSigningInfo='<_DVTCodeSigningInformation_Path: 0x7fa41b28eef0; isSigned='1', isAdHocSigned='0', signingCertificate='<DVTSigningCertificate: 0x7fa4cca672e0; name='Apple Distribution: Code Brew Labs (6FXUMT5X23)', hash='123CDC3C0D45E7C1D11EBC0789D358D71BDC3FE0', serialNumber='61FFED10654449B1B4B474C94D696131', certificateKinds='(
    "1.2.840.113635.100.6.1.7",
    "1.2.840.113635.100.6.1.4"
), issueDate='2021-05-17 09:31:07 +0000''>', entitlements='(null)', teamID='6FXUMT5X23', identifier='com.apple.dt.runtime.swiftMetal', executablePath='<DVTFilePath:0x7fa4aa56a080:'/Users/cbl-mac-001/Library/Developer/Xcode/Archives/2022-05-13/Onscart(Prod) 13-05-22, 1.29 PM.xcarchive/Products/Applications/Onscart.app/Frameworks/libswiftMetal.dylib'>', hardenedRuntime='0'>'> are: {
}
2022-05-13 09:18:23 +0000  Writing entitlements for <IDEDistributionItem: 0x7fa336308da0; bundleID='com.apple.dt.runtime.swiftMetal', path='<DVTFilePath:0x7fa4aa56a080:'/Users/cbl-mac-001/Library/Developer/Xcode/Archives/2022-05-13/Onscart(Prod) 13-05-22, 1.29 PM.xcarchive/Products/Applications/Onscart.app/Frameworks/libswiftMetal.dylib'>', codeSigningInfo='<_DVTCodeSigningInformation_Path: 0x7fa41b28eef0; isSigned='1', isAdHocSigned='0', signingCertificate='<DVTSigningCertificate: 0x7fa40e8ad9f0; name='Apple Distribution: Code Brew Labs (6FXUMT5X23)', hash='123CDC3C0D45E7C1D11EBC0789D358D71BDC3FE0', serialNumber='61FFED10654449B1B4B474C94D696131', certificateKinds='(
    "1.2.840.113635.100.6.1.7",
    "1.2.840.113635.100.6.1.4"
), issueDate='2021-05-17 09:31:07 +0000''>', entitlements='(null)', teamID='6FXUMT5X23', identifier='com.apple.dt.runtime.swiftMetal', executablePath='<DVTFilePath:0x7fa4aa56a080:'/Users/cbl-mac-001/Library/Developer/Xcode/Archives/2022-05-13/Onscart(Prod) 13-05-22, 1.29 PM.xcarchive/Products/Applications/Onscart.app/Frameworks/libswiftMetal.dylib'>', hardenedRuntime='0'>'> to: /var/folders/ww/sw0d02593_9c001st0kyw4bc0000gn/T/XcodeDistPipeline.~~~p63Lc0/entitlements~~~whGNwl
2022-05-13 09:18:23 +0000  Running /usr/bin/codesign '-vvv' '--force' '--sign' '123CDC3C0D45E7C1D11EBC0789D358D71BDC3FE0' '--entitlements' '/var/folders/ww/sw0d02593_9c001st0kyw4bc0000gn/T/XcodeDistPipeline.~~~p63Lc0/entitlements~~~whGNwl' '--generate-entitlement-der' '--preserve-metadata=identifier,flags,runtime' '/var/folders/ww/sw0d02593_9c001st0kyw4bc0000gn/T/XcodeDistPipeline.~~~p63Lc0/Root/Payload/Onscart.app/Frameworks/libswiftMetal.dylib'
2022-05-13 09:18:23 +0000  /var/folders/ww/sw0d02593_9c001st0kyw4bc0000gn/T/XcodeDistPipeline.~~~p63Lc0/Root/Payload/Onscart.app/Frameworks/libswiftMetal.dylib: replacing existing signature
2022-05-13 09:18:23 +0000  /var/folders/ww/sw0d02593_9c001st0kyw4bc0000gn/T/XcodeDistPipeline.~~~p63Lc0/Root/Payload/Onscart.app/Frameworks/libswiftMetal.dylib: signed Mach-O universal (armv7 armv7s arm64) [com.apple.dt.runtime.swiftMetal]
2022-05-13 09:18:23 +0000  /usr/bin/codesign exited with 0
2022-05-13 09:18:23 +0000  Entitlements for <IDEDistributionItem: 0x7fa336330c30; bundleID='com.apple.dt.runtime.swiftObjectiveC', path='<DVTFilePath:0x7fa40f1c9fb0:'/Users/cbl-mac-001/Library/Developer/Xcode/Archives/2022-05-13/Onscart(Prod) 13-05-22, 1.29 PM.xcarchive/Products/Applications/Onscart.app/Frameworks/libswiftObjectiveC.dylib'>', codeSigningInfo='<_DVTCodeSigningInformation_Path: 0x7fa38ce23070; isSigned='1', isAdHocSigned='0', signingCertificate='<DVTSigningCertificate: 0x7fa49d626a00; name='Apple Distribution: Code Brew Labs (6FXUMT5X23)', hash='123CDC3C0D45E7C1D11EBC0789D358D71BDC3FE0', serialNumber='61FFED10654449B1B4B474C94D696131', certificateKinds='(
    "1.2.840.113635.100.6.1.7",
    "1.2.840.113635.100.6.1.4"
), issueDate='2021-05-17 09:31:07 +0000''>', entitlements='(null)', teamID='6FXUMT5X23', identifier='com.apple.dt.runtime.swiftObjectiveC', executablePath='<DVTFilePath:0x7fa40f1c9fb0:'/Users/cbl-mac-001/Library/Developer/Xcode/Archives/2022-05-13/Onscart(Prod) 13-05-22, 1.29 PM.xcarchive/Products/Applications/Onscart.app/Frameworks/libswiftObjectiveC.dylib'>', hardenedRuntime='0'>'>: {
}
2022-05-13 09:18:23 +0000  Entitlements for <IDEDistributionItem: 0x7fa336330c30; bundleID='com.apple.dt.runtime.swiftObjectiveC', path='<DVTFilePath:0x7fa40f1c9fb0:'/Users/cbl-mac-001/Library/Developer/Xcode/Archives/2022-05-13/Onscart(Prod) 13-05-22, 1.29 PM.xcarchive/Products/Applications/Onscart.app/Frameworks/libswiftObjectiveC.dylib'>', codeSigningInfo='<_DVTCodeSigningInformation_Path: 0x7fa38ce23070; isSigned='1', isAdHocSigned='0', signingCertificate='<DVTSigningCertificate: 0x7fa4e694cb60; name='Apple Distribution: Code Brew Labs (6FXUMT5X23)', hash='123CDC3C0D45E7C1D11EBC0789D358D71BDC3FE0', serialNumber='61FFED10654449B1B4B474C94D696131', certificateKinds='(
    "1.2.840.113635.100.6.1.7",
    "1.2.840.113635.100.6.1.4"
), issueDate='2021-05-17 09:31:07 +0000''>', entitlements='(null)', teamID='6FXUMT5X23', identifier='com.apple.dt.runtime.swiftObjectiveC', executablePath='<DVTFilePath:0x7fa40f1c9fb0:'/Users/cbl-mac-001/Library/Developer/Xcode/Archives/2022-05-13/Onscart(Prod) 13-05-22, 1.29 PM.xcarchive/Products/Applications/Onscart.app/Frameworks/libswiftObjectiveC.dylib'>', hardenedRuntime='0'>'> are: {
}
2022-05-13 09:18:23 +0000  Writing entitlements for <IDEDistributionItem: 0x7fa336330c30; bundleID='com.apple.dt.runtime.swiftObjectiveC', path='<DVTFilePath:0x7fa40f1c9fb0:'/Users/cbl-mac-001/Library/Developer/Xcode/Archives/2022-05-13/Onscart(Prod) 13-05-22, 1.29 PM.xcarchive/Products/Applications/Onscart.app/Frameworks/libswiftObjectiveC.dylib'>', codeSigningInfo='<_DVTCodeSigningInformation_Path: 0x7fa38ce23070; isSigned='1', isAdHocSigned='0', signingCertificate='<DVTSigningCertificate: 0x7fa4cca89ab0; name='Apple Distribution: Code Brew Labs (6FXUMT5X23)', hash='123CDC3C0D45E7C1D11EBC0789D358D71BDC3FE0', serialNumber='61FFED10654449B1B4B474C94D696131', certificateKinds='(
    "1.2.840.113635.100.6.1.7",
    "1.2.840.113635.100.6.1.4"
), issueDate='2021-05-17 09:31:07 +0000''>', entitlements='(null)', teamID='6FXUMT5X23', identifier='com.apple.dt.runtime.swiftObjectiveC', executablePath='<DVTFilePath:0x7fa40f1c9fb0:'/Users/cbl-mac-001/Library/Developer/Xcode/Archives/2022-05-13/Onscart(Prod) 13-05-22, 1.29 PM.xcarchive/Products/Applications/Onscart.app/Frameworks/libswiftObjectiveC.dylib'>', hardenedRuntime='0'>'> to: /var/folders/ww/sw0d02593_9c001st0kyw4bc0000gn/T/XcodeDistPipeline.~~~p63Lc0/entitlements~~~CKPUnW
2022-05-13 09:18:23 +0000  Running /usr/bin/codesign '-vvv' '--force' '--sign' '123CDC3C0D45E7C1D11EBC0789D358D71BDC3FE0' '--entitlements' '/var/folders/ww/sw0d02593_9c001st0kyw4bc0000gn/T/XcodeDistPipeline.~~~p63Lc0/entitlements~~~CKPUnW' '--generate-entitlement-der' '--preserve-metadata=identifier,flags,runtime' '/var/folders/ww/sw0d02593_9c001st0kyw4bc0000gn/T/XcodeDistPipeline.~~~p63Lc0/Root/Payload/Onscart.app/Frameworks/libswiftObjectiveC.dylib'
2022-05-13 09:18:23 +0000  /var/folders/ww/sw0d02593_9c001st0kyw4bc0000gn/T/XcodeDistPipeline.~~~p63Lc0/Root/Payload/Onscart.app/Frameworks/libswiftObjectiveC.dylib: replacing existing signature
2022-05-13 09:18:23 +0000  /var/folders/ww/sw0d02593_9c001st0kyw4bc0000gn/T/XcodeDistPipeline.~~~p63Lc0/Root/Payload/Onscart.app/Frameworks/libswiftObjectiveC.dylib: signed Mach-O universal (armv7 armv7s arm64) [com.apple.dt.runtime.swiftObjectiveC]
2022-05-13 09:18:23 +0000  /usr/bin/codesign exited with 0
2022-05-13 09:18:23 +0000  Entitlements for <IDEDistributionItem: 0x7fa38a94fab0; bundleID='com.apple.dt.runtime.swiftPhotos', path='<DVTFilePath:0x7fa3240727e0:'/Users/cbl-mac-001/Library/Developer/Xcode/Archives/2022-05-13/Onscart(Prod) 13-05-22, 1.29 PM.xcarchive/Products/Applications/Onscart.app/Frameworks/libswiftPhotos.dylib'>', codeSigningInfo='<_DVTCodeSigningInformation_Path: 0x7fa3363a3680; isSigned='1', isAdHocSigned='0', signingCertificate='<DVTSigningCertificate: 0x7fa4ba92efe0; name='Apple Distribution: Code Brew Labs (6FXUMT5X23)', hash='123CDC3C0D45E7C1D11EBC0789D358D71BDC3FE0', serialNumber='61FFED10654449B1B4B474C94D696131', certificateKinds='(
    "1.2.840.113635.100.6.1.7",
    "1.2.840.113635.100.6.1.4"
), issueDate='2021-05-17 09:31:07 +0000''>', entitlements='(null)', teamID='6FXUMT5X23', identifier='com.apple.dt.runtime.swiftPhotos', executablePath='<DVTFilePath:0x7fa3240727e0:'/Users/cbl-mac-001/Library/Developer/Xcode/Archives/2022-05-13/Onscart(Prod) 13-05-22, 1.29 PM.xcarchive/Products/Applications/Onscart.app/Frameworks/libswiftPhotos.dylib'>', hardenedRuntime='0'>'>: {
}
2022-05-13 09:18:23 +0000  Entitlements for <IDEDistributionItem: 0x7fa38a94fab0; bundleID='com.apple.dt.runtime.swiftPhotos', path='<DVTFilePath:0x7fa3240727e0:'/Users/cbl-mac-001/Library/Developer/Xcode/Archives/2022-05-13/Onscart(Prod) 13-05-22, 1.29 PM.xcarchive/Products/Applications/Onscart.app/Frameworks/libswiftPhotos.dylib'>', codeSigningInfo='<_DVTCodeSigningInformation_Path: 0x7fa3363a3680; isSigned='1', isAdHocSigned='0', signingCertificate='<DVTSigningCertificate: 0x7fa41af91aa0; name='Apple Distribution: Code Brew Labs (6FXUMT5X23)', hash='123CDC3C0D45E7C1D11EBC0789D358D71BDC3FE0', serialNumber='61FFED10654449B1B4B474C94D696131', certificateKinds='(
    "1.2.840.113635.100.6.1.7",
    "1.2.840.113635.100.6.1.4"
), issueDate='2021-05-17 09:31:07 +0000''>', entitlements='(null)', teamID='6FXUMT5X23', identifier='com.apple.dt.runtime.swiftPhotos', executablePath='<DVTFilePath:0x7fa3240727e0:'/Users/cbl-mac-001/Library/Developer/Xcode/Archives/2022-05-13/Onscart(Prod) 13-05-22, 1.29 PM.xcarchive/Products/Applications/Onscart.app/Frameworks/libswiftPhotos.dylib'>', hardenedRuntime='0'>'> are: {
}
2022-05-13 09:18:23 +0000  Writing entitlements for <IDEDistributionItem: 0x7fa38a94fab0; bundleID='com.apple.dt.runtime.swiftPhotos', path='<DVTFilePath:0x7fa3240727e0:'/Users/cbl-mac-001/Library/Developer/Xcode/Archives/2022-05-13/Onscart(Prod) 13-05-22, 1.29 PM.xcarchive/Products/Applications/Onscart.app/Frameworks/libswiftPhotos.dylib'>', codeSigningInfo='<_DVTCodeSigningInformation_Path: 0x7fa3363a3680; isSigned='1', isAdHocSigned='0', signingCertificate='<DVTSigningCertificate: 0x7fa49d626a00; name='Apple Distribution: Code Brew Labs (6FXUMT5X23)', hash='123CDC3C0D45E7C1D11EBC0789D358D71BDC3FE0', serialNumber='61FFED10654449B1B4B474C94D696131', certificateKinds='(
    "1.2.840.113635.100.6.1.7",
    "1.2.840.113635.100.6.1.4"
), issueDate='2021-05-17 09:31:07 +0000''>', entitlements='(null)', teamID='6FXUMT5X23', identifier='com.apple.dt.runtime.swiftPhotos', executablePath='<DVTFilePath:0x7fa3240727e0:'/Users/cbl-mac-001/Library/Developer/Xcode/Archives/2022-05-13/Onscart(Prod) 13-05-22, 1.29 PM.xcarchive/Products/Applications/Onscart.app/Frameworks/libswiftPhotos.dylib'>', hardenedRuntime='0'>'> to: /var/folders/ww/sw0d02593_9c001st0kyw4bc0000gn/T/XcodeDistPipeline.~~~p63Lc0/entitlements~~~8BYNmM
2022-05-13 09:18:23 +0000  Running /usr/bin/codesign '-vvv' '--force' '--sign' '123CDC3C0D45E7C1D11EBC0789D358D71BDC3FE0' '--entitlements' '/var/folders/ww/sw0d02593_9c001st0kyw4bc0000gn/T/XcodeDistPipeline.~~~p63Lc0/entitlements~~~8BYNmM' '--generate-entitlement-der' '--preserve-metadata=identifier,flags,runtime' '/var/folders/ww/sw0d02593_9c001st0kyw4bc0000gn/T/XcodeDistPipeline.~~~p63Lc0/Root/Payload/Onscart.app/Frameworks/libswiftPhotos.dylib'
2022-05-13 09:18:23 +0000  /var/folders/ww/sw0d02593_9c001st0kyw4bc0000gn/T/XcodeDistPipeline.~~~p63Lc0/Root/Payload/Onscart.app/Frameworks/libswiftPhotos.dylib: replacing existing signature
2022-05-13 09:18:23 +0000  /var/folders/ww/sw0d02593_9c001st0kyw4bc0000gn/T/XcodeDistPipeline.~~~p63Lc0/Root/Payload/Onscart.app/Frameworks/libswiftPhotos.dylib: signed Mach-O universal (armv7 armv7s arm64) [com.apple.dt.runtime.swiftPhotos]
2022-05-13 09:18:23 +0000  /usr/bin/codesign exited with 0
2022-05-13 09:18:23 +0000  Entitlements for <IDEDistributionItem: 0x7fa334399a50; bundleID='com.apple.dt.runtime.swiftQuartzCore', path='<DVTFilePath:0x7fa334ce3bf0:'/Users/cbl-mac-001/Library/Developer/Xcode/Archives/2022-05-13/Onscart(Prod) 13-05-22, 1.29 PM.xcarchive/Products/Applications/Onscart.app/Frameworks/libswiftQuartzCore.dylib'>', codeSigningInfo='<_DVTCodeSigningInformation_Path: 0x7fa52a635d90; isSigned='1', isAdHocSigned='0', signingCertificate='<DVTSigningCertificate: 0x7fa4cca89ab0; name='Apple Distribution: Code Brew Labs (6FXUMT5X23)', hash='123CDC3C0D45E7C1D11EBC0789D358D71BDC3FE0', serialNumber='61FFED10654449B1B4B474C94D696131', certificateKinds='(
    "1.2.840.113635.100.6.1.7",
    "1.2.840.113635.100.6.1.4"
), issueDate='2021-05-17 09:31:07 +0000''>', entitlements='(null)', teamID='6FXUMT5X23', identifier='com.apple.dt.runtime.swiftQuartzCore', executablePath='<DVTFilePath:0x7fa334ce3bf0:'/Users/cbl-mac-001/Library/Developer/Xcode/Archives/2022-05-13/Onscart(Prod) 13-05-22, 1.29 PM.xcarchive/Products/Applications/Onscart.app/Frameworks/libswiftQuartzCore.dylib'>', hardenedRuntime='0'>'>: {
}
2022-05-13 09:18:23 +0000  Entitlements for <IDEDistributionItem: 0x7fa334399a50; bundleID='com.apple.dt.runtime.swiftQuartzCore', path='<DVTFilePath:0x7fa334ce3bf0:'/Users/cbl-mac-001/Library/Developer/Xcode/Archives/2022-05-13/Onscart(Prod) 13-05-22, 1.29 PM.xcarchive/Products/Applications/Onscart.app/Frameworks/libswiftQuartzCore.dylib'>', codeSigningInfo='<_DVTCodeSigningInformation_Path: 0x7fa52a635d90; isSigned='1', isAdHocSigned='0', signingCertificate='<DVTSigningCertificate: 0x7fa40e881a80; name='Apple Distribution: Code Brew Labs (6FXUMT5X23)', hash='123CDC3C0D45E7C1D11EBC0789D358D71BDC3FE0', serialNumber='61FFED10654449B1B4B474C94D696131', certificateKinds='(
    "1.2.840.113635.100.6.1.7",
    "1.2.840.113635.100.6.1.4"
), issueDate='2021-05-17 09:31:07 +0000''>', entitlements='(null)', teamID='6FXUMT5X23', identifier='com.apple.dt.runtime.swiftQuartzCore', executablePath='<DVTFilePath:0x7fa334ce3bf0:'/Users/cbl-mac-001/Library/Developer/Xcode/Archives/2022-05-13/Onscart(Prod) 13-05-22, 1.29 PM.xcarchive/Products/Applications/Onscart.app/Frameworks/libswiftQuartzCore.dylib'>', hardenedRuntime='0'>'> are: {
}
2022-05-13 09:18:23 +0000  Writing entitlements for <IDEDistributionItem: 0x7fa334399a50; bundleID='com.apple.dt.runtime.swiftQuartzCore', path='<DVTFilePath:0x7fa334ce3bf0:'/Users/cbl-mac-001/Library/Developer/Xcode/Archives/2022-05-13/Onscart(Prod) 13-05-22, 1.29 PM.xcarchive/Products/Applications/Onscart.app/Frameworks/libswiftQuartzCore.dylib'>', codeSigningInfo='<_DVTCodeSigningInformation_Path: 0x7fa52a635d90; isSigned='1', isAdHocSigned='0', signingCertificate='<DVTSigningCertificate: 0x7fa38d4a1ce0; name='Apple Distribution: Code Brew Labs (6FXUMT5X23)', hash='123CDC3C0D45E7C1D11EBC0789D358D71BDC3FE0', serialNumber='61FFED10654449B1B4B474C94D696131', certificateKinds='(
    "1.2.840.113635.100.6.1.7",
    "1.2.840.113635.100.6.1.4"
), issueDate='2021-05-17 09:31:07 +0000''>', entitlements='(null)', teamID='6FXUMT5X23', identifier='com.apple.dt.runtime.swiftQuartzCore', executablePath='<DVTFilePath:0x7fa334ce3bf0:'/Users/cbl-mac-001/Library/Developer/Xcode/Archives/2022-05-13/Onscart(Prod) 13-05-22, 1.29 PM.xcarchive/Products/Applications/Onscart.app/Frameworks/libswiftQuartzCore.dylib'>', hardenedRuntime='0'>'> to: /var/folders/ww/sw0d02593_9c001st0kyw4bc0000gn/T/XcodeDistPipeline.~~~p63Lc0/entitlements~~~U18eNr
2022-05-13 09:18:23 +0000  Running /usr/bin/codesign '-vvv' '--force' '--sign' '123CDC3C0D45E7C1D11EBC0789D358D71BDC3FE0' '--entitlements' '/var/folders/ww/sw0d02593_9c001st0kyw4bc0000gn/T/XcodeDistPipeline.~~~p63Lc0/entitlements~~~U18eNr' '--generate-entitlement-der' '--preserve-metadata=identifier,flags,runtime' '/var/folders/ww/sw0d02593_9c001st0kyw4bc0000gn/T/XcodeDistPipeline.~~~p63Lc0/Root/Payload/Onscart.app/Frameworks/libswiftQuartzCore.dylib'
2022-05-13 09:18:23 +0000  /var/folders/ww/sw0d02593_9c001st0kyw4bc0000gn/T/XcodeDistPipeline.~~~p63Lc0/Root/Payload/Onscart.app/Frameworks/libswiftQuartzCore.dylib: replacing existing signature
2022-05-13 09:18:24 +0000  /var/folders/ww/sw0d02593_9c001st0kyw4bc0000gn/T/XcodeDistPipeline.~~~p63Lc0/Root/Payload/Onscart.app/Frameworks/libswiftQuartzCore.dylib: signed Mach-O universal (armv7 armv7s arm64) [com.apple.dt.runtime.swiftQuartzCore]
2022-05-13 09:18:24 +0000  /usr/bin/codesign exited with 0
2022-05-13 09:18:24 +0000  Entitlements for <IDEDistributionItem: 0x7fa336373fc0; bundleID='com.apple.dt.runtime.swiftUIKit', path='<DVTFilePath:0x7fa4d37eef30:'/Users/cbl-mac-001/Library/Developer/Xcode/Archives/2022-05-13/Onscart(Prod) 13-05-22, 1.29 PM.xcarchive/Products/Applications/Onscart.app/Frameworks/libswiftUIKit.dylib'>', codeSigningInfo='<_DVTCodeSigningInformation_Path: 0x7fa3495069b0; isSigned='1', isAdHocSigned='0', signingCertificate='<DVTSigningCertificate: 0x7fa4ba92efe0; name='Apple Distribution: Code Brew Labs (6FXUMT5X23)', hash='123CDC3C0D45E7C1D11EBC0789D358D71BDC3FE0', serialNumber='61FFED10654449B1B4B474C94D696131', certificateKinds='(
    "1.2.840.113635.100.6.1.7",
    "1.2.840.113635.100.6.1.4"
), issueDate='2021-05-17 09:31:07 +0000''>', entitlements='(null)', teamID='6FXUMT5X23', identifier='com.apple.dt.runtime.swiftUIKit', executablePath='<DVTFilePath:0x7fa4d37eef30:'/Users/cbl-mac-001/Library/Developer/Xcode/Archives/2022-05-13/Onscart(Prod) 13-05-22, 1.29 PM.xcarchive/Products/Applications/Onscart.app/Frameworks/libswiftUIKit.dylib'>', hardenedRuntime='0'>'>: {
}
2022-05-13 09:18:24 +0000  Entitlements for <IDEDistributionItem: 0x7fa336373fc0; bundleID='com.apple.dt.runtime.swiftUIKit', path='<DVTFilePath:0x7fa4d37eef30:'/Users/cbl-mac-001/Library/Developer/Xcode/Archives/2022-05-13/Onscart(Prod) 13-05-22, 1.29 PM.xcarchive/Products/Applications/Onscart.app/Frameworks/libswiftUIKit.dylib'>', codeSigningInfo='<_DVTCodeSigningInformation_Path: 0x7fa3495069b0; isSigned='1', isAdHocSigned='0', signingCertificate='<DVTSigningCertificate: 0x7fa41af91aa0; name='Apple Distribution: Code Brew Labs (6FXUMT5X23)', hash='123CDC3C0D45E7C1D11EBC0789D358D71BDC3FE0', serialNumber='61FFED10654449B1B4B474C94D696131', certificateKinds='(
    "1.2.840.113635.100.6.1.7",
    "1.2.840.113635.100.6.1.4"
), issueDate='2021-05-17 09:31:07 +0000''>', entitlements='(null)', teamID='6FXUMT5X23', identifier='com.apple.dt.runtime.swiftUIKit', executablePath='<DVTFilePath:0x7fa4d37eef30:'/Users/cbl-mac-001/Library/Developer/Xcode/Archives/2022-05-13/Onscart(Prod) 13-05-22, 1.29 PM.xcarchive/Products/Applications/Onscart.app/Frameworks/libswiftUIKit.dylib'>', hardenedRuntime='0'>'> are: {
}
2022-05-13 09:18:24 +0000  Writing entitlements for <IDEDistributionItem: 0x7fa336373fc0; bundleID='com.apple.dt.runtime.swiftUIKit', path='<DVTFilePath:0x7fa4d37eef30:'/Users/cbl-mac-001/Library/Developer/Xcode/Archives/2022-05-13/Onscart(Prod) 13-05-22, 1.29 PM.xcarchive/Products/Applications/Onscart.app/Frameworks/libswiftUIKit.dylib'>', codeSigningInfo='<_DVTCodeSigningInformation_Path: 0x7fa3495069b0; isSigned='1', isAdHocSigned='0', signingCertificate='<DVTSigningCertificate: 0x7fa49d626a00; name='Apple Distribution: Code Brew Labs (6FXUMT5X23)', hash='123CDC3C0D45E7C1D11EBC0789D358D71BDC3FE0', serialNumber='61FFED10654449B1B4B474C94D696131', certificateKinds='(
    "1.2.840.113635.100.6.1.7",
    "1.2.840.113635.100.6.1.4"
), issueDate='2021-05-17 09:31:07 +0000''>', entitlements='(null)', teamID='6FXUMT5X23', identifier='com.apple.dt.runtime.swiftUIKit', executablePath='<DVTFilePath:0x7fa4d37eef30:'/Users/cbl-mac-001/Library/Developer/Xcode/Archives/2022-05-13/Onscart(Prod) 13-05-22, 1.29 PM.xcarchive/Products/Applications/Onscart.app/Frameworks/libswiftUIKit.dylib'>', hardenedRuntime='0'>'> to: /var/folders/ww/sw0d02593_9c001st0kyw4bc0000gn/T/XcodeDistPipeline.~~~p63Lc0/entitlements~~~zH8R6V
2022-05-13 09:18:24 +0000  Running /usr/bin/codesign '-vvv' '--force' '--sign' '123CDC3C0D45E7C1D11EBC0789D358D71BDC3FE0' '--entitlements' '/var/folders/ww/sw0d02593_9c001st0kyw4bc0000gn/T/XcodeDistPipeline.~~~p63Lc0/entitlements~~~zH8R6V' '--generate-entitlement-der' '--preserve-metadata=identifier,flags,runtime' '/var/folders/ww/sw0d02593_9c001st0kyw4bc0000gn/T/XcodeDistPipeline.~~~p63Lc0/Root/Payload/Onscart.app/Frameworks/libswiftUIKit.dylib'
2022-05-13 09:18:24 +0000  /var/folders/ww/sw0d02593_9c001st0kyw4bc0000gn/T/XcodeDistPipeline.~~~p63Lc0/Root/Payload/Onscart.app/Frameworks/libswiftUIKit.dylib: replacing existing signature
2022-05-13 09:18:24 +0000  /var/folders/ww/sw0d02593_9c001st0kyw4bc0000gn/T/XcodeDistPipeline.~~~p63Lc0/Root/Payload/Onscart.app/Frameworks/libswiftUIKit.dylib: signed Mach-O universal (armv7 armv7s arm64) [com.apple.dt.runtime.swiftUIKit]
2022-05-13 09:18:24 +0000  /usr/bin/codesign exited with 0
2022-05-13 09:18:24 +0000  Entitlements for <IDEDistributionItem: 0x7fa38a979000; bundleID='com.apple.dt.runtime.swiftVision', path='<DVTFilePath:0x7fa3240a12e0:'/Users/cbl-mac-001/Library/Developer/Xcode/Archives/2022-05-13/Onscart(Prod) 13-05-22, 1.29 PM.xcarchive/Products/Applications/Onscart.app/Frameworks/libswiftVision.dylib'>', codeSigningInfo='<_DVTCodeSigningInformation_Path: 0x7fa51a247b50; isSigned='1', isAdHocSigned='0', signingCertificate='<DVTSigningCertificate: 0x7fa49d626a00; name='Apple Distribution: Code Brew Labs (6FXUMT5X23)', hash='123CDC3C0D45E7C1D11EBC0789D358D71BDC3FE0', serialNumber='61FFED10654449B1B4B474C94D696131', certificateKinds='(
    "1.2.840.113635.100.6.1.7",
    "1.2.840.113635.100.6.1.4"
), issueDate='2021-05-17 09:31:07 +0000''>', entitlements='(null)', teamID='6FXUMT5X23', identifier='com.apple.dt.runtime.swiftVision', executablePath='<DVTFilePath:0x7fa3240a12e0:'/Users/cbl-mac-001/Library/Developer/Xcode/Archives/2022-05-13/Onscart(Prod) 13-05-22, 1.29 PM.xcarchive/Products/Applications/Onscart.app/Frameworks/libswiftVision.dylib'>', hardenedRuntime='0'>'>: {
}
2022-05-13 09:18:24 +0000  Entitlements for <IDEDistributionItem: 0x7fa38a979000; bundleID='com.apple.dt.runtime.swiftVision', path='<DVTFilePath:0x7fa3240a12e0:'/Users/cbl-mac-001/Library/Developer/Xcode/Archives/2022-05-13/Onscart(Prod) 13-05-22, 1.29 PM.xcarchive/Products/Applications/Onscart.app/Frameworks/libswiftVision.dylib'>', codeSigningInfo='<_DVTCodeSigningInformation_Path: 0x7fa51a247b50; isSigned='1', isAdHocSigned='0', signingCertificate='<DVTSigningCertificate: 0x7fa4e85c0b60; name='Apple Distribution: Code Brew Labs (6FXUMT5X23)', hash='123CDC3C0D45E7C1D11EBC0789D358D71BDC3FE0', serialNumber='61FFED10654449B1B4B474C94D696131', certificateKinds='(
    "1.2.840.113635.100.6.1.7",
    "1.2.840.113635.100.6.1.4"
), issueDate='2021-05-17 09:31:07 +0000''>', entitlements='(null)', teamID='6FXUMT5X23', identifier='com.apple.dt.runtime.swiftVision', executablePath='<DVTFilePath:0x7fa3240a12e0:'/Users/cbl-mac-001/Library/Developer/Xcode/Archives/2022-05-13/Onscart(Prod) 13-05-22, 1.29 PM.xcarchive/Products/Applications/Onscart.app/Frameworks/libswiftVision.dylib'>', hardenedRuntime='0'>'> are: {
}
2022-05-13 09:18:24 +0000  Writing entitlements for <IDEDistributionItem: 0x7fa38a979000; bundleID='com.apple.dt.runtime.swiftVision', path='<DVTFilePath:0x7fa3240a12e0:'/Users/cbl-mac-001/Library/Developer/Xcode/Archives/2022-05-13/Onscart(Prod) 13-05-22, 1.29 PM.xcarchive/Products/Applications/Onscart.app/Frameworks/libswiftVision.dylib'>', codeSigningInfo='<_DVTCodeSigningInformation_Path: 0x7fa51a247b50; isSigned='1', isAdHocSigned='0', signingCertificate='<DVTSigningCertificate: 0x7fa333f04d40; name='Apple Distribution: Code Brew Labs (6FXUMT5X23)', hash='123CDC3C0D45E7C1D11EBC0789D358D71BDC3FE0', serialNumber='61FFED10654449B1B4B474C94D696131', certificateKinds='(
    "1.2.840.113635.100.6.1.7",
    "1.2.840.113635.100.6.1.4"
), issueDate='2021-05-17 09:31:07 +0000''>', entitlements='(null)', teamID='6FXUMT5X23', identifier='com.apple.dt.runtime.swiftVision', executablePath='<DVTFilePath:0x7fa3240a12e0:'/Users/cbl-mac-001/Library/Developer/Xcode/Archives/2022-05-13/Onscart(Prod) 13-05-22, 1.29 PM.xcarchive/Products/Applications/Onscart.app/Frameworks/libswiftVision.dylib'>', hardenedRuntime='0'>'> to: /var/folders/ww/sw0d02593_9c001st0kyw4bc0000gn/T/XcodeDistPipeline.~~~p63Lc0/entitlements~~~thuxpV
2022-05-13 09:18:24 +0000  Running /usr/bin/codesign '-vvv' '--force' '--sign' '123CDC3C0D45E7C1D11EBC0789D358D71BDC3FE0' '--entitlements' '/var/folders/ww/sw0d02593_9c001st0kyw4bc0000gn/T/XcodeDistPipeline.~~~p63Lc0/entitlements~~~thuxpV' '--generate-entitlement-der' '--preserve-metadata=identifier,flags,runtime' '/var/folders/ww/sw0d02593_9c001st0kyw4bc0000gn/T/XcodeDistPipeline.~~~p63Lc0/Root/Payload/Onscart.app/Frameworks/libswiftVision.dylib'
2022-05-13 09:18:24 +0000  /var/folders/ww/sw0d02593_9c001st0kyw4bc0000gn/T/XcodeDistPipeline.~~~p63Lc0/Root/Payload/Onscart.app/Frameworks/libswiftVision.dylib: replacing existing signature
2022-05-13 09:18:24 +0000  /var/folders/ww/sw0d02593_9c001st0kyw4bc0000gn/T/XcodeDistPipeline.~~~p63Lc0/Root/Payload/Onscart.app/Frameworks/libswiftVision.dylib: signed Mach-O universal (armv7 armv7s arm64) [com.apple.dt.runtime.swiftVision]
2022-05-13 09:18:24 +0000  /usr/bin/codesign exited with 0
2022-05-13 09:18:24 +0000  Entitlements for <IDEDistributionItem: 0x7fa4febe5d30; bundleID='com.apple.dt.runtime.swiftos', path='<DVTFilePath:0x7fa324071f00:'/Users/cbl-mac-001/Library/Developer/Xcode/Archives/2022-05-13/Onscart(Prod) 13-05-22, 1.29 PM.xcarchive/Products/Applications/Onscart.app/Frameworks/libswiftos.dylib'>', codeSigningInfo='<_DVTCodeSigningInformation_Path: 0x7fa32403cc00; isSigned='1', isAdHocSigned='0', signingCertificate='<DVTSigningCertificate: 0x7fa4cf960300; name='Apple Distribution: Code Brew Labs (6FXUMT5X23)', hash='123CDC3C0D45E7C1D11EBC0789D358D71BDC3FE0', serialNumber='61FFED10654449B1B4B474C94D696131', certificateKinds='(
    "1.2.840.113635.100.6.1.7",
    "1.2.840.113635.100.6.1.4"
), issueDate='2021-05-17 09:31:07 +0000''>', entitlements='(null)', teamID='6FXUMT5X23', identifier='com.apple.dt.runtime.swiftos', executablePath='<DVTFilePath:0x7fa324071f00:'/Users/cbl-mac-001/Library/Developer/Xcode/Archives/2022-05-13/Onscart(Prod) 13-05-22, 1.29 PM.xcarchive/Products/Applications/Onscart.app/Frameworks/libswiftos.dylib'>', hardenedRuntime='0'>'>: {
}
2022-05-13 09:18:24 +0000  Entitlements for <IDEDistributionItem: 0x7fa4febe5d30; bundleID='com.apple.dt.runtime.swiftos', path='<DVTFilePath:0x7fa324071f00:'/Users/cbl-mac-001/Library/Developer/Xcode/Archives/2022-05-13/Onscart(Prod) 13-05-22, 1.29 PM.xcarchive/Products/Applications/Onscart.app/Frameworks/libswiftos.dylib'>', codeSigningInfo='<_DVTCodeSigningInformation_Path: 0x7fa32403cc00; isSigned='1', isAdHocSigned='0', signingCertificate='<DVTSigningCertificate: 0x7fa333fcf5d0; name='Apple Distribution: Code Brew Labs (6FXUMT5X23)', hash='123CDC3C0D45E7C1D11EBC0789D358D71BDC3FE0', serialNumber='61FFED10654449B1B4B474C94D696131', certificateKinds='(
    "1.2.840.113635.100.6.1.7",
    "1.2.840.113635.100.6.1.4"
), issueDate='2021-05-17 09:31:07 +0000''>', entitlements='(null)', teamID='6FXUMT5X23', identifier='com.apple.dt.runtime.swiftos', executablePath='<DVTFilePath:0x7fa324071f00:'/Users/cbl-mac-001/Library/Developer/Xcode/Archives/2022-05-13/Onscart(Prod) 13-05-22, 1.29 PM.xcarchive/Products/Applications/Onscart.app/Frameworks/libswiftos.dylib'>', hardenedRuntime='0'>'> are: {
}
2022-05-13 09:18:24 +0000  Writing entitlements for <IDEDistributionItem: 0x7fa4febe5d30; bundleID='com.apple.dt.runtime.swiftos', path='<DVTFilePath:0x7fa324071f00:'/Users/cbl-mac-001/Library/Developer/Xcode/Archives/2022-05-13/Onscart(Prod) 13-05-22, 1.29 PM.xcarchive/Products/Applications/Onscart.app/Frameworks/libswiftos.dylib'>', codeSigningInfo='<_DVTCodeSigningInformation_Path: 0x7fa32403cc00; isSigned='1', isAdHocSigned='0', signingCertificate='<DVTSigningCertificate: 0x7fa41af91aa0; name='Apple Distribution: Code Brew Labs (6FXUMT5X23)', hash='123CDC3C0D45E7C1D11EBC0789D358D71BDC3FE0', serialNumber='61FFED10654449B1B4B474C94D696131', certificateKinds='(
    "1.2.840.113635.100.6.1.7",
    "1.2.840.113635.100.6.1.4"
), issueDate='2021-05-17 09:31:07 +0000''>', entitlements='(null)', teamID='6FXUMT5X23', identifier='com.apple.dt.runtime.swiftos', executablePath='<DVTFilePath:0x7fa324071f00:'/Users/cbl-mac-001/Library/Developer/Xcode/Archives/2022-05-13/Onscart(Prod) 13-05-22, 1.29 PM.xcarchive/Products/Applications/Onscart.app/Frameworks/libswiftos.dylib'>', hardenedRuntime='0'>'> to: /var/folders/ww/sw0d02593_9c001st0kyw4bc0000gn/T/XcodeDistPipeline.~~~p63Lc0/entitlements~~~2ILMjH
2022-05-13 09:18:24 +0000  Running /usr/bin/codesign '-vvv' '--force' '--sign' '123CDC3C0D45E7C1D11EBC0789D358D71BDC3FE0' '--entitlements' '/var/folders/ww/sw0d02593_9c001st0kyw4bc0000gn/T/XcodeDistPipeline.~~~p63Lc0/entitlements~~~2ILMjH' '--generate-entitlement-der' '--preserve-metadata=identifier,flags,runtime' '/var/folders/ww/sw0d02593_9c001st0kyw4bc0000gn/T/XcodeDistPipeline.~~~p63Lc0/Root/Payload/Onscart.app/Frameworks/libswiftos.dylib'
2022-05-13 09:18:24 +0000  /var/folders/ww/sw0d02593_9c001st0kyw4bc0000gn/T/XcodeDistPipeline.~~~p63Lc0/Root/Payload/Onscart.app/Frameworks/libswiftos.dylib: replacing existing signature
2022-05-13 09:18:24 +0000  /var/folders/ww/sw0d02593_9c001st0kyw4bc0000gn/T/XcodeDistPipeline.~~~p63Lc0/Root/Payload/Onscart.app/Frameworks/libswiftos.dylib: signed Mach-O universal (armv7 armv7s arm64) [com.apple.dt.runtime.swiftos]
2022-05-13 09:18:24 +0000  /usr/bin/codesign exited with 0
2022-05-13 09:18:24 +0000  Entitlements for <IDEDistributionItem: 0x7fa33a377800; bundleID='com.apple.dt.runtime.swiftsimd', path='<DVTFilePath:0x7fa32404ef10:'/Users/cbl-mac-001/Library/Developer/Xcode/Archives/2022-05-13/Onscart(Prod) 13-05-22, 1.29 PM.xcarchive/Products/Applications/Onscart.app/Frameworks/libswiftsimd.dylib'>', codeSigningInfo='<_DVTCodeSigningInformation_Path: 0x7fa339d21b90; isSigned='1', isAdHocSigned='0', signingCertificate='<DVTSigningCertificate: 0x7fa4cca89ab0; name='Apple Distribution: Code Brew Labs (6FXUMT5X23)', hash='123CDC3C0D45E7C1D11EBC0789D358D71BDC3FE0', serialNumber='61FFED10654449B1B4B474C94D696131', certificateKinds='(
    "1.2.840.113635.100.6.1.7",
    "1.2.840.113635.100.6.1.4"
), issueDate='2021-05-17 09:31:07 +0000''>', entitlements='(null)', teamID='6FXUMT5X23', identifier='com.apple.dt.runtime.swiftsimd', executablePath='<DVTFilePath:0x7fa32404ef10:'/Users/cbl-mac-001/Library/Developer/Xcode/Archives/2022-05-13/Onscart(Prod) 13-05-22, 1.29 PM.xcarchive/Products/Applications/Onscart.app/Frameworks/libswiftsimd.dylib'>', hardenedRuntime='0'>'>: {
}
2022-05-13 09:18:24 +0000  Entitlements for <IDEDistributionItem: 0x7fa33a377800; bundleID='com.apple.dt.runtime.swiftsimd', path='<DVTFilePath:0x7fa32404ef10:'/Users/cbl-mac-001/Library/Developer/Xcode/Archives/2022-05-13/Onscart(Prod) 13-05-22, 1.29 PM.xcarchive/Products/Applications/Onscart.app/Frameworks/libswiftsimd.dylib'>', codeSigningInfo='<_DVTCodeSigningInformation_Path: 0x7fa339d21b90; isSigned='1', isAdHocSigned='0', signingCertificate='<DVTSigningCertificate: 0x7fa40e881a80; name='Apple Distribution: Code Brew Labs (6FXUMT5X23)', hash='123CDC3C0D45E7C1D11EBC0789D358D71BDC3FE0', serialNumber='61FFED10654449B1B4B474C94D696131', certificateKinds='(
    "1.2.840.113635.100.6.1.7",
    "1.2.840.113635.100.6.1.4"
), issueDate='2021-05-17 09:31:07 +0000''>', entitlements='(null)', teamID='6FXUMT5X23', identifier='com.apple.dt.runtime.swiftsimd', executablePath='<DVTFilePath:0x7fa32404ef10:'/Users/cbl-mac-001/Library/Developer/Xcode/Archives/2022-05-13/Onscart(Prod) 13-05-22, 1.29 PM.xcarchive/Products/Applications/Onscart.app/Frameworks/libswiftsimd.dylib'>', hardenedRuntime='0'>'> are: {
}
2022-05-13 09:18:24 +0000  Writing entitlements for <IDEDistributionItem: 0x7fa33a377800; bundleID='com.apple.dt.runtime.swiftsimd', path='<DVTFilePath:0x7fa32404ef10:'/Users/cbl-mac-001/Library/Developer/Xcode/Archives/2022-05-13/Onscart(Prod) 13-05-22, 1.29 PM.xcarchive/Products/Applications/Onscart.app/Frameworks/libswiftsimd.dylib'>', codeSigningInfo='<_DVTCodeSigningInformation_Path: 0x7fa339d21b90; isSigned='1', isAdHocSigned='0', signingCertificate='<DVTSigningCertificate: 0x7fa38d4a1ce0; name='Apple Distribution: Code Brew Labs (6FXUMT5X23)', hash='123CDC3C0D45E7C1D11EBC0789D358D71BDC3FE0', serialNumber='61FFED10654449B1B4B474C94D696131', certificateKinds='(
    "1.2.840.113635.100.6.1.7",
    "1.2.840.113635.100.6.1.4"
), issueDate='2021-05-17 09:31:07 +0000''>', entitlements='(null)', teamID='6FXUMT5X23', identifier='com.apple.dt.runtime.swiftsimd', executablePath='<DVTFilePath:0x7fa32404ef10:'/Users/cbl-mac-001/Library/Developer/Xcode/Archives/2022-05-13/Onscart(Prod) 13-05-22, 1.29 PM.xcarchive/Products/Applications/Onscart.app/Frameworks/libswiftsimd.dylib'>', hardenedRuntime='0'>'> to: /var/folders/ww/sw0d02593_9c001st0kyw4bc0000gn/T/XcodeDistPipeline.~~~p63Lc0/entitlements~~~nAfab1
2022-05-13 09:18:24 +0000  Running /usr/bin/codesign '-vvv' '--force' '--sign' '123CDC3C0D45E7C1D11EBC0789D358D71BDC3FE0' '--entitlements' '/var/folders/ww/sw0d02593_9c001st0kyw4bc0000gn/T/XcodeDistPipeline.~~~p63Lc0/entitlements~~~nAfab1' '--generate-entitlement-der' '--preserve-metadata=identifier,flags,runtime' '/var/folders/ww/sw0d02593_9c001st0kyw4bc0000gn/T/XcodeDistPipeline.~~~p63Lc0/Root/Payload/Onscart.app/Frameworks/libswiftsimd.dylib'
2022-05-13 09:18:24 +0000  /var/folders/ww/sw0d02593_9c001st0kyw4bc0000gn/T/XcodeDistPipeline.~~~p63Lc0/Root/Payload/Onscart.app/Frameworks/libswiftsimd.dylib: replacing existing signature
2022-05-13 09:18:24 +0000  /var/folders/ww/sw0d02593_9c001st0kyw4bc0000gn/T/XcodeDistPipeline.~~~p63Lc0/Root/Payload/Onscart.app/Frameworks/libswiftsimd.dylib: signed Mach-O universal (armv7 armv7s arm64) [com.apple.dt.runtime.swiftsimd]
2022-05-13 09:18:24 +0000  /usr/bin/codesign exited with 0
2022-05-13 09:18:24 +0000  Entitlements for <IDEDistributionItem: 0x7fa4d29ca430; bundleID='com.Onscart.Dispatch', path='<DVTFilePath:0x7fa3175534c0:'/Users/cbl-mac-001/Library/Developer/Xcode/Archives/2022-05-13/Onscart(Prod) 13-05-22, 1.29 PM.xcarchive/Products/Applications/Onscart.app'>', codeSigningInfo='<_DVTCodeSigningInformation_Path: 0x7fa4d14edfc0; isSigned='1', isAdHocSigned='0', signingCertificate='<DVTSigningCertificate: 0x7fa4cca89ab0; name='Apple Distribution: Code Brew Labs (6FXUMT5X23)', hash='123CDC3C0D45E7C1D11EBC0789D358D71BDC3FE0', serialNumber='61FFED10654449B1B4B474C94D696131', certificateKinds='(
    "1.2.840.113635.100.6.1.7",
    "1.2.840.113635.100.6.1.4"
), issueDate='2021-05-17 09:31:07 +0000''>', entitlements='{
    "application-identifier" = "6FXUMT5X23.com.Onscart.Dispatch";
    "aps-environment" = production;
    "beta-reports-active" = 1;
    "com.apple.developer.team-identifier" = 6FXUMT5X23;
    "get-task-allow" = 0;
}', teamID='6FXUMT5X23', identifier='com.Onscart.Dispatch', executablePath='<DVTFilePath:0x7fa4ce3b7bc0:'/Users/cbl-mac-001/Library/Developer/Xcode/Archives/2022-05-13/Onscart(Prod) 13-05-22, 1.29 PM.xcarchive/Products/Applications/Onscart.app/Onscart'>', hardenedRuntime='0'>'>: {
    "application-identifier" = "6FXUMT5X23.com.Onscart.Dispatch";
    "aps-environment" = production;
    "beta-reports-active" = 1;
    "com.apple.developer.team-identifier" = 6FXUMT5X23;
    "get-task-allow" = 0;
}
2022-05-13 09:18:24 +0000  Entitlements for <IDEDistributionItem: 0x7fa4d29ca430; bundleID='com.Onscart.Dispatch', path='<DVTFilePath:0x7fa3175534c0:'/Users/cbl-mac-001/Library/Developer/Xcode/Archives/2022-05-13/Onscart(Prod) 13-05-22, 1.29 PM.xcarchive/Products/Applications/Onscart.app'>', codeSigningInfo='<_DVTCodeSigningInformation_Path: 0x7fa4d14edfc0; isSigned='1', isAdHocSigned='0', signingCertificate='<DVTSigningCertificate: 0x7fa4e85c0b60; name='Apple Distribution: Code Brew Labs (6FXUMT5X23)', hash='123CDC3C0D45E7C1D11EBC0789D358D71BDC3FE0', serialNumber='61FFED10654449B1B4B474C94D696131', certificateKinds='(
    "1.2.840.113635.100.6.1.7",
    "1.2.840.113635.100.6.1.4"
), issueDate='2021-05-17 09:31:07 +0000''>', entitlements='{
    "application-identifier" = "6FXUMT5X23.com.Onscart.Dispatch";
    "aps-environment" = production;
    "beta-reports-active" = 1;
    "com.apple.developer.team-identifier" = 6FXUMT5X23;
    "get-task-allow" = 0;
}', teamID='6FXUMT5X23', identifier='com.Onscart.Dispatch', executablePath='<DVTFilePath:0x7fa4ce3b7bc0:'/Users/cbl-mac-001/Library/Developer/Xcode/Archives/2022-05-13/Onscart(Prod) 13-05-22, 1.29 PM.xcarchive/Products/Applications/Onscart.app/Onscart'>', hardenedRuntime='0'>'> are: {
    "application-identifier" = "6FXUMT5X23.com.Onscart.Dispatch";
    "aps-environment" = production;
    "beta-reports-active" = 1;
    "com.apple.developer.team-identifier" = 6FXUMT5X23;
    "get-task-allow" = 0;
}
2022-05-13 09:18:24 +0000  Writing entitlements for <IDEDistributionItem: 0x7fa4d29ca430; bundleID='com.Onscart.Dispatch', path='<DVTFilePath:0x7fa3175534c0:'/Users/cbl-mac-001/Library/Developer/Xcode/Archives/2022-05-13/Onscart(Prod) 13-05-22, 1.29 PM.xcarchive/Products/Applications/Onscart.app'>', codeSigningInfo='<_DVTCodeSigningInformation_Path: 0x7fa4d14edfc0; isSigned='1', isAdHocSigned='0', signingCertificate='<DVTSigningCertificate: 0x7fa49ca93bf0; name='Apple Distribution: Code Brew Labs (6FXUMT5X23)', hash='123CDC3C0D45E7C1D11EBC0789D358D71BDC3FE0', serialNumber='61FFED10654449B1B4B474C94D696131', certificateKinds='(
    "1.2.840.113635.100.6.1.7",
    "1.2.840.113635.100.6.1.4"
), issueDate='2021-05-17 09:31:07 +0000''>', entitlements='{
    "application-identifier" = "6FXUMT5X23.com.Onscart.Dispatch";
    "aps-environment" = production;
    "beta-reports-active" = 1;
    "com.apple.developer.team-identifier" = 6FXUMT5X23;
    "get-task-allow" = 0;
}', teamID='6FXUMT5X23', identifier='com.Onscart.Dispatch', executablePath='<DVTFilePath:0x7fa4ce3b7bc0:'/Users/cbl-mac-001/Library/Developer/Xcode/Archives/2022-05-13/Onscart(Prod) 13-05-22, 1.29 PM.xcarchive/Products/Applications/Onscart.app/Onscart'>', hardenedRuntime='0'>'> to: /var/folders/ww/sw0d02593_9c001st0kyw4bc0000gn/T/XcodeDistPipeline.~~~p63Lc0/entitlements~~~OFx4If
2022-05-13 09:18:24 +0000  Running /usr/bin/codesign '-vvv' '--force' '--sign' '123CDC3C0D45E7C1D11EBC0789D358D71BDC3FE0' '--entitlements' '/var/folders/ww/sw0d02593_9c001st0kyw4bc0000gn/T/XcodeDistPipeline.~~~p63Lc0/entitlements~~~OFx4If' '--generate-entitlement-der' '--preserve-metadata=identifier,flags,runtime' '/var/folders/ww/sw0d02593_9c001st0kyw4bc0000gn/T/XcodeDistPipeline.~~~p63Lc0/Root/Payload/Onscart.app'
2022-05-13 09:18:24 +0000  /var/folders/ww/sw0d02593_9c001st0kyw4bc0000gn/T/XcodeDistPipeline.~~~p63Lc0/Root/Payload/Onscart.app: replacing existing signature
2022-05-13 09:18:26 +0000  /var/folders/ww/sw0d02593_9c001st0kyw4bc0000gn/T/XcodeDistPipeline.~~~p63Lc0/Root/Payload/Onscart.app: signed app bundle with Mach-O thin (arm64) [com.Onscart.Dispatch]
2022-05-13 09:18:26 +0000  /usr/bin/codesign exited with 0
2022-05-13 09:18:26 +0000  Processing step: IDEDistributionZipODRItemStep
2022-05-13 09:18:26 +0000  Skipping step: IDEDistributionZipODRItemStep because it said so
2022-05-13 09:18:26 +0000  Skipping step: IDEDistributionZipODRItemStep because it said so
2022-05-13 09:18:26 +0000  Skipping step: IDEDistributionZipODRItemStep because it said so
2022-05-13 09:18:26 +0000  Skipping step: IDEDistributionZipODRItemStep because it said so
2022-05-13 09:18:26 +0000  Skipping step: IDEDistributionZipODRItemStep because it said so
2022-05-13 09:18:26 +0000  Skipping step: IDEDistributionZipODRItemStep because it said so
2022-05-13 09:18:26 +0000  Skipping step: IDEDistributionZipODRItemStep because it said so
2022-05-13 09:18:26 +0000  Skipping step: IDEDistributionZipODRItemStep because it said so
2022-05-13 09:18:26 +0000  Skipping step: IDEDistributionZipODRItemStep because it said so
2022-05-13 09:18:26 +0000  Skipping step: IDEDistributionZipODRItemStep because it said so
2022-05-13 09:18:26 +0000  Skipping step: IDEDistributionZipODRItemStep because it said so
2022-05-13 09:18:26 +0000  Skipping step: IDEDistributionZipODRItemStep because it said so
2022-05-13 09:18:26 +0000  Skipping step: IDEDistributionZipODRItemStep because it said so
2022-05-13 09:18:26 +0000  Skipping step: IDEDistributionZipODRItemStep because it said so
2022-05-13 09:18:26 +0000  Skipping step: IDEDistributionZipODRItemStep because it said so
2022-05-13 09:18:26 +0000  Skipping step: IDEDistributionZipODRItemStep because it said so
2022-05-13 09:18:26 +0000  Skipping step: IDEDistributionZipODRItemStep because it said so
2022-05-13 09:18:26 +0000  Skipping step: IDEDistributionZipODRItemStep because it said so
2022-05-13 09:18:26 +0000  Skipping step: IDEDistributionZipODRItemStep because it said so
2022-05-13 09:18:26 +0000  Skipping step: IDEDistributionZipODRItemStep because it said so
2022-05-13 09:18:26 +0000  Skipping step: IDEDistributionZipODRItemStep because it said so
2022-05-13 09:18:26 +0000  Skipping step: IDEDistributionZipODRItemStep because it said so
2022-05-13 09:18:26 +0000  Skipping step: IDEDistributionZipODRItemStep because it said so
2022-05-13 09:18:26 +0000  Skipping step: IDEDistributionZipODRItemStep because it said so
2022-05-13 09:18:26 +0000  Skipping step: IDEDistributionZipODRItemStep because it said so
2022-05-13 09:18:26 +0000  Skipping step: IDEDistributionZipODRItemStep because it said so
2022-05-13 09:18:26 +0000  Skipping step: IDEDistributionZipODRItemStep because it said so
2022-05-13 09:18:26 +0000  Skipping step: IDEDistributionZipODRItemStep because it said so
2022-05-13 09:18:26 +0000  Skipping step: IDEDistributionZipODRItemStep because it said so
2022-05-13 09:18:26 +0000  Skipping step: IDEDistributionZipODRItemStep because it said so
2022-05-13 09:18:26 +0000  Skipping step: IDEDistributionZipODRItemStep because it said so
2022-05-13 09:18:26 +0000  Processing step: IDEDistributionCreateIPAStep
2022-05-13 09:18:26 +0000  Running /usr/bin/rsync '-8aPhhE' '/var/folders/ww/sw0d02593_9c001st0kyw4bc0000gn/T/XcodeDistPipeline.~~~p63Lc0/Symbols' '--link-dest' '/var/folders/ww/sw0d02593_9c001st0kyw4bc0000gn/T/XcodeDistPipeline.~~~p63Lc0' '/var/folders/ww/sw0d02593_9c001st0kyw4bc0000gn/T/XcodeDistPipeline.~~~p63Lc0/Root'
2022-05-13 09:18:26 +0000  building file list ... 
2022-05-13 09:18:26 +0000   0 files...2022-05-13 09:18:26 +0000  19 files to consider
2022-05-13 09:18:26 +0000  Symbols/
2022-05-13 09:18:26 +0000  
2022-05-13 09:18:26 +0000  sent 1.06K bytes  received 26 bytes  2.17K bytes/sec
total size is 52.90M  speedup is 49887.50
2022-05-13 09:18:26 +0000  /usr/bin/rsync exited with 0
2022-05-13 09:18:26 +0000  Running /usr/bin/ditto '-V' '-c' '-k' '--norsrc' '/var/folders/ww/sw0d02593_9c001st0kyw4bc0000gn/T/XcodeDistPipeline.~~~p63Lc0/Root' '/var/folders/ww/sw0d02593_9c001st0kyw4bc0000gn/T/XcodeDistPipeline.~~~p63Lc0/Packages/Onscart.ipa'
2022-05-13 09:18:26 +0000  >>> Copying /var/folders/ww/sw0d02593_9c001st0kyw4bc0000gn/T/XcodeDistPipeline.~~~p63Lc0/Root 
2022-05-13 09:18:26 +0000  copying file ./Payload/Onscart.app/_CodeSignature/CodeResources ... 
2022-05-13 09:18:26 +0000  328615 bytes for ./Payload/Onscart.app/_CodeSignature/CodeResources
2022-05-13 09:18:26 +0000  copying file ./Payload/Onscart.app/Stripe3DS2.bundle/de.lproj/Localizable.strings ... 
2022-05-13 09:18:26 +0000  1591 bytes for ./Payload/Onscart.app/Stripe3DS2.bundle/de.lproj/Localizable.strings
2022-05-13 09:18:26 +0000  copying file ./Payload/Onscart.app/Stripe3DS2.bundle/lt-LT.lproj/Localizable.strings ... 
2022-05-13 09:18:26 +0000  1775 bytes for ./Payload/Onscart.app/Stripe3DS2.bundle/lt-LT.lproj/Localizable.strings
2022-05-13 09:18:26 +0000  copying file ./Payload/Onscart.app/Stripe3DS2.bundle/zh-Hans.lproj/Localizable.strings ... 
2022-05-13 09:18:26 +0000  1483 bytes for ./Payload/Onscart.app/Stripe3DS2.bundle/zh-Hans.lproj/Localizable.strings
2022-05-13 09:18:26 +0000  copying file ./Payload/Onscart.app/Stripe3DS2.bundle/ja.lproj/Localizable.strings ... 
2022-05-13 09:18:26 +0000  1673 bytes for ./Payload/Onscart.app/Stripe3DS2.bundle/ja.lproj/Localizable.strings
2022-05-13 09:18:26 +0000  copying file ./Payload/Onscart.app/Stripe3DS2.bundle/error@3x.png ... 
2022-05-13 09:18:26 +0000  2030 bytes for ./Payload/Onscart.app/Stripe3DS2.bundle/error@3x.png
2022-05-13 09:18:26 +0000  copying file ./Payload/Onscart.app/Stripe3DS2.bundle/el-GR.lproj/Localizable.strings ... 
2022-05-13 09:18:26 +0000  1775 bytes for ./Payload/Onscart.app/Stripe3DS2.bundle/el-GR.lproj/Localizable.strings
2022-05-13 09:18:26 +0000  copying file ./Payload/Onscart.app/Stripe3DS2.bundle/ms-MY.lproj/Localizable.strings ... 
2022-05-13 09:18:26 +0000  1775 bytes for ./Payload/Onscart.app/Stripe3DS2.bundle/ms-MY.lproj/Localizable.strings
2022-05-13 09:18:26 +0000  copying file ./Payload/Onscart.app/Stripe3DS2.bundle/en.lproj/Localizable.strings ... 
2022-05-13 09:18:26 +0000  1775 bytes for ./Payload/Onscart.app/Stripe3DS2.bundle/en.lproj/Localizable.strings
2022-05-13 09:18:26 +0000  copying file ./Payload/Onscart.app/Stripe3DS2.bundle/zh-HK.lproj/Localizable.strings ... 
2022-05-13 09:18:26 +0000  1470 bytes for ./Payload/Onscart.app/Stripe3DS2.bundle/zh-HK.lproj/Localizable.strings
2022-05-13 09:18:26 +0000  copying file ./Payload/Onscart.app/Stripe3DS2.bundle/mt.lproj/Localizable.strings ... 
2022-05-13 09:18:26 +0000  1598 bytes for ./Payload/Onscart.app/Stripe3DS2.bundle/mt.lproj/Localizable.strings
2022-05-13 09:18:26 +0000  copying file ./Payload/Onscart.app/Stripe3DS2.bundle/nb.lproj/Localizable.strings ... 
2022-05-13 09:18:26 +0000  1479 bytes for ./Payload/Onscart.app/Stripe3DS2.bundle/nb.lproj/Localizable.strings
2022-05-13 09:18:26 +0000  copying file ./Payload/Onscart.app/Stripe3DS2.bundle/ca-ES.lproj/Localizable.strings ... 
2022-05-13 09:18:26 +0000  1775 bytes for ./Payload/Onscart.app/Stripe3DS2.bundle/ca-ES.lproj/Localizable.strings
2022-05-13 09:18:26 +0000  copying file ./Payload/Onscart.app/Stripe3DS2.bundle/en-GB.lproj/Localizable.strings ... 
2022-05-13 09:18:26 +0000  1511 bytes for ./Payload/Onscart.app/Stripe3DS2.bundle/en-GB.lproj/Localizable.strings
2022-05-13 09:18:26 +0000  copying file ./Payload/Onscart.app/Stripe3DS2.bundle/es.lproj/Localizable.strings ... 
2022-05-13 09:18:26 +0000  1570 bytes for ./Payload/Onscart.app/Stripe3DS2.bundle/es.lproj/Localizable.strings
2022-05-13 09:18:26 +0000  copying file ./Payload/Onscart.app/Stripe3DS2.bundle/da.lproj/Localizable.strings ... 
2022-05-13 09:18:26 +0000  1530 bytes for ./Payload/Onscart.app/Stripe3DS2.bundle/da.lproj/Localizable.strings
2022-05-13 09:18:26 +0000  copying file ./Payload/Onscart.app/Stripe3DS2.bundle/es-419.lproj/Localizable.strings ... 
2022-05-13 09:18:26 +0000  1570 bytes for ./Payload/Onscart.app/Stripe3DS2.bundle/es-419.lproj/Localizable.strings
2022-05-13 09:18:26 +0000  copying file ./Payload/Onscart.app/Stripe3DS2.bundle/cartes-bancaires-logo.png ... 
2022-05-13 09:18:26 +0000  23990 bytes for ./Payload/Onscart.app/Stripe3DS2.bundle/cartes-bancaires-logo.png
2022-05-13 09:18:26 +0000  copying file ./Payload/Onscart.app/Stripe3DS2.bundle/it.lproj/Localizable.strings ... 
2022-05-13 09:18:26 +0000  1584 bytes for ./Payload/Onscart.app/Stripe3DS2.bundle/it.lproj/Localizable.strings
2022-05-13 09:18:26 +0000  copying file ./Payload/Onscart.app/Stripe3DS2.bundle/nn-NO.lproj/Localizable.strings ... 
2022-05-13 09:18:26 +0000  1483 bytes for ./Payload/Onscart.app/Stripe3DS2.bundle/nn-NO.lproj/Localizable.strings
2022-05-13 09:18:26 +0000  copying file ./Payload/Onscart.app/Stripe3DS2.bundle/fr-CA.lproj/Localizable.strings ... 
2022-05-13 09:18:26 +0000  1599 bytes for ./Payload/Onscart.app/Stripe3DS2.bundle/fr-CA.lproj/Localizable.strings
2022-05-13 09:18:26 +0000  copying file ./Payload/Onscart.app/Stripe3DS2.bundle/mastercard-logo@3x.png ... 
2022-05-13 09:18:26 +0000  4619 bytes for ./Payload/Onscart.app/Stripe3DS2.bundle/mastercard-logo@3x.png
2022-05-13 09:18:26 +0000  copying file ./Payload/Onscart.app/Stripe3DS2.bundle/bg-BG.lproj/Localizable.strings ... 
2022-05-13 09:18:26 +0000  1775 bytes for ./Payload/Onscart.app/Stripe3DS2.bundle/bg-BG.lproj/Localizable.strings
2022-05-13 09:18:26 +0000  copying file ./Payload/Onscart.app/Stripe3DS2.bundle/sv.lproj/Localizable.strings ... 
2022-05-13 09:18:26 +0000  1490 bytes for ./Payload/Onscart.app/Stripe3DS2.bundle/sv.lproj/Localizable.strings
2022-05-13 09:18:26 +0000  copying file ./Payload/Onscart.app/Stripe3DS2.bundle/visa-white-logo@3x.png ... 
2022-05-13 09:18:26 +0000  5690 bytes for ./Payload/Onscart.app/Stripe3DS2.bundle/visa-white-logo@3x.png
2022-05-13 09:18:26 +0000  copying file ./Payload/Onscart.app/Stripe3DS2.bundle/ko.lproj/Localizable.strings ... 
2022-05-13 09:18:26 +0000  1585 bytes for ./Payload/Onscart.app/Stripe3DS2.bundle/ko.lproj/Localizable.strings
2022-05-13 09:18:26 +0000  copying file ./Payload/Onscart.app/Stripe3DS2.bundle/fil.lproj/Localizable.strings ... 
2022-05-13 09:18:26 +0000  1775 bytes for ./Payload/Onscart.app/Stripe3DS2.bundle/fil.lproj/Localizable.strings
2022-05-13 09:18:26 +0000  copying file ./Payload/Onscart.app/Stripe3DS2.bundle/discover-logo.png ... 
2022-05-13 09:18:26 +0000  4601 bytes for ./Payload/Onscart.app/Stripe3DS2.bundle/discover-logo.png
2022-05-13 09:18:26 +0000  copying file ./Payload/Onscart.app/Stripe3DS2.bundle/zh-Hant.lproj/Localizable.strings ... 
2022-05-13 09:18:26 +0000  1473 bytes for ./Payload/Onscart.app/Stripe3DS2.bundle/zh-Hant.lproj/Localizable.strings
2022-05-13 09:18:26 +0000  copying file ./Payload/Onscart.app/Stripe3DS2.bundle/tk.lproj/Localizable.strings ... 
2022-05-13 09:18:26 +0000  1775 bytes for ./Payload/Onscart.app/Stripe3DS2.bundle/tk.lproj/Localizable.strings
2022-05-13 09:18:26 +0000  copying file ./Payload/Onscart.app/Stripe3DS2.bundle/Chevron@3x.png ... 
2022-05-13 09:18:26 +0000  699 bytes for ./Payload/Onscart.app/Stripe3DS2.bundle/Chevron@3x.png
2022-05-13 09:18:26 +0000  copying file ./Payload/Onscart.app/Stripe3DS2.bundle/ro-RO.lproj/Localizable.strings ... 
2022-05-13 09:18:26 +0000  1775 bytes for ./Payload/Onscart.app/Stripe3DS2.bundle/ro-RO.lproj/Localizable.strings
2022-05-13 09:18:26 +0000  copying file ./Payload/Onscart.app/Stripe3DS2.bundle/hu.lproj/Localizable.strings ... 
2022-05-13 09:18:26 +0000  1542 bytes for ./Payload/Onscart.app/Stripe3DS2.bundle/hu.lproj/Localizable.strings
2022-05-13 09:18:26 +0000  copying file ./Payload/Onscart.app/Stripe3DS2.bundle/visa-logo@3x.png ... 
2022-05-13 09:18:26 +0000  5103 bytes for ./Payload/Onscart.app/Stripe3DS2.bundle/visa-logo@3x.png
2022-05-13 09:18:26 +0000  copying file ./Payload/Onscart.app/Stripe3DS2.bundle/tr.lproj/Localizable.strings ... 
2022-05-13 09:18:26 +0000  1566 bytes for ./Payload/Onscart.app/Stripe3DS2.bundle/tr.lproj/Localizable.strings
2022-05-13 09:18:26 +0000  copying file ./Payload/Onscart.app/Stripe3DS2.bundle/et-EE.lproj/Localizable.strings ... 
2022-05-13 09:18:26 +0000  1775 bytes for ./Payload/Onscart.app/Stripe3DS2.bundle/et-EE.lproj/Localizable.strings
2022-05-13 09:18:26 +0000  copying file ./Payload/Onscart.app/Stripe3DS2.bundle/pt-BR.lproj/Localizable.strings ... 
2022-05-13 09:18:26 +0000  1564 bytes for ./Payload/Onscart.app/Stripe3DS2.bundle/pt-BR.lproj/Localizable.strings
2022-05-13 09:18:26 +0000  copying file ./Payload/Onscart.app/Stripe3DS2.bundle/lv-LV.lproj/Localizable.strings ... 
2022-05-13 09:18:26 +0000  1775 bytes for ./Payload/Onscart.app/Stripe3DS2.bundle/lv-LV.lproj/Localizable.strings
2022-05-13 09:18:26 +0000  copying file ./Payload/Onscart.app/Stripe3DS2.bundle/vi.lproj/Localizable.strings ... 
2022-05-13 09:18:26 +0000  1775 bytes for ./Payload/Onscart.app/Stripe3DS2.bundle/vi.lproj/Localizable.strings
2022-05-13 09:18:26 +0000  copying file ./Payload/Onscart.app/Stripe3DS2.bundle/ru.lproj/Localizable.strings ... 
2022-05-13 09:18:26 +0000  1956 bytes for ./Payload/Onscart.app/Stripe3DS2.bundle/ru.lproj/Localizable.strings
2022-05-13 09:18:26 +0000  copying file ./Payload/Onscart.app/Stripe3DS2.bundle/cs-CZ.lproj/Localizable.strings ... 
2022-05-13 09:18:26 +0000  1775 bytes for ./Payload/Onscart.app/Stripe3DS2.bundle/cs-CZ.lproj/Localizable.strings
2022-05-13 09:18:26 +0000  copying file ./Payload/Onscart.app/Stripe3DS2.bundle/sk-SK.lproj/Localizable.strings ... 
2022-05-13 09:18:26 +0000  1775 bytes for ./Payload/Onscart.app/Stripe3DS2.bundle/sk-SK.lproj/Localizable.strings
2022-05-13 09:18:26 +0000  copying file ./Payload/Onscart.app/Stripe3DS2.bundle/sl-SI.lproj/Localizable.strings ... 
2022-05-13 09:18:26 +0000  1775 bytes for ./Payload/Onscart.app/Stripe3DS2.bundle/sl-SI.lproj/Localizable.strings
2022-05-13 09:18:26 +0000  copying file ./Payload/Onscart.app/Stripe3DS2.bundle/fr.lproj/Localizable.strings ... 
2022-05-13 09:18:26 +0000  1597 bytes for ./Payload/Onscart.app/Stripe3DS2.bundle/fr.lproj/Localizable.strings
2022-05-13 09:18:26 +0000  copying file ./Payload/Onscart.app/Stripe3DS2.bundle/fi.lproj/Localizable.strings ... 
2022-05-13 09:18:26 +0000  1589 bytes for ./Payload/Onscart.app/Stripe3DS2.bundle/fi.lproj/Localizable.strings
2022-05-13 09:18:26 +0000  copying file ./Payload/Onscart.app/Stripe3DS2.bundle/id.lproj/Localizable.strings ... 
2022-05-13 09:18:26 +0000  1775 bytes for ./Payload/Onscart.app/Stripe3DS2.bundle/id.lproj/Localizable.strings
2022-05-13 09:18:26 +0000  copying file ./Payload/Onscart.app/Stripe3DS2.bundle/nl.lproj/Localizable.strings ... 
2022-05-13 09:18:26 +0000  1603 bytes for ./Payload/Onscart.app/Stripe3DS2.bundle/nl.lproj/Localizable.strings
2022-05-13 09:18:26 +0000  copying file ./Payload/Onscart.app/Stripe3DS2.bundle/pl-PL.lproj/Localizable.strings ... 
2022-05-13 09:18:26 +0000  1775 bytes for ./Payload/Onscart.app/Stripe3DS2.bundle/pl-PL.lproj/Localizable.strings
2022-05-13 09:18:26 +0000  copying file ./Payload/Onscart.app/Stripe3DS2.bundle/amex-logo@3x.png ... 
2022-05-13 09:18:26 +0000  5414 bytes for ./Payload/Onscart.app/Stripe3DS2.bundle/amex-logo@3x.png
2022-05-13 09:18:26 +0000  copying file ./Payload/Onscart.app/Stripe3DS2.bundle/pt-PT.lproj/Localizable.strings ... 
2022-05-13 09:18:26 +0000  1592 bytes for ./Payload/Onscart.app/Stripe3DS2.bundle/pt-PT.lproj/Localizable.strings
2022-05-13 09:18:26 +0000  copying file ./Payload/Onscart.app/Stripe3DS2.bundle/Info.plist ... 
2022-05-13 09:18:26 +0000  767 bytes for ./Payload/Onscart.app/Stripe3DS2.bundle/Info.plist
2022-05-13 09:18:26 +0000  copying file ./Payload/Onscart.app/Stripe3DS2.bundle/hr.lproj/Localizable.strings ... 
2022-05-13 09:18:26 +0000  1775 bytes for ./Payload/Onscart.app/Stripe3DS2.bundle/hr.lproj/Localizable.strings
2022-05-13 09:18:26 +0000  copying file ./Payload/Onscart.app/notification.mp3 ... 
2022-05-13 09:18:26 +0000  231549 bytes for ./Payload/Onscart.app/notification.mp3
2022-05-13 09:18:26 +0000  copying file ./Payload/Onscart.app/GoogleMaps.bundle/bubble_left@3x.png ... 
2022-05-13 09:18:26 +0000  2386 bytes for ./Payload/Onscart.app/GoogleMaps.bundle/bubble_left@3x.png
2022-05-13 09:18:26 +0000  copying file ./Payload/Onscart.app/GoogleMaps.bundle/bubble_left.png ... 
2022-05-13 09:18:26 +0000  451 bytes for ./Payload/Onscart.app/GoogleMaps.bundle/bubble_left.png
2022-05-13 09:18:26 +0000  copying file ./Payload/Onscart.app/GoogleMaps.bundle/bubble_left@2x.png ... 
2022-05-13 09:18:26 +0000  1055 bytes for ./Payload/Onscart.app/GoogleMaps.bundle/bubble_left@2x.png
2022-05-13 09:18:26 +0000  copying file ./Payload/Onscart.app/GoogleMaps.bundle/bubble_right@3x.png ... 
2022-05-13 09:18:26 +0000  2374 bytes for ./Payload/Onscart.app/GoogleMaps.bundle/bubble_right@3x.png
2022-05-13 09:18:26 +0000  copying file ./Payload/Onscart.app/GoogleMaps.bundle/ic_error.png ... 
2022-05-13 09:18:26 +0000  236 bytes for ./Payload/Onscart.app/GoogleMaps.bundle/ic_error.png
2022-05-13 09:18:26 +0000  copying file ./Payload/Onscart.app/GoogleMaps.bundle/bubble_right@2x.png ... 
2022-05-13 09:18:26 +0000  1051 bytes for ./Payload/Onscart.app/GoogleMaps.bundle/bubble_right@2x.png
2022-05-13 09:18:26 +0000  copying file ./Payload/Onscart.app/GoogleMaps.bundle/GMSCoreResources.bundle/de.lproj/GMSCore.strings ... 
2022-05-13 09:18:26 +0000  3571 bytes for ./Payload/Onscart.app/GoogleMaps.bundle/GMSCoreResources.bundle/de.lproj/GMSCore.strings
2022-05-13 09:18:26 +0000  copying file ./Payload/Onscart.app/GoogleMaps.bundle/GMSCoreResources.bundle/he.lproj/GMSCore.strings ... 
2022-05-13 09:18:26 +0000  3684 bytes for ./Payload/Onscart.app/GoogleMaps.bundle/GMSCoreResources.bundle/he.lproj/GMSCore.strings
2022-05-13 09:18:26 +0000  copying file ./Payload/Onscart.app/GoogleMaps.bundle/GMSCoreResources.bundle/en_AU.lproj/GMSCore.strings ... 
2022-05-13 09:18:26 +0000  3340 bytes for ./Payload/Onscart.app/GoogleMaps.bundle/GMSCoreResources.bundle/en_AU.lproj/GMSCore.strings
2022-05-13 09:18:26 +0000  copying file ./Payload/Onscart.app/GoogleMaps.bundle/GMSCoreResources.bundle/ar.lproj/GMSCore.strings ... 
2022-05-13 09:18:26 +0000  4459 bytes for ./Payload/Onscart.app/GoogleMaps.bundle/GMSCoreResources.bundle/ar.lproj/GMSCore.strings
2022-05-13 09:18:26 +0000  copying file ./Payload/Onscart.app/GoogleMaps.bundle/GMSCoreResources.bundle/el.lproj/GMSCore.strings ... 
2022-05-13 09:18:26 +0000  3947 bytes for ./Payload/Onscart.app/GoogleMaps.bundle/GMSCoreResources.bundle/el.lproj/GMSCore.strings
2022-05-13 09:18:26 +0000  copying file ./Payload/Onscart.app/GoogleMaps.bundle/GMSCoreResources.bundle/ja.lproj/GMSCore.strings ... 
2022-05-13 09:18:26 +0000  3138 bytes for ./Payload/Onscart.app/GoogleMaps.bundle/GMSCoreResources.bundle/ja.lproj/GMSCore.strings
2022-05-13 09:18:26 +0000  copying file ./Payload/Onscart.app/GoogleMaps.bundle/GMSCoreResources.bundle/ic_qu_direction_mylocation@2x.png ... 
2022-05-13 09:18:26 +0000  663 bytes for ./Payload/Onscart.app/GoogleMaps.bundle/GMSCoreResources.bundle/ic_qu_direction_mylocation@2x.png
2022-05-13 09:18:26 +0000  copying file ./Payload/Onscart.app/GoogleMaps.bundle/GMSCoreResources.bundle/en.lproj/GMSCore.strings ... 
2022-05-13 09:18:26 +0000  3323 bytes for ./Payload/Onscart.app/GoogleMaps.bundle/GMSCoreResources.bundle/en.lproj/GMSCore.strings
2022-05-13 09:18:26 +0000  copying file ./Payload/Onscart.app/GoogleMaps.bundle/GMSCoreResources.bundle/uk.lproj/GMSCore.strings ... 
2022-05-13 09:18:26 +0000  4204 bytes for ./Payload/Onscart.app/GoogleMaps.bundle/GMSCoreResources.bundle/uk.lproj/GMSCore.strings
2022-05-13 09:18:26 +0000  copying file ./Payload/Onscart.app/GoogleMaps.bundle/GMSCoreResources.bundle/ic_qu_direction_mylocation.png ... 
2022-05-13 09:18:26 +0000  362 bytes for ./Payload/Onscart.app/GoogleMaps.bundle/GMSCoreResources.bundle/ic_qu_direction_mylocation.png
2022-05-13 09:18:26 +0000  copying file ./Payload/Onscart.app/GoogleMaps.bundle/GMSCoreResources.bundle/es_419.lproj/GMSCore.strings ... 
2022-05-13 09:18:26 +0000  3619 bytes for ./Payload/Onscart.app/GoogleMaps.bundle/GMSCoreResources.bundle/es_419.lproj/GMSCore.strings
2022-05-13 09:18:26 +0000  copying file ./Payload/Onscart.app/GoogleMaps.bundle/GMSCoreResources.bundle/GMSSprites-0-1x.png ... 
2022-05-13 09:18:26 +0000  10597 bytes for ./Payload/Onscart.app/GoogleMaps.bundle/GMSCoreResources.bundle/GMSSprites-0-1x.png
2022-05-13 09:18:26 +0000  copying file ./Payload/Onscart.app/GoogleMaps.bundle/GMSCoreResources.bundle/ic_compass_needle_large@2x.png ... 
2022-05-13 09:18:26 +0000  2446 bytes for ./Payload/Onscart.app/GoogleMaps.bundle/GMSCoreResources.bundle/ic_compass_needle_large@2x.png
2022-05-13 09:18:26 +0000  copying file ./Payload/Onscart.app/GoogleMaps.bundle/GMSCoreResources.bundle/ic_compass_needle_large@3x.png ... 
2022-05-13 09:18:26 +0000  3304 bytes for ./Payload/Onscart.app/GoogleMaps.bundle/GMSCoreResources.bundle/ic_compass_needle_large@3x.png
2022-05-13 09:18:26 +0000  copying file ./Payload/Onscart.app/GoogleMaps.bundle/GMSCoreResources.bundle/es_MX.lproj/GMSCore.strings ... 
2022-05-13 09:18:26 +0000  3619 bytes for ./Payload/Onscart.app/GoogleMaps.bundle/GMSCoreResources.bundle/es_MX.lproj/GMSCore.strings
2022-05-13 09:18:26 +0000  copying file ./Payload/Onscart.app/GoogleMaps.bundle/GMSCoreResources.bundle/ic_compass_needle_large.png ... 
2022-05-13 09:18:26 +0000  1114 bytes for ./Payload/Onscart.app/GoogleMaps.bundle/GMSCoreResources.bundle/ic_compass_needle_large.png
2022-05-13 09:18:26 +0000  copying file ./Payload/Onscart.app/GoogleMaps.bundle/GMSCoreResources.bundle/zh_CN.lproj/GMSCore.strings ... 
2022-05-13 09:18:26 +0000  3114 bytes for ./Payload/Onscart.app/GoogleMaps.bundle/GMSCoreResources.bundle/zh_CN.lproj/GMSCore.strings
2022-05-13 09:18:26 +0000  copying file ./Payload/Onscart.app/GoogleMaps.bundle/GMSCoreResources.bundle/ic_qu_direction_mylocation@3x.png ... 
2022-05-13 09:18:26 +0000  1240 bytes for ./Payload/Onscart.app/GoogleMaps.bundle/GMSCoreResources.bundle/ic_qu_direction_mylocation@3x.png
2022-05-13 09:18:26 +0000  copying file ./Payload/Onscart.app/GoogleMaps.bundle/GMSCoreResources.bundle/DroidSansMerged-Regular.ttf ... 
2022-05-13 09:18:26 +0000  392092 bytes for ./Payload/Onscart.app/GoogleMaps.bundle/GMSCoreResources.bundle/DroidSansMerged-Regular.ttf
2022-05-13 09:18:26 +0000  copying file ./Payload/Onscart.app/GoogleMaps.bundle/GMSCoreResources.bundle/nb.lproj/GMSCore.strings ... 
2022-05-13 09:18:26 +0000  3497 bytes for ./Payload/Onscart.app/GoogleMaps.bundle/GMSCoreResources.bundle/nb.lproj/GMSCore.strings
2022-05-13 09:18:26 +0000  copying file ./Payload/Onscart.app/GoogleMaps.bundle/GMSCoreResources.bundle/es.lproj/GMSCore.strings ... 
2022-05-13 09:18:26 +0000  3620 bytes for ./Payload/Onscart.app/GoogleMaps.bundle/GMSCoreResources.bundle/es.lproj/GMSCore.strings
2022-05-13 09:18:26 +0000  copying file ./Payload/Onscart.app/GoogleMaps.bundle/GMSCoreResources.bundle/pt_BR.lproj/GMSCore.strings ... 
2022-05-13 09:18:26 +0000  3668 bytes for ./Payload/Onscart.app/GoogleMaps.bundle/GMSCoreResources.bundle/pt_BR.lproj/GMSCore.strings
2022-05-13 09:18:26 +0000  copying file ./Payload/Onscart.app/GoogleMaps.bundle/GMSCoreResources.bundle/da.lproj/GMSCore.strings ... 
2022-05-13 09:18:26 +0000  3584 bytes for ./Payload/Onscart.app/GoogleMaps.bundle/GMSCoreResources.bundle/da.lproj/GMSCore.strings
2022-05-13 09:18:26 +0000  copying file ./Payload/Onscart.app/GoogleMaps.bundle/GMSCoreResources.bundle/ic_location_off@3x.png ... 
2022-05-13 09:18:26 +0000  1577 bytes for ./Payload/Onscart.app/GoogleMaps.bundle/GMSCoreResources.bundle/ic_location_off@3x.png
2022-05-13 09:18:26 +0000  copying file ./Payload/Onscart.app/GoogleMaps.bundle/GMSCoreResources.bundle/it.lproj/GMSCore.strings ... 
2022-05-13 09:18:26 +0000  3395 bytes for ./Payload/Onscart.app/GoogleMaps.bundle/GMSCoreResources.bundle/it.lproj/GMSCore.strings
2022-05-13 09:18:26 +0000  copying file ./Payload/Onscart.app/GoogleMaps.bundle/GMSCoreResources.bundle/sk.lproj/GMSCore.strings ... 
2022-05-13 09:18:26 +0000  3679 bytes for ./Payload/Onscart.app/GoogleMaps.bundle/GMSCoreResources.bundle/sk.lproj/GMSCore.strings
2022-05-13 09:18:26 +0000  copying file ./Payload/Onscart.app/GoogleMaps.bundle/GMSCoreResources.bundle/GMSNavSprites-0-3x.png ... 
2022-05-13 09:18:26 +0000  20924 bytes for ./Payload/Onscart.app/GoogleMaps.bundle/GMSCoreResources.bundle/GMSNavSprites-0-3x.png
2022-05-13 09:18:26 +0000  copying file ./Payload/Onscart.app/GoogleMaps.bundle/GMSCoreResources.bundle/pt_PT.lproj/GMSCore.strings ... 
2022-05-13 09:18:26 +0000  3651 bytes for ./Payload/Onscart.app/GoogleMaps.bundle/GMSCoreResources.bundle/pt_PT.lproj/GMSCore.strings
2022-05-13 09:18:26 +0000  copying file ./Payload/Onscart.app/GoogleMaps.bundle/GMSCoreResources.bundle/button_compass_night.png ... 
2022-05-13 09:18:26 +0000  720 bytes for ./Payload/Onscart.app/GoogleMaps.bundle/GMSCoreResources.bundle/button_compass_night.png
2022-05-13 09:18:26 +0000  copying file ./Payload/Onscart.app/GoogleMaps.bundle/GMSCoreResources.bundle/button_my_location.png ... 
2022-05-13 09:18:26 +0000  492 bytes for ./Payload/Onscart.app/GoogleMaps.bundle/GMSCoreResources.bundle/button_my_location.png
2022-05-13 09:18:26 +0000  copying file ./Payload/Onscart.app/GoogleMaps.bundle/GMSCoreResources.bundle/road_16-4.png ... 
2022-05-13 09:18:26 +0000  127 bytes for ./Payload/Onscart.app/GoogleMaps.bundle/GMSCoreResources.bundle/road_16-4.png
2022-05-13 09:18:26 +0000  copying file ./Payload/Onscart.app/GoogleMaps.bundle/GMSCoreResources.bundle/ms.lproj/GMSCore.strings ... 
2022-05-13 09:18:26 +0000  3279 bytes for ./Payload/Onscart.app/GoogleMaps.bundle/GMSCoreResources.bundle/ms.lproj/GMSCore.strings
2022-05-13 09:18:26 +0000  copying file ./Payload/Onscart.app/GoogleMaps.bundle/GMSCoreResources.bundle/road_256-64.png ... 
2022-05-13 09:18:26 +0000  1934 bytes for ./Payload/Onscart.app/GoogleMaps.bundle/GMSCoreResources.bundle/road_256-64.png
2022-05-13 09:18:26 +0000  copying file ./Payload/Onscart.app/GoogleMaps.bundle/GMSCoreResources.bundle/button_compass.png ... 
2022-05-13 09:18:26 +0000  631 bytes for ./Payload/Onscart.app/GoogleMaps.bundle/GMSCoreResources.bundle/button_compass.png
2022-05-13 09:18:26 +0000  copying file ./Payload/Onscart.app/GoogleMaps.bundle/GMSCoreResources.bundle/sv.lproj/GMSCore.strings ... 
2022-05-13 09:18:26 +0000  3717 bytes for ./Payload/Onscart.app/GoogleMaps.bundle/GMSCoreResources.bundle/sv.lproj/GMSCore.strings
2022-05-13 09:18:26 +0000  copying file ./Payload/Onscart.app/GoogleMaps.bundle/GMSCoreResources.bundle/road_8-2.png ... 
2022-05-13 09:18:26 +0000  93 bytes for ./Payload/Onscart.app/GoogleMaps.bundle/GMSCoreResources.bundle/road_8-2.png
2022-05-13 09:18:26 +0000  copying file ./Payload/Onscart.app/GoogleMaps.bundle/GMSCoreResources.bundle/cs.lproj/GMSCore.strings ... 
2022-05-13 09:18:26 +0000  3914 bytes for ./Payload/Onscart.app/GoogleMaps.bundle/GMSCoreResources.bundle/cs.lproj/GMSCore.strings
2022-05-13 09:18:26 +0000  copying file ./Payload/Onscart.app/GoogleMaps.bundle/GMSCoreResources.bundle/button_background.png ... 
2022-05-13 09:18:26 +0000  334 bytes for ./Payload/Onscart.app/GoogleMaps.bundle/GMSCoreResources.bundle/button_background.png
2022-05-13 09:18:26 +0000  copying file ./Payload/Onscart.app/GoogleMaps.bundle/GMSCoreResources.bundle/GMSNavNightModeSprites-0-1x.png ... 
2022-05-13 09:18:26 +0000  3393 bytes for ./Payload/Onscart.app/GoogleMaps.bundle/GMSCoreResources.bundle/GMSNavNightModeSprites-0-1x.png
2022-05-13 09:18:26 +0000  copying file ./Payload/Onscart.app/GoogleMaps.bundle/GMSCoreResources.bundle/button_my_location@2x.png ... 
2022-05-13 09:18:26 +0000  1229 bytes for ./Payload/Onscart.app/GoogleMaps.bundle/GMSCoreResources.bundle/button_my_location@2x.png
2022-05-13 09:18:26 +0000  copying file ./Payload/Onscart.app/GoogleMaps.bundle/GMSCoreResources.bundle/en_IN.lproj/GMSCore.strings ... 
2022-05-13 09:18:26 +0000  3340 bytes for ./Payload/Onscart.app/GoogleMaps.bundle/GMSCoreResources.bundle/en_IN.lproj/GMSCore.strings
2022-05-13 09:18:26 +0000  copying file ./Payload/Onscart.app/GoogleMaps.bundle/GMSCoreResources.bundle/ko.lproj/GMSCore.strings ... 
2022-05-13 09:18:26 +0000  3184 bytes for ./Payload/Onscart.app/GoogleMaps.bundle/GMSCoreResources.bundle/ko.lproj/GMSCore.strings
2022-05-13 09:18:26 +0000  copying file ./Payload/Onscart.app/GoogleMaps.bundle/GMSCoreResources.bundle/GMSNavSprites-0-2x.png ... 
2022-05-13 09:18:26 +0000  13321 bytes for ./Payload/Onscart.app/GoogleMaps.bundle/GMSCoreResources.bundle/GMSNavSprites-0-2x.png
2022-05-13 09:18:26 +0000  copying file ./Payload/Onscart.app/GoogleMaps.bundle/GMSCoreResources.bundle/ic_location_off@2x.png ... 
2022-05-13 09:18:26 +0000  860 bytes for ./Payload/Onscart.app/GoogleMaps.bundle/GMSCoreResources.bundle/ic_location_off@2x.png
2022-05-13 09:18:26 +0000  copying file ./Payload/Onscart.app/GoogleMaps.bundle/GMSCoreResources.bundle/GMSNavSprites-0-1x.png ... 
2022-05-13 09:18:26 +0000  5684 bytes for ./Payload/Onscart.app/GoogleMaps.bundle/GMSCoreResources.bundle/GMSNavSprites-0-1x.png
2022-05-13 09:18:26 +0000  copying file ./Payload/Onscart.app/GoogleMaps.bundle/GMSCoreResources.bundle/Tharlon-Regular.ttf ... 
2022-05-13 09:18:26 +0000  353228 bytes for ./Payload/Onscart.app/GoogleMaps.bundle/GMSCoreResources.bundle/Tharlon-Regular.ttf
2022-05-13 09:18:26 +0000  copying file ./Payload/Onscart.app/GoogleMaps.bundle/GMSCoreResources.bundle/hu.lproj/GMSCore.strings ... 
2022-05-13 09:18:26 +0000  3454 bytes for ./Payload/Onscart.app/GoogleMaps.bundle/GMSCoreResources.bundle/hu.lproj/GMSCore.strings
2022-05-13 09:18:26 +0000  copying file ./Payload/Onscart.app/GoogleMaps.bundle/GMSCoreResources.bundle/zh_HK.lproj/GMSCore.strings ... 
2022-05-13 09:18:26 +0000  3112 bytes for ./Payload/Onscart.app/GoogleMaps.bundle/GMSCoreResources.bundle/zh_HK.lproj/GMSCore.strings
2022-05-13 09:18:26 +0000  copying file ./Payload/Onscart.app/GoogleMaps.bundle/GMSCoreResources.bundle/road_4-1.png ... 
2022-05-13 09:18:26 +0000  74 bytes for ./Payload/Onscart.app/GoogleMaps.bundle/GMSCoreResources.bundle/road_4-1.png
2022-05-13 09:18:26 +0000  copying file ./Payload/Onscart.app/GoogleMaps.bundle/GMSCoreResources.bundle/button_background@2x.png ... 
2022-05-13 09:18:26 +0000  433 bytes for ./Payload/Onscart.app/GoogleMaps.bundle/GMSCoreResources.bundle/button_background@2x.png
2022-05-13 09:18:26 +0000  copying file ./Payload/Onscart.app/GoogleMaps.bundle/GMSCoreResources.bundle/ic_compass_needle@2x.png ... 
2022-05-13 09:18:26 +0000  992 bytes for ./Payload/Onscart.app/GoogleMaps.bundle/GMSCoreResources.bundle/ic_compass_needle@2x.png
2022-05-13 09:18:26 +0000  copying file ./Payload/Onscart.app/GoogleMaps.bundle/GMSCoreResources.bundle/Assets.car ... 
2022-05-13 09:18:26 +0000  73656 bytes for ./Payload/Onscart.app/GoogleMaps.bundle/GMSCoreResources.bundle/Assets.car
2022-05-13 09:18:26 +0000  copying file ./Payload/Onscart.app/GoogleMaps.bundle/GMSCoreResources.bundle/tr.lproj/GMSCore.strings ... 
2022-05-13 09:18:26 +0000  3455 bytes for ./Payload/Onscart.app/GoogleMaps.bundle/GMSCoreResources.bundle/tr.lproj/GMSCore.strings
2022-05-13 09:18:26 +0000  copying file ./Payload/Onscart.app/GoogleMaps.bundle/GMSCoreResources.bundle/pl.lproj/GMSCore.strings ... 
2022-05-13 09:18:26 +0000  3745 bytes for ./Payload/Onscart.app/GoogleMaps.bundle/GMSCoreResources.bundle/pl.lproj/GMSCore.strings
2022-05-13 09:18:26 +0000  copying file ./Payload/Onscart.app/GoogleMaps.bundle/GMSCoreResources.bundle/zh_TW.lproj/GMSCore.strings ... 
2022-05-13 09:18:26 +0000  3137 bytes for ./Payload/Onscart.app/GoogleMaps.bundle/GMSCoreResources.bundle/zh_TW.lproj/GMSCore.strings
2022-05-13 09:18:26 +0000  copying file ./Payload/Onscart.app/GoogleMaps.bundle/GMSCoreResources.bundle/GMSNavNightModeSprites-0-2x.png ... 
2022-05-13 09:18:26 +0000  7660 bytes for ./Payload/Onscart.app/GoogleMaps.bundle/GMSCoreResources.bundle/GMSNavNightModeSprites-0-2x.png
2022-05-13 09:18:26 +0000  copying file ./Payload/Onscart.app/GoogleMaps.bundle/GMSCoreResources.bundle/GMSNavNightModeSprites-0-3x.png ... 
2022-05-13 09:18:26 +0000  12519 bytes for ./Payload/Onscart.app/GoogleMaps.bundle/GMSCoreResources.bundle/GMSNavNightModeSprites-0-3x.png
2022-05-13 09:18:26 +0000  copying file ./Payload/Onscart.app/GoogleMaps.bundle/GMSCoreResources.bundle/en_GB.lproj/GMSCore.strings ... 
2022-05-13 09:18:26 +0000  3340 bytes for ./Payload/Onscart.app/GoogleMaps.bundle/GMSCoreResources.bundle/en_GB.lproj/GMSCore.strings
2022-05-13 09:18:26 +0000  copying file ./Payload/Onscart.app/GoogleMaps.bundle/GMSCoreResources.bundle/dav_one_way_16_256.png ... 
2022-05-13 09:18:26 +0000  315 bytes for ./Payload/Onscart.app/GoogleMaps.bundle/GMSCoreResources.bundle/dav_one_way_16_256.png
2022-05-13 09:18:26 +0000  copying file ./Payload/Onscart.app/GoogleMaps.bundle/GMSCoreResources.bundle/road_2-1.png ... 
2022-05-13 09:18:26 +0000  84 bytes for ./Payload/Onscart.app/GoogleMaps.bundle/GMSCoreResources.bundle/road_2-1.png
2022-05-13 09:18:26 +0000  copying file ./Payload/Onscart.app/GoogleMaps.bundle/GMSCoreResources.bundle/vi.lproj/GMSCore.strings ... 
2022-05-13 09:18:26 +0000  3510 bytes for ./Payload/Onscart.app/GoogleMaps.bundle/GMSCoreResources.bundle/vi.lproj/GMSCore.strings
2022-05-13 09:18:26 +0000  copying file ./Payload/Onscart.app/GoogleMaps.bundle/GMSCoreResources.bundle/button_background@3x.png ... 
2022-05-13 09:18:26 +0000  515 bytes for ./Payload/Onscart.app/GoogleMaps.bundle/GMSCoreResources.bundle/button_background@3x.png
2022-05-13 09:18:26 +0000  copying file ./Payload/Onscart.app/GoogleMaps.bundle/GMSCoreResources.bundle/road_32-8.png ... 
2022-05-13 09:18:26 +0000  223 bytes for ./Payload/Onscart.app/GoogleMaps.bundle/GMSCoreResources.bundle/road_32-8.png
2022-05-13 09:18:26 +0000  copying file ./Payload/Onscart.app/GoogleMaps.bundle/GMSCoreResources.bundle/lv.lproj/GMSCore.strings ... 
2022-05-13 09:18:26 +0000  3897 bytes for ./Payload/Onscart.app/GoogleMaps.bundle/GMSCoreResources.bundle/lv.lproj/GMSCore.strings
2022-05-13 09:18:26 +0000  copying file ./Payload/Onscart.app/GoogleMaps.bundle/GMSCoreResources.bundle/lt.lproj/GMSCore.strings ... 
2022-05-13 09:18:26 +0000  3601 bytes for ./Payload/Onscart.app/GoogleMaps.bundle/GMSCoreResources.bundle/lt.lproj/GMSCore.strings
2022-05-13 09:18:26 +0000  copying file ./Payload/Onscart.app/GoogleMaps.bundle/GMSCoreResources.bundle/ru.lproj/GMSCore.strings ... 
2022-05-13 09:18:26 +0000  4024 bytes for ./Payload/Onscart.app/GoogleMaps.bundle/GMSCoreResources.bundle/ru.lproj/GMSCore.strings
2022-05-13 09:18:26 +0000  copying file ./Payload/Onscart.app/GoogleMaps.bundle/GMSCoreResources.bundle/polyline_colors_texture_dim.png ... 
2022-05-13 09:18:26 +0000  7485 bytes for ./Payload/Onscart.app/GoogleMaps.bundle/GMSCoreResources.bundle/polyline_colors_texture_dim.png
2022-05-13 09:18:26 +0000  copying file ./Payload/Onscart.app/GoogleMaps.bundle/GMSCoreResources.bundle/fr_CA.lproj/GMSCore.strings ... 
2022-05-13 09:18:26 +0000  3604 bytes for ./Payload/Onscart.app/GoogleMaps.bundle/GMSCoreResources.bundle/fr_CA.lproj/GMSCore.strings
2022-05-13 09:18:26 +0000  copying file ./Payload/Onscart.app/GoogleMaps.bundle/GMSCoreResources.bundle/road_128-32.png ... 
2022-05-13 09:18:26 +0000  1029 bytes for ./Payload/Onscart.app/GoogleMaps.bundle/GMSCoreResources.bundle/road_128-32.png
2022-05-13 09:18:26 +0000  copying file ./Payload/Onscart.app/GoogleMaps.bundle/GMSCoreResources.bundle/fr.lproj/GMSCore.strings ... 
2022-05-13 09:18:26 +0000  3895 bytes for ./Payload/Onscart.app/GoogleMaps.bundle/GMSCoreResources.bundle/fr.lproj/GMSCore.strings
2022-05-13 09:18:26 +0000  copying file ./Payload/Onscart.app/GoogleMaps.bundle/GMSCoreResources.bundle/fi.lproj/GMSCore.strings ... 
2022-05-13 09:18:26 +0000  3527 bytes for ./Payload/Onscart.app/GoogleMaps.bundle/GMSCoreResources.bundle/fi.lproj/GMSCore.strings
2022-05-13 09:18:26 +0000  copying file ./Payload/Onscart.app/GoogleMaps.bundle/GMSCoreResources.bundle/id.lproj/GMSCore.strings ... 
2022-05-13 09:18:26 +0000  3261 bytes for ./Payload/Onscart.app/GoogleMaps.bundle/GMSCoreResources.bundle/id.lproj/GMSCore.strings
2022-05-13 09:18:26 +0000  copying file ./Payload/Onscart.app/GoogleMaps.bundle/GMSCoreResources.bundle/nl.lproj/GMSCore.strings ... 
2022-05-13 09:18:26 +0000  3421 bytes for ./Payload/Onscart.app/GoogleMaps.bundle/GMSCoreResources.bundle/nl.lproj/GMSCore.strings
2022-05-13 09:18:26 +0000  copying file ./Payload/Onscart.app/GoogleMaps.bundle/GMSCoreResources.bundle/th.lproj/GMSCore.strings ... 
2022-05-13 09:18:26 +0000  3458 bytes for ./Payload/Onscart.app/GoogleMaps.bundle/GMSCoreResources.bundle/th.lproj/GMSCore.strings
2022-05-13 09:18:26 +0000  copying file ./Payload/Onscart.app/GoogleMaps.bundle/GMSCoreResources.bundle/road_64-16.png ... 
2022-05-13 09:18:26 +0000  425 bytes for ./Payload/Onscart.app/GoogleMaps.bundle/GMSCoreResources.bundle/road_64-16.png
2022-05-13 09:18:26 +0000  copying file ./Payload/Onscart.app/GoogleMaps.bundle/GMSCoreResources.bundle/GMSSprites-0-3x.png ... 
2022-05-13 09:18:26 +0000  43676 bytes for ./Payload/Onscart.app/GoogleMaps.bundle/GMSCoreResources.bundle/GMSSprites-0-3x.png
2022-05-13 09:18:26 +0000  copying file ./Payload/Onscart.app/GoogleMaps.bundle/GMSCoreResources.bundle/polyline_colors_texture.png ... 
2022-05-13 09:18:26 +0000  7433 bytes for ./Payload/Onscart.app/GoogleMaps.bundle/GMSCoreResources.bundle/polyline_colors_texture.png
2022-05-13 09:18:26 +0000  copying file ./Payload/Onscart.app/GoogleMaps.bundle/GMSCoreResources.bundle/ic_compass_needle.png ... 
2022-05-13 09:18:26 +0000  483 bytes for ./Payload/Onscart.app/GoogleMaps.bundle/GMSCoreResources.bundle/ic_compass_needle.png
2022-05-13 09:18:26 +0000  copying file ./Payload/Onscart.app/GoogleMaps.bundle/GMSCoreResources.bundle/pt.lproj/GMSCore.strings ... 
2022-05-13 09:18:26 +0000  3668 bytes for ./Payload/Onscart.app/GoogleMaps.bundle/GMSCoreResources.bundle/pt.lproj/GMSCore.strings
2022-05-13 09:18:26 +0000  copying file ./Payload/Onscart.app/GoogleMaps.bundle/GMSCoreResources.bundle/road_1-1.png ... 
2022-05-13 09:18:26 +0000  95 bytes for ./Payload/Onscart.app/GoogleMaps.bundle/GMSCoreResources.bundle/road_1-1.png
2022-05-13 09:18:26 +0000  copying file ./Payload/Onscart.app/GoogleMaps.bundle/GMSCoreResources.bundle/ic_location_off.png ... 
2022-05-13 09:18:26 +0000  498 bytes for ./Payload/Onscart.app/GoogleMaps.bundle/GMSCoreResources.bundle/ic_location_off.png
2022-05-13 09:18:26 +0000  copying file ./Payload/Onscart.app/GoogleMaps.bundle/GMSCoreResources.bundle/ro.lproj/GMSCore.strings ... 
2022-05-13 09:18:26 +0000  3762 bytes for ./Payload/Onscart.app/GoogleMaps.bundle/GMSCoreResources.bundle/ro.lproj/GMSCore.strings
2022-05-13 09:18:26 +0000  copying file ./Payload/Onscart.app/GoogleMaps.bundle/GMSCoreResources.bundle/Info.plist ... 
2022-05-13 09:18:26 +0000  364 bytes for ./Payload/Onscart.app/GoogleMaps.bundle/GMSCoreResources.bundle/Info.plist
2022-05-13 09:18:26 +0000  copying file ./Payload/Onscart.app/GoogleMaps.bundle/GMSCoreResources.bundle/GMSSprites-0-2x.png ... 
2022-05-13 09:18:26 +0000  24703 bytes for ./Payload/Onscart.app/GoogleMaps.bundle/GMSCoreResources.bundle/GMSSprites-0-2x.png
2022-05-13 09:18:26 +0000  copying file ./Payload/Onscart.app/GoogleMaps.bundle/GMSCoreResources.bundle/button_compass_night@2x.png ... 
2022-05-13 09:18:26 +0000  2221 bytes for ./Payload/Onscart.app/GoogleMaps.bundle/GMSCoreResources.bundle/button_compass_night@2x.png
2022-05-13 09:18:26 +0000  copying file ./Payload/Onscart.app/GoogleMaps.bundle/GMSCoreResources.bundle/button_compass@2x.png ... 
2022-05-13 09:18:26 +0000  2560 bytes for ./Payload/Onscart.app/GoogleMaps.bundle/GMSCoreResources.bundle/button_compass@2x.png
2022-05-13 09:18:26 +0000  copying file ./Payload/Onscart.app/GoogleMaps.bundle/GMSCoreResources.bundle/hr.lproj/GMSCore.strings ... 
2022-05-13 09:18:26 +0000  3544 bytes for ./Payload/Onscart.app/GoogleMaps.bundle/GMSCoreResources.bundle/hr.lproj/GMSCore.strings
2022-05-13 09:18:26 +0000  copying file ./Payload/Onscart.app/GoogleMaps.bundle/GMSCoreResources.bundle/hi.lproj/GMSCore.strings ... 
2022-05-13 09:18:26 +0000  3516 bytes for ./Payload/Onscart.app/GoogleMaps.bundle/GMSCoreResources.bundle/hi.lproj/GMSCore.strings
2022-05-13 09:18:26 +0000  copying file ./Payload/Onscart.app/GoogleMaps.bundle/GMSCoreResources.bundle/ca.lproj/GMSCore.strings ... 
2022-05-13 09:18:26 +0000  3518 bytes for ./Payload/Onscart.app/GoogleMaps.bundle/GMSCoreResources.bundle/ca.lproj/GMSCore.strings
2022-05-13 09:18:26 +0000  copying file ./Payload/Onscart.app/GoogleMaps.bundle/default_marker.png ... 
2022-05-13 09:18:26 +0000  1379 bytes for ./Payload/Onscart.app/GoogleMaps.bundle/default_marker.png
2022-05-13 09:18:26 +0000  copying file ./Payload/Onscart.app/GoogleMaps.bundle/ic_error@3x.png ... 
2022-05-13 09:18:26 +0000  743 bytes for ./Payload/Onscart.app/GoogleMaps.bundle/ic_error@3x.png
2022-05-13 09:18:26 +0000  copying file ./Payload/Onscart.app/GoogleMaps.bundle/oss_licenses_maps.txt.gz ... 
2022-05-13 09:18:26 +0000  51475 bytes for ./Payload/Onscart.app/GoogleMaps.bundle/oss_licenses_maps.txt.gz
2022-05-13 09:18:26 +0000  copying file ./Payload/Onscart.app/GoogleMaps.bundle/bubble_right.png ... 
2022-05-13 09:18:26 +0000  455 bytes for ./Payload/Onscart.app/GoogleMaps.bundle/bubble_right.png
2022-05-13 09:18:26 +0000  copying file ./Payload/Onscart.app/GoogleMaps.bundle/default_marker@3x.png ... 
2022-05-13 09:18:26 +0000  4275 bytes for ./Payload/Onscart.app/GoogleMaps.bundle/default_marker@3x.png
2022-05-13 09:18:26 +0000  copying file ./Payload/Onscart.app/GoogleMaps.bundle/default_marker@2x.png ... 
2022-05-13 09:18:26 +0000  2815 bytes for ./Payload/Onscart.app/GoogleMaps.bundle/default_marker@2x.png
2022-05-13 09:18:26 +0000  copying file ./Payload/Onscart.app/GoogleMaps.bundle/ic_error@2x.png ... 
2022-05-13 09:18:26 +0000  454 bytes for ./Payload/Onscart.app/GoogleMaps.bundle/ic_error@2x.png
2022-05-13 09:18:26 +0000  copying file ./Payload/Onscart.app/GoogleMaps.bundle/GMSCacheStorage.momd/Storage.mom ... 
2022-05-13 09:18:26 +0000  4576 bytes for ./Payload/Onscart.app/GoogleMaps.bundle/GMSCacheStorage.momd/Storage.mom
2022-05-13 09:18:26 +0000  copying file ./Payload/Onscart.app/GoogleMaps.bundle/GMSCacheStorage.momd/VersionInfo.plist ... 
2022-05-13 09:18:26 +0000  1197 bytes for ./Payload/Onscart.app/GoogleMaps.bundle/GMSCacheStorage.momd/VersionInfo.plist
2022-05-13 09:18:26 +0000  copying file ./Payload/Onscart.app/GoogleMaps.bundle/GMSCacheStorage.momd/StorageWithTileProto.mom ... 
2022-05-13 09:18:26 +0000  5172 bytes for ./Payload/Onscart.app/GoogleMaps.bundle/GMSCacheStorage.momd/StorageWithTileProto.mom
2022-05-13 09:18:26 +0000  copying file ./Payload/Onscart.app/GoogleMaps.bundle/GMSCacheStorage.momd/StorageWithTileVersionID.mom ... 
2022-05-13 09:18:26 +0000  4682 bytes for ./Payload/Onscart.app/GoogleMaps.bundle/GMSCacheStorage.momd/StorageWithTileVersionID.mom
2022-05-13 09:18:26 +0000  copying file ./Payload/Onscart.app/GoogleMaps.bundle/GMSCacheStorage.momd/StorageWithTileProto.omo ... 
2022-05-13 09:18:26 +0000  11904 bytes for ./Payload/Onscart.app/GoogleMaps.bundle/GMSCacheStorage.momd/StorageWithTileProto.omo
2022-05-13 09:18:26 +0000  copying file ./Payload/Onscart.app/GoogleMaps.bundle/Info.plist ... 
2022-05-13 09:18:26 +0000  366 bytes for ./Payload/Onscart.app/GoogleMaps.bundle/Info.plist
2022-05-13 09:18:26 +0000  copying file ./Payload/Onscart.app/QBImagePicker.bundle/de.lproj/QBImagePicker.strings ... 
2022-05-13 09:18:26 +0000  686 bytes for ./Payload/Onscart.app/QBImagePicker.bundle/de.lproj/QBImagePicker.strings
2022-05-13 09:18:26 +0000  copying file ./Payload/Onscart.app/QBImagePicker.bundle/zh-Hans.lproj/QBImagePicker.strings ... 
2022-05-13 09:18:26 +0000  738 bytes for ./Payload/Onscart.app/QBImagePicker.bundle/zh-Hans.lproj/QBImagePicker.strings
2022-05-13 09:18:26 +0000  copying file ./Payload/Onscart.app/QBImagePicker.bundle/ja.lproj/QBImagePicker.strings ... 
2022-05-13 09:18:26 +0000  764 bytes for ./Payload/Onscart.app/QBImagePicker.bundle/ja.lproj/QBImagePicker.strings
2022-05-13 09:18:26 +0000  copying file ./Payload/Onscart.app/QBImagePicker.bundle/en.lproj/QBImagePicker.strings ... 
2022-05-13 09:18:26 +0000  681 bytes for ./Payload/Onscart.app/QBImagePicker.bundle/en.lproj/QBImagePicker.strings
2022-05-13 09:18:26 +0000  copying file ./Payload/Onscart.app/QBImagePicker.bundle/QBImagePicker.storyboardc/QiH-NZ-ZGN-view-sD2-zK-ryo.nib/runtime.nib ... 
2022-05-13 09:18:26 +0000  10163 bytes for ./Payload/Onscart.app/QBImagePicker.bundle/QBImagePicker.storyboardc/QiH-NZ-ZGN-view-sD2-zK-ryo.nib/runtime.nib
2022-05-13 09:18:26 +0000  copying file ./Payload/Onscart.app/QBImagePicker.bundle/QBImagePicker.storyboardc/QiH-NZ-ZGN-view-sD2-zK-ryo.nib/objects-12.3+.nib ... 
2022-05-13 09:18:26 +0000  10390 bytes for ./Payload/Onscart.app/QBImagePicker.bundle/QBImagePicker.storyboardc/QiH-NZ-ZGN-view-sD2-zK-ryo.nib/objects-12.3+.nib
2022-05-13 09:18:26 +0000  copying file ./Payload/Onscart.app/QBImagePicker.bundle/QBImagePicker.storyboardc/QBAlbumsViewController.nib/runtime.nib ... 
2022-05-13 09:18:26 +0000  1775 bytes for ./Payload/Onscart.app/QBImagePicker.bundle/QBImagePicker.storyboardc/QBAlbumsViewController.nib/runtime.nib
2022-05-13 09:18:26 +0000  copying file ./Payload/Onscart.app/QBImagePicker.bundle/QBImagePicker.storyboardc/QBAlbumsViewController.nib/objects-12.3+.nib ... 
2022-05-13 09:18:26 +0000  1775 bytes for ./Payload/Onscart.app/QBImagePicker.bundle/QBImagePicker.storyboardc/QBAlbumsViewController.nib/objects-12.3+.nib
2022-05-13 09:18:26 +0000  copying file ./Payload/Onscart.app/QBImagePicker.bundle/QBImagePicker.storyboardc/QBAssetsViewController.nib/runtime.nib ... 
2022-05-13 09:18:26 +0000  1368 bytes for ./Payload/Onscart.app/QBImagePicker.bundle/QBImagePicker.storyboardc/QBAssetsViewController.nib/runtime.nib
2022-05-13 09:18:26 +0000  copying file ./Payload/Onscart.app/QBImagePicker.bundle/QBImagePicker.storyboardc/QBAssetsViewController.nib/objects-12.3+.nib ... 
2022-05-13 09:18:26 +0000  1368 bytes for ./Payload/Onscart.app/QBImagePicker.bundle/QBImagePicker.storyboardc/QBAssetsViewController.nib/objects-12.3+.nib
2022-05-13 09:18:26 +0000  copying file ./Payload/Onscart.app/QBImagePicker.bundle/QBImagePicker.storyboardc/QL5-wR-LYt-view-66K-TS-Yoc.nib/runtime.nib ... 
2022-05-13 09:18:26 +0000  7159 bytes for ./Payload/Onscart.app/QBImagePicker.bundle/QBImagePicker.storyboardc/QL5-wR-LYt-view-66K-TS-Yoc.nib/runtime.nib
2022-05-13 09:18:26 +0000  copying file ./Payload/Onscart.app/QBImagePicker.bundle/QBImagePicker.storyboardc/QL5-wR-LYt-view-66K-TS-Yoc.nib/objects-12.3+.nib ... 
2022-05-13 09:18:26 +0000  7159 bytes for ./Payload/Onscart.app/QBImagePicker.bundle/QBImagePicker.storyboardc/QL5-wR-LYt-view-66K-TS-Yoc.nib/objects-12.3+.nib
2022-05-13 09:18:26 +0000  copying file ./Payload/Onscart.app/QBImagePicker.bundle/QBImagePicker.storyboardc/QBAlbumsNavigationController.nib/runtime.nib ... 
2022-05-13 09:18:26 +0000  2592 bytes for ./Payload/Onscart.app/QBImagePicker.bundle/QBImagePicker.storyboardc/QBAlbumsNavigationController.nib/runtime.nib
2022-05-13 09:18:26 +0000  copying file ./Payload/Onscart.app/QBImagePicker.bundle/QBImagePicker.storyboardc/QBAlbumsNavigationController.nib/objects-12.3+.nib ... 
2022-05-13 09:18:26 +0000  2592 bytes for ./Payload/Onscart.app/QBImagePicker.bundle/QBImagePicker.storyboardc/QBAlbumsNavigationController.nib/objects-12.3+.nib
2022-05-13 09:18:26 +0000  copying file ./Payload/Onscart.app/QBImagePicker.bundle/QBImagePicker.storyboardc/Info.plist ... 
2022-05-13 09:18:26 +0000  289 bytes for ./Payload/Onscart.app/QBImagePicker.bundle/QBImagePicker.storyboardc/Info.plist
2022-05-13 09:18:26 +0000  copying file ./Payload/Onscart.app/QBImagePicker.bundle/es.lproj/QBImagePicker.strings ... 
2022-05-13 09:18:26 +0000  685 bytes for ./Payload/Onscart.app/QBImagePicker.bundle/es.lproj/QBImagePicker.strings
2022-05-13 09:18:26 +0000  copying file ./Payload/Onscart.app/QBImagePicker.bundle/it.lproj/QBImagePicker.strings ... 
2022-05-13 09:18:26 +0000  679 bytes for ./Payload/Onscart.app/QBImagePicker.bundle/it.lproj/QBImagePicker.strings
2022-05-13 09:18:26 +0000  copying file ./Payload/Onscart.app/QBImagePicker.bundle/ko.lproj/QBImagePicker.strings ... 
2022-05-13 09:18:26 +0000  716 bytes for ./Payload/Onscart.app/QBImagePicker.bundle/ko.lproj/QBImagePicker.strings
2022-05-13 09:18:26 +0000  copying file ./Payload/Onscart.app/QBImagePicker.bundle/zh-Hant.lproj/QBImagePicker.strings ... 
2022-05-13 09:18:26 +0000  737 bytes for ./Payload/Onscart.app/QBImagePicker.bundle/zh-Hant.lproj/QBImagePicker.strings
2022-05-13 09:18:26 +0000  copying file ./Payload/Onscart.app/QBImagePicker.bundle/tr.lproj/QBImagePicker.strings ... 
2022-05-13 09:18:26 +0000  703 bytes for ./Payload/Onscart.app/QBImagePicker.bundle/tr.lproj/QBImagePicker.strings
2022-05-13 09:18:26 +0000  copying file ./Payload/Onscart.app/QBImagePicker.bundle/pl.lproj/QBImagePicker.strings ... 
2022-05-13 09:18:26 +0000  702 bytes for ./Payload/Onscart.app/QBImagePicker.bundle/pl.lproj/QBImagePicker.strings
2022-05-13 09:18:26 +0000  copying file ./Payload/Onscart.app/QBImagePicker.bundle/ru.lproj/QBImagePicker.strings ... 
2022-05-13 09:18:26 +0000  772 bytes for ./Payload/Onscart.app/QBImagePicker.bundle/ru.lproj/QBImagePicker.strings
2022-05-13 09:18:26 +0000  copying file ./Payload/Onscart.app/QBImagePicker.bundle/fr.lproj/QBImagePicker.strings ... 
2022-05-13 09:18:26 +0000  702 bytes for ./Payload/Onscart.app/QBImagePicker.bundle/fr.lproj/QBImagePicker.strings
2022-05-13 09:18:26 +0000  copying file ./Payload/Onscart.app/QBImagePicker.bundle/pt.lproj/QBImagePicker.strings ... 
2022-05-13 09:18:26 +0000  686 bytes for ./Payload/Onscart.app/QBImagePicker.bundle/pt.lproj/QBImagePicker.strings
2022-05-13 09:18:26 +0000  copying file ./Payload/Onscart.app/QBImagePicker.bundle/ro.lproj/QBImagePicker.strings ... 
2022-05-13 09:18:26 +0000  680 bytes for ./Payload/Onscart.app/QBImagePicker.bundle/ro.lproj/QBImagePicker.strings
2022-05-13 09:18:26 +0000  copying file ./Payload/Onscart.app/QBImagePicker.bundle/Info.plist ... 
2022-05-13 09:18:26 +0000  724 bytes for ./Payload/Onscart.app/QBImagePicker.bundle/Info.plist
2022-05-13 09:18:26 +0000  copying file ./Payload/Onscart.app/RoyoDriverInfo.plist ... 
2022-05-13 09:18:26 +0000  1563 bytes for ./Payload/Onscart.app/RoyoDriverInfo.plist
2022-05-13 09:18:26 +0000  copying file ./Payload/Onscart.app/AppIcon60x60@2x.png ... 
2022-05-13 09:18:26 +0000  13088 bytes for ./Payload/Onscart.app/AppIcon60x60@2x.png
2022-05-13 09:18:26 +0000  copying file ./Payload/Onscart.app/Onscart ... 
2022-05-13 09:18:27 +0000  19420960 bytes for ./Payload/Onscart.app/Onscart
2022-05-13 09:18:27 +0000  copying file ./Payload/Onscart.app/Stripe.bundle/de.lproj/Localizable.strings ... 
2022-05-13 09:18:27 +0000  19033 bytes for ./Payload/Onscart.app/Stripe.bundle/de.lproj/Localizable.strings
2022-05-13 09:18:27 +0000  copying file ./Payload/Onscart.app/Stripe.bundle/card_unknown_icon_dark@3x.png ... 
2022-05-13 09:18:27 +0000  492 bytes for ./Payload/Onscart.app/Stripe.bundle/card_unknown_icon_dark@3x.png
2022-05-13 09:18:27 +0000  copying file ./Payload/Onscart.app/Stripe.bundle/stp_card_error_amex@3x.png ... 
2022-05-13 09:18:27 +0000  1597 bytes for ./Payload/Onscart.app/Stripe.bundle/stp_card_error_amex@3x.png
2022-05-13 09:18:27 +0000  copying file ./Payload/Onscart.app/Stripe.bundle/lt-LT.lproj/Localizable.strings ... 
2022-05-13 09:18:27 +0000  19313 bytes for ./Payload/Onscart.app/Stripe.bundle/lt-LT.lproj/Localizable.strings
2022-05-13 09:18:27 +0000  copying file ./Payload/Onscart.app/Stripe.bundle/icon-pm-afterpay@3x.png ... 
2022-05-13 09:18:27 +0000  1059 bytes for ./Payload/Onscart.app/Stripe.bundle/icon-pm-afterpay@3x.png
2022-05-13 09:18:27 +0000  copying file ./Payload/Onscart.app/Stripe.bundle/zh-Hans.lproj/Localizable.strings ... 
2022-05-13 09:18:27 +0000  18107 bytes for ./Payload/Onscart.app/Stripe.bundle/zh-Hans.lproj/Localizable.strings
2022-05-13 09:18:27 +0000  copying file ./Payload/Onscart.app/Stripe.bundle/ja.lproj/Localizable.strings ... 
2022-05-13 09:18:27 +0000  19735 bytes for ./Payload/Onscart.app/Stripe.bundle/ja.lproj/Localizable.strings
2022-05-13 09:18:27 +0000  copying file ./Payload/Onscart.app/Stripe.bundle/stp_card_visa_template@3x.png ... 
2022-05-13 09:18:27 +0000  2303 bytes for ./Payload/Onscart.app/Stripe.bundle/stp_card_visa_template@3x.png
2022-05-13 09:18:27 +0000  copying file ./Payload/Onscart.app/Stripe.bundle/icon-pm-giropay@3x.png ... 
2022-05-13 09:18:27 +0000  1245 bytes for ./Payload/Onscart.app/Stripe.bundle/icon-pm-giropay@3x.png
2022-05-13 09:18:27 +0000  copying file ./Payload/Onscart.app/Stripe.bundle/card_diners@3x.png ... 
2022-05-13 09:18:27 +0000  3723 bytes for ./Payload/Onscart.app/Stripe.bundle/card_diners@3x.png
2022-05-13 09:18:27 +0000  copying file ./Payload/Onscart.app/Stripe.bundle/el-GR.lproj/Localizable.strings ... 
2022-05-13 09:18:27 +0000  23029 bytes for ./Payload/Onscart.app/Stripe.bundle/el-GR.lproj/Localizable.strings
2022-05-13 09:18:27 +0000  copying file ./Payload/Onscart.app/Stripe.bundle/stp_card_form_back@3x.png ... 
2022-05-13 09:18:27 +0000  10419 bytes for ./Payload/Onscart.app/Stripe.bundle/stp_card_form_back@3x.png
2022-05-13 09:18:27 +0000  copying file ./Payload/Onscart.app/Stripe.bundle/stp_card_unknown@3x.png ... 
2022-05-13 09:18:27 +0000  667 bytes for ./Payload/Onscart.app/Stripe.bundle/stp_card_unknown@3x.png
2022-05-13 09:18:27 +0000  copying file ./Payload/Onscart.app/Stripe.bundle/ms-MY.lproj/Localizable.strings ... 
2022-05-13 09:18:27 +0000  18734 bytes for ./Payload/Onscart.app/Stripe.bundle/ms-MY.lproj/Localizable.strings
2022-05-13 09:18:27 +0000  copying file ./Payload/Onscart.app/Stripe.bundle/icon_x@3x.png ... 
2022-05-13 09:18:27 +0000  3637 bytes for ./Payload/Onscart.app/Stripe.bundle/icon_x@3x.png
2022-05-13 09:18:27 +0000  copying file ./Payload/Onscart.app/Stripe.bundle/stp_card_amex@3x.png ... 
2022-05-13 09:18:27 +0000  1041 bytes for ./Payload/Onscart.app/Stripe.bundle/stp_card_amex@3x.png
2022-05-13 09:18:27 +0000  copying file ./Payload/Onscart.app/Stripe.bundle/en.lproj/Localizable.strings ... 
2022-05-13 09:18:27 +0000  13737 bytes for ./Payload/Onscart.app/Stripe.bundle/en.lproj/Localizable.strings
2022-05-13 09:18:27 +0000  copying file ./Payload/Onscart.app/Stripe.bundle/stp_bank_fpx_ocbc@3x.png ... 
2022-05-13 09:18:27 +0000  3395 bytes for ./Payload/Onscart.app/Stripe.bundle/stp_bank_fpx_ocbc@3x.png
2022-05-13 09:18:27 +0000  copying file ./Payload/Onscart.app/Stripe.bundle/icon-pm-ideal@3x.png ... 
2022-05-13 09:18:27 +0000  1139 bytes for ./Payload/Onscart.app/Stripe.bundle/icon-pm-ideal@3x.png
2022-05-13 09:18:27 +0000  copying file ./Payload/Onscart.app/Stripe.bundle/icon-pm-bancontact_dark@3x.png ... 
2022-05-13 09:18:27 +0000  472 bytes for ./Payload/Onscart.app/Stripe.bundle/icon-pm-bancontact_dark@3x.png
2022-05-13 09:18:27 +0000  copying file ./Payload/Onscart.app/Stripe.bundle/zh-HK.lproj/Localizable.strings ... 
2022-05-13 09:18:27 +0000  18035 bytes for ./Payload/Onscart.app/Stripe.bundle/zh-HK.lproj/Localizable.strings
2022-05-13 09:18:27 +0000  copying file ./Payload/Onscart.app/Stripe.bundle/icon-pm-bancontact@3x.png ... 
2022-05-13 09:18:27 +0000  2417 bytes for ./Payload/Onscart.app/Stripe.bundle/icon-pm-bancontact@3x.png
2022-05-13 09:18:27 +0000  copying file ./Payload/Onscart.app/Stripe.bundle/afterpay_icon_info@3x.png ... 
2022-05-13 09:18:27 +0000  1055 bytes for ./Payload/Onscart.app/Stripe.bundle/afterpay_icon_info@3x.png
2022-05-13 09:18:27 +0000  copying file ./Payload/Onscart.app/Stripe.bundle/stp_card_amex_template@3x.png ... 
2022-05-13 09:18:27 +0000  870 bytes for ./Payload/Onscart.app/Stripe.bundle/stp_card_amex_template@3x.png
2022-05-13 09:18:27 +0000  copying file ./Payload/Onscart.app/Stripe.bundle/icon-pm-ideal_dark@3x.png ... 
2022-05-13 09:18:27 +0000  585 bytes for ./Payload/Onscart.app/Stripe.bundle/icon-pm-ideal_dark@3x.png
2022-05-13 09:18:27 +0000  copying file ./Payload/Onscart.app/Stripe.bundle/stp_card_diners_template@3x.png ... 
2022-05-13 09:18:27 +0000  1142 bytes for ./Payload/Onscart.app/Stripe.bundle/stp_card_diners_template@3x.png
2022-05-13 09:18:27 +0000  copying file ./Payload/Onscart.app/Stripe.bundle/card_discover_dark@3x.png ... 
2022-05-13 09:18:27 +0000  5658 bytes for ./Payload/Onscart.app/Stripe.bundle/card_discover_dark@3x.png
2022-05-13 09:18:27 +0000  copying file ./Payload/Onscart.app/Stripe.bundle/card_unionpay_dark@3x.png ... 
2022-05-13 09:18:27 +0000  6124 bytes for ./Payload/Onscart.app/Stripe.bundle/card_unionpay_dark@3x.png
2022-05-13 09:18:27 +0000  copying file ./Payload/Onscart.app/Stripe.bundle/mt.lproj/Localizable.strings ... 
2022-05-13 09:18:27 +0000  19425 bytes for ./Payload/Onscart.app/Stripe.bundle/mt.lproj/Localizable.strings
2022-05-13 09:18:27 +0000  copying file ./Payload/Onscart.app/Stripe.bundle/stp_card_diners@3x.png ... 
2022-05-13 09:18:27 +0000  1075 bytes for ./Payload/Onscart.app/Stripe.bundle/stp_card_diners@3x.png
2022-05-13 09:18:27 +0000  copying file ./Payload/Onscart.app/Stripe.bundle/stp_icon_bank@3x.png ... 
2022-05-13 09:18:27 +0000  875 bytes for ./Payload/Onscart.app/Stripe.bundle/stp_icon_bank@3x.png
2022-05-13 09:18:27 +0000  copying file ./Payload/Onscart.app/Stripe.bundle/nb.lproj/Localizable.strings ... 
2022-05-13 09:18:27 +0000  18357 bytes for ./Payload/Onscart.app/Stripe.bundle/nb.lproj/Localizable.strings
2022-05-13 09:18:27 +0000  copying file ./Payload/Onscart.app/Stripe.bundle/ca-ES.lproj/Localizable.strings ... 
2022-05-13 09:18:27 +0000  19131 bytes for ./Payload/Onscart.app/Stripe.bundle/ca-ES.lproj/Localizable.strings
2022-05-13 09:18:27 +0000  copying file ./Payload/Onscart.app/Stripe.bundle/en-GB.lproj/Localizable.strings ... 
2022-05-13 09:18:27 +0000  18342 bytes for ./Payload/Onscart.app/Stripe.bundle/en-GB.lproj/Localizable.strings
2022-05-13 09:18:27 +0000  copying file ./Payload/Onscart.app/Stripe.bundle/es.lproj/Localizable.strings ... 
2022-05-13 09:18:27 +0000  19097 bytes for ./Payload/Onscart.app/Stripe.bundle/es.lproj/Localizable.strings
2022-05-13 09:18:27 +0000  copying file ./Payload/Onscart.app/Stripe.bundle/stp_bank_fpx_rhb@3x.png ... 
2022-05-13 09:18:27 +0000  2432 bytes for ./Payload/Onscart.app/Stripe.bundle/stp_bank_fpx_rhb@3x.png
2022-05-13 09:18:27 +0000  copying file ./Payload/Onscart.app/Stripe.bundle/da.lproj/Localizable.strings ... 
2022-05-13 09:18:27 +0000  18577 bytes for ./Payload/Onscart.app/Stripe.bundle/da.lproj/Localizable.strings
2022-05-13 09:18:27 +0000  copying file ./Payload/Onscart.app/Stripe.bundle/anz@3x.png ... 
2022-05-13 09:18:27 +0000  1701 bytes for ./Payload/Onscart.app/Stripe.bundle/anz@3x.png
2022-05-13 09:18:27 +0000  copying file ./Payload/Onscart.app/Stripe.bundle/card_mastercard_dark@3x.png ... 
2022-05-13 09:18:27 +0000  5500 bytes for ./Payload/Onscart.app/Stripe.bundle/card_mastercard_dark@3x.png
2022-05-13 09:18:27 +0000  copying file ./Payload/Onscart.app/Stripe.bundle/es-419.lproj/Localizable.strings ... 
2022-05-13 09:18:27 +0000  19115 bytes for ./Payload/Onscart.app/Stripe.bundle/es-419.lproj/Localizable.strings
2022-05-13 09:18:27 +0000  copying file ./Payload/Onscart.app/Stripe.bundle/au_becs_bsb.json ... 
2022-05-13 09:18:27 +0000  7696 bytes for ./Payload/Onscart.app/Stripe.bundle/au_becs_bsb.json
2022-05-13 09:18:27 +0000  copying file ./Payload/Onscart.app/Stripe.bundle/stp_bank_fpx_bsn@3x.png ... 
2022-05-13 09:18:27 +0000  3875 bytes for ./Payload/Onscart.app/Stripe.bundle/stp_bank_fpx_bsn@3x.png
2022-05-13 09:18:27 +0000  copying file ./Payload/Onscart.app/Stripe.bundle/it.lproj/Localizable.strings ... 
2022-05-13 09:18:27 +0000  19056 bytes for ./Payload/Onscart.app/Stripe.bundle/it.lproj/Localizable.strings
2022-05-13 09:18:27 +0000  copying file ./Payload/Onscart.app/Stripe.bundle/icon-pm-klarna_dark@3x.png ... 
2022-05-13 09:18:27 +0000  497 bytes for ./Payload/Onscart.app/Stripe.bundle/icon-pm-klarna_dark@3x.png
2022-05-13 09:18:27 +0000  copying file ./Payload/Onscart.app/Stripe.bundle/stp_card_cvc_amex@3x.png ... 
2022-05-13 09:18:27 +0000  2332 bytes for ./Payload/Onscart.app/Stripe.bundle/stp_card_cvc_amex@3x.png
2022-05-13 09:18:27 +0000  copying file ./Payload/Onscart.app/Stripe.bundle/stp_card_discover@3x.png ... 
2022-05-13 09:18:27 +0000  1215 bytes for ./Payload/Onscart.app/Stripe.bundle/stp_card_discover@3x.png
2022-05-13 09:18:27 +0000  copying file ./Payload/Onscart.app/Stripe.bundle/stp_card_error@3x.png ... 
2022-05-13 09:18:27 +0000  1585 bytes for ./Payload/Onscart.app/Stripe.bundle/stp_card_error@3x.png
2022-05-13 09:18:27 +0000  copying file ./Payload/Onscart.app/Stripe.bundle/clearpay_mark_dark@3x.png ... 
2022-05-13 09:18:27 +0000  3938 bytes for ./Payload/Onscart.app/Stripe.bundle/clearpay_mark_dark@3x.png
2022-05-13 09:18:27 +0000  copying file ./Payload/Onscart.app/Stripe.bundle/icon-pm-klarna@3x.png ... 
2022-05-13 09:18:27 +0000  686 bytes for ./Payload/Onscart.app/Stripe.bundle/icon-pm-klarna@3x.png
2022-05-13 09:18:27 +0000  copying file ./Payload/Onscart.app/Stripe.bundle/icon-pm-eps@3x.png ... 
2022-05-13 09:18:27 +0000  1310 bytes for ./Payload/Onscart.app/Stripe.bundle/icon-pm-eps@3x.png
2022-05-13 09:18:27 +0000  copying file ./Payload/Onscart.app/Stripe.bundle/nab@3x.png ... 
2022-05-13 09:18:27 +0000  2460 bytes for ./Payload/Onscart.app/Stripe.bundle/nab@3x.png
2022-05-13 09:18:27 +0000  copying file ./Payload/Onscart.app/Stripe.bundle/stgeorges@3x.png ... 
2022-05-13 09:18:27 +0000  3593 bytes for ./Payload/Onscart.app/Stripe.bundle/stgeorges@3x.png
2022-05-13 09:18:27 +0000  copying file ./Payload/Onscart.app/Stripe.bundle/nn-NO.lproj/Localizable.strings ... 
2022-05-13 09:18:27 +0000  18065 bytes for ./Payload/Onscart.app/Stripe.bundle/nn-NO.lproj/Localizable.strings
2022-05-13 09:18:27 +0000  copying file ./Payload/Onscart.app/Stripe.bundle/icon-pm-eps_dark@3x.png ... 
2022-05-13 09:18:27 +0000  830 bytes for ./Payload/Onscart.app/Stripe.bundle/icon-pm-eps_dark@3x.png
2022-05-13 09:18:27 +0000  copying file ./Payload/Onscart.app/Stripe.bundle/fr-CA.lproj/Localizable.strings ... 
2022-05-13 09:18:27 +0000  19525 bytes for ./Payload/Onscart.app/Stripe.bundle/fr-CA.lproj/Localizable.strings
2022-05-13 09:18:27 +0000  copying file ./Payload/Onscart.app/Stripe.bundle/icon-pm-paypal@3x.png ... 
2022-05-13 09:18:27 +0000  989 bytes for ./Payload/Onscart.app/Stripe.bundle/icon-pm-paypal@3x.png
2022-05-13 09:18:27 +0000  copying file ./Payload/Onscart.app/Stripe.bundle/afterpay_mark@3x.png ... 
2022-05-13 09:18:27 +0000  3493 bytes for ./Payload/Onscart.app/Stripe.bundle/afterpay_mark@3x.png
2022-05-13 09:18:27 +0000  copying file ./Payload/Onscart.app/Stripe.bundle/stp_card_jcb_template@3x.png ... 
2022-05-13 09:18:27 +0000  1015 bytes for ./Payload/Onscart.app/Stripe.bundle/stp_card_jcb_template@3x.png
2022-05-13 09:18:27 +0000  copying file ./Payload/Onscart.app/Stripe.bundle/westpac@3x.png ... 
2022-05-13 09:18:27 +0000  1114 bytes for ./Payload/Onscart.app/Stripe.bundle/westpac@3x.png
2022-05-13 09:18:27 +0000  copying file ./Payload/Onscart.app/Stripe.bundle/icon-pm-p24_dark@3x.png ... 
2022-05-13 09:18:27 +0000  916 bytes for ./Payload/Onscart.app/Stripe.bundle/icon-pm-p24_dark@3x.png
2022-05-13 09:18:27 +0000  copying file ./Payload/Onscart.app/Stripe.bundle/stp_card_jcb@3x.png ... 
2022-05-13 09:18:27 +0000  1760 bytes for ./Payload/Onscart.app/Stripe.bundle/stp_card_jcb@3x.png
2022-05-13 09:18:27 +0000  copying file ./Payload/Onscart.app/Stripe.bundle/stp_card_form_amex_cvc@3x.png ... 
2022-05-13 09:18:27 +0000  10360 bytes for ./Payload/Onscart.app/Stripe.bundle/stp_card_form_amex_cvc@3x.png
2022-05-13 09:18:27 +0000  copying file ./Payload/Onscart.app/Stripe.bundle/card_diners_dark@3x.png ... 
2022-05-13 09:18:27 +0000  5555 bytes for ./Payload/Onscart.app/Stripe.bundle/card_diners_dark@3x.png
2022-05-13 09:18:27 +0000  copying file ./Payload/Onscart.app/Stripe.bundle/bg-BG.lproj/Localizable.strings ... 
2022-05-13 09:18:27 +0000  22461 bytes for ./Payload/Onscart.app/Stripe.bundle/bg-BG.lproj/Localizable.strings
2022-05-13 09:18:27 +0000  copying file ./Payload/Onscart.app/Stripe.bundle/sv.lproj/Localizable.strings ... 
2022-05-13 09:18:27 +0000  18524 bytes for ./Payload/Onscart.app/Stripe.bundle/sv.lproj/Localizable.strings
2022-05-13 09:18:27 +0000  copying file ./Payload/Onscart.app/Stripe.bundle/stp_bank_fpx_hong_leong_bank@3x.png ... 
2022-05-13 09:18:27 +0000  3310 bytes for ./Payload/Onscart.app/Stripe.bundle/stp_bank_fpx_hong_leong_bank@3x.png
2022-05-13 09:18:27 +0000  copying file ./Payload/Onscart.app/Stripe.bundle/stp_card_cvc@3x.png ... 
2022-05-13 09:18:27 +0000  1985 bytes for ./Payload/Onscart.app/Stripe.bundle/stp_card_cvc@3x.png
2022-05-13 09:18:27 +0000  copying file ./Payload/Onscart.app/Stripe.bundle/card_unionpay@3x.png ... 
2022-05-13 09:18:27 +0000  6068 bytes for ./Payload/Onscart.app/Stripe.bundle/card_unionpay@3x.png
2022-05-13 09:18:27 +0000  copying file ./Payload/Onscart.app/Stripe.bundle/icon-pm-card@3x.png ... 
2022-05-13 09:18:27 +0000  3650 bytes for ./Payload/Onscart.app/Stripe.bundle/icon-pm-card@3x.png
2022-05-13 09:18:27 +0000  copying file ./Payload/Onscart.app/Stripe.bundle/stp_fpx_logo@3x.png ... 
2022-05-13 09:18:27 +0000  2073 bytes for ./Payload/Onscart.app/Stripe.bundle/stp_fpx_logo@3x.png
2022-05-13 09:18:27 +0000  copying file ./Payload/Onscart.app/Stripe.bundle/stp_bank_fpx_standard_chartered@3x.png ... 
2022-05-13 09:18:27 +0000  3263 bytes for ./Payload/Onscart.app/Stripe.bundle/stp_bank_fpx_standard_chartered@3x.png
2022-05-13 09:18:27 +0000  copying file ./Payload/Onscart.app/Stripe.bundle/ko.lproj/Localizable.strings ... 
2022-05-13 09:18:27 +0000  18869 bytes for ./Payload/Onscart.app/Stripe.bundle/ko.lproj/Localizable.strings
2022-05-13 09:18:27 +0000  copying file ./Payload/Onscart.app/Stripe.bundle/stp_bank_fpx_bank_islam@3x.png ... 
2022-05-13 09:18:27 +0000  1932 bytes for ./Payload/Onscart.app/Stripe.bundle/stp_bank_fpx_bank_islam@3x.png
2022-05-13 09:18:27 +0000  copying file ./Payload/Onscart.app/Stripe.bundle/stp_fpx_big_logo@3x.png ... 
2022-05-13 09:18:27 +0000  14603 bytes for ./Payload/Onscart.app/Stripe.bundle/stp_fpx_big_logo@3x.png
2022-05-13 09:18:27 +0000  copying file ./Payload/Onscart.app/Stripe.bundle/fil.lproj/Localizable.strings ... 
2022-05-13 09:18:27 +0000  19356 bytes for ./Payload/Onscart.app/Stripe.bundle/fil.lproj/Localizable.strings
2022-05-13 09:18:27 +0000  copying file ./Payload/Onscart.app/Stripe.bundle/card_amex@3x.png ... 
2022-05-13 09:18:27 +0000  2962 bytes for ./Payload/Onscart.app/Stripe.bundle/card_amex@3x.png
2022-05-13 09:18:27 +0000  copying file ./Payload/Onscart.app/Stripe.bundle/bankwest@3x.png ... 
2022-05-13 09:18:27 +0000  3589 bytes for ./Payload/Onscart.app/Stripe.bundle/bankwest@3x.png
2022-05-13 09:18:27 +0000  copying file ./Payload/Onscart.app/Stripe.bundle/suncorpmetway@3x.png ... 
2022-05-13 09:18:27 +0000  3152 bytes for ./Payload/Onscart.app/Stripe.bundle/suncorpmetway@3x.png
2022-05-13 09:18:27 +0000  copying file ./Payload/Onscart.app/Stripe.bundle/card_jcb_dark@3x.png ... 
2022-05-13 09:18:27 +0000  4978 bytes for ./Payload/Onscart.app/Stripe.bundle/card_jcb_dark@3x.png
2022-05-13 09:18:27 +0000  copying file ./Payload/Onscart.app/Stripe.bundle/boq@3x.png ... 
2022-05-13 09:18:27 +0000  2244 bytes for ./Payload/Onscart.app/Stripe.bundle/boq@3x.png
2022-05-13 09:18:27 +0000  copying file ./Payload/Onscart.app/Stripe.bundle/stp_bank_fpx_cimb@3x.png ... 
2022-05-13 09:18:27 +0000  812 bytes for ./Payload/Onscart.app/Stripe.bundle/stp_bank_fpx_cimb@3x.png
2022-05-13 09:18:27 +0000  copying file ./Payload/Onscart.app/Stripe.bundle/zh-Hant.lproj/Localizable.strings ... 
2022-05-13 09:18:27 +0000  18020 bytes for ./Payload/Onscart.app/Stripe.bundle/zh-Hant.lproj/Localizable.strings
2022-05-13 09:18:27 +0000  copying file ./Payload/Onscart.app/Stripe.bundle/stp_bank_fpx_public_bank@3x.png ... 
2022-05-13 09:18:27 +0000  1521 bytes for ./Payload/Onscart.app/Stripe.bundle/stp_bank_fpx_public_bank@3x.png
2022-05-13 09:18:27 +0000  copying file ./Payload/Onscart.app/Stripe.bundle/bankofmelbourne@3x.png ... 
2022-05-13 09:18:27 +0000  3187 bytes for ./Payload/Onscart.app/Stripe.bundle/bankofmelbourne@3x.png
2022-05-13 09:18:27 +0000  copying file ./Payload/Onscart.app/Stripe.bundle/icon-pm-p24@3x.png ... 
2022-05-13 09:18:27 +0000  1500 bytes for ./Payload/Onscart.app/Stripe.bundle/icon-pm-p24@3x.png
2022-05-13 09:18:27 +0000  copying file ./Payload/Onscart.app/Stripe.bundle/stp_card_form_front@3x.png ... 
2022-05-13 09:18:27 +0000  7239 bytes for ./Payload/Onscart.app/Stripe.bundle/stp_card_form_front@3x.png
2022-05-13 09:18:27 +0000  copying file ./Payload/Onscart.app/Stripe.bundle/card_visa_dark@3x.png ... 
2022-05-13 09:18:27 +0000  5440 bytes for ./Payload/Onscart.app/Stripe.bundle/card_visa_dark@3x.png
2022-05-13 09:18:27 +0000  copying file ./Payload/Onscart.app/Stripe.bundle/stripe@3x.png ... 
2022-05-13 09:18:27 +0000  1232 bytes for ./Payload/Onscart.app/Stripe.bundle/stripe@3x.png
2022-05-13 09:18:27 +0000  copying file ./Payload/Onscart.app/Stripe.bundle/stp_bank_fpx_alliance_bank@3x.png ... 
2022-05-13 09:18:27 +0000  1394 bytes for ./Payload/Onscart.app/Stripe.bundle/stp_bank_fpx_alliance_bank@3x.png
2022-05-13 09:18:27 +0000  copying file ./Payload/Onscart.app/Stripe.bundle/stp_card_visa@3x.png ... 
2022-05-13 09:18:27 +0000  1174 bytes for ./Payload/Onscart.app/Stripe.bundle/stp_card_visa@3x.png
2022-05-13 09:18:27 +0000  copying file ./Payload/Onscart.app/Stripe.bundle/tk.lproj/Localizable.strings ... 
2022-05-13 09:18:27 +0000  16854 bytes for ./Payload/Onscart.app/Stripe.bundle/tk.lproj/Localizable.strings
2022-05-13 09:18:27 +0000  copying file ./Payload/Onscart.app/Stripe.bundle/ro-RO.lproj/Localizable.strings ... 
2022-05-13 09:18:27 +0000  19442 bytes for ./Payload/Onscart.app/Stripe.bundle/ro-RO.lproj/Localizable.strings
2022-05-13 09:18:27 +0000  copying file ./Payload/Onscart.app/Stripe.bundle/hu.lproj/Localizable.strings ... 
2022-05-13 09:18:27 +0000  19098 bytes for ./Payload/Onscart.app/Stripe.bundle/hu.lproj/Localizable.strings
2022-05-13 09:18:27 +0000  copying file ./Payload/Onscart.app/Stripe.bundle/card_unknown_dark@3x.png ... 
2022-05-13 09:18:27 +0000  4088 bytes for ./Payload/Onscart.app/Stripe.bundle/card_unknown_dark@3x.png
2022-05-13 09:18:27 +0000  copying file ./Payload/Onscart.app/Stripe.bundle/icon_lock@3x.png ... 
2022-05-13 09:18:27 +0000  3838 bytes for ./Payload/Onscart.app/Stripe.bundle/icon_lock@3x.png
2022-05-13 09:18:27 +0000  copying file ./Payload/Onscart.app/Stripe.bundle/stp_bank_fpx_hsbc@3x.png ... 
2022-05-13 09:18:27 +0000  1828 bytes for ./Payload/Onscart.app/Stripe.bundle/stp_bank_fpx_hsbc@3x.png
2022-05-13 09:18:27 +0000  copying file ./Payload/Onscart.app/Stripe.bundle/stp_bank_fpx_affin_bank@3x.png ... 
2022-05-13 09:18:27 +0000  2325 bytes for ./Payload/Onscart.app/Stripe.bundle/stp_bank_fpx_affin_bank@3x.png
2022-05-13 09:18:27 +0000  copying file ./Payload/Onscart.app/Stripe.bundle/stp_bank_fpx_maybank2u@3x.png ... 
2022-05-13 09:18:27 +0000  6474 bytes for ./Payload/Onscart.app/Stripe.bundle/stp_bank_fpx_maybank2u@3x.png
2022-05-13 09:18:27 +0000  copying file ./Payload/Onscart.app/Stripe.bundle/card_cvc_icon@3x.png ... 
2022-05-13 09:18:27 +0000  1105 bytes for ./Payload/Onscart.app/Stripe.bundle/card_cvc_icon@3x.png
2022-05-13 09:18:27 +0000  copying file ./Payload/Onscart.app/Stripe.bundle/card_unknown@3x.png ... 
2022-05-13 09:18:27 +0000  1260 bytes for ./Payload/Onscart.app/Stripe.bundle/card_unknown@3x.png
2022-05-13 09:18:27 +0000  copying file ./Payload/Onscart.app/Stripe.bundle/tr.lproj/Localizable.strings ... 
2022-05-13 09:18:27 +0000  18564 bytes for ./Payload/Onscart.app/Stripe.bundle/tr.lproj/Localizable.strings
2022-05-13 09:18:27 +0000  copying file ./Payload/Onscart.app/Stripe.bundle/banksa@3x.png ... 
2022-05-13 09:18:27 +0000  2704 bytes for ./Payload/Onscart.app/Stripe.bundle/banksa@3x.png
2022-05-13 09:18:27 +0000  copying file ./Payload/Onscart.app/Stripe.bundle/card_jcb@3x.png ... 
2022-05-13 09:18:27 +0000  3029 bytes for ./Payload/Onscart.app/Stripe.bundle/card_jcb@3x.png
2022-05-13 09:18:27 +0000  copying file ./Payload/Onscart.app/Stripe.bundle/et-EE.lproj/Localizable.strings ... 
2022-05-13 09:18:27 +0000  18332 bytes for ./Payload/Onscart.app/Stripe.bundle/et-EE.lproj/Localizable.strings
2022-05-13 09:18:27 +0000  copying file ./Payload/Onscart.app/Stripe.bundle/card_cvc_icon_dark@3x.png ... 
2022-05-13 09:18:27 +0000  1031 bytes for ./Payload/Onscart.app/Stripe.bundle/card_cvc_icon_dark@3x.png
2022-05-13 09:18:27 +0000  copying file ./Payload/Onscart.app/Stripe.bundle/form_error_icon_dark@3x.png ... 
2022-05-13 09:18:27 +0000  1004 bytes for ./Payload/Onscart.app/Stripe.bundle/form_error_icon_dark@3x.png
2022-05-13 09:18:27 +0000  copying file ./Payload/Onscart.app/Stripe.bundle/stp_card_applepay@3x.png ... 
2022-05-13 09:18:27 +0000  2724 bytes for ./Payload/Onscart.app/Stripe.bundle/stp_card_applepay@3x.png
2022-05-13 09:18:27 +0000  copying file ./Payload/Onscart.app/Stripe.bundle/icon-pm-afterpay_dark@3x.png ... 
2022-05-13 09:18:27 +0000  737 bytes for ./Payload/Onscart.app/Stripe.bundle/icon-pm-afterpay_dark@3x.png
2022-05-13 09:18:27 +0000  copying file ./Payload/Onscart.app/Stripe.bundle/card_cvc_amex_icon_dark@3x.png ... 
2022-05-13 09:18:27 +0000  1297 bytes for ./Payload/Onscart.app/Stripe.bundle/card_cvc_amex_icon_dark@3x.png
2022-05-13 09:18:27 +0000  copying file ./Payload/Onscart.app/Stripe.bundle/stp_card_unionpay_zh@3x.png ... 
2022-05-13 09:18:27 +0000  2901 bytes for ./Payload/Onscart.app/Stripe.bundle/stp_card_unionpay_zh@3x.png
2022-05-13 09:18:27 +0000  copying file ./Payload/Onscart.app/Stripe.bundle/icon-pm-sepa_dark@3x.png ... 
2022-05-13 09:18:27 +0000  1100 bytes for ./Payload/Onscart.app/Stripe.bundle/icon-pm-sepa_dark@3x.png
2022-05-13 09:18:27 +0000  copying file ./Payload/Onscart.app/Stripe.bundle/pt-BR.lproj/Localizable.strings ... 
2022-05-13 09:18:27 +0000  18649 bytes for ./Payload/Onscart.app/Stripe.bundle/pt-BR.lproj/Localizable.strings
2022-05-13 09:18:27 +0000  copying file ./Payload/Onscart.app/Stripe.bundle/lv-LV.lproj/Localizable.strings ... 
2022-05-13 09:18:27 +0000  18930 bytes for ./Payload/Onscart.app/Stripe.bundle/lv-LV.lproj/Localizable.strings
2022-05-13 09:18:27 +0000  copying file ./Payload/Onscart.app/Stripe.bundle/vi.lproj/Localizable.strings ... 
2022-05-13 09:18:27 +0000  19997 bytes for ./Payload/Onscart.app/Stripe.bundle/vi.lproj/Localizable.strings
2022-05-13 09:18:27 +0000  copying file ./Payload/Onscart.app/Stripe.bundle/ru.lproj/Localizable.strings ... 
2022-05-13 09:18:27 +0000  22234 bytes for ./Payload/Onscart.app/Stripe.bundle/ru.lproj/Localizable.strings
2022-05-13 09:18:27 +0000  copying file ./Payload/Onscart.app/Stripe.bundle/stp_icon_add@3x.png ... 
2022-05-13 09:18:27 +0000  224 bytes for ./Payload/Onscart.app/Stripe.bundle/stp_icon_add@3x.png
2022-05-13 09:18:27 +0000  copying file ./Payload/Onscart.app/Stripe.bundle/cs-CZ.lproj/Localizable.strings ... 
2022-05-13 09:18:27 +0000  18672 bytes for ./Payload/Onscart.app/Stripe.bundle/cs-CZ.lproj/Localizable.strings
2022-05-13 09:18:27 +0000  copying file ./Payload/Onscart.app/Stripe.bundle/stp_card_unionpay_en@3x.png ... 
2022-05-13 09:18:27 +0000  3053 bytes for ./Payload/Onscart.app/Stripe.bundle/stp_card_unionpay_en@3x.png
2022-05-13 09:18:27 +0000  copying file ./Payload/Onscart.app/Stripe.bundle/stp_bank_fpx_kfh@3x.png ... 
2022-05-13 09:18:27 +0000  4610 bytes for ./Payload/Onscart.app/Stripe.bundle/stp_bank_fpx_kfh@3x.png
2022-05-13 09:18:27 +0000  copying file ./Payload/Onscart.app/Stripe.bundle/sk-SK.lproj/Localizable.strings ... 
2022-05-13 09:18:27 +0000  19038 bytes for ./Payload/Onscart.app/Stripe.bundle/sk-SK.lproj/Localizable.strings
2022-05-13 09:18:27 +0000  copying file ./Payload/Onscart.app/Stripe.bundle/sl-SI.lproj/Localizable.strings ... 
2022-05-13 09:18:27 +0000  18969 bytes for ./Payload/Onscart.app/Stripe.bundle/sl-SI.lproj/Localizable.strings
2022-05-13 09:18:27 +0000  copying file ./Payload/Onscart.app/Stripe.bundle/icon-pm-paypal_dark@3x.png ... 
2022-05-13 09:18:27 +0000  630 bytes for ./Payload/Onscart.app/Stripe.bundle/icon-pm-paypal_dark@3x.png
2022-05-13 09:18:27 +0000  copying file ./Payload/Onscart.app/Stripe.bundle/cba@3x.png ... 
2022-05-13 09:18:27 +0000  851 bytes for ./Payload/Onscart.app/Stripe.bundle/cba@3x.png
2022-05-13 09:18:27 +0000  copying file ./Payload/Onscart.app/Stripe.bundle/icon-pm-sepa@3x.png ... 
2022-05-13 09:18:27 +0000  1939 bytes for ./Payload/Onscart.app/Stripe.bundle/icon-pm-sepa@3x.png
2022-05-13 09:18:27 +0000  copying file ./Payload/Onscart.app/Stripe.bundle/stp_card_mastercard_template@3x.png ... 
2022-05-13 09:18:27 +0000  2401 bytes for ./Payload/Onscart.app/Stripe.bundle/stp_card_mastercard_template@3x.png
2022-05-13 09:18:27 +0000  copying file ./Payload/Onscart.app/Stripe.bundle/fr.lproj/Localizable.strings ... 
2022-05-13 09:18:27 +0000  19632 bytes for ./Payload/Onscart.app/Stripe.bundle/fr.lproj/Localizable.strings
2022-05-13 09:18:27 +0000  copying file ./Payload/Onscart.app/Stripe.bundle/fi.lproj/Localizable.strings ... 
2022-05-13 09:18:27 +0000  18465 bytes for ./Payload/Onscart.app/Stripe.bundle/fi.lproj/Localizable.strings
2022-05-13 09:18:27 +0000  copying file ./Payload/Onscart.app/Stripe.bundle/stp_bank_fpx_bank_muamalat@3x.png ... 
2022-05-13 09:18:27 +0000  3913 bytes for ./Payload/Onscart.app/Stripe.bundle/stp_bank_fpx_bank_muamalat@3x.png
2022-05-13 09:18:27 +0000  copying file ./Payload/Onscart.app/Stripe.bundle/stp_bank_fpx_uob@3x.png ... 
2022-05-13 09:18:27 +0000  1086 bytes for ./Payload/Onscart.app/Stripe.bundle/stp_bank_fpx_uob@3x.png
2022-05-13 09:18:27 +0000  copying file ./Payload/Onscart.app/Stripe.bundle/id.lproj/Localizable.strings ... 
2022-05-13 09:18:27 +0000  18713 bytes for ./Payload/Onscart.app/Stripe.bundle/id.lproj/Localizable.strings
2022-05-13 09:18:27 +0000  copying file ./Payload/Onscart.app/Stripe.bundle/nl.lproj/Localizable.strings ... 
2022-05-13 09:18:27 +0000  18792 bytes for ./Payload/Onscart.app/Stripe.bundle/nl.lproj/Localizable.strings
2022-05-13 09:18:27 +0000  copying file ./Payload/Onscart.app/Stripe.bundle/stp_card_unionpay_template_zh@3x.png ... 
2022-05-13 09:18:27 +0000  1092 bytes for ./Payload/Onscart.app/Stripe.bundle/stp_card_unionpay_template_zh@3x.png
2022-05-13 09:18:27 +0000  copying file ./Payload/Onscart.app/Stripe.bundle/pl-PL.lproj/Localizable.strings ... 
2022-05-13 09:18:27 +0000  18825 bytes for ./Payload/Onscart.app/Stripe.bundle/pl-PL.lproj/Localizable.strings
2022-05-13 09:18:27 +0000  copying file ./Payload/Onscart.app/Stripe.bundle/apple_pay_mark@3x.png ... 
2022-05-13 09:18:28 +0000  10637 bytes for ./Payload/Onscart.app/Stripe.bundle/apple_pay_mark@3x.png
2022-05-13 09:18:28 +0000  copying file ./Payload/Onscart.app/Stripe.bundle/stp_card_unionpay_template_en@3x.png ... 
2022-05-13 09:18:28 +0000  1023 bytes for ./Payload/Onscart.app/Stripe.bundle/stp_card_unionpay_template_en@3x.png
2022-05-13 09:18:28 +0000  copying file ./Payload/Onscart.app/Stripe.bundle/card_discover@3x.png ... 
2022-05-13 09:18:28 +0000  3909 bytes for ./Payload/Onscart.app/Stripe.bundle/card_discover@3x.png
2022-05-13 09:18:28 +0000  copying file ./Payload/Onscart.app/Stripe.bundle/icon-pm-giropay_dark@3x.png ... 
2022-05-13 09:18:28 +0000  767 bytes for ./Payload/Onscart.app/Stripe.bundle/icon-pm-giropay_dark@3x.png
2022-05-13 09:18:28 +0000  copying file ./Payload/Onscart.app/Stripe.bundle/card_amex_dark@3x.png ... 
2022-05-13 09:18:28 +0000  5094 bytes for ./Payload/Onscart.app/Stripe.bundle/card_amex_dark@3x.png
2022-05-13 09:18:28 +0000  copying file ./Payload/Onscart.app/Stripe.bundle/afterpay_mark_dark@3x.png ... 
2022-05-13 09:18:28 +0000  3489 bytes for ./Payload/Onscart.app/Stripe.bundle/afterpay_mark_dark@3x.png
2022-05-13 09:18:28 +0000  copying file ./Payload/Onscart.app/Stripe.bundle/card_mastercard@3x.png ... 
2022-05-13 09:18:28 +0000  3151 bytes for ./Payload/Onscart.app/Stripe.bundle/card_mastercard@3x.png
2022-05-13 09:18:28 +0000  copying file ./Payload/Onscart.app/Stripe.bundle/icon_plus@3x.png ... 
2022-05-13 09:18:28 +0000  3618 bytes for ./Payload/Onscart.app/Stripe.bundle/icon_plus@3x.png
2022-05-13 09:18:28 +0000  copying file ./Payload/Onscart.app/Stripe.bundle/pt-PT.lproj/Localizable.strings ... 
2022-05-13 09:18:28 +0000  19076 bytes for ./Payload/Onscart.app/Stripe.bundle/pt-PT.lproj/Localizable.strings
2022-05-13 09:18:28 +0000  copying file ./Payload/Onscart.app/Stripe.bundle/stp_bank_fpx_ambank@3x.png ... 
2022-05-13 09:18:28 +0000  2075 bytes for ./Payload/Onscart.app/Stripe.bundle/stp_bank_fpx_ambank@3x.png
2022-05-13 09:18:28 +0000  copying file ./Payload/Onscart.app/Stripe.bundle/card_visa@3x.png ... 
2022-05-13 09:18:28 +0000  3580 bytes for ./Payload/Onscart.app/Stripe.bundle/card_visa@3x.png
2022-05-13 09:18:28 +0000  copying file ./Payload/Onscart.app/Stripe.bundle/stp_icon_checkmark@3x.png ... 
2022-05-13 09:18:28 +0000  994 bytes for ./Payload/Onscart.app/Stripe.bundle/stp_icon_checkmark@3x.png
2022-05-13 09:18:28 +0000  copying file ./Payload/Onscart.app/Stripe.bundle/icon_checkmark@3x.png ... 
2022-05-13 09:18:28 +0000  3700 bytes for ./Payload/Onscart.app/Stripe.bundle/icon_checkmark@3x.png
2022-05-13 09:18:28 +0000  copying file ./Payload/Onscart.app/Stripe.bundle/stp_card_mastercard@3x.png ... 
2022-05-13 09:18:28 +0000  1129 bytes for ./Payload/Onscart.app/Stripe.bundle/stp_card_mastercard@3x.png
2022-05-13 09:18:28 +0000  copying file ./Payload/Onscart.app/Stripe.bundle/stp_shipping_form@3x.png ... 
2022-05-13 09:18:28 +0000  12929 bytes for ./Payload/Onscart.app/Stripe.bundle/stp_shipping_form@3x.png
2022-05-13 09:18:28 +0000  copying file ./Payload/Onscart.app/Stripe.bundle/stp_bank_fpx_maybank2e@3x.png ... 
2022-05-13 09:18:28 +0000  6474 bytes for ./Payload/Onscart.app/Stripe.bundle/stp_bank_fpx_maybank2e@3x.png
2022-05-13 09:18:28 +0000  copying file ./Payload/Onscart.app/Stripe.bundle/form_error_icon@3x.png ... 
2022-05-13 09:18:28 +0000  993 bytes for ./Payload/Onscart.app/Stripe.bundle/form_error_icon@3x.png
2022-05-13 09:18:28 +0000  copying file ./Payload/Onscart.app/Stripe.bundle/Info.plist ... 
2022-05-13 09:18:28 +0000  759 bytes for ./Payload/Onscart.app/Stripe.bundle/Info.plist
2022-05-13 09:18:28 +0000  copying file ./Payload/Onscart.app/Stripe.bundle/stp_card_discover_template@3x.png ... 
2022-05-13 09:18:28 +0000  2319 bytes for ./Payload/Onscart.app/Stripe.bundle/stp_card_discover_template@3x.png
2022-05-13 09:18:28 +0000  copying file ./Payload/Onscart.app/Stripe.bundle/card_cvc_amex_icon@3x.png ... 
2022-05-13 09:18:28 +0000  1372 bytes for ./Payload/Onscart.app/Stripe.bundle/card_cvc_amex_icon@3x.png
2022-05-13 09:18:28 +0000  copying file ./Payload/Onscart.app/Stripe.bundle/stp_bank_fpx_bank_rakyat@3x.png ... 
2022-05-13 09:18:28 +0000  1988 bytes for ./Payload/Onscart.app/Stripe.bundle/stp_bank_fpx_bank_rakyat@3x.png
2022-05-13 09:18:28 +0000  copying file ./Payload/Onscart.app/Stripe.bundle/hr.lproj/Localizable.strings ... 
2022-05-13 09:18:28 +0000  18658 bytes for ./Payload/Onscart.app/Stripe.bundle/hr.lproj/Localizable.strings
2022-05-13 09:18:28 +0000  copying file ./Payload/Onscart.app/Stripe.bundle/card_unknown_icon@3x.png ... 
2022-05-13 09:18:28 +0000  498 bytes for ./Payload/Onscart.app/Stripe.bundle/card_unknown_icon@3x.png
2022-05-13 09:18:28 +0000  copying file ./Payload/Onscart.app/Stripe.bundle/clearpay_mark@3x.png ... 
2022-05-13 09:18:28 +0000  3880 bytes for ./Payload/Onscart.app/Stripe.bundle/clearpay_mark@3x.png
2022-05-13 09:18:28 +0000  copying file ./Payload/Onscart.app/Stripe.bundle/icon_chevron_left@3x.png ... 
2022-05-13 09:18:28 +0000  3677 bytes for ./Payload/Onscart.app/Stripe.bundle/icon_chevron_left@3x.png
2022-05-13 09:18:28 +0000  copying file ./Payload/Onscart.app/campton-light.ttf ... 
2022-05-13 09:18:28 +0000  56168 bytes for ./Payload/Onscart.app/campton-light.ttf
2022-05-13 09:18:28 +0000  copying file ./Payload/Onscart.app/AccessibilityResources.bundle/en.lproj/Localizable.strings ... 
2022-05-13 09:18:28 +0000  518 bytes for ./Payload/Onscart.app/AccessibilityResources.bundle/en.lproj/Localizable.strings
2022-05-13 09:18:28 +0000  copying file ./Payload/Onscart.app/AccessibilityResources.bundle/Info.plist ... 
2022-05-13 09:18:28 +0000  792 bytes for ./Payload/Onscart.app/AccessibilityResources.bundle/Info.plist
2022-05-13 09:18:28 +0000  copying file ./Payload/Onscart.app/GoogleService-Info.plist ... 
2022-05-13 09:18:28 +0000  742 bytes for ./Payload/Onscart.app/GoogleService-Info.plist
2022-05-13 09:18:28 +0000  copying file ./Payload/Onscart.app/Onscart(Production).xcconfig ... 
2022-05-13 09:18:28 +0000  305 bytes for ./Payload/Onscart.app/Onscart(Production).xcconfig
2022-05-13 09:18:28 +0000  copying file ./Payload/Onscart.app/OnscartInfo.plist ... 
2022-05-13 09:18:28 +0000  1563 bytes for ./Payload/Onscart.app/OnscartInfo.plist
2022-05-13 09:18:28 +0000  copying file ./Payload/Onscart.app/StripeCore.bundle/de.lproj/Localizable.strings ... 
2022-05-13 09:18:28 +0000  1708 bytes for ./Payload/Onscart.app/StripeCore.bundle/de.lproj/Localizable.strings
2022-05-13 09:18:28 +0000  copying file ./Payload/Onscart.app/StripeCore.bundle/lt-LT.lproj/Localizable.strings ... 
2022-05-13 09:18:28 +0000  1677 bytes for ./Payload/Onscart.app/StripeCore.bundle/lt-LT.lproj/Localizable.strings
2022-05-13 09:18:28 +0000  copying file ./Payload/Onscart.app/StripeCore.bundle/zh-Hans.lproj/Localizable.strings ... 
2022-05-13 09:18:28 +0000  1586 bytes for ./Payload/Onscart.app/StripeCore.bundle/zh-Hans.lproj/Localizable.strings
2022-05-13 09:18:28 +0000  copying file ./Payload/Onscart.app/StripeCore.bundle/ja.lproj/Localizable.strings ... 
2022-05-13 09:18:28 +0000  1975 bytes for ./Payload/Onscart.app/StripeCore.bundle/ja.lproj/Localizable.strings
2022-05-13 09:18:28 +0000  copying file ./Payload/Onscart.app/StripeCore.bundle/el-GR.lproj/Localizable.strings ... 
2022-05-13 09:18:28 +0000  2178 bytes for ./Payload/Onscart.app/StripeCore.bundle/el-GR.lproj/Localizable.strings
2022-05-13 09:18:28 +0000  copying file ./Payload/Onscart.app/StripeCore.bundle/ms-MY.lproj/Localizable.strings ... 
2022-05-13 09:18:28 +0000  1633 bytes for ./Payload/Onscart.app/StripeCore.bundle/ms-MY.lproj/Localizable.strings
2022-05-13 09:18:28 +0000  copying file ./Payload/Onscart.app/StripeCore.bundle/en.lproj/Localizable.strings ... 
2022-05-13 09:18:28 +0000  1608 bytes for ./Payload/Onscart.app/StripeCore.bundle/en.lproj/Localizable.strings
2022-05-13 09:18:28 +0000  copying file ./Payload/Onscart.app/StripeCore.bundle/zh-HK.lproj/Localizable.strings ... 
2022-05-13 09:18:28 +0000  1566 bytes for ./Payload/Onscart.app/StripeCore.bundle/zh-HK.lproj/Localizable.strings
2022-05-13 09:18:28 +0000  copying file ./Payload/Onscart.app/StripeCore.bundle/mt.lproj/Localizable.strings ... 
2022-05-13 09:18:28 +0000  1743 bytes for ./Payload/Onscart.app/StripeCore.bundle/mt.lproj/Localizable.strings
2022-05-13 09:18:28 +0000  copying file ./Payload/Onscart.app/StripeCore.bundle/nb.lproj/Localizable.strings ... 
2022-05-13 09:18:28 +0000  1607 bytes for ./Payload/Onscart.app/StripeCore.bundle/nb.lproj/Localizable.strings
2022-05-13 09:18:28 +0000  copying file ./Payload/Onscart.app/StripeCore.bundle/ca-ES.lproj/Localizable.strings ... 
2022-05-13 09:18:28 +0000  1720 bytes for ./Payload/Onscart.app/StripeCore.bundle/ca-ES.lproj/Localizable.strings
2022-05-13 09:18:28 +0000  copying file ./Payload/Onscart.app/StripeCore.bundle/en-GB.lproj/Localizable.strings ... 
2022-05-13 09:18:28 +0000  1632 bytes for ./Payload/Onscart.app/StripeCore.bundle/en-GB.lproj/Localizable.strings
2022-05-13 09:18:28 +0000  copying file ./Payload/Onscart.app/StripeCore.bundle/es.lproj/Localizable.strings ... 
2022-05-13 09:18:28 +0000  1701 bytes for ./Payload/Onscart.app/StripeCore.bundle/es.lproj/Localizable.strings
2022-05-13 09:18:28 +0000  copying file ./Payload/Onscart.app/StripeCore.bundle/da.lproj/Localizable.strings ... 
2022-05-13 09:18:28 +0000  1615 bytes for ./Payload/Onscart.app/StripeCore.bundle/da.lproj/Localizable.strings
2022-05-13 09:18:28 +0000  copying file ./Payload/Onscart.app/StripeCore.bundle/es-419.lproj/Localizable.strings ... 
2022-05-13 09:18:28 +0000  1707 bytes for ./Payload/Onscart.app/StripeCore.bundle/es-419.lproj/Localizable.strings
2022-05-13 09:18:28 +0000  copying file ./Payload/Onscart.app/StripeCore.bundle/it.lproj/Localizable.strings ... 
2022-05-13 09:18:28 +0000  1692 bytes for ./Payload/Onscart.app/StripeCore.bundle/it.lproj/Localizable.strings
2022-05-13 09:18:28 +0000  copying file ./Payload/Onscart.app/StripeCore.bundle/nn-NO.lproj/Localizable.strings ... 
2022-05-13 09:18:28 +0000  1547 bytes for ./Payload/Onscart.app/StripeCore.bundle/nn-NO.lproj/Localizable.strings
2022-05-13 09:18:28 +0000  copying file ./Payload/Onscart.app/StripeCore.bundle/fr-CA.lproj/Localizable.strings ... 
2022-05-13 09:18:28 +0000  1752 bytes for ./Payload/Onscart.app/StripeCore.bundle/fr-CA.lproj/Localizable.strings
2022-05-13 09:18:28 +0000  copying file ./Payload/Onscart.app/StripeCore.bundle/bg-BG.lproj/Localizable.strings ... 
2022-05-13 09:18:28 +0000  2125 bytes for ./Payload/Onscart.app/StripeCore.bundle/bg-BG.lproj/Localizable.strings
2022-05-13 09:18:28 +0000  copying file ./Payload/Onscart.app/StripeCore.bundle/sv.lproj/Localizable.strings ... 
2022-05-13 09:18:28 +0000  1614 bytes for ./Payload/Onscart.app/StripeCore.bundle/sv.lproj/Localizable.strings
2022-05-13 09:18:28 +0000  copying file ./Payload/Onscart.app/StripeCore.bundle/ko.lproj/Localizable.strings ... 
2022-05-13 09:18:28 +0000  1784 bytes for ./Payload/Onscart.app/StripeCore.bundle/ko.lproj/Localizable.strings
2022-05-13 09:18:28 +0000  copying file ./Payload/Onscart.app/StripeCore.bundle/fil.lproj/Localizable.strings ... 
2022-05-13 09:18:28 +0000  1714 bytes for ./Payload/Onscart.app/StripeCore.bundle/fil.lproj/Localizable.strings
2022-05-13 09:18:28 +0000  copying file ./Payload/Onscart.app/StripeCore.bundle/zh-Hant.lproj/Localizable.strings ... 
2022-05-13 09:18:28 +0000  1587 bytes for ./Payload/Onscart.app/StripeCore.bundle/zh-Hant.lproj/Localizable.strings
2022-05-13 09:18:28 +0000  copying file ./Payload/Onscart.app/StripeCore.bundle/tk.lproj/Localizable.strings ... 
2022-05-13 09:18:28 +0000  248 bytes for ./Payload/Onscart.app/StripeCore.bundle/tk.lproj/Localizable.strings
2022-05-13 09:18:28 +0000  copying file ./Payload/Onscart.app/StripeCore.bundle/ro-RO.lproj/Localizable.strings ... 
2022-05-13 09:18:28 +0000  1735 bytes for ./Payload/Onscart.app/StripeCore.bundle/ro-RO.lproj/Localizable.strings
2022-05-13 09:18:28 +0000  copying file ./Payload/Onscart.app/StripeCore.bundle/hu.lproj/Localizable.strings ... 
2022-05-13 09:18:28 +0000  1707 bytes for ./Payload/Onscart.app/StripeCore.bundle/hu.lproj/Localizable.strings
2022-05-13 09:18:28 +0000  copying file ./Payload/Onscart.app/StripeCore.bundle/tr.lproj/Localizable.strings ... 
2022-05-13 09:18:28 +0000  1645 bytes for ./Payload/Onscart.app/StripeCore.bundle/tr.lproj/Localizable.strings
2022-05-13 09:18:28 +0000  copying file ./Payload/Onscart.app/StripeCore.bundle/et-EE.lproj/Localizable.strings ... 
2022-05-13 09:18:28 +0000  1596 bytes for ./Payload/Onscart.app/StripeCore.bundle/et-EE.lproj/Localizable.strings
2022-05-13 09:18:28 +0000  copying file ./Payload/Onscart.app/StripeCore.bundle/pt-BR.lproj/Localizable.strings ... 
2022-05-13 09:18:28 +0000  1643 bytes for ./Payload/Onscart.app/StripeCore.bundle/pt-BR.lproj/Localizable.strings
2022-05-13 09:18:28 +0000  copying file ./Payload/Onscart.app/StripeCore.bundle/lv-LV.lproj/Localizable.strings ... 
2022-05-13 09:18:28 +0000  1690 bytes for ./Payload/Onscart.app/StripeCore.bundle/lv-LV.lproj/Localizable.strings
2022-05-13 09:18:28 +0000  copying file ./Payload/Onscart.app/StripeCore.bundle/vi.lproj/Localizable.strings ... 
2022-05-13 09:18:28 +0000  1680 bytes for ./Payload/Onscart.app/StripeCore.bundle/vi.lproj/Localizable.strings
2022-05-13 09:18:28 +0000  copying file ./Payload/Onscart.app/StripeCore.bundle/ru.lproj/Localizable.strings ... 
2022-05-13 09:18:28 +0000  2058 bytes for ./Payload/Onscart.app/StripeCore.bundle/ru.lproj/Localizable.strings
2022-05-13 09:18:28 +0000  copying file ./Payload/Onscart.app/StripeCore.bundle/cs-CZ.lproj/Localizable.strings ... 
2022-05-13 09:18:28 +0000  1728 bytes for ./Payload/Onscart.app/StripeCore.bundle/cs-CZ.lproj/Localizable.strings
2022-05-13 09:18:28 +0000  copying file ./Payload/Onscart.app/StripeCore.bundle/sk-SK.lproj/Localizable.strings ... 
2022-05-13 09:18:28 +0000  1720 bytes for ./Payload/Onscart.app/StripeCore.bundle/sk-SK.lproj/Localizable.strings
2022-05-13 09:18:28 +0000  copying file ./Payload/Onscart.app/StripeCore.bundle/sl-SI.lproj/Localizable.strings ... 
2022-05-13 09:18:28 +0000  1698 bytes for ./Payload/Onscart.app/StripeCore.bundle/sl-SI.lproj/Localizable.strings
2022-05-13 09:18:28 +0000  copying file ./Payload/Onscart.app/StripeCore.bundle/fr.lproj/Localizable.strings ... 
2022-05-13 09:18:28 +0000  1774 bytes for ./Payload/Onscart.app/StripeCore.bundle/fr.lproj/Localizable.strings
2022-05-13 09:18:28 +0000  copying file ./Payload/Onscart.app/StripeCore.bundle/fi.lproj/Localizable.strings ... 
2022-05-13 09:18:28 +0000  1637 bytes for ./Payload/Onscart.app/StripeCore.bundle/fi.lproj/Localizable.strings
2022-05-13 09:18:28 +0000  copying file ./Payload/Onscart.app/StripeCore.bundle/id.lproj/Localizable.strings ... 
2022-05-13 09:18:28 +0000  1649 bytes for ./Payload/Onscart.app/StripeCore.bundle/id.lproj/Localizable.strings
2022-05-13 09:18:28 +0000  copying file ./Payload/Onscart.app/StripeCore.bundle/nl.lproj/Localizable.strings ... 
2022-05-13 09:18:28 +0000  1687 bytes for ./Payload/Onscart.app/StripeCore.bundle/nl.lproj/Localizable.strings
2022-05-13 09:18:28 +0000  copying file ./Payload/Onscart.app/StripeCore.bundle/pl-PL.lproj/Localizable.strings ... 
2022-05-13 09:18:28 +0000  1736 bytes for ./Payload/Onscart.app/StripeCore.bundle/pl-PL.lproj/Localizable.strings
2022-05-13 09:18:28 +0000  copying file ./Payload/Onscart.app/StripeCore.bundle/pt-PT.lproj/Localizable.strings ... 
2022-05-13 09:18:28 +0000  1705 bytes for ./Payload/Onscart.app/StripeCore.bundle/pt-PT.lproj/Localizable.strings
2022-05-13 09:18:28 +0000  copying file ./Payload/Onscart.app/StripeCore.bundle/Info.plist ... 
2022-05-13 09:18:28 +0000  767 bytes for ./Payload/Onscart.app/StripeCore.bundle/Info.plist
2022-05-13 09:18:28 +0000  copying file ./Payload/Onscart.app/StripeCore.bundle/hr.lproj/Localizable.strings ... 
2022-05-13 09:18:28 +0000  1660 bytes for ./Payload/Onscart.app/StripeCore.bundle/hr.lproj/Localizable.strings
2022-05-13 09:18:28 +0000  copying file ./Payload/Onscart.app/campton-book.ttf ... 
2022-05-13 09:18:28 +0000  55836 bytes for ./Payload/Onscart.app/campton-book.ttf
2022-05-13 09:18:28 +0000  copying file ./Payload/Onscart.app/Onscart(Development).xcconfig ... 
2022-05-13 09:18:29 +0000  303 bytes for ./Payload/Onscart.app/Onscart(Development).xcconfig
2022-05-13 09:18:29 +0000  copying file ./Payload/Onscart.app/Assets.car ... 
2022-05-13 09:18:29 +0000  3286847 bytes for ./Payload/Onscart.app/Assets.car
2022-05-13 09:18:29 +0000  copying file ./Payload/Onscart.app/main.jsbundle ... 
2022-05-13 09:18:29 +0000  5135888 bytes for ./Payload/Onscart.app/main.jsbundle
2022-05-13 09:18:29 +0000  copying file ./Payload/Onscart.app/LaunchScreen.storyboardc/01J-lp-oVM-view-Ze5-6b-2t3.nib ... 
2022-05-13 09:18:29 +0000  2435 bytes for ./Payload/Onscart.app/LaunchScreen.storyboardc/01J-lp-oVM-view-Ze5-6b-2t3.nib
2022-05-13 09:18:29 +0000  copying file ./Payload/Onscart.app/LaunchScreen.storyboardc/UIViewController-01J-lp-oVM.nib ... 
2022-05-13 09:18:29 +0000  896 bytes for ./Payload/Onscart.app/LaunchScreen.storyboardc/UIViewController-01J-lp-oVM.nib
2022-05-13 09:18:29 +0000  copying file ./Payload/Onscart.app/LaunchScreen.storyboardc/Info.plist ... 
2022-05-13 09:18:29 +0000  258 bytes for ./Payload/Onscart.app/LaunchScreen.storyboardc/Info.plist
copying file ./Payload/Onscart.app/campton-semibold.ttf ... 
2022-05-13 09:18:29 +0000  57036 bytes for ./Payload/Onscart.app/campton-semibold.ttf
2022-05-13 09:18:29 +0000  copying file ./Payload/Onscart.app/campton-medium.ttf ... 
2022-05-13 09:18:29 +0000  56508 bytes for ./Payload/Onscart.app/campton-medium.ttf
2022-05-13 09:18:29 +0000  copying file ./Payload/Onscart.app/StripeUICore.bundle/de.lproj/Localizable.strings ... 
2022-05-13 09:18:29 +0000  2714 bytes for ./Payload/Onscart.app/StripeUICore.bundle/de.lproj/Localizable.strings
2022-05-13 09:18:29 +0000  copying file ./Payload/Onscart.app/StripeUICore.bundle/lt-LT.lproj/Localizable.strings ... 
2022-05-13 09:18:29 +0000  2769 bytes for ./Payload/Onscart.app/StripeUICore.bundle/lt-LT.lproj/Localizable.strings
2022-05-13 09:18:29 +0000  copying file ./Payload/Onscart.app/StripeUICore.bundle/zh-Hans.lproj/Localizable.strings ... 
2022-05-13 09:18:29 +0000  2666 bytes for ./Payload/Onscart.app/StripeUICore.bundle/zh-Hans.lproj/Localizable.strings
2022-05-13 09:18:29 +0000  copying file ./Payload/Onscart.app/StripeUICore.bundle/ja.lproj/Localizable.strings ... 
2022-05-13 09:18:29 +0000  2765 bytes for ./Payload/Onscart.app/StripeUICore.bundle/ja.lproj/Localizable.strings
2022-05-13 09:18:29 +0000  copying file ./Payload/Onscart.app/StripeUICore.bundle/el-GR.lproj/Localizable.strings ... 
2022-05-13 09:18:29 +0000  3131 bytes for ./Payload/Onscart.app/StripeUICore.bundle/el-GR.lproj/Localizable.strings
2022-05-13 09:18:29 +0000  copying file ./Payload/Onscart.app/StripeUICore.bundle/ms-MY.lproj/Localizable.strings ... 
2022-05-13 09:18:29 +0000  2687 bytes for ./Payload/Onscart.app/StripeUICore.bundle/ms-MY.lproj/Localizable.strings
2022-05-13 09:18:29 +0000  copying file ./Payload/Onscart.app/StripeUICore.bundle/en.lproj/Localizable.strings ... 
2022-05-13 09:18:29 +0000  2660 bytes for ./Payload/Onscart.app/StripeUICore.bundle/en.lproj/Localizable.strings
2022-05-13 09:18:29 +0000  copying file ./Payload/Onscart.app/StripeUICore.bundle/zh-HK.lproj/Localizable.strings ... 
2022-05-13 09:18:29 +0000  2673 bytes for ./Payload/Onscart.app/StripeUICore.bundle/zh-HK.lproj/Localizable.strings
2022-05-13 09:18:29 +0000  copying file ./Payload/Onscart.app/StripeUICore.bundle/mt.lproj/Localizable.strings ... 
2022-05-13 09:18:29 +0000  2754 bytes for ./Payload/Onscart.app/StripeUICore.bundle/mt.lproj/Localizable.strings
2022-05-13 09:18:29 +0000  copying file ./Payload/Onscart.app/StripeUICore.bundle/nb.lproj/Localizable.strings ... 
2022-05-13 09:18:29 +0000  2663 bytes for ./Payload/Onscart.app/StripeUICore.bundle/nb.lproj/Localizable.strings
2022-05-13 09:18:29 +0000  copying file ./Payload/Onscart.app/StripeUICore.bundle/ca-ES.lproj/Localizable.strings ... 
2022-05-13 09:18:29 +0000  2739 bytes for ./Payload/Onscart.app/StripeUICore.bundle/ca-ES.lproj/Localizable.strings
2022-05-13 09:18:29 +0000  copying file ./Payload/Onscart.app/StripeUICore.bundle/en-GB.lproj/Localizable.strings ... 
2022-05-13 09:18:29 +0000  2656 bytes for ./Payload/Onscart.app/StripeUICore.bundle/en-GB.lproj/Localizable.strings
2022-05-13 09:18:29 +0000  copying file ./Payload/Onscart.app/StripeUICore.bundle/es.lproj/Localizable.strings ... 
2022-05-13 09:18:29 +0000  2789 bytes for ./Payload/Onscart.app/StripeUICore.bundle/es.lproj/Localizable.strings
2022-05-13 09:18:29 +0000  copying file ./Payload/Onscart.app/StripeUICore.bundle/da.lproj/Localizable.strings ... 
2022-05-13 09:18:29 +0000  2674 bytes for ./Payload/Onscart.app/StripeUICore.bundle/da.lproj/Localizable.strings
2022-05-13 09:18:29 +0000  copying file ./Payload/Onscart.app/StripeUICore.bundle/es-419.lproj/Localizable.strings ... 
2022-05-13 09:18:29 +0000  2777 bytes for ./Payload/Onscart.app/StripeUICore.bundle/es-419.lproj/Localizable.strings
2022-05-13 09:18:29 +0000  copying file ./Payload/Onscart.app/StripeUICore.bundle/it.lproj/Localizable.strings ... 
2022-05-13 09:18:29 +0000  2722 bytes for ./Payload/Onscart.app/StripeUICore.bundle/it.lproj/Localizable.strings
2022-05-13 09:18:29 +0000  copying file ./Payload/Onscart.app/StripeUICore.bundle/nn-NO.lproj/Localizable.strings ... 
2022-05-13 09:18:29 +0000  2621 bytes for ./Payload/Onscart.app/StripeUICore.bundle/nn-NO.lproj/Localizable.strings
2022-05-13 09:18:29 +0000  copying file ./Payload/Onscart.app/StripeUICore.bundle/fr-CA.lproj/Localizable.strings ... 
2022-05-13 09:18:29 +0000  2740 bytes for ./Payload/Onscart.app/StripeUICore.bundle/fr-CA.lproj/Localizable.strings
2022-05-13 09:18:29 +0000  copying file ./Payload/Onscart.app/StripeUICore.bundle/bg-BG.lproj/Localizable.strings ... 
2022-05-13 09:18:29 +0000  2968 bytes for ./Payload/Onscart.app/StripeUICore.bundle/bg-BG.lproj/Localizable.strings
2022-05-13 09:18:29 +0000  copying file ./Payload/Onscart.app/StripeUICore.bundle/sv.lproj/Localizable.strings ... 
2022-05-13 09:18:29 +0000  2679 bytes for ./Payload/Onscart.app/StripeUICore.bundle/sv.lproj/Localizable.strings
2022-05-13 09:18:29 +0000  copying file ./Payload/Onscart.app/StripeUICore.bundle/ko.lproj/Localizable.strings ... 
2022-05-13 09:18:29 +0000  2714 bytes for ./Payload/Onscart.app/StripeUICore.bundle/ko.lproj/Localizable.strings
2022-05-13 09:18:29 +0000  copying file ./Payload/Onscart.app/StripeUICore.bundle/fil.lproj/Localizable.strings ... 
2022-05-13 09:18:29 +0000  2702 bytes for ./Payload/Onscart.app/StripeUICore.bundle/fil.lproj/Localizable.strings
2022-05-13 09:18:29 +0000  copying file ./Payload/Onscart.app/StripeUICore.bundle/zh-Hant.lproj/Localizable.strings ... 
2022-05-13 09:18:29 +0000  2673 bytes for ./Payload/Onscart.app/StripeUICore.bundle/zh-Hant.lproj/Localizable.strings
2022-05-13 09:18:29 +0000  copying file ./Payload/Onscart.app/StripeUICore.bundle/ro-RO.lproj/Localizable.strings ... 
2022-05-13 09:18:29 +0000  2763 bytes for ./Payload/Onscart.app/StripeUICore.bundle/ro-RO.lproj/Localizable.strings
2022-05-13 09:18:29 +0000  copying file ./Payload/Onscart.app/StripeUICore.bundle/hu.lproj/Localizable.strings ... 
2022-05-13 09:18:29 +0000  2736 bytes for ./Payload/Onscart.app/StripeUICore.bundle/hu.lproj/Localizable.strings
2022-05-13 09:18:29 +0000  copying file ./Payload/Onscart.app/StripeUICore.bundle/tr.lproj/Localizable.strings ... 
2022-05-13 09:18:29 +0000  2354 bytes for ./Payload/Onscart.app/StripeUICore.bundle/tr.lproj/Localizable.strings
2022-05-13 09:18:29 +0000  copying file ./Payload/Onscart.app/StripeUICore.bundle/et-EE.lproj/Localizable.strings ... 
2022-05-13 09:18:30 +0000  2672 bytes for ./Payload/Onscart.app/StripeUICore.bundle/et-EE.lproj/Localizable.strings
2022-05-13 09:18:30 +0000  copying file ./Payload/Onscart.app/StripeUICore.bundle/pt-BR.lproj/Localizable.strings ... 
2022-05-13 09:18:30 +0000  2736 bytes for ./Payload/Onscart.app/StripeUICore.bundle/pt-BR.lproj/Localizable.strings
2022-05-13 09:18:30 +0000  copying file ./Payload/Onscart.app/StripeUICore.bundle/lv-LV.lproj/Localizable.strings ... 
2022-05-13 09:18:30 +0000  2799 bytes for ./Payload/Onscart.app/StripeUICore.bundle/lv-LV.lproj/Localizable.strings
2022-05-13 09:18:30 +0000  copying file ./Payload/Onscart.app/StripeUICore.bundle/vi.lproj/Localizable.strings ... 
2022-05-13 09:18:30 +0000  2830 bytes for ./Payload/Onscart.app/StripeUICore.bundle/vi.lproj/Localizable.strings
2022-05-13 09:18:30 +0000  copying file ./Payload/Onscart.app/StripeUICore.bundle/ru.lproj/Localizable.strings ... 
2022-05-13 09:18:30 +0000  3104 bytes for ./Payload/Onscart.app/StripeUICore.bundle/ru.lproj/Localizable.strings
2022-05-13 09:18:30 +0000  copying file ./Payload/Onscart.app/StripeUICore.bundle/localized_address_data.json ... 
2022-05-13 09:18:30 +0000  18164 bytes for ./Payload/Onscart.app/StripeUICore.bundle/localized_address_data.json
2022-05-13 09:18:30 +0000  copying file ./Payload/Onscart.app/StripeUICore.bundle/cs-CZ.lproj/Localizable.strings ... 
2022-05-13 09:18:30 +0000  2751 bytes for ./Payload/Onscart.app/StripeUICore.bundle/cs-CZ.lproj/Localizable.strings
2022-05-13 09:18:30 +0000  copying file ./Payload/Onscart.app/StripeUICore.bundle/sk-SK.lproj/Localizable.strings ... 
2022-05-13 09:18:30 +0000  2700 bytes for ./Payload/Onscart.app/StripeUICore.bundle/sk-SK.lproj/Localizable.strings
2022-05-13 09:18:30 +0000  copying file ./Payload/Onscart.app/StripeUICore.bundle/sl-SI.lproj/Localizable.strings ... 
2022-05-13 09:18:30 +0000  2760 bytes for ./Payload/Onscart.app/StripeUICore.bundle/sl-SI.lproj/Localizable.strings
2022-05-13 09:18:30 +0000  copying file ./Payload/Onscart.app/StripeUICore.bundle/fr.lproj/Localizable.strings ... 
2022-05-13 09:18:30 +0000  2744 bytes for ./Payload/Onscart.app/StripeUICore.bundle/fr.lproj/Localizable.strings
2022-05-13 09:18:30 +0000  copying file ./Payload/Onscart.app/StripeUICore.bundle/fi.lproj/Localizable.strings ... 
2022-05-13 09:18:30 +0000  2717 bytes for ./Payload/Onscart.app/StripeUICore.bundle/fi.lproj/Localizable.strings
2022-05-13 09:18:30 +0000  copying file ./Payload/Onscart.app/StripeUICore.bundle/id.lproj/Localizable.strings ... 
2022-05-13 09:18:30 +0000  2699 bytes for ./Payload/Onscart.app/StripeUICore.bundle/id.lproj/Localizable.strings
2022-05-13 09:18:30 +0000  copying file ./Payload/Onscart.app/StripeUICore.bundle/nl.lproj/Localizable.strings ... 
2022-05-13 09:18:30 +0000  2698 bytes for ./Payload/Onscart.app/StripeUICore.bundle/nl.lproj/Localizable.strings
2022-05-13 09:18:30 +0000  copying file ./Payload/Onscart.app/StripeUICore.bundle/pl-PL.lproj/Localizable.strings ... 
2022-05-13 09:18:30 +0000  2729 bytes for ./Payload/Onscart.app/StripeUICore.bundle/pl-PL.lproj/Localizable.strings
2022-05-13 09:18:30 +0000  copying file ./Payload/Onscart.app/StripeUICore.bundle/pt-PT.lproj/Localizable.strings ... 
2022-05-13 09:18:30 +0000  2757 bytes for ./Payload/Onscart.app/StripeUICore.bundle/pt-PT.lproj/Localizable.strings
2022-05-13 09:18:30 +0000  copying file ./Payload/Onscart.app/StripeUICore.bundle/icon_chevron_down@3x.png ... 
2022-05-13 09:18:30 +0000  481 bytes for ./Payload/Onscart.app/StripeUICore.bundle/icon_chevron_down@3x.png
2022-05-13 09:18:30 +0000  copying file ./Payload/Onscart.app/StripeUICore.bundle/Info.plist ... 
2022-05-13 09:18:30 +0000  771 bytes for ./Payload/Onscart.app/StripeUICore.bundle/Info.plist
2022-05-13 09:18:30 +0000  copying file ./Payload/Onscart.app/StripeUICore.bundle/hr.lproj/Localizable.strings ... 
2022-05-13 09:18:30 +0000  2738 bytes for ./Payload/Onscart.app/StripeUICore.bundle/hr.lproj/Localizable.strings
2022-05-13 09:18:30 +0000  copying file ./Payload/Onscart.app/TOCropViewControllerBundle.bundle/de.lproj/TOCropViewControllerLocalizable.strings ... 
2022-05-13 09:18:30 +0000  189 bytes for ./Payload/Onscart.app/TOCropViewControllerBundle.bundle/de.lproj/TOCropViewControllerLocalizable.strings
2022-05-13 09:18:30 +0000  copying file ./Payload/Onscart.app/TOCropViewControllerBundle.bundle/ar.lproj/TOCropViewControllerLocalizable.strings ... 
2022-05-13 09:18:30 +0000  207 bytes for ./Payload/Onscart.app/TOCropViewControllerBundle.bundle/ar.lproj/TOCropViewControllerLocalizable.strings
2022-05-13 09:18:30 +0000  copying file ./Payload/Onscart.app/TOCropViewControllerBundle.bundle/zh-Hans.lproj/TOCropViewControllerLocalizable.strings ... 
2022-05-13 09:18:30 +0000  172 bytes for ./Payload/Onscart.app/TOCropViewControllerBundle.bundle/zh-Hans.lproj/TOCropViewControllerLocalizable.strings
2022-05-13 09:18:30 +0000  copying file ./Payload/Onscart.app/TOCropViewControllerBundle.bundle/ja.lproj/TOCropViewControllerLocalizable.strings ... 
2022-05-13 09:18:30 +0000  210 bytes for ./Payload/Onscart.app/TOCropViewControllerBundle.bundle/ja.lproj/TOCropViewControllerLocalizable.strings
2022-05-13 09:18:30 +0000  copying file ./Payload/Onscart.app/TOCropViewControllerBundle.bundle/fa.lproj/TOCropViewControllerLocalizable.strings ... 
2022-05-13 09:18:30 +0000  210 bytes for ./Payload/Onscart.app/TOCropViewControllerBundle.bundle/fa.lproj/TOCropViewControllerLocalizable.strings
2022-05-13 09:18:30 +0000  copying file ./Payload/Onscart.app/TOCropViewControllerBundle.bundle/en.lproj/TOCropViewControllerLocalizable.strings ... 
2022-05-13 09:18:30 +0000  168 bytes for ./Payload/Onscart.app/TOCropViewControllerBundle.bundle/en.lproj/TOCropViewControllerLocalizable.strings
2022-05-13 09:18:30 +0000  copying file ./Payload/Onscart.app/TOCropViewControllerBundle.bundle/es.lproj/TOCropViewControllerLocalizable.strings ... 
2022-05-13 09:18:30 +0000  179 bytes for ./Payload/Onscart.app/TOCropViewControllerBundle.bundle/es.lproj/TOCropViewControllerLocalizable.strings
2022-05-13 09:18:30 +0000  copying file ./Payload/Onscart.app/TOCropViewControllerBundle.bundle/it.lproj/TOCropViewControllerLocalizable.strings ... 
2022-05-13 09:18:30 +0000  181 bytes for ./Payload/Onscart.app/TOCropViewControllerBundle.bundle/it.lproj/TOCropViewControllerLocalizable.strings
2022-05-13 09:18:30 +0000  copying file ./Payload/Onscart.app/TOCropViewControllerBundle.bundle/sk.lproj/TOCropViewControllerLocalizable.strings ... 
2022-05-13 09:18:30 +0000  176 bytes for ./Payload/Onscart.app/TOCropViewControllerBundle.bundle/sk.lproj/TOCropViewControllerLocalizable.strings
2022-05-13 09:18:30 +0000  copying file ./Payload/Onscart.app/TOCropViewControllerBundle.bundle/ms.lproj/TOCropViewControllerLocalizable.strings ... 
2022-05-13 09:18:30 +0000  173 bytes for ./Payload/Onscart.app/TOCropViewControllerBundle.bundle/ms.lproj/TOCropViewControllerLocalizable.strings
2022-05-13 09:18:30 +0000  copying file ./Payload/Onscart.app/TOCropViewControllerBundle.bundle/cs.lproj/TOCropViewControllerLocalizable.strings ... 
2022-05-13 09:18:30 +0000  173 bytes for ./Payload/Onscart.app/TOCropViewControllerBundle.bundle/cs.lproj/TOCropViewControllerLocalizable.strings
2022-05-13 09:18:30 +0000  copying file ./Payload/Onscart.app/TOCropViewControllerBundle.bundle/ko.lproj/TOCropViewControllerLocalizable.strings ... 
2022-05-13 09:18:30 +0000  187 bytes for ./Payload/Onscart.app/TOCropViewControllerBundle.bundle/ko.lproj/TOCropViewControllerLocalizable.strings
2022-05-13 09:18:30 +0000  copying file ./Payload/Onscart.app/TOCropViewControllerBundle.bundle/Base.lproj/TOCropViewControllerLocalizable.strings ... 
2022-05-13 09:18:30 +0000  168 bytes for ./Payload/Onscart.app/TOCropViewControllerBundle.bundle/Base.lproj/TOCropViewControllerLocalizable.strings
2022-05-13 09:18:30 +0000  copying file ./Payload/Onscart.app/TOCropViewControllerBundle.bundle/zh-Hant.lproj/TOCropViewControllerLocalizable.strings ... 
2022-05-13 09:18:30 +0000  175 bytes for ./Payload/Onscart.app/TOCropViewControllerBundle.bundle/zh-Hant.lproj/TOCropViewControllerLocalizable.strings
2022-05-13 09:18:30 +0000  copying file ./Payload/Onscart.app/TOCropViewControllerBundle.bundle/fa-IR.lproj/TOCropViewControllerLocalizable.strings ... 
2022-05-13 09:18:30 +0000  210 bytes for ./Payload/Onscart.app/TOCropViewControllerBundle.bundle/fa-IR.lproj/TOCropViewControllerLocalizable.strings
2022-05-13 09:18:30 +0000  copying file ./Payload/Onscart.app/TOCropViewControllerBundle.bundle/hu.lproj/TOCropViewControllerLocalizable.strings ... 
2022-05-13 09:18:30 +0000  194 bytes for ./Payload/Onscart.app/TOCropViewControllerBundle.bundle/hu.lproj/TOCropViewControllerLocalizable.strings
2022-05-13 09:18:30 +0000  copying file ./Payload/Onscart.app/TOCropViewControllerBundle.bundle/da-DK.lproj/TOCropViewControllerLocalizable.strings ... 
2022-05-13 09:18:30 +0000  174 bytes for ./Payload/Onscart.app/TOCropViewControllerBundle.bundle/da-DK.lproj/TOCropViewControllerLocalizable.strings
2022-05-13 09:18:30 +0000  copying file ./Payload/Onscart.app/TOCropViewControllerBundle.bundle/tr.lproj/TOCropViewControllerLocalizable.strings ... 
2022-05-13 09:18:30 +0000  183 bytes for ./Payload/Onscart.app/TOCropViewControllerBundle.bundle/tr.lproj/TOCropViewControllerLocalizable.strings
2022-05-13 09:18:30 +0000  copying file ./Payload/Onscart.app/TOCropViewControllerBundle.bundle/pl.lproj/TOCropViewControllerLocalizable.strings ... 
2022-05-13 09:18:30 +0000  171 bytes for ./Payload/Onscart.app/TOCropViewControllerBundle.bundle/pl.lproj/TOCropViewControllerLocalizable.strings
2022-05-13 09:18:30 +0000  copying file ./Payload/Onscart.app/TOCropViewControllerBundle.bundle/pt-BR.lproj/TOCropViewControllerLocalizable.strings ... 
2022-05-13 09:18:30 +0000  181 bytes for ./Payload/Onscart.app/TOCropViewControllerBundle.bundle/pt-BR.lproj/TOCropViewControllerLocalizable.strings
2022-05-13 09:18:30 +0000  copying file ./Payload/Onscart.app/TOCropViewControllerBundle.bundle/vi.lproj/TOCropViewControllerLocalizable.strings ... 
2022-05-13 09:18:30 +0000  178 bytes for ./Payload/Onscart.app/TOCropViewControllerBundle.bundle/vi.lproj/TOCropViewControllerLocalizable.strings
2022-05-13 09:18:30 +0000  copying file ./Payload/Onscart.app/TOCropViewControllerBundle.bundle/ru.lproj/TOCropViewControllerLocalizable.strings ... 
2022-05-13 09:18:30 +0000  237 bytes for ./Payload/Onscart.app/TOCropViewControllerBundle.bundle/ru.lproj/TOCropViewControllerLocalizable.strings
2022-05-13 09:18:30 +0000  copying file ./Payload/Onscart.app/TOCropViewControllerBundle.bundle/fr.lproj/TOCropViewControllerLocalizable.strings ... 
2022-05-13 09:18:30 +0000  193 bytes for ./Payload/Onscart.app/TOCropViewControllerBundle.bundle/fr.lproj/TOCropViewControllerLocalizable.strings
2022-05-13 09:18:30 +0000  copying file ./Payload/Onscart.app/TOCropViewControllerBundle.bundle/fi.lproj/TOCropViewControllerLocalizable.strings ... 
2022-05-13 09:18:30 +0000  179 bytes for ./Payload/Onscart.app/TOCropViewControllerBundle.bundle/fi.lproj/TOCropViewControllerLocalizable.strings
2022-05-13 09:18:30 +0000  copying file ./Payload/Onscart.app/TOCropViewControllerBundle.bundle/id.lproj/TOCropViewControllerLocalizable.strings ... 
2022-05-13 09:18:30 +0000  178 bytes for ./Payload/Onscart.app/TOCropViewControllerBundle.bundle/id.lproj/TOCropViewControllerLocalizable.strings
2022-05-13 09:18:30 +0000  copying file ./Payload/Onscart.app/TOCropViewControllerBundle.bundle/nl.lproj/TOCropViewControllerLocalizable.strings ... 
2022-05-13 09:18:30 +0000  178 bytes for ./Payload/Onscart.app/TOCropViewControllerBundle.bundle/nl.lproj/TOCropViewControllerLocalizable.strings
2022-05-13 09:18:30 +0000  copying file ./Payload/Onscart.app/TOCropViewControllerBundle.bundle/pt.lproj/TOCropViewControllerLocalizable.strings ... 
2022-05-13 09:18:30 +0000  181 bytes for ./Payload/Onscart.app/TOCropViewControllerBundle.bundle/pt.lproj/TOCropViewControllerLocalizable.strings
2022-05-13 09:18:30 +0000  copying file ./Payload/Onscart.app/TOCropViewControllerBundle.bundle/ro.lproj/TOCropViewControllerLocalizable.strings ... 
2022-05-13 09:18:30 +0000  181 bytes for ./Payload/Onscart.app/TOCropViewControllerBundle.bundle/ro.lproj/TOCropViewControllerLocalizable.strings
2022-05-13 09:18:30 +0000  copying file ./Payload/Onscart.app/TOCropViewControllerBundle.bundle/Info.plist ... 
2022-05-13 09:18:30 +0000  751 bytes for ./Payload/Onscart.app/TOCropViewControllerBundle.bundle/Info.plist
2022-05-13 09:18:30 +0000  copying file ./Payload/Onscart.app/TOCropViewControllerBundle.bundle/ca.lproj/TOCropViewControllerLocalizable.strings ... 
2022-05-13 09:18:30 +0000  177 bytes for ./Payload/Onscart.app/TOCropViewControllerBundle.bundle/ca.lproj/TOCropViewControllerLocalizable.strings
2022-05-13 09:18:30 +0000  copying file ./Payload/Onscart.app/Frameworks/libswiftPhotos.dylib ... 
2022-05-13 09:18:30 +0000  255152 bytes for ./Payload/Onscart.app/Frameworks/libswiftPhotos.dylib
copying file ./Payload/Onscart.app/Frameworks/libswiftCoreImage.dylib ... 
2022-05-13 09:18:30 +0000  253648 bytes for ./Payload/Onscart.app/Frameworks/libswiftCoreImage.dylib
2022-05-13 09:18:30 +0000  copying file ./Payload/Onscart.app/Frameworks/Razorpay.framework/_CodeSignature/CodeResources ... 
2022-05-13 09:18:30 +0000  5030 bytes for ./Payload/Onscart.app/Frameworks/Razorpay.framework/_CodeSignature/CodeResources
2022-05-13 09:18:30 +0000  copying file ./Payload/Onscart.app/Frameworks/Razorpay.framework/Hash.txt ... 
2022-05-13 09:18:30 +0000  32 bytes for ./Payload/Onscart.app/Frameworks/Razorpay.framework/Hash.txt
2022-05-13 09:18:30 +0000  copying file ./Payload/Onscart.app/Frameworks/Razorpay.framework/EncryptedOtpelf.js ... 
2022-05-13 09:18:30 +0000  87788 bytes for ./Payload/Onscart.app/Frameworks/Razorpay.framework/EncryptedOtpelf.js
2022-05-13 09:18:30 +0000  copying file ./Payload/Onscart.app/Frameworks/Razorpay.framework/Checkout.storyboardc/UINavigationController-ODs-ga-9IN.nib/objects-11.0+.nib ... 
2022-05-13 09:18:30 +0000  2073 bytes for ./Payload/Onscart.app/Frameworks/Razorpay.framework/Checkout.storyboardc/UINavigationController-ODs-ga-9IN.nib/objects-11.0+.nib
2022-05-13 09:18:30 +0000  copying file ./Payload/Onscart.app/Frameworks/Razorpay.framework/Checkout.storyboardc/UINavigationController-ODs-ga-9IN.nib/runtime.nib ... 
2022-05-13 09:18:30 +0000  2073 bytes for ./Payload/Onscart.app/Frameworks/Razorpay.framework/Checkout.storyboardc/UINavigationController-ODs-ga-9IN.nib/runtime.nib
2022-05-13 09:18:30 +0000  copying file ./Payload/Onscart.app/Frameworks/Razorpay.framework/Checkout.storyboardc/RazorpayCheckoutVC.nib/objects-11.0+.nib ... 
2022-05-13 09:18:30 +0000  1418 bytes for ./Payload/Onscart.app/Frameworks/Razorpay.framework/Checkout.storyboardc/RazorpayCheckoutVC.nib/objects-11.0+.nib
2022-05-13 09:18:30 +0000  copying file ./Payload/Onscart.app/Frameworks/Razorpay.framework/Checkout.storyboardc/RazorpayCheckoutVC.nib/runtime.nib ... 
2022-05-13 09:18:30 +0000  1418 bytes for ./Payload/Onscart.app/Frameworks/Razorpay.framework/Checkout.storyboardc/RazorpayCheckoutVC.nib/runtime.nib
2022-05-13 09:18:30 +0000  copying file ./Payload/Onscart.app/Frameworks/Razorpay.framework/Checkout.storyboardc/RBq-mH-fUs-view-vI7-59-shd.nib/objects-11.0+.nib ... 
2022-05-13 09:18:30 +0000  2694 bytes for ./Payload/Onscart.app/Frameworks/Razorpay.framework/Checkout.storyboardc/RBq-mH-fUs-view-vI7-59-shd.nib/objects-11.0+.nib
2022-05-13 09:18:30 +0000  copying file ./Payload/Onscart.app/Frameworks/Razorpay.framework/Checkout.storyboardc/RBq-mH-fUs-view-vI7-59-shd.nib/runtime.nib ... 
2022-05-13 09:18:30 +0000  2811 bytes for ./Payload/Onscart.app/Frameworks/Razorpay.framework/Checkout.storyboardc/RBq-mH-fUs-view-vI7-59-shd.nib/runtime.nib
2022-05-13 09:18:30 +0000  copying file ./Payload/Onscart.app/Frameworks/Razorpay.framework/Checkout.storyboardc/Info.plist ... 
2022-05-13 09:18:30 +0000  333 bytes for ./Payload/Onscart.app/Frameworks/Razorpay.framework/Checkout.storyboardc/Info.plist
2022-05-13 09:18:30 +0000  copying file ./Payload/Onscart.app/Frameworks/Razorpay.framework/Razorpay ... 
2022-05-13 09:18:30 +0000  1042688 bytes for ./Payload/Onscart.app/Frameworks/Razorpay.framework/Razorpay
2022-05-13 09:18:30 +0000  copying file ./Payload/Onscart.app/Frameworks/Razorpay.framework/Info.plist ... 
2022-05-13 09:18:30 +0000  713 bytes for ./Payload/Onscart.app/Frameworks/Razorpay.framework/Info.plist
copying file ./Payload/Onscart.app/Frameworks/libswiftObjectiveC.dylib ... 
2022-05-13 09:18:30 +0000  302640 bytes for ./Payload/Onscart.app/Frameworks/libswiftObjectiveC.dylib
copying file ./Payload/Onscart.app/Frameworks/libswiftVision.dylib ... 
2022-05-13 09:18:30 +0000  254944 bytes for ./Payload/Onscart.app/Frameworks/libswiftVision.dylib
copying file ./Payload/Onscart.app/Frameworks/libswiftCore.dylib ... 
2022-05-13 09:18:31 +0000  16915040 bytes for ./Payload/Onscart.app/Frameworks/libswiftCore.dylib
2022-05-13 09:18:31 +0000  copying file ./Payload/Onscart.app/Frameworks/ChatSDK.framework/_CodeSignature/CodeResources ... 
2022-05-13 09:18:31 +0000  17346 bytes for ./Payload/Onscart.app/Frameworks/ChatSDK.framework/_CodeSignature/CodeResources
2022-05-13 09:18:31 +0000  copying file ./Payload/Onscart.app/Frameworks/ChatSDK.framework/ChatSDK ... 
2022-05-13 09:18:31 +0000  365456 bytes for ./Payload/Onscart.app/Frameworks/ChatSDK.framework/ChatSDK
2022-05-13 09:18:31 +0000  copying file ./Payload/Onscart.app/Frameworks/ChatSDK.framework/Info.plist ... 
2022-05-13 09:18:31 +0000  698 bytes for ./Payload/Onscart.app/Frameworks/ChatSDK.framework/Info.plist
copying file ./Payload/Onscart.app/Frameworks/ChatSDK.framework/ChatStrings/de.lproj/Localizable.strings ... 
2022-05-13 09:18:31 +0000  4377 bytes for ./Payload/Onscart.app/Frameworks/ChatSDK.framework/ChatStrings/de.lproj/Localizable.strings
2022-05-13 09:18:31 +0000  copying file ./Payload/Onscart.app/Frameworks/ChatSDK.framework/ChatStrings/he.lproj/Localizable.strings ... 
2022-05-13 09:18:31 +0000  4688 bytes for ./Payload/Onscart.app/Frameworks/ChatSDK.framework/ChatStrings/he.lproj/Localizable.strings
2022-05-13 09:18:31 +0000  copying file ./Payload/Onscart.app/Frameworks/ChatSDK.framework/ChatStrings/ar.lproj/Localizable.strings ... 
2022-05-13 09:18:31 +0000  4909 bytes for ./Payload/Onscart.app/Frameworks/ChatSDK.framework/ChatStrings/ar.lproj/Localizable.strings
2022-05-13 09:18:31 +0000  copying file ./Payload/Onscart.app/Frameworks/ChatSDK.framework/ChatStrings/el.lproj/Localizable.strings ... 
2022-05-13 09:18:31 +0000  6085 bytes for ./Payload/Onscart.app/Frameworks/ChatSDK.framework/ChatStrings/el.lproj/Localizable.strings
2022-05-13 09:18:31 +0000  copying file ./Payload/Onscart.app/Frameworks/ChatSDK.framework/ChatStrings/zh-Hans.lproj/Localizable.strings ... 
2022-05-13 09:18:31 +0000  4178 bytes for ./Payload/Onscart.app/Frameworks/ChatSDK.framework/ChatStrings/zh-Hans.lproj/Localizable.strings
2022-05-13 09:18:31 +0000  copying file ./Payload/Onscart.app/Frameworks/ChatSDK.framework/ChatStrings/ja.lproj/Localizable.strings ... 
2022-05-13 09:18:31 +0000  5196 bytes for ./Payload/Onscart.app/Frameworks/ChatSDK.framework/ChatStrings/ja.lproj/Localizable.strings
2022-05-13 09:18:31 +0000  copying file ./Payload/Onscart.app/Frameworks/ChatSDK.framework/ChatStrings/en.lproj/Localizable.strings ... 
2022-05-13 09:18:31 +0000  4125 bytes for ./Payload/Onscart.app/Frameworks/ChatSDK.framework/ChatStrings/en.lproj/Localizable.strings
2022-05-13 09:18:31 +0000  copying file ./Payload/Onscart.app/Frameworks/ChatSDK.framework/ChatStrings/nb.lproj/Localizable.strings ... 
2022-05-13 09:18:31 +0000  4242 bytes for ./Payload/Onscart.app/Frameworks/ChatSDK.framework/ChatStrings/nb.lproj/Localizable.strings
2022-05-13 09:18:31 +0000  copying file ./Payload/Onscart.app/Frameworks/ChatSDK.framework/ChatStrings/en-GB.lproj/Localizable.strings ... 
2022-05-13 09:18:31 +0000  4125 bytes for ./Payload/Onscart.app/Frameworks/ChatSDK.framework/ChatStrings/en-GB.lproj/Localizable.strings
2022-05-13 09:18:31 +0000  copying file ./Payload/Onscart.app/Frameworks/ChatSDK.framework/ChatStrings/es.lproj/Localizable.strings ... 
2022-05-13 09:18:31 +0000  4482 bytes for ./Payload/Onscart.app/Frameworks/ChatSDK.framework/ChatStrings/es.lproj/Localizable.strings
2022-05-13 09:18:31 +0000  copying file ./Payload/Onscart.app/Frameworks/ChatSDK.framework/ChatStrings/da.lproj/Localizable.strings ... 
2022-05-13 09:18:31 +0000  4198 bytes for ./Payload/Onscart.app/Frameworks/ChatSDK.framework/ChatStrings/da.lproj/Localizable.strings
2022-05-13 09:18:31 +0000  copying file ./Payload/Onscart.app/Frameworks/ChatSDK.framework/ChatStrings/it.lproj/Localizable.strings ... 
2022-05-13 09:18:31 +0000  4326 bytes for ./Payload/Onscart.app/Frameworks/ChatSDK.framework/ChatStrings/it.lproj/Localizable.strings
2022-05-13 09:18:31 +0000  copying file ./Payload/Onscart.app/Frameworks/ChatSDK.framework/ChatStrings/bg.lproj/Localizable.strings ... 
2022-05-13 09:18:31 +0000  5375 bytes for ./Payload/Onscart.app/Frameworks/ChatSDK.framework/ChatStrings/bg.lproj/Localizable.strings
2022-05-13 09:18:31 +0000  copying file ./Payload/Onscart.app/Frameworks/ChatSDK.framework/ChatStrings/fr-CA.lproj/Localizable.strings ... 
2022-05-13 09:18:31 +0000  4656 bytes for ./Payload/Onscart.app/Frameworks/ChatSDK.framework/ChatStrings/fr-CA.lproj/Localizable.strings
2022-05-13 09:18:31 +0000  copying file ./Payload/Onscart.app/Frameworks/ChatSDK.framework/ChatStrings/ms.lproj/Localizable.strings ... 
2022-05-13 09:18:31 +0000  4370 bytes for ./Payload/Onscart.app/Frameworks/ChatSDK.framework/ChatStrings/ms.lproj/Localizable.strings
2022-05-13 09:18:31 +0000  copying file ./Payload/Onscart.app/Frameworks/ChatSDK.framework/ChatStrings/sv.lproj/Localizable.strings ... 
2022-05-13 09:18:31 +0000  4168 bytes for ./Payload/Onscart.app/Frameworks/ChatSDK.framework/ChatStrings/sv.lproj/Localizable.strings
2022-05-13 09:18:31 +0000  copying file ./Payload/Onscart.app/Frameworks/ChatSDK.framework/ChatStrings/cs.lproj/Localizable.strings ... 
2022-05-13 09:18:31 +0000  4283 bytes for ./Payload/Onscart.app/Frameworks/ChatSDK.framework/ChatStrings/cs.lproj/Localizable.strings
2022-05-13 09:18:31 +0000  copying file ./Payload/Onscart.app/Frameworks/ChatSDK.framework/ChatStrings/ko.lproj/Localizable.strings ... 
2022-05-13 09:18:31 +0000  4668 bytes for ./Payload/Onscart.app/Frameworks/ChatSDK.framework/ChatStrings/ko.lproj/Localizable.strings
2022-05-13 09:18:31 +0000  copying file ./Payload/Onscart.app/Frameworks/ChatSDK.framework/ChatStrings/fil.lproj/Localizable.strings ... 
2022-05-13 09:18:31 +0000  4301 bytes for ./Payload/Onscart.app/Frameworks/ChatSDK.framework/ChatStrings/fil.lproj/Localizable.strings
2022-05-13 09:18:31 +0000  copying file ./Payload/Onscart.app/Frameworks/ChatSDK.framework/ChatStrings/zh-Hant.lproj/Localizable.strings ... 
2022-05-13 09:18:31 +0000  4102 bytes for ./Payload/Onscart.app/Frameworks/ChatSDK.framework/ChatStrings/zh-Hant.lproj/Localizable.strings
copying file ./Payload/Onscart.app/Frameworks/ChatSDK.framework/ChatStrings/hu.lproj/Localizable.strings ... 
2022-05-13 09:18:31 +0000  4417 bytes for ./Payload/Onscart.app/Frameworks/ChatSDK.framework/ChatStrings/hu.lproj/Localizable.strings
2022-05-13 09:18:31 +0000  copying file ./Payload/Onscart.app/Frameworks/ChatSDK.framework/ChatStrings/tr.lproj/Localizable.strings ... 
2022-05-13 09:18:31 +0000  4367 bytes for ./Payload/Onscart.app/Frameworks/ChatSDK.framework/ChatStrings/tr.lproj/Localizable.strings
2022-05-13 09:18:31 +0000  copying file ./Payload/Onscart.app/Frameworks/ChatSDK.framework/ChatStrings/pl.lproj/Localizable.strings ... 
2022-05-13 09:18:31 +0000  4308 bytes for ./Payload/Onscart.app/Frameworks/ChatSDK.framework/ChatStrings/pl.lproj/Localizable.strings
2022-05-13 09:18:31 +0000  copying file ./Payload/Onscart.app/Frameworks/ChatSDK.framework/ChatStrings/pt-BR.lproj/Localizable.strings ... 
2022-05-13 09:18:31 +0000  4251 bytes for ./Payload/Onscart.app/Frameworks/ChatSDK.framework/ChatStrings/pt-BR.lproj/Localizable.strings
2022-05-13 09:18:31 +0000  copying file ./Payload/Onscart.app/Frameworks/ChatSDK.framework/ChatStrings/vi.lproj/Localizable.strings ... 
2022-05-13 09:18:31 +0000  4953 bytes for ./Payload/Onscart.app/Frameworks/ChatSDK.framework/ChatStrings/vi.lproj/Localizable.strings
2022-05-13 09:18:31 +0000  copying file ./Payload/Onscart.app/Frameworks/ChatSDK.framework/ChatStrings/ru.lproj/Localizable.strings ... 
2022-05-13 09:18:31 +0000  5432 bytes for ./Payload/Onscart.app/Frameworks/ChatSDK.framework/ChatStrings/ru.lproj/Localizable.strings
2022-05-13 09:18:31 +0000  copying file ./Payload/Onscart.app/Frameworks/ChatSDK.framework/ChatStrings/fr.lproj/Localizable.strings ... 
2022-05-13 09:18:31 +0000  4558 bytes for ./Payload/Onscart.app/Frameworks/ChatSDK.framework/ChatStrings/fr.lproj/Localizable.strings
2022-05-13 09:18:31 +0000  copying file ./Payload/Onscart.app/Frameworks/ChatSDK.framework/ChatStrings/fi.lproj/Localizable.strings ... 
2022-05-13 09:18:31 +0000  4431 bytes for ./Payload/Onscart.app/Frameworks/ChatSDK.framework/ChatStrings/fi.lproj/Localizable.strings
2022-05-13 09:18:31 +0000  copying file ./Payload/Onscart.app/Frameworks/ChatSDK.framework/ChatStrings/id.lproj/Localizable.strings ... 
2022-05-13 09:18:31 +0000  4370 bytes for ./Payload/Onscart.app/Frameworks/ChatSDK.framework/ChatStrings/id.lproj/Localizable.strings
2022-05-13 09:18:31 +0000  copying file ./Payload/Onscart.app/Frameworks/ChatSDK.framework/ChatStrings/nl.lproj/Localizable.strings ... 
2022-05-13 09:18:31 +0000  4257 bytes for ./Payload/Onscart.app/Frameworks/ChatSDK.framework/ChatStrings/nl.lproj/Localizable.strings
2022-05-13 09:18:31 +0000  copying file ./Payload/Onscart.app/Frameworks/ChatSDK.framework/ChatStrings/th.lproj/Localizable.strings ... 
2022-05-13 09:18:31 +0000  6604 bytes for ./Payload/Onscart.app/Frameworks/ChatSDK.framework/ChatStrings/th.lproj/Localizable.strings
2022-05-13 09:18:31 +0000  copying file ./Payload/Onscart.app/Frameworks/ChatSDK.framework/ChatStrings/pt.lproj/Localizable.strings ... 
2022-05-13 09:18:31 +0000  4251 bytes for ./Payload/Onscart.app/Frameworks/ChatSDK.framework/ChatStrings/pt.lproj/Localizable.strings
2022-05-13 09:18:31 +0000  copying file ./Payload/Onscart.app/Frameworks/ChatSDK.framework/ChatStrings/ro.lproj/Localizable.strings ... 
2022-05-13 09:18:31 +0000  4619 bytes for ./Payload/Onscart.app/Frameworks/ChatSDK.framework/ChatStrings/ro.lproj/Localizable.strings
2022-05-13 09:18:31 +0000  copying file ./Payload/Onscart.app/Frameworks/ChatSDK.framework/ChatStrings/Info.plist ... 
2022-05-13 09:18:31 +0000  784 bytes for ./Payload/Onscart.app/Frameworks/ChatSDK.framework/ChatStrings/Info.plist
2022-05-13 09:18:31 +0000  copying file ./Payload/Onscart.app/Frameworks/ChatSDK.framework/ChatStrings/hi.lproj/Localizable.strings ... 
2022-05-13 09:18:31 +0000  6716 bytes for ./Payload/Onscart.app/Frameworks/ChatSDK.framework/ChatStrings/hi.lproj/Localizable.strings
2022-05-13 09:18:31 +0000  copying file ./Payload/Onscart.app/Frameworks/libswiftCoreGraphics.dylib ... 
2022-05-13 09:18:31 +0000  646848 bytes for ./Payload/Onscart.app/Frameworks/libswiftCoreGraphics.dylib
2022-05-13 09:18:31 +0000  copying file ./Payload/Onscart.app/Frameworks/libswiftUIKit.dylib ... 
2022-05-13 09:18:31 +0000  477152 bytes for ./Payload/Onscart.app/Frameworks/libswiftUIKit.dylib
2022-05-13 09:18:31 +0000  copying file ./Payload/Onscart.app/Frameworks/libswiftMetal.dylib ... 
2022-05-13 09:18:31 +0000  298096 bytes for ./Payload/Onscart.app/Frameworks/libswiftMetal.dylib
copying file ./Payload/Onscart.app/Frameworks/libswiftCoreData.dylib ... 
2022-05-13 09:18:31 +0000  354944 bytes for ./Payload/Onscart.app/Frameworks/libswiftCoreData.dylib
2022-05-13 09:18:31 +0000  copying file ./Payload/Onscart.app/Frameworks/CommonUISDK.framework/_CodeSignature/CodeResources ... 
17904 bytes for ./Payload/Onscart.app/Frameworks/CommonUISDK.framework/_CodeSignature/CodeResources
copying file ./Payload/Onscart.app/Frameworks/CommonUISDK.framework/CommonUISDK ... 
1122288 bytes for ./Payload/Onscart.app/Frameworks/CommonUISDK.framework/CommonUISDK
copying file ./Payload/Onscart.app/Frameworks/CommonUISDK.framework/CommonUIStrings/de.lproj/Localizable.strings ... 
2022-05-13 09:18:31 +0000  1804 bytes for ./Payload/Onscart.app/Frameworks/CommonUISDK.framework/CommonUIStrings/de.lproj/Localizable.strings
2022-05-13 09:18:31 +0000  copying file ./Payload/Onscart.app/Frameworks/CommonUISDK.framework/CommonUIStrings/he.lproj/Localizable.strings ... 
2022-05-13 09:18:31 +0000  1862 bytes for ./Payload/Onscart.app/Frameworks/CommonUISDK.framework/CommonUIStrings/he.lproj/Localizable.strings
2022-05-13 09:18:31 +0000  copying file ./Payload/Onscart.app/Frameworks/CommonUISDK.framework/CommonUIStrings/ar.lproj/Localizable.strings ... 
2022-05-13 09:18:31 +0000  1939 bytes for ./Payload/Onscart.app/Frameworks/CommonUISDK.framework/CommonUIStrings/ar.lproj/Localizable.strings
2022-05-13 09:18:31 +0000  copying file ./Payload/Onscart.app/Frameworks/CommonUISDK.framework/CommonUIStrings/el.lproj/Localizable.strings ... 
2022-05-13 09:18:31 +0000  2203 bytes for ./Payload/Onscart.app/Frameworks/CommonUISDK.framework/CommonUIStrings/el.lproj/Localizable.strings
2022-05-13 09:18:31 +0000  copying file ./Payload/Onscart.app/Frameworks/CommonUISDK.framework/CommonUIStrings/zh-Hans.lproj/Localizable.strings ... 
2022-05-13 09:18:31 +0000  1714 bytes for ./Payload/Onscart.app/Frameworks/CommonUISDK.framework/CommonUIStrings/zh-Hans.lproj/Localizable.strings
2022-05-13 09:18:31 +0000  copying file ./Payload/Onscart.app/Frameworks/CommonUISDK.framework/CommonUIStrings/ja.lproj/Localizable.strings ... 
2022-05-13 09:18:32 +0000  1915 bytes for ./Payload/Onscart.app/Frameworks/CommonUISDK.framework/CommonUIStrings/ja.lproj/Localizable.strings
2022-05-13 09:18:32 +0000  copying file ./Payload/Onscart.app/Frameworks/CommonUISDK.framework/CommonUIStrings/en.lproj/Localizable.strings ... 
2022-05-13 09:18:32 +0000  1668 bytes for ./Payload/Onscart.app/Frameworks/CommonUISDK.framework/CommonUIStrings/en.lproj/Localizable.strings
2022-05-13 09:18:32 +0000  copying file ./Payload/Onscart.app/Frameworks/CommonUISDK.framework/CommonUIStrings/nb.lproj/Localizable.strings ... 
2022-05-13 09:18:32 +0000  1751 bytes for ./Payload/Onscart.app/Frameworks/CommonUISDK.framework/CommonUIStrings/nb.lproj/Localizable.strings
2022-05-13 09:18:32 +0000  copying file ./Payload/Onscart.app/Frameworks/CommonUISDK.framework/CommonUIStrings/en-GB.lproj/Localizable.strings ... 
2022-05-13 09:18:32 +0000  1669 bytes for ./Payload/Onscart.app/Frameworks/CommonUISDK.framework/CommonUIStrings/en-GB.lproj/Localizable.strings
2022-05-13 09:18:32 +0000  copying file ./Payload/Onscart.app/Frameworks/CommonUISDK.framework/CommonUIStrings/es.lproj/Localizable.strings ... 
2022-05-13 09:18:32 +0000  1812 bytes for ./Payload/Onscart.app/Frameworks/CommonUISDK.framework/CommonUIStrings/es.lproj/Localizable.strings
2022-05-13 09:18:32 +0000  copying file ./Payload/Onscart.app/Frameworks/CommonUISDK.framework/CommonUIStrings/da.lproj/Localizable.strings ... 
2022-05-13 09:18:32 +0000  1764 bytes for ./Payload/Onscart.app/Frameworks/CommonUISDK.framework/CommonUIStrings/da.lproj/Localizable.strings
2022-05-13 09:18:32 +0000  copying file ./Payload/Onscart.app/Frameworks/CommonUISDK.framework/CommonUIStrings/it.lproj/Localizable.strings ... 
2022-05-13 09:18:32 +0000  1722 bytes for ./Payload/Onscart.app/Frameworks/CommonUISDK.framework/CommonUIStrings/it.lproj/Localizable.strings
2022-05-13 09:18:32 +0000  copying file ./Payload/Onscart.app/Frameworks/CommonUISDK.framework/CommonUIStrings/bg.lproj/Localizable.strings ... 
2022-05-13 09:18:32 +0000  2207 bytes for ./Payload/Onscart.app/Frameworks/CommonUISDK.framework/CommonUIStrings/bg.lproj/Localizable.strings
2022-05-13 09:18:32 +0000  copying file ./Payload/Onscart.app/Frameworks/CommonUISDK.framework/CommonUIStrings/fr-CA.lproj/Localizable.strings ... 
2022-05-13 09:18:32 +0000  1809 bytes for ./Payload/Onscart.app/Frameworks/CommonUISDK.framework/CommonUIStrings/fr-CA.lproj/Localizable.strings
2022-05-13 09:18:32 +0000  copying file ./Payload/Onscart.app/Frameworks/CommonUISDK.framework/CommonUIStrings/ms.lproj/Localizable.strings ... 
2022-05-13 09:18:32 +0000  1745 bytes for ./Payload/Onscart.app/Frameworks/CommonUISDK.framework/CommonUIStrings/ms.lproj/Localizable.strings
2022-05-13 09:18:32 +0000  copying file ./Payload/Onscart.app/Frameworks/CommonUISDK.framework/CommonUIStrings/sv.lproj/Localizable.strings ... 
2022-05-13 09:18:32 +0000  1740 bytes for ./Payload/Onscart.app/Frameworks/CommonUISDK.framework/CommonUIStrings/sv.lproj/Localizable.strings
2022-05-13 09:18:32 +0000  copying file ./Payload/Onscart.app/Frameworks/CommonUISDK.framework/CommonUIStrings/cs.lproj/Localizable.strings ... 
2022-05-13 09:18:32 +0000  1774 bytes for ./Payload/Onscart.app/Frameworks/CommonUISDK.framework/CommonUIStrings/cs.lproj/Localizable.strings
2022-05-13 09:18:32 +0000  copying file ./Payload/Onscart.app/Frameworks/CommonUISDK.framework/CommonUIStrings/ko.lproj/Localizable.strings ... 
2022-05-13 09:18:32 +0000  1856 bytes for ./Payload/Onscart.app/Frameworks/CommonUISDK.framework/CommonUIStrings/ko.lproj/Localizable.strings
2022-05-13 09:18:32 +0000  copying file ./Payload/Onscart.app/Frameworks/CommonUISDK.framework/CommonUIStrings/fil.lproj/Localizable.strings ... 
2022-05-13 09:18:32 +0000  1811 bytes for ./Payload/Onscart.app/Frameworks/CommonUISDK.framework/CommonUIStrings/fil.lproj/Localizable.strings
2022-05-13 09:18:32 +0000  copying file ./Payload/Onscart.app/Frameworks/CommonUISDK.framework/CommonUIStrings/zh-Hant.lproj/Localizable.strings ... 
2022-05-13 09:18:32 +0000  1676 bytes for ./Payload/Onscart.app/Frameworks/CommonUISDK.framework/CommonUIStrings/zh-Hant.lproj/Localizable.strings
2022-05-13 09:18:32 +0000  copying file ./Payload/Onscart.app/Frameworks/CommonUISDK.framework/CommonUIStrings/hu.lproj/Localizable.strings ... 
2022-05-13 09:18:32 +0000  1768 bytes for ./Payload/Onscart.app/Frameworks/CommonUISDK.framework/CommonUIStrings/hu.lproj/Localizable.strings
2022-05-13 09:18:32 +0000  copying file ./Payload/Onscart.app/Frameworks/CommonUISDK.framework/CommonUIStrings/tr.lproj/Localizable.strings ... 
2022-05-13 09:18:32 +0000  1733 bytes for ./Payload/Onscart.app/Frameworks/CommonUISDK.framework/CommonUIStrings/tr.lproj/Localizable.strings
2022-05-13 09:18:32 +0000  copying file ./Payload/Onscart.app/Frameworks/CommonUISDK.framework/CommonUIStrings/pl.lproj/Localizable.strings ... 
2022-05-13 09:18:32 +0000  1769 bytes for ./Payload/Onscart.app/Frameworks/CommonUISDK.framework/CommonUIStrings/pl.lproj/Localizable.strings
2022-05-13 09:18:32 +0000  copying file ./Payload/Onscart.app/Frameworks/CommonUISDK.framework/CommonUIStrings/pt-BR.lproj/Localizable.strings ... 
2022-05-13 09:18:32 +0000  1740 bytes for ./Payload/Onscart.app/Frameworks/CommonUISDK.framework/CommonUIStrings/pt-BR.lproj/Localizable.strings
2022-05-13 09:18:32 +0000  copying file ./Payload/Onscart.app/Frameworks/CommonUISDK.framework/CommonUIStrings/vi.lproj/Localizable.strings ... 
2022-05-13 09:18:32 +0000  1898 bytes for ./Payload/Onscart.app/Frameworks/CommonUISDK.framework/CommonUIStrings/vi.lproj/Localizable.strings
2022-05-13 09:18:32 +0000  copying file ./Payload/Onscart.app/Frameworks/CommonUISDK.framework/CommonUIStrings/ru.lproj/Localizable.strings ... 
2022-05-13 09:18:32 +0000  2164 bytes for ./Payload/Onscart.app/Frameworks/CommonUISDK.framework/CommonUIStrings/ru.lproj/Localizable.strings
2022-05-13 09:18:32 +0000  copying file ./Payload/Onscart.app/Frameworks/CommonUISDK.framework/CommonUIStrings/fr.lproj/Localizable.strings ... 
2022-05-13 09:18:32 +0000  1802 bytes for ./Payload/Onscart.app/Frameworks/CommonUISDK.framework/CommonUIStrings/fr.lproj/Localizable.strings
2022-05-13 09:18:32 +0000  copying file ./Payload/Onscart.app/Frameworks/CommonUISDK.framework/CommonUIStrings/fi.lproj/Localizable.strings ... 
2022-05-13 09:18:32 +0000  1783 bytes for ./Payload/Onscart.app/Frameworks/CommonUISDK.framework/CommonUIStrings/fi.lproj/Localizable.strings
2022-05-13 09:18:32 +0000  copying file ./Payload/Onscart.app/Frameworks/CommonUISDK.framework/CommonUIStrings/id.lproj/Localizable.strings ... 
2022-05-13 09:18:32 +0000  1736 bytes for ./Payload/Onscart.app/Frameworks/CommonUISDK.framework/CommonUIStrings/id.lproj/Localizable.strings
2022-05-13 09:18:32 +0000  copying file ./Payload/Onscart.app/Frameworks/CommonUISDK.framework/CommonUIStrings/nl.lproj/Localizable.strings ... 
2022-05-13 09:18:32 +0000  1779 bytes for ./Payload/Onscart.app/Frameworks/CommonUISDK.framework/CommonUIStrings/nl.lproj/Localizable.strings
2022-05-13 09:18:32 +0000  copying file ./Payload/Onscart.app/Frameworks/CommonUISDK.framework/CommonUIStrings/th.lproj/Localizable.strings ... 
2022-05-13 09:18:32 +0000  2300 bytes for ./Payload/Onscart.app/Frameworks/CommonUISDK.framework/CommonUIStrings/th.lproj/Localizable.strings
2022-05-13 09:18:32 +0000  copying file ./Payload/Onscart.app/Frameworks/CommonUISDK.framework/CommonUIStrings/pt.lproj/Localizable.strings ... 
2022-05-13 09:18:32 +0000  1740 bytes for ./Payload/Onscart.app/Frameworks/CommonUISDK.framework/CommonUIStrings/pt.lproj/Localizable.strings
2022-05-13 09:18:32 +0000  copying file ./Payload/Onscart.app/Frameworks/CommonUISDK.framework/CommonUIStrings/ro.lproj/Localizable.strings ... 
2022-05-13 09:18:32 +0000  1788 bytes for ./Payload/Onscart.app/Frameworks/CommonUISDK.framework/CommonUIStrings/ro.lproj/Localizable.strings
2022-05-13 09:18:32 +0000  copying file ./Payload/Onscart.app/Frameworks/CommonUISDK.framework/CommonUIStrings/Info.plist ... 
2022-05-13 09:18:32 +0000  763 bytes for ./Payload/Onscart.app/Frameworks/CommonUISDK.framework/CommonUIStrings/Info.plist
2022-05-13 09:18:32 +0000  copying file ./Payload/Onscart.app/Frameworks/CommonUISDK.framework/CommonUIStrings/hi.lproj/Localizable.strings ... 
2022-05-13 09:18:32 +0000  2663 bytes for ./Payload/Onscart.app/Frameworks/CommonUISDK.framework/CommonUIStrings/hi.lproj/Localizable.strings
2022-05-13 09:18:32 +0000  copying file ./Payload/Onscart.app/Frameworks/CommonUISDK.framework/Assets.car ... 
2022-05-13 09:18:32 +0000  304095 bytes for ./Payload/Onscart.app/Frameworks/CommonUISDK.framework/Assets.car
2022-05-13 09:18:32 +0000  copying file ./Payload/Onscart.app/Frameworks/CommonUISDK.framework/Info.plist ... 
711 bytes for ./Payload/Onscart.app/Frameworks/CommonUISDK.framework/Info.plist
2022-05-13 09:18:32 +0000  copying file ./Payload/Onscart.app/Frameworks/libswiftDispatch.dylib ... 
2022-05-13 09:18:32 +0000  1018912 bytes for ./Payload/Onscart.app/Frameworks/libswiftDispatch.dylib
copying file ./Payload/Onscart.app/Frameworks/libswiftos.dylib ... 
2022-05-13 09:18:32 +0000  299424 bytes for ./Payload/Onscart.app/Frameworks/libswiftos.dylib
2022-05-13 09:18:32 +0000  copying file ./Payload/Onscart.app/Frameworks/SDKConfigurations.framework/_CodeSignature/CodeResources ... 
2022-05-13 09:18:32 +0000  1798 bytes for ./Payload/Onscart.app/Frameworks/SDKConfigurations.framework/_CodeSignature/CodeResources
copying file ./Payload/Onscart.app/Frameworks/SDKConfigurations.framework/SDKConfigurations ... 
2022-05-13 09:18:32 +0000  121984 bytes for ./Payload/Onscart.app/Frameworks/SDKConfigurations.framework/SDKConfigurations
2022-05-13 09:18:32 +0000  copying file ./Payload/Onscart.app/Frameworks/SDKConfigurations.framework/Info.plist ... 
2022-05-13 09:18:32 +0000  725 bytes for ./Payload/Onscart.app/Frameworks/SDKConfigurations.framework/Info.plist
copying file ./Payload/Onscart.app/Frameworks/libswiftCoreFoundation.dylib ... 
2022-05-13 09:18:32 +0000  253792 bytes for ./Payload/Onscart.app/Frameworks/libswiftCoreFoundation.dylib
2022-05-13 09:18:32 +0000  copying file ./Payload/Onscart.app/Frameworks/RegulaCommon.framework/_CodeSignature/CodeResources ... 
2022-05-13 09:18:32 +0000  1798 bytes for ./Payload/Onscart.app/Frameworks/RegulaCommon.framework/_CodeSignature/CodeResources
copying file ./Payload/Onscart.app/Frameworks/RegulaCommon.framework/RegulaCommon ... 
2022-05-13 09:18:32 +0000  273200 bytes for ./Payload/Onscart.app/Frameworks/RegulaCommon.framework/RegulaCommon
2022-05-13 09:18:32 +0000  copying file ./Payload/Onscart.app/Frameworks/RegulaCommon.framework/Info.plist ... 
2022-05-13 09:18:32 +0000  1382 bytes for ./Payload/Onscart.app/Frameworks/RegulaCommon.framework/Info.plist
copying file ./Payload/Onscart.app/Frameworks/libswiftDarwin.dylib ... 
2022-05-13 09:18:32 +0000  369728 bytes for ./Payload/Onscart.app/Frameworks/libswiftDarwin.dylib
2022-05-13 09:18:32 +0000  copying file ./Payload/Onscart.app/Frameworks/libswiftContacts.dylib ... 
300272 bytes for ./Payload/Onscart.app/Frameworks/libswiftContacts.dylib
copying file ./Payload/Onscart.app/Frameworks/FaceSDK.framework/_CodeSignature/CodeResources ... 
17651 bytes for ./Payload/Onscart.app/Frameworks/FaceSDK.framework/_CodeSignature/CodeResources
copying file ./Payload/Onscart.app/Frameworks/FaceSDK.framework/FaceSDK ... 
511104 bytes for ./Payload/Onscart.app/Frameworks/FaceSDK.framework/FaceSDK
copying file ./Payload/Onscart.app/Frameworks/FaceSDK.framework/FaceSDK.bundle/de.lproj/FaceSDK.strings ... 
2022-05-13 09:18:32 +0000  1820 bytes for ./Payload/Onscart.app/Frameworks/FaceSDK.framework/FaceSDK.bundle/de.lproj/FaceSDK.strings
2022-05-13 09:18:32 +0000  copying file ./Payload/Onscart.app/Frameworks/FaceSDK.framework/FaceSDK.bundle/he.lproj/FaceSDK.strings ... 
2022-05-13 09:18:32 +0000  1548 bytes for ./Payload/Onscart.app/Frameworks/FaceSDK.framework/FaceSDK.bundle/he.lproj/FaceSDK.strings
2022-05-13 09:18:32 +0000  copying file ./Payload/Onscart.app/Frameworks/FaceSDK.framework/FaceSDK.bundle/ar.lproj/FaceSDK.strings ... 
2022-05-13 09:18:32 +0000  1682 bytes for ./Payload/Onscart.app/Frameworks/FaceSDK.framework/FaceSDK.bundle/ar.lproj/FaceSDK.strings
2022-05-13 09:18:32 +0000  copying file ./Payload/Onscart.app/Frameworks/FaceSDK.framework/FaceSDK.bundle/el.lproj/FaceSDK.strings ... 
2022-05-13 09:18:32 +0000  1782 bytes for ./Payload/Onscart.app/Frameworks/FaceSDK.framework/FaceSDK.bundle/el.lproj/FaceSDK.strings
2022-05-13 09:18:32 +0000  copying file ./Payload/Onscart.app/Frameworks/FaceSDK.framework/FaceSDK.bundle/zh-Hans.lproj/FaceSDK.strings ... 
2022-05-13 09:18:32 +0000  1198 bytes for ./Payload/Onscart.app/Frameworks/FaceSDK.framework/FaceSDK.bundle/zh-Hans.lproj/FaceSDK.strings
2022-05-13 09:18:32 +0000  copying file ./Payload/Onscart.app/Frameworks/FaceSDK.framework/FaceSDK.bundle/ja.lproj/FaceSDK.strings ... 
2022-05-13 09:18:32 +0000  1418 bytes for ./Payload/Onscart.app/Frameworks/FaceSDK.framework/FaceSDK.bundle/ja.lproj/FaceSDK.strings
2022-05-13 09:18:32 +0000  copying file ./Payload/Onscart.app/Frameworks/FaceSDK.framework/FaceSDK.bundle/torch-off.png ... 
2022-05-13 09:18:32 +0000  1435 bytes for ./Payload/Onscart.app/Frameworks/FaceSDK.framework/FaceSDK.bundle/torch-off.png
2022-05-13 09:18:32 +0000  copying file ./Payload/Onscart.app/Frameworks/FaceSDK.framework/FaceSDK.bundle/en.lproj/FaceSDK.strings ... 
2022-05-13 09:18:32 +0000  1664 bytes for ./Payload/Onscart.app/Frameworks/FaceSDK.framework/FaceSDK.bundle/en.lproj/FaceSDK.strings
2022-05-13 09:18:32 +0000  copying file ./Payload/Onscart.app/Frameworks/FaceSDK.framework/FaceSDK.bundle/es.lproj/FaceSDK.strings ... 
2022-05-13 09:18:32 +0000  1748 bytes for ./Payload/Onscart.app/Frameworks/FaceSDK.framework/FaceSDK.bundle/es.lproj/FaceSDK.strings
2022-05-13 09:18:32 +0000  copying file ./Payload/Onscart.app/Frameworks/FaceSDK.framework/FaceSDK.bundle/it.lproj/FaceSDK.strings ... 
2022-05-13 09:18:32 +0000  1794 bytes for ./Payload/Onscart.app/Frameworks/FaceSDK.framework/FaceSDK.bundle/it.lproj/FaceSDK.strings
2022-05-13 09:18:32 +0000  copying file ./Payload/Onscart.app/Frameworks/FaceSDK.framework/FaceSDK.bundle/ms.lproj/FaceSDK.strings ... 
2022-05-13 09:18:32 +0000  1704 bytes for ./Payload/Onscart.app/Frameworks/FaceSDK.framework/FaceSDK.bundle/ms.lproj/FaceSDK.strings
2022-05-13 09:18:32 +0000  copying file ./Payload/Onscart.app/Frameworks/FaceSDK.framework/FaceSDK.bundle/torch-on@2x.png ... 
2022-05-13 09:18:32 +0000  2416 bytes for ./Payload/Onscart.app/Frameworks/FaceSDK.framework/FaceSDK.bundle/torch-on@2x.png
2022-05-13 09:18:32 +0000  copying file ./Payload/Onscart.app/Frameworks/FaceSDK.framework/FaceSDK.bundle/torch-on@3x.png ... 
2022-05-13 09:18:32 +0000  3222 bytes for ./Payload/Onscart.app/Frameworks/FaceSDK.framework/FaceSDK.bundle/torch-on@3x.png
2022-05-13 09:18:32 +0000  copying file ./Payload/Onscart.app/Frameworks/FaceSDK.framework/FaceSDK.bundle/sv.lproj/FaceSDK.strings ... 
2022-05-13 09:18:32 +0000  1708 bytes for ./Payload/Onscart.app/Frameworks/FaceSDK.framework/FaceSDK.bundle/sv.lproj/FaceSDK.strings
2022-05-13 09:18:32 +0000  copying file ./Payload/Onscart.app/Frameworks/FaceSDK.framework/FaceSDK.bundle/cs.lproj/FaceSDK.strings ... 
2022-05-13 09:18:32 +0000  1748 bytes for ./Payload/Onscart.app/Frameworks/FaceSDK.framework/FaceSDK.bundle/cs.lproj/FaceSDK.strings
2022-05-13 09:18:32 +0000  copying file ./Payload/Onscart.app/Frameworks/FaceSDK.framework/FaceSDK.bundle/ko.lproj/FaceSDK.strings ... 
2022-05-13 09:18:32 +0000  1368 bytes for ./Payload/Onscart.app/Frameworks/FaceSDK.framework/FaceSDK.bundle/ko.lproj/FaceSDK.strings
2022-05-13 09:18:32 +0000  copying file ./Payload/Onscart.app/Frameworks/FaceSDK.framework/FaceSDK.bundle/zh-Hant.lproj/FaceSDK.strings ... 
2022-05-13 09:18:32 +0000  1198 bytes for ./Payload/Onscart.app/Frameworks/FaceSDK.framework/FaceSDK.bundle/zh-Hant.lproj/FaceSDK.strings
2022-05-13 09:18:32 +0000  copying file ./Payload/Onscart.app/Frameworks/FaceSDK.framework/FaceSDK.bundle/bn-BD.lproj/FaceSDK.strings ... 
2022-05-13 09:18:32 +0000  1732 bytes for ./Payload/Onscart.app/Frameworks/FaceSDK.framework/FaceSDK.bundle/bn-BD.lproj/FaceSDK.strings
2022-05-13 09:18:32 +0000  copying file ./Payload/Onscart.app/Frameworks/FaceSDK.framework/FaceSDK.bundle/camera-swap@3x.png ... 
2022-05-13 09:18:32 +0000  5487 bytes for ./Payload/Onscart.app/Frameworks/FaceSDK.framework/FaceSDK.bundle/camera-swap@3x.png
2022-05-13 09:18:32 +0000  copying file ./Payload/Onscart.app/Frameworks/FaceSDK.framework/FaceSDK.bundle/bn-IN.lproj/FaceSDK.strings ... 
2022-05-13 09:18:32 +0000  1732 bytes for ./Payload/Onscart.app/Frameworks/FaceSDK.framework/FaceSDK.bundle/bn-IN.lproj/FaceSDK.strings
2022-05-13 09:18:32 +0000  copying file ./Payload/Onscart.app/Frameworks/FaceSDK.framework/FaceSDK.bundle/tr.lproj/FaceSDK.strings ... 
2022-05-13 09:18:32 +0000  1712 bytes for ./Payload/Onscart.app/Frameworks/FaceSDK.framework/FaceSDK.bundle/tr.lproj/FaceSDK.strings
2022-05-13 09:18:32 +0000  copying file ./Payload/Onscart.app/Frameworks/FaceSDK.framework/FaceSDK.bundle/pl.lproj/FaceSDK.strings ... 
2022-05-13 09:18:32 +0000  1742 bytes for ./Payload/Onscart.app/Frameworks/FaceSDK.framework/FaceSDK.bundle/pl.lproj/FaceSDK.strings
2022-05-13 09:18:32 +0000  copying file ./Payload/Onscart.app/Frameworks/FaceSDK.framework/FaceSDK.bundle/torch-on.png ... 
2022-05-13 09:18:32 +0000  1346 bytes for ./Payload/Onscart.app/Frameworks/FaceSDK.framework/FaceSDK.bundle/torch-on.png
2022-05-13 09:18:32 +0000  copying file ./Payload/Onscart.app/Frameworks/FaceSDK.framework/FaceSDK.bundle/vi.lproj/FaceSDK.strings ... 
2022-05-13 09:18:32 +0000  1690 bytes for ./Payload/Onscart.app/Frameworks/FaceSDK.framework/FaceSDK.bundle/vi.lproj/FaceSDK.strings
2022-05-13 09:18:32 +0000  copying file ./Payload/Onscart.app/Frameworks/FaceSDK.framework/FaceSDK.bundle/camera-swap@2x.png ... 
2022-05-13 09:18:32 +0000  5487 bytes for ./Payload/Onscart.app/Frameworks/FaceSDK.framework/FaceSDK.bundle/camera-swap@2x.png
2022-05-13 09:18:32 +0000  copying file ./Payload/Onscart.app/Frameworks/FaceSDK.framework/FaceSDK.bundle/ru.lproj/FaceSDK.strings ... 
2022-05-13 09:18:32 +0000  1790 bytes for ./Payload/Onscart.app/Frameworks/FaceSDK.framework/FaceSDK.bundle/ru.lproj/FaceSDK.strings
2022-05-13 09:18:32 +0000  copying file ./Payload/Onscart.app/Frameworks/FaceSDK.framework/FaceSDK.bundle/fr.lproj/FaceSDK.strings ... 
2022-05-13 09:18:32 +0000  1702 bytes for ./Payload/Onscart.app/Frameworks/FaceSDK.framework/FaceSDK.bundle/fr.lproj/FaceSDK.strings
2022-05-13 09:18:32 +0000  copying file ./Payload/Onscart.app/Frameworks/FaceSDK.framework/FaceSDK.bundle/fi.lproj/FaceSDK.strings ... 
2022-05-13 09:18:32 +0000  1692 bytes for ./Payload/Onscart.app/Frameworks/FaceSDK.framework/FaceSDK.bundle/fi.lproj/FaceSDK.strings
2022-05-13 09:18:32 +0000  copying file ./Payload/Onscart.app/Frameworks/FaceSDK.framework/FaceSDK.bundle/torch-off@3x.png ... 
2022-05-13 09:18:32 +0000  3858 bytes for ./Payload/Onscart.app/Frameworks/FaceSDK.framework/FaceSDK.bundle/torch-off@3x.png
2022-05-13 09:18:32 +0000  copying file ./Payload/Onscart.app/Frameworks/FaceSDK.framework/FaceSDK.bundle/nl.lproj/FaceSDK.strings ... 
2022-05-13 09:18:32 +0000  1772 bytes for ./Payload/Onscart.app/Frameworks/FaceSDK.framework/FaceSDK.bundle/nl.lproj/FaceSDK.strings
2022-05-13 09:18:32 +0000  copying file ./Payload/Onscart.app/Frameworks/FaceSDK.framework/FaceSDK.bundle/th.lproj/FaceSDK.strings ... 
2022-05-13 09:18:32 +0000  1660 bytes for ./Payload/Onscart.app/Frameworks/FaceSDK.framework/FaceSDK.bundle/th.lproj/FaceSDK.strings
2022-05-13 09:18:32 +0000  copying file ./Payload/Onscart.app/Frameworks/FaceSDK.framework/FaceSDK.bundle/pt.lproj/FaceSDK.strings ... 
2022-05-13 09:18:32 +0000  1728 bytes for ./Payload/Onscart.app/Frameworks/FaceSDK.framework/FaceSDK.bundle/pt.lproj/FaceSDK.strings
2022-05-13 09:18:32 +0000  copying file ./Payload/Onscart.app/Frameworks/FaceSDK.framework/FaceSDK.bundle/bn.lproj/FaceSDK.strings ... 
2022-05-13 09:18:32 +0000  1732 bytes for ./Payload/Onscart.app/Frameworks/FaceSDK.framework/FaceSDK.bundle/bn.lproj/FaceSDK.strings
2022-05-13 09:18:32 +0000  copying file ./Payload/Onscart.app/Frameworks/FaceSDK.framework/FaceSDK.bundle/close@3x.png ... 
2022-05-13 09:18:32 +0000  1802 bytes for ./Payload/Onscart.app/Frameworks/FaceSDK.framework/FaceSDK.bundle/close@3x.png
2022-05-13 09:18:32 +0000  copying file ./Payload/Onscart.app/Frameworks/FaceSDK.framework/FaceSDK.bundle/close@2x.png ... 
2022-05-13 09:18:32 +0000  1350 bytes for ./Payload/Onscart.app/Frameworks/FaceSDK.framework/FaceSDK.bundle/close@2x.png
2022-05-13 09:18:32 +0000  copying file ./Payload/Onscart.app/Frameworks/FaceSDK.framework/FaceSDK.bundle/camera-swap.png ... 
2022-05-13 09:18:32 +0000  5487 bytes for ./Payload/Onscart.app/Frameworks/FaceSDK.framework/FaceSDK.bundle/camera-swap.png
2022-05-13 09:18:32 +0000  copying file ./Payload/Onscart.app/Frameworks/FaceSDK.framework/FaceSDK.bundle/torch-off@2x.png ... 
2022-05-13 09:18:32 +0000  2686 bytes for ./Payload/Onscart.app/Frameworks/FaceSDK.framework/FaceSDK.bundle/torch-off@2x.png
2022-05-13 09:18:32 +0000  copying file ./Payload/Onscart.app/Frameworks/FaceSDK.framework/FaceSDK.bundle/hi.lproj/FaceSDK.strings ... 
2022-05-13 09:18:32 +0000  1676 bytes for ./Payload/Onscart.app/Frameworks/FaceSDK.framework/FaceSDK.bundle/hi.lproj/FaceSDK.strings
2022-05-13 09:18:32 +0000  copying file ./Payload/Onscart.app/Frameworks/FaceSDK.framework/FaceSDK.bundle/close.png ... 
2022-05-13 09:18:32 +0000  799 bytes for ./Payload/Onscart.app/Frameworks/FaceSDK.framework/FaceSDK.bundle/close.png
2022-05-13 09:18:32 +0000  copying file ./Payload/Onscart.app/Frameworks/FaceSDK.framework/Info.plist ... 
2022-05-13 09:18:32 +0000  1367 bytes for ./Payload/Onscart.app/Frameworks/FaceSDK.framework/Info.plist
copying file ./Payload/Onscart.app/Frameworks/libswiftQuartzCore.dylib ... 
2022-05-13 09:18:32 +0000  256864 bytes for ./Payload/Onscart.app/Frameworks/libswiftQuartzCore.dylib
copying file ./Payload/Onscart.app/Frameworks/libswiftCoreAudio.dylib ... 
2022-05-13 09:18:33 +0000  311312 bytes for ./Payload/Onscart.app/Frameworks/libswiftCoreAudio.dylib
2022-05-13 09:18:33 +0000  copying file ./Payload/Onscart.app/Frameworks/MessagingAPI.framework/_CodeSignature/CodeResources ... 
2022-05-13 09:18:33 +0000  1798 bytes for ./Payload/Onscart.app/Frameworks/MessagingAPI.framework/_CodeSignature/CodeResources
copying file ./Payload/Onscart.app/Frameworks/MessagingAPI.framework/MessagingAPI ... 
2022-05-13 09:18:33 +0000  245712 bytes for ./Payload/Onscart.app/Frameworks/MessagingAPI.framework/MessagingAPI
2022-05-13 09:18:33 +0000  copying file ./Payload/Onscart.app/Frameworks/MessagingAPI.framework/Info.plist ... 
2022-05-13 09:18:33 +0000  713 bytes for ./Payload/Onscart.app/Frameworks/MessagingAPI.framework/Info.plist
copying file ./Payload/Onscart.app/Frameworks/libswiftAVFoundation.dylib ... 
2022-05-13 09:18:33 +0000  503456 bytes for ./Payload/Onscart.app/Frameworks/libswiftAVFoundation.dylib
2022-05-13 09:18:33 +0000  copying file ./Payload/Onscart.app/Frameworks/MessagingSDK.framework/_CodeSignature/CodeResources ... 
2022-05-13 09:18:33 +0000  18184 bytes for ./Payload/Onscart.app/Frameworks/MessagingSDK.framework/_CodeSignature/CodeResources
2022-05-13 09:18:33 +0000  copying file ./Payload/Onscart.app/Frameworks/MessagingSDK.framework/MessagingSDK ... 
2022-05-13 09:18:33 +0000  261696 bytes for ./Payload/Onscart.app/Frameworks/MessagingSDK.framework/MessagingSDK
2022-05-13 09:18:33 +0000  copying file ./Payload/Onscart.app/Frameworks/MessagingSDK.framework/Assets.car ... 
2022-05-13 09:18:33 +0000  46495 bytes for ./Payload/Onscart.app/Frameworks/MessagingSDK.framework/Assets.car
2022-05-13 09:18:33 +0000  copying file ./Payload/Onscart.app/Frameworks/MessagingSDK.framework/Info.plist ... 
713 bytes for ./Payload/Onscart.app/Frameworks/MessagingSDK.framework/Info.plist
2022-05-13 09:18:33 +0000  copying file ./Payload/Onscart.app/Frameworks/MessagingSDK.framework/MessagingSDKStrings/de.lproj/Localizable.strings ... 
2022-05-13 09:18:33 +0000  359 bytes for ./Payload/Onscart.app/Frameworks/MessagingSDK.framework/MessagingSDKStrings/de.lproj/Localizable.strings
2022-05-13 09:18:33 +0000  copying file ./Payload/Onscart.app/Frameworks/MessagingSDK.framework/MessagingSDKStrings/he.lproj/Localizable.strings ... 
2022-05-13 09:18:33 +0000  389 bytes for ./Payload/Onscart.app/Frameworks/MessagingSDK.framework/MessagingSDKStrings/he.lproj/Localizable.strings
2022-05-13 09:18:33 +0000  copying file ./Payload/Onscart.app/Frameworks/MessagingSDK.framework/MessagingSDKStrings/ar.lproj/Localizable.strings ... 
2022-05-13 09:18:33 +0000  362 bytes for ./Payload/Onscart.app/Frameworks/MessagingSDK.framework/MessagingSDKStrings/ar.lproj/Localizable.strings
2022-05-13 09:18:33 +0000  copying file ./Payload/Onscart.app/Frameworks/MessagingSDK.framework/MessagingSDKStrings/el.lproj/Localizable.strings ... 
2022-05-13 09:18:33 +0000  429 bytes for ./Payload/Onscart.app/Frameworks/MessagingSDK.framework/MessagingSDKStrings/el.lproj/Localizable.strings
2022-05-13 09:18:33 +0000  copying file ./Payload/Onscart.app/Frameworks/MessagingSDK.framework/MessagingSDKStrings/zh-Hans.lproj/Localizable.strings ... 
2022-05-13 09:18:33 +0000  335 bytes for ./Payload/Onscart.app/Frameworks/MessagingSDK.framework/MessagingSDKStrings/zh-Hans.lproj/Localizable.strings
2022-05-13 09:18:33 +0000  copying file ./Payload/Onscart.app/Frameworks/MessagingSDK.framework/MessagingSDKStrings/ja.lproj/Localizable.strings ... 
2022-05-13 09:18:33 +0000  395 bytes for ./Payload/Onscart.app/Frameworks/MessagingSDK.framework/MessagingSDKStrings/ja.lproj/Localizable.strings
2022-05-13 09:18:33 +0000  copying file ./Payload/Onscart.app/Frameworks/MessagingSDK.framework/MessagingSDKStrings/en.lproj/Localizable.strings ... 
2022-05-13 09:18:33 +0000  325 bytes for ./Payload/Onscart.app/Frameworks/MessagingSDK.framework/MessagingSDKStrings/en.lproj/Localizable.strings
2022-05-13 09:18:33 +0000  copying file ./Payload/Onscart.app/Frameworks/MessagingSDK.framework/MessagingSDKStrings/nb.lproj/Localizable.strings ... 
2022-05-13 09:18:33 +0000  334 bytes for ./Payload/Onscart.app/Frameworks/MessagingSDK.framework/MessagingSDKStrings/nb.lproj/Localizable.strings
2022-05-13 09:18:33 +0000  copying file ./Payload/Onscart.app/Frameworks/MessagingSDK.framework/MessagingSDKStrings/en-GB.lproj/Localizable.strings ... 
2022-05-13 09:18:33 +0000  325 bytes for ./Payload/Onscart.app/Frameworks/MessagingSDK.framework/MessagingSDKStrings/en-GB.lproj/Localizable.strings
2022-05-13 09:18:33 +0000  copying file ./Payload/Onscart.app/Frameworks/MessagingSDK.framework/MessagingSDKStrings/es.lproj/Localizable.strings ... 
2022-05-13 09:18:33 +0000  346 bytes for ./Payload/Onscart.app/Frameworks/MessagingSDK.framework/MessagingSDKStrings/es.lproj/Localizable.strings
2022-05-13 09:18:33 +0000  copying file ./Payload/Onscart.app/Frameworks/MessagingSDK.framework/MessagingSDKStrings/da.lproj/Localizable.strings ... 
2022-05-13 09:18:33 +0000  328 bytes for ./Payload/Onscart.app/Frameworks/MessagingSDK.framework/MessagingSDKStrings/da.lproj/Localizable.strings
2022-05-13 09:18:33 +0000  copying file ./Payload/Onscart.app/Frameworks/MessagingSDK.framework/MessagingSDKStrings/it.lproj/Localizable.strings ... 
2022-05-13 09:18:33 +0000  354 bytes for ./Payload/Onscart.app/Frameworks/MessagingSDK.framework/MessagingSDKStrings/it.lproj/Localizable.strings
2022-05-13 09:18:33 +0000  copying file ./Payload/Onscart.app/Frameworks/MessagingSDK.framework/MessagingSDKStrings/bg.lproj/Localizable.strings ... 
2022-05-13 09:18:33 +0000  394 bytes for ./Payload/Onscart.app/Frameworks/MessagingSDK.framework/MessagingSDKStrings/bg.lproj/Localizable.strings
2022-05-13 09:18:33 +0000  copying file ./Payload/Onscart.app/Frameworks/MessagingSDK.framework/MessagingSDKStrings/fr-CA.lproj/Localizable.strings ... 
2022-05-13 09:18:33 +0000  357 bytes for ./Payload/Onscart.app/Frameworks/MessagingSDK.framework/MessagingSDKStrings/fr-CA.lproj/Localizable.strings
2022-05-13 09:18:33 +0000  copying file ./Payload/Onscart.app/Frameworks/MessagingSDK.framework/MessagingSDKStrings/ms.lproj/Localizable.strings ... 
2022-05-13 09:18:33 +0000  338 bytes for ./Payload/Onscart.app/Frameworks/MessagingSDK.framework/MessagingSDKStrings/ms.lproj/Localizable.strings
2022-05-13 09:18:33 +0000  copying file ./Payload/Onscart.app/Frameworks/MessagingSDK.framework/MessagingSDKStrings/sv.lproj/Localizable.strings ... 
2022-05-13 09:18:33 +0000  345 bytes for ./Payload/Onscart.app/Frameworks/MessagingSDK.framework/MessagingSDKStrings/sv.lproj/Localizable.strings
2022-05-13 09:18:33 +0000  copying file ./Payload/Onscart.app/Frameworks/MessagingSDK.framework/MessagingSDKStrings/cs.lproj/Localizable.strings ... 
2022-05-13 09:18:33 +0000  349 bytes for ./Payload/Onscart.app/Frameworks/MessagingSDK.framework/MessagingSDKStrings/cs.lproj/Localizable.strings
2022-05-13 09:18:33 +0000  copying file ./Payload/Onscart.app/Frameworks/MessagingSDK.framework/MessagingSDKStrings/ko.lproj/Localizable.strings ... 
2022-05-13 09:18:33 +0000  382 bytes for ./Payload/Onscart.app/Frameworks/MessagingSDK.framework/MessagingSDKStrings/ko.lproj/Localizable.strings
2022-05-13 09:18:33 +0000  copying file ./Payload/Onscart.app/Frameworks/MessagingSDK.framework/MessagingSDKStrings/fil.lproj/Localizable.strings ... 
2022-05-13 09:18:33 +0000  351 bytes for ./Payload/Onscart.app/Frameworks/MessagingSDK.framework/MessagingSDKStrings/fil.lproj/Localizable.strings
2022-05-13 09:18:33 +0000  copying file ./Payload/Onscart.app/Frameworks/MessagingSDK.framework/MessagingSDKStrings/zh-Hant.lproj/Localizable.strings ... 
2022-05-13 09:18:33 +0000  331 bytes for ./Payload/Onscart.app/Frameworks/MessagingSDK.framework/MessagingSDKStrings/zh-Hant.lproj/Localizable.strings
2022-05-13 09:18:33 +0000  copying file ./Payload/Onscart.app/Frameworks/MessagingSDK.framework/MessagingSDKStrings/hu.lproj/Localizable.strings ... 
2022-05-13 09:18:33 +0000  375 bytes for ./Payload/Onscart.app/Frameworks/MessagingSDK.framework/MessagingSDKStrings/hu.lproj/Localizable.strings
2022-05-13 09:18:33 +0000  copying file ./Payload/Onscart.app/Frameworks/MessagingSDK.framework/MessagingSDKStrings/tr.lproj/Localizable.strings ... 
2022-05-13 09:18:33 +0000  341 bytes for ./Payload/Onscart.app/Frameworks/MessagingSDK.framework/MessagingSDKStrings/tr.lproj/Localizable.strings
2022-05-13 09:18:33 +0000  copying file ./Payload/Onscart.app/Frameworks/MessagingSDK.framework/MessagingSDKStrings/pl.lproj/Localizable.strings ... 
2022-05-13 09:18:33 +0000  359 bytes for ./Payload/Onscart.app/Frameworks/MessagingSDK.framework/MessagingSDKStrings/pl.lproj/Localizable.strings
2022-05-13 09:18:33 +0000  copying file ./Payload/Onscart.app/Frameworks/MessagingSDK.framework/MessagingSDKStrings/pt-BR.lproj/Localizable.strings ... 
2022-05-13 09:18:33 +0000  330 bytes for ./Payload/Onscart.app/Frameworks/MessagingSDK.framework/MessagingSDKStrings/pt-BR.lproj/Localizable.strings
2022-05-13 09:18:33 +0000  copying file ./Payload/Onscart.app/Frameworks/MessagingSDK.framework/MessagingSDKStrings/vi.lproj/Localizable.strings ... 
2022-05-13 09:18:33 +0000  367 bytes for ./Payload/Onscart.app/Frameworks/MessagingSDK.framework/MessagingSDKStrings/vi.lproj/Localizable.strings
2022-05-13 09:18:33 +0000  copying file ./Payload/Onscart.app/Frameworks/MessagingSDK.framework/MessagingSDKStrings/ru.lproj/Localizable.strings ... 
2022-05-13 09:18:33 +0000  445 bytes for ./Payload/Onscart.app/Frameworks/MessagingSDK.framework/MessagingSDKStrings/ru.lproj/Localizable.strings
2022-05-13 09:18:33 +0000  copying file ./Payload/Onscart.app/Frameworks/MessagingSDK.framework/MessagingSDKStrings/fr.lproj/Localizable.strings ... 
2022-05-13 09:18:33 +0000  357 bytes for ./Payload/Onscart.app/Frameworks/MessagingSDK.framework/MessagingSDKStrings/fr.lproj/Localizable.strings
2022-05-13 09:18:33 +0000  copying file ./Payload/Onscart.app/Frameworks/MessagingSDK.framework/MessagingSDKStrings/fi.lproj/Localizable.strings ... 
2022-05-13 09:18:33 +0000  350 bytes for ./Payload/Onscart.app/Frameworks/MessagingSDK.framework/MessagingSDKStrings/fi.lproj/Localizable.strings
2022-05-13 09:18:33 +0000  copying file ./Payload/Onscart.app/Frameworks/MessagingSDK.framework/MessagingSDKStrings/id.lproj/Localizable.strings ... 
2022-05-13 09:18:33 +0000  331 bytes for ./Payload/Onscart.app/Frameworks/MessagingSDK.framework/MessagingSDKStrings/id.lproj/Localizable.strings
2022-05-13 09:18:33 +0000  copying file ./Payload/Onscart.app/Frameworks/MessagingSDK.framework/MessagingSDKStrings/nl.lproj/Localizable.strings ... 
2022-05-13 09:18:33 +0000  358 bytes for ./Payload/Onscart.app/Frameworks/MessagingSDK.framework/MessagingSDKStrings/nl.lproj/Localizable.strings
2022-05-13 09:18:33 +0000  copying file ./Payload/Onscart.app/Frameworks/MessagingSDK.framework/MessagingSDKStrings/th.lproj/Localizable.strings ... 
2022-05-13 09:18:33 +0000  430 bytes for ./Payload/Onscart.app/Frameworks/MessagingSDK.framework/MessagingSDKStrings/th.lproj/Localizable.strings
2022-05-13 09:18:33 +0000  copying file ./Payload/Onscart.app/Frameworks/MessagingSDK.framework/MessagingSDKStrings/pt.lproj/Localizable.strings ... 
2022-05-13 09:18:33 +0000  330 bytes for ./Payload/Onscart.app/Frameworks/MessagingSDK.framework/MessagingSDKStrings/pt.lproj/Localizable.strings
2022-05-13 09:18:33 +0000  copying file ./Payload/Onscart.app/Frameworks/MessagingSDK.framework/MessagingSDKStrings/ro.lproj/Localizable.strings ... 
2022-05-13 09:18:33 +0000  346 bytes for ./Payload/Onscart.app/Frameworks/MessagingSDK.framework/MessagingSDKStrings/ro.lproj/Localizable.strings
2022-05-13 09:18:33 +0000  copying file ./Payload/Onscart.app/Frameworks/MessagingSDK.framework/MessagingSDKStrings/Info.plist ... 
2022-05-13 09:18:33 +0000  784 bytes for ./Payload/Onscart.app/Frameworks/MessagingSDK.framework/MessagingSDKStrings/Info.plist
2022-05-13 09:18:33 +0000  copying file ./Payload/Onscart.app/Frameworks/MessagingSDK.framework/MessagingSDKStrings/hi.lproj/Localizable.strings ... 
2022-05-13 09:18:33 +0000  423 bytes for ./Payload/Onscart.app/Frameworks/MessagingSDK.framework/MessagingSDKStrings/hi.lproj/Localizable.strings
2022-05-13 09:18:33 +0000  copying file ./Payload/Onscart.app/Frameworks/ChatProvidersSDK.framework/_CodeSignature/CodeResources ... 
2022-05-13 09:18:33 +0000  1798 bytes for ./Payload/Onscart.app/Frameworks/ChatProvidersSDK.framework/_CodeSignature/CodeResources
copying file ./Payload/Onscart.app/Frameworks/ChatProvidersSDK.framework/ChatProvidersSDK ... 
2022-05-13 09:18:33 +0000  1970944 bytes for ./Payload/Onscart.app/Frameworks/ChatProvidersSDK.framework/ChatProvidersSDK
2022-05-13 09:18:33 +0000  copying file ./Payload/Onscart.app/Frameworks/ChatProvidersSDK.framework/Info.plist ... 
723 bytes for ./Payload/Onscart.app/Frameworks/ChatProvidersSDK.framework/Info.plist
copying file ./Payload/Onscart.app/Frameworks/libswiftFoundation.dylib ... 
2022-05-13 09:18:33 +0000  8479552 bytes for ./Payload/Onscart.app/Frameworks/libswiftFoundation.dylib
2022-05-13 09:18:33 +0000  copying file ./Payload/Onscart.app/Frameworks/libswiftCoreMedia.dylib ... 
302656 bytes for ./Payload/Onscart.app/Frameworks/libswiftCoreMedia.dylib
copying file ./Payload/Onscart.app/Frameworks/libswiftCoreLocation.dylib ... 
304112 bytes for ./Payload/Onscart.app/Frameworks/libswiftCoreLocation.dylib
copying file ./Payload/Onscart.app/Frameworks/libswiftsimd.dylib ... 
1013296 bytes for ./Payload/Onscart.app/Frameworks/libswiftsimd.dylib
copying file ./Payload/Onscart.app/embedded.mobileprovision ... 
2022-05-13 09:18:33 +0000  12166 bytes for ./Payload/Onscart.app/embedded.mobileprovision
2022-05-13 09:18:33 +0000  copying file ./Payload/Onscart.app/assets/node_modules/react-native/Libraries/NewAppScreen/components/logo.png ... 
2022-05-13 09:18:33 +0000  24031 bytes for ./Payload/Onscart.app/assets/node_modules/react-native/Libraries/NewAppScreen/components/logo.png
2022-05-13 09:18:33 +0000  copying file ./Payload/Onscart.app/assets/node_modules/@react-navigation/drawer/src/views/assets/toggle-drawer-icon@3x.png ... 
2022-05-13 09:18:33 +0000  212 bytes for ./Payload/Onscart.app/assets/node_modules/@react-navigation/drawer/src/views/assets/toggle-drawer-icon@3x.png
2022-05-13 09:18:33 +0000  copying file ./Payload/Onscart.app/assets/node_modules/@react-navigation/drawer/src/views/assets/toggle-drawer-icon@2x.png ... 
2022-05-13 09:18:33 +0000  163 bytes for ./Payload/Onscart.app/assets/node_modules/@react-navigation/drawer/src/views/assets/toggle-drawer-icon@2x.png
2022-05-13 09:18:33 +0000  copying file ./Payload/Onscart.app/assets/node_modules/@react-navigation/drawer/src/views/assets/toggle-drawer-icon.png ... 
2022-05-13 09:18:33 +0000  108 bytes for ./Payload/Onscart.app/assets/node_modules/@react-navigation/drawer/src/views/assets/toggle-drawer-icon.png
2022-05-13 09:18:33 +0000  copying file ./Payload/Onscart.app/assets/node_modules/@react-navigation/elements/src/assets/back-icon@3x.png ... 
2022-05-13 09:18:33 +0000  761 bytes for ./Payload/Onscart.app/assets/node_modules/@react-navigation/elements/src/assets/back-icon@3x.png
2022-05-13 09:18:33 +0000  copying file ./Payload/Onscart.app/assets/node_modules/@react-navigation/elements/src/assets/back-icon@2x.png ... 
2022-05-13 09:18:33 +0000  405 bytes for ./Payload/Onscart.app/assets/node_modules/@react-navigation/elements/src/assets/back-icon@2x.png
2022-05-13 09:18:33 +0000  copying file ./Payload/Onscart.app/assets/node_modules/@react-navigation/elements/src/assets/back-icon.png ... 
2022-05-13 09:18:33 +0000  290 bytes for ./Payload/Onscart.app/assets/node_modules/@react-navigation/elements/src/assets/back-icon.png
2022-05-13 09:18:33 +0000  copying file ./Payload/Onscart.app/assets/node_modules/@react-navigation/elements/src/assets/back-icon-mask.png ... 
2022-05-13 09:18:33 +0000  913 bytes for ./Payload/Onscart.app/assets/node_modules/@react-navigation/elements/src/assets/back-icon-mask.png
2022-05-13 09:18:33 +0000  copying file ./Payload/Onscart.app/assets/node_modules/react-native-dropdown-picker/src/themes/light/icons/tick.png ... 
2022-05-13 09:18:34 +0000  1214 bytes for ./Payload/Onscart.app/assets/node_modules/react-native-dropdown-picker/src/themes/light/icons/tick.png
2022-05-13 09:18:34 +0000  copying file ./Payload/Onscart.app/assets/node_modules/react-native-dropdown-picker/src/themes/light/icons/arrow-down.png ... 
2022-05-13 09:18:34 +0000  522 bytes for ./Payload/Onscart.app/assets/node_modules/react-native-dropdown-picker/src/themes/light/icons/arrow-down.png
2022-05-13 09:18:34 +0000  copying file ./Payload/Onscart.app/assets/node_modules/react-native-dropdown-picker/src/themes/light/icons/arrow-up.png ... 
2022-05-13 09:18:34 +0000  807 bytes for ./Payload/Onscart.app/assets/node_modules/react-native-dropdown-picker/src/themes/light/icons/arrow-up.png
2022-05-13 09:18:34 +0000  copying file ./Payload/Onscart.app/assets/node_modules/react-native-dropdown-picker/src/themes/light/icons/close.png ... 
2022-05-13 09:18:34 +0000  338 bytes for ./Payload/Onscart.app/assets/node_modules/react-native-dropdown-picker/src/themes/light/icons/close.png
2022-05-13 09:18:34 +0000  copying file ./Payload/Onscart.app/assets/node_modules/react-native-dropdown-picker/src/themes/dark/icons/tick.png ... 
2022-05-13 09:18:34 +0000  15772 bytes for ./Payload/Onscart.app/assets/node_modules/react-native-dropdown-picker/src/themes/dark/icons/tick.png
2022-05-13 09:18:34 +0000  copying file ./Payload/Onscart.app/assets/node_modules/react-native-dropdown-picker/src/themes/dark/icons/arrow-down.png ... 
2022-05-13 09:18:34 +0000  15367 bytes for ./Payload/Onscart.app/assets/node_modules/react-native-dropdown-picker/src/themes/dark/icons/arrow-down.png
2022-05-13 09:18:34 +0000  copying file ./Payload/Onscart.app/assets/node_modules/react-native-dropdown-picker/src/themes/dark/icons/arrow-up.png ... 
2022-05-13 09:18:34 +0000  15500 bytes for ./Payload/Onscart.app/assets/node_modules/react-native-dropdown-picker/src/themes/dark/icons/arrow-up.png
2022-05-13 09:18:34 +0000  copying file ./Payload/Onscart.app/assets/node_modules/react-native-dropdown-picker/src/themes/dark/icons/close.png ... 
2022-05-13 09:18:34 +0000  15449 bytes for ./Payload/Onscart.app/assets/node_modules/react-native-dropdown-picker/src/themes/dark/icons/close.png
2022-05-13 09:18:34 +0000  copying file ./Payload/Onscart.app/assets/node_modules/react-native-flash-message/src/icons/fm_icon_danger@3x.png ... 
2022-05-13 09:18:34 +0000  985 bytes for ./Payload/Onscart.app/assets/node_modules/react-native-flash-message/src/icons/fm_icon_danger@3x.png
2022-05-13 09:18:34 +0000  copying file ./Payload/Onscart.app/assets/node_modules/react-native-flash-message/src/icons/fm_icon_success@2x.png ... 
2022-05-13 09:18:34 +0000  626 bytes for ./Payload/Onscart.app/assets/node_modules/react-native-flash-message/src/icons/fm_icon_success@2x.png
copying file ./Payload/Onscart.app/assets/node_modules/react-native-flash-message/src/icons/fm_icon_info.png ... 
2022-05-13 09:18:34 +0000  275 bytes for ./Payload/Onscart.app/assets/node_modules/react-native-flash-message/src/icons/fm_icon_info.png
2022-05-13 09:18:34 +0000  copying file ./Payload/Onscart.app/assets/node_modules/react-native-flash-message/src/icons/fm_icon_warning@2x.png ... 
2022-05-13 09:18:34 +0000  547 bytes for ./Payload/Onscart.app/assets/node_modules/react-native-flash-message/src/icons/fm_icon_warning@2x.png
2022-05-13 09:18:34 +0000  copying file ./Payload/Onscart.app/assets/node_modules/react-native-flash-message/src/icons/fm_icon_warning@3x.png ... 
2022-05-13 09:18:34 +0000  712 bytes for ./Payload/Onscart.app/assets/node_modules/react-native-flash-message/src/icons/fm_icon_warning@3x.png
2022-05-13 09:18:34 +0000  copying file ./Payload/Onscart.app/assets/node_modules/react-native-flash-message/src/icons/fm_icon_success.png ... 
2022-05-13 09:18:34 +0000  329 bytes for ./Payload/Onscart.app/assets/node_modules/react-native-flash-message/src/icons/fm_icon_success.png
2022-05-13 09:18:34 +0000  copying file ./Payload/Onscart.app/assets/node_modules/react-native-flash-message/src/icons/fm_icon_success@3x.png ... 
2022-05-13 09:18:34 +0000  880 bytes for ./Payload/Onscart.app/assets/node_modules/react-native-flash-message/src/icons/fm_icon_success@3x.png
2022-05-13 09:18:34 +0000  copying file ./Payload/Onscart.app/assets/node_modules/react-native-flash-message/src/icons/fm_icon_danger@2x.png ... 
2022-05-13 09:18:34 +0000  737 bytes for ./Payload/Onscart.app/assets/node_modules/react-native-flash-message/src/icons/fm_icon_danger@2x.png
2022-05-13 09:18:34 +0000  copying file ./Payload/Onscart.app/assets/node_modules/react-native-flash-message/src/icons/fm_icon_warning.png ... 
2022-05-13 09:18:34 +0000  306 bytes for ./Payload/Onscart.app/assets/node_modules/react-native-flash-message/src/icons/fm_icon_warning.png
2022-05-13 09:18:34 +0000  copying file ./Payload/Onscart.app/assets/node_modules/react-native-flash-message/src/icons/fm_icon_danger.png ... 
2022-05-13 09:18:34 +0000  382 bytes for ./Payload/Onscart.app/assets/node_modules/react-native-flash-message/src/icons/fm_icon_danger.png
2022-05-13 09:18:34 +0000  copying file ./Payload/Onscart.app/assets/node_modules/react-native-flash-message/src/icons/fm_icon_info@3x.png ... 
2022-05-13 09:18:34 +0000  568 bytes for ./Payload/Onscart.app/assets/node_modules/react-native-flash-message/src/icons/fm_icon_info@3x.png
2022-05-13 09:18:34 +0000  copying file ./Payload/Onscart.app/assets/node_modules/react-native-flash-message/src/icons/fm_icon_info@2x.png ... 
2022-05-13 09:18:34 +0000  435 bytes for ./Payload/Onscart.app/assets/node_modules/react-native-flash-message/src/icons/fm_icon_info@2x.png
2022-05-13 09:18:34 +0000  copying file ./Payload/Onscart.app/assets/node_modules/react-native-calendars/src/calendar/img/previous@2x.png ... 
2022-05-13 09:18:34 +0000  458 bytes for ./Payload/Onscart.app/assets/node_modules/react-native-calendars/src/calendar/img/previous@2x.png
2022-05-13 09:18:34 +0000  copying file ./Payload/Onscart.app/assets/node_modules/react-native-calendars/src/calendar/img/next@2x.png ... 
2022-05-13 09:18:34 +0000  462 bytes for ./Payload/Onscart.app/assets/node_modules/react-native-calendars/src/calendar/img/next@2x.png
2022-05-13 09:18:34 +0000  copying file ./Payload/Onscart.app/assets/node_modules/react-native-calendars/src/img/down@3x.png ... 
2022-05-13 09:18:34 +0000  508 bytes for ./Payload/Onscart.app/assets/node_modules/react-native-calendars/src/img/down@3x.png
2022-05-13 09:18:34 +0000  copying file ./Payload/Onscart.app/assets/node_modules/react-native-calendars/src/img/down@2x.png ... 
2022-05-13 09:18:34 +0000  354 bytes for ./Payload/Onscart.app/assets/node_modules/react-native-calendars/src/img/down@2x.png
2022-05-13 09:18:34 +0000  copying file ./Payload/Onscart.app/assets/node_modules/react-native-calendars/src/img/up.png ... 
2022-05-13 09:18:34 +0000  215 bytes for ./Payload/Onscart.app/assets/node_modules/react-native-calendars/src/img/up.png
2022-05-13 09:18:34 +0000  copying file ./Payload/Onscart.app/assets/node_modules/react-native-calendars/src/img/down.png ... 
2022-05-13 09:18:34 +0000  208 bytes for ./Payload/Onscart.app/assets/node_modules/react-native-calendars/src/img/down.png
2022-05-13 09:18:34 +0000  copying file ./Payload/Onscart.app/assets/node_modules/react-native-calendars/src/img/up@2x.png ... 
2022-05-13 09:18:34 +0000  347 bytes for ./Payload/Onscart.app/assets/node_modules/react-native-calendars/src/img/up@2x.png
2022-05-13 09:18:34 +0000  copying file ./Payload/Onscart.app/assets/node_modules/react-native-calendars/src/img/up@3x.png ... 
2022-05-13 09:18:34 +0000  504 bytes for ./Payload/Onscart.app/assets/node_modules/react-native-calendars/src/img/up@3x.png
2022-05-13 09:18:34 +0000  copying file ./Payload/Onscart.app/assets/node_modules/react-native-country-picker-modal/lib/assets/images/close.android.png ... 
2022-05-13 09:18:34 +0000  2156 bytes for ./Payload/Onscart.app/assets/node_modules/react-native-country-picker-modal/lib/assets/images/close.android.png
2022-05-13 09:18:34 +0000  copying file ./Payload/Onscart.app/assets/node_modules/react-native-country-picker-modal/lib/assets/images/close.png ... 
2022-05-13 09:18:34 +0000  1204 bytes for ./Payload/Onscart.app/assets/node_modules/react-native-country-picker-modal/lib/assets/images/close.png
2022-05-13 09:18:34 +0000  copying file ./Payload/Onscart.app/assets/src/assets/images/ic_radiobutton@2x.png ... 
2022-05-13 09:18:34 +0000  807 bytes for ./Payload/Onscart.app/assets/src/assets/images/ic_radiobutton@2x.png
2022-05-13 09:18:34 +0000  copying file ./Payload/Onscart.app/assets/src/assets/images/ic_truck_b.png ... 
2022-05-13 09:18:34 +0000  1039 bytes for ./Payload/Onscart.app/assets/src/assets/images/ic_truck_b.png
copying file ./Payload/Onscart.app/assets/src/assets/images/ic_signature_blue@2x.png ... 
2022-05-13 09:18:34 +0000  4738 bytes for ./Payload/Onscart.app/assets/src/assets/images/ic_signature_blue@2x.png
2022-05-13 09:18:34 +0000  copying file ./Payload/Onscart.app/assets/src/assets/images/ic_map.png ... 
2022-05-13 09:18:34 +0000  961 bytes for ./Payload/Onscart.app/assets/src/assets/images/ic_map.png
copying file ./Payload/Onscart.app/assets/src/assets/images/ic_analytics.png ... 
2022-05-13 09:18:34 +0000  996 bytes for ./Payload/Onscart.app/assets/src/assets/images/ic_analytics.png
2022-05-13 09:18:34 +0000  copying file ./Payload/Onscart.app/assets/src/assets/images/ic_quantity@2x.png ... 
2022-05-13 09:18:34 +0000  1470 bytes for ./Payload/Onscart.app/assets/src/assets/images/ic_quantity@2x.png
2022-05-13 09:18:34 +0000  copying file ./Payload/Onscart.app/assets/src/assets/images/ic_customer.png ... 
2022-05-13 09:18:34 +0000  372 bytes for ./Payload/Onscart.app/assets/src/assets/images/ic_customer.png
2022-05-13 09:18:34 +0000  copying file ./Payload/Onscart.app/assets/src/assets/images/ic_menu@2x.png ... 
2022-05-13 09:18:34 +0000  486 bytes for ./Payload/Onscart.app/assets/src/assets/images/ic_menu@2x.png
2022-05-13 09:18:34 +0000  copying file ./Payload/Onscart.app/assets/src/assets/images/ic_dot@2x.png ... 
2022-05-13 09:18:34 +0000  386 bytes for ./Payload/Onscart.app/assets/src/assets/images/ic_dot@2x.png
2022-05-13 09:18:34 +0000  copying file ./Payload/Onscart.app/assets/src/assets/images/ic_damagereport@2x.png ... 
2022-05-13 09:18:34 +0000  1596 bytes for ./Payload/Onscart.app/assets/src/assets/images/ic_damagereport@2x.png
2022-05-13 09:18:34 +0000  copying file ./Payload/Onscart.app/assets/src/assets/images/ic_notes@3x.png ... 
2022-05-13 09:18:34 +0000  6023 bytes for ./Payload/Onscart.app/assets/src/assets/images/ic_notes@3x.png
2022-05-13 09:18:34 +0000  copying file ./Payload/Onscart.app/assets/src/assets/images/ic_customer@3x.png ... 
2022-05-13 09:18:34 +0000  869 bytes for ./Payload/Onscart.app/assets/src/assets/images/ic_customer@3x.png
2022-05-13 09:18:34 +0000  copying file ./Payload/Onscart.app/assets/src/assets/images/ic_capture.png ... 
2022-05-13 09:18:34 +0000  1343 bytes for ./Payload/Onscart.app/assets/src/assets/images/ic_capture.png
2022-05-13 09:18:34 +0000  copying file ./Payload/Onscart.app/assets/src/assets/images/ic_face1@3x.png ... 
2022-05-13 09:18:34 +0000  7244 bytes for ./Payload/Onscart.app/assets/src/assets/images/ic_face1@3x.png
2022-05-13 09:18:34 +0000  copying file ./Payload/Onscart.app/assets/src/assets/images/ic_navigate@2x.png ... 
2022-05-13 09:18:34 +0000  1044 bytes for ./Payload/Onscart.app/assets/src/assets/images/ic_navigate@2x.png
2022-05-13 09:18:34 +0000  copying file ./Payload/Onscart.app/assets/src/assets/images/ic_photo@2x.png ... 
2022-05-13 09:18:34 +0000  3361 bytes for ./Payload/Onscart.app/assets/src/assets/images/ic_photo@2x.png
2022-05-13 09:18:34 +0000  copying file ./Payload/Onscart.app/assets/src/assets/images/ic_bike.png ... 
2022-05-13 09:18:34 +0000  2057 bytes for ./Payload/Onscart.app/assets/src/assets/images/ic_bike.png
2022-05-13 09:18:34 +0000  copying file ./Payload/Onscart.app/assets/src/assets/images/ic_time@2x.png ... 
2022-05-13 09:18:34 +0000  1002 bytes for ./Payload/Onscart.app/assets/src/assets/images/ic_time@2x.png
2022-05-13 09:18:34 +0000  copying file ./Payload/Onscart.app/assets/src/assets/images/ic_truck.png ... 
2022-05-13 09:18:34 +0000  1646 bytes for ./Payload/Onscart.app/assets/src/assets/images/ic_truck.png
2022-05-13 09:18:34 +0000  copying file ./Payload/Onscart.app/assets/src/assets/images/ic_cycle.png ... 
2022-05-13 09:18:34 +0000  2113 bytes for ./Payload/Onscart.app/assets/src/assets/images/ic_cycle.png
2022-05-13 09:18:34 +0000  copying file ./Payload/Onscart.app/assets/src/assets/images/ic_drpdwn.png ... 
2022-05-13 09:18:34 +0000  213 bytes for ./Payload/Onscart.app/assets/src/assets/images/ic_drpdwn.png
2022-05-13 09:18:34 +0000  copying file ./Payload/Onscart.app/assets/src/assets/images/ic_dollar@2x.png ... 
2022-05-13 09:18:34 +0000  1237 bytes for ./Payload/Onscart.app/assets/src/assets/images/ic_dollar@2x.png
2022-05-13 09:18:34 +0000  copying file ./Payload/Onscart.app/assets/src/assets/images/ic_signature@2x.png ... 
2022-05-13 09:18:34 +0000  4323 bytes for ./Payload/Onscart.app/assets/src/assets/images/ic_signature@2x.png
2022-05-13 09:18:34 +0000  copying file ./Payload/Onscart.app/assets/src/assets/images/ic_profile@2x.png ... 
2022-05-13 09:18:34 +0000  1446 bytes for ./Payload/Onscart.app/assets/src/assets/images/ic_profile@2x.png
2022-05-13 09:18:34 +0000  copying file ./Payload/Onscart.app/assets/src/assets/images/ic_radio2@2x.png ... 
2022-05-13 09:18:34 +0000  947 bytes for ./Payload/Onscart.app/assets/src/assets/images/ic_radio2@2x.png
2022-05-13 09:18:34 +0000  copying file ./Payload/Onscart.app/assets/src/assets/images/ic_backwd_dark.png ... 
2022-05-13 09:18:34 +0000  342 bytes for ./Payload/Onscart.app/assets/src/assets/images/ic_backwd_dark.png
2022-05-13 09:18:34 +0000  copying file ./Payload/Onscart.app/assets/src/assets/images/ic_barcode@2x.png ... 
2022-05-13 09:18:34 +0000  718 bytes for ./Payload/Onscart.app/assets/src/assets/images/ic_barcode@2x.png
copying file ./Payload/Onscart.app/assets/src/assets/images/ic_car_b@3x.png ... 
2022-05-13 09:18:34 +0000  3878 bytes for ./Payload/Onscart.app/assets/src/assets/images/ic_car_b@3x.png
2022-05-13 09:18:34 +0000  copying file ./Payload/Onscart.app/assets/src/assets/images/ic_chat_blue@2x.png ... 
2022-05-13 09:18:34 +0000  4172 bytes for ./Payload/Onscart.app/assets/src/assets/images/ic_chat_blue@2x.png
2022-05-13 09:18:34 +0000  copying file ./Payload/Onscart.app/assets/src/assets/images/ic_task.png ... 
2022-05-13 09:18:34 +0000  394 bytes for ./Payload/Onscart.app/assets/src/assets/images/ic_task.png
2022-05-13 09:18:34 +0000  copying file ./Payload/Onscart.app/assets/src/assets/images/ic_reimbursement.png ... 
2022-05-13 09:18:34 +0000  750 bytes for ./Payload/Onscart.app/assets/src/assets/images/ic_reimbursement.png
2022-05-13 09:18:34 +0000  copying file ./Payload/Onscart.app/assets/src/assets/images/ic_barcode@3x.png ... 
2022-05-13 09:18:34 +0000  824 bytes for ./Payload/Onscart.app/assets/src/assets/images/ic_barcode@3x.png
2022-05-13 09:18:34 +0000  copying file ./Payload/Onscart.app/assets/src/assets/images/ic_car_b@2x.png ... 
2022-05-13 09:18:34 +0000  2521 bytes for ./Payload/Onscart.app/assets/src/assets/images/ic_car_b@2x.png
2022-05-13 09:18:34 +0000  copying file ./Payload/Onscart.app/assets/src/assets/images/ic_chat_blue@3x.png ... 
2022-05-13 09:18:34 +0000  7190 bytes for ./Payload/Onscart.app/assets/src/assets/images/ic_chat_blue@3x.png
2022-05-13 09:18:34 +0000  copying file ./Payload/Onscart.app/assets/src/assets/images/ic_profile@3x.png ... 
2022-05-13 09:18:34 +0000  2268 bytes for ./Payload/Onscart.app/assets/src/assets/images/ic_profile@3x.png
2022-05-13 09:18:34 +0000  copying file ./Payload/Onscart.app/assets/src/assets/images/ic_radio2@3x.png ... 
2022-05-13 09:18:34 +0000  1503 bytes for ./Payload/Onscart.app/assets/src/assets/images/ic_radio2@3x.png
2022-05-13 09:18:34 +0000  copying file ./Payload/Onscart.app/assets/src/assets/images/ic_list.png ... 
2022-05-13 09:18:34 +0000  578 bytes for ./Payload/Onscart.app/assets/src/assets/images/ic_list.png
2022-05-13 09:18:34 +0000  copying file ./Payload/Onscart.app/assets/src/assets/images/ic_dollar@3x.png ... 
2022-05-13 09:18:34 +0000  1838 bytes for ./Payload/Onscart.app/assets/src/assets/images/ic_dollar@3x.png
2022-05-13 09:18:34 +0000  copying file ./Payload/Onscart.app/assets/src/assets/images/ic_signature@3x.png ... 
2022-05-13 09:18:34 +0000  7494 bytes for ./Payload/Onscart.app/assets/src/assets/images/ic_signature@3x.png
2022-05-13 09:18:34 +0000  copying file ./Payload/Onscart.app/assets/src/assets/images/ic_navigate@3x.png ... 
2022-05-13 09:18:34 +0000  1660 bytes for ./Payload/Onscart.app/assets/src/assets/images/ic_navigate@3x.png
2022-05-13 09:18:34 +0000  copying file ./Payload/Onscart.app/assets/src/assets/images/ic_photo@3x.png ... 
2022-05-13 09:18:34 +0000  5501 bytes for ./Payload/Onscart.app/assets/src/assets/images/ic_photo@3x.png
2022-05-13 09:18:34 +0000  copying file ./Payload/Onscart.app/assets/src/assets/images/ic_time@3x.png ... 
2022-05-13 09:18:34 +0000  1421 bytes for ./Payload/Onscart.app/assets/src/assets/images/ic_time@3x.png
2022-05-13 09:18:34 +0000  copying file ./Payload/Onscart.app/assets/src/assets/images/ic_face1@2x.png ... 
2022-05-13 09:18:34 +0000  4486 bytes for ./Payload/Onscart.app/assets/src/assets/images/ic_face1@2x.png
2022-05-13 09:18:34 +0000  copying file ./Payload/Onscart.app/assets/src/assets/images/ic_customer@2x.png ... 
2022-05-13 09:18:34 +0000  624 bytes for ./Payload/Onscart.app/assets/src/assets/images/ic_customer@2x.png
2022-05-13 09:18:34 +0000  copying file ./Payload/Onscart.app/assets/src/assets/images/ic_notes@2x.png ... 
2022-05-13 09:18:34 +0000  3504 bytes for ./Payload/Onscart.app/assets/src/assets/images/ic_notes@2x.png
2022-05-13 09:18:34 +0000  copying file ./Payload/Onscart.app/assets/src/assets/images/ic_path.png ... 
2022-05-13 09:18:34 +0000  1272 bytes for ./Payload/Onscart.app/assets/src/assets/images/ic_path.png
2022-05-13 09:18:34 +0000  copying file ./Payload/Onscart.app/assets/src/assets/images/ic_menu@3x.png ... 
2022-05-13 09:18:34 +0000  673 bytes for ./Payload/Onscart.app/assets/src/assets/images/ic_menu@3x.png
2022-05-13 09:18:34 +0000  copying file ./Payload/Onscart.app/assets/src/assets/images/ic_dot@3x.png ... 
2022-05-13 09:18:34 +0000  556 bytes for ./Payload/Onscart.app/assets/src/assets/images/ic_dot@3x.png
2022-05-13 09:18:34 +0000  copying file ./Payload/Onscart.app/assets/src/assets/images/ic_damagereport@3x.png ... 
2022-05-13 09:18:34 +0000  2490 bytes for ./Payload/Onscart.app/assets/src/assets/images/ic_damagereport@3x.png
2022-05-13 09:18:34 +0000  copying file ./Payload/Onscart.app/assets/src/assets/images/ic_code_grey.png ... 
2022-05-13 09:18:34 +0000  1708 bytes for ./Payload/Onscart.app/assets/src/assets/images/ic_code_grey.png
2022-05-13 09:18:34 +0000  copying file ./Payload/Onscart.app/assets/src/assets/images/ic_square.png ... 
2022-05-13 09:18:34 +0000  174 bytes for ./Payload/Onscart.app/assets/src/assets/images/ic_square.png
2022-05-13 09:18:34 +0000  copying file ./Payload/Onscart.app/assets/src/assets/images/ic_quantity@3x.png ... 
2022-05-13 09:18:34 +0000  1884 bytes for ./Payload/Onscart.app/assets/src/assets/images/ic_quantity@3x.png
2022-05-13 09:18:34 +0000  copying file ./Payload/Onscart.app/assets/src/assets/images/ic_signature_blue@3x.png ... 
2022-05-13 09:18:34 +0000  7842 bytes for ./Payload/Onscart.app/assets/src/assets/images/ic_signature_blue@3x.png
2022-05-13 09:18:34 +0000  copying file ./Payload/Onscart.app/assets/src/assets/images/ic_photo_blue.png ... 
2022-05-13 09:18:34 +0000  1641 bytes for ./Payload/Onscart.app/assets/src/assets/images/ic_photo_blue.png
2022-05-13 09:18:34 +0000  copying file ./Payload/Onscart.app/assets/src/assets/images/ic_analyctis_selected.png ... 
2022-05-13 09:18:34 +0000  1073 bytes for ./Payload/Onscart.app/assets/src/assets/images/ic_analyctis_selected.png
2022-05-13 09:18:34 +0000  copying file ./Payload/Onscart.app/assets/src/assets/images/ic_barcode.png ... 
2022-05-13 09:18:34 +0000  457 bytes for ./Payload/Onscart.app/assets/src/assets/images/ic_barcode.png
2022-05-13 09:18:34 +0000  copying file ./Payload/Onscart.app/assets/src/assets/images/ic_location.png ... 
2022-05-13 09:18:34 +0000  496 bytes for ./Payload/Onscart.app/assets/src/assets/images/ic_location.png
2022-05-13 09:18:34 +0000  copying file ./Payload/Onscart.app/assets/src/assets/images/ic_task_selected.png ... 
2022-05-13 09:18:34 +0000  1068 bytes for ./Payload/Onscart.app/assets/src/assets/images/ic_task_selected.png
2022-05-13 09:18:34 +0000  copying file ./Payload/Onscart.app/assets/src/assets/images/ic_radiobutton@3x.png ... 
2022-05-13 09:18:34 +0000  1318 bytes for ./Payload/Onscart.app/assets/src/assets/images/ic_radiobutton@3x.png
2022-05-13 09:18:34 +0000  copying file ./Payload/Onscart.app/assets/src/assets/images/ic_location_off@3x.png ... 
2022-05-13 09:18:34 +0000  1513 bytes for ./Payload/Onscart.app/assets/src/assets/images/ic_location_off@3x.png
2022-05-13 09:18:34 +0000  copying file ./Payload/Onscart.app/assets/src/assets/images/ic_photo.png ... 
2022-05-13 09:18:34 +0000  1541 bytes for ./Payload/Onscart.app/assets/src/assets/images/ic_photo.png
2022-05-13 09:18:34 +0000  copying file ./Payload/Onscart.app/assets/src/assets/images/ic_walk@3x.png ... 
2022-05-13 09:18:34 +0000  3538 bytes for ./Payload/Onscart.app/assets/src/assets/images/ic_walk@3x.png
2022-05-13 09:18:34 +0000  copying file ./Payload/Onscart.app/assets/src/assets/images/ic_bike@3x.png ... 
2022-05-13 09:18:34 +0000  4814 bytes for ./Payload/Onscart.app/assets/src/assets/images/ic_bike@3x.png
2022-05-13 09:18:34 +0000  copying file ./Payload/Onscart.app/assets/src/assets/images/ic_tick2@2x.png ... 
2022-05-13 09:18:34 +0000  1198 bytes for ./Payload/Onscart.app/assets/src/assets/images/ic_tick2@2x.png
2022-05-13 09:18:34 +0000  copying file ./Payload/Onscart.app/assets/src/assets/images/ic_face1.png ... 
2022-05-13 09:18:34 +0000  2036 bytes for ./Payload/Onscart.app/assets/src/assets/images/ic_face1.png
2022-05-13 09:18:34 +0000  copying file ./Payload/Onscart.app/assets/src/assets/images/ic_walk_b@2x.png ... 
2022-05-13 09:18:34 +0000  2120 bytes for ./Payload/Onscart.app/assets/src/assets/images/ic_walk_b@2x.png
2022-05-13 09:18:34 +0000  copying file ./Payload/Onscart.app/assets/src/assets/images/ic_capture@2x.png ... 
2022-05-13 09:18:34 +0000  2993 bytes for ./Payload/Onscart.app/assets/src/assets/images/ic_capture@2x.png
2022-05-13 09:18:34 +0000  copying file ./Payload/Onscart.app/assets/src/assets/images/ic_task_no@2x.png ... 
2022-05-13 09:18:34 +0000  46133 bytes for ./Payload/Onscart.app/assets/src/assets/images/ic_task_no@2x.png
2022-05-13 09:18:34 +0000  copying file ./Payload/Onscart.app/assets/src/assets/images/ic_notes_blue@2x.png ... 
2022-05-13 09:18:34 +0000  3835 bytes for ./Payload/Onscart.app/assets/src/assets/images/ic_notes_blue@2x.png
2022-05-13 09:18:34 +0000  copying file ./Payload/Onscart.app/assets/src/assets/images/ic_tick_green@3x.png ... 
2022-05-13 09:18:34 +0000  2219 bytes for ./Payload/Onscart.app/assets/src/assets/images/ic_tick_green@3x.png
2022-05-13 09:18:34 +0000  copying file ./Payload/Onscart.app/assets/src/assets/images/ic_cross_red@2x.png ... 
2022-05-13 09:18:34 +0000  1373 bytes for ./Payload/Onscart.app/assets/src/assets/images/ic_cross_red@2x.png
2022-05-13 09:18:34 +0000  copying file ./Payload/Onscart.app/assets/src/assets/images/ic_task_selected@2x.png ... 
2022-05-13 09:18:34 +0000  2221 bytes for ./Payload/Onscart.app/assets/src/assets/images/ic_task_selected@2x.png
2022-05-13 09:18:34 +0000  copying file ./Payload/Onscart.app/assets/src/assets/images/ic_damagereport.png ... 
2022-05-13 09:18:34 +0000  791 bytes for ./Payload/Onscart.app/assets/src/assets/images/ic_damagereport.png
2022-05-13 09:18:34 +0000  copying file ./Payload/Onscart.app/assets/src/assets/images/ic_tick.png ... 
2022-05-13 09:18:34 +0000  426 bytes for ./Payload/Onscart.app/assets/src/assets/images/ic_tick.png
2022-05-13 09:18:34 +0000  copying file ./Payload/Onscart.app/assets/src/assets/images/ic_delete@3x.png ... 
2022-05-13 09:18:35 +0000  1800 bytes for ./Payload/Onscart.app/assets/src/assets/images/ic_delete@3x.png
2022-05-13 09:18:35 +0000  copying file ./Payload/Onscart.app/assets/src/assets/images/ic_code.png ... 
2022-05-13 09:18:35 +0000  1762 bytes for ./Payload/Onscart.app/assets/src/assets/images/ic_code.png
2022-05-13 09:18:35 +0000  copying file ./Payload/Onscart.app/assets/src/assets/images/ic_signature.png ... 
2022-05-13 09:18:35 +0000  1949 bytes for ./Payload/Onscart.app/assets/src/assets/images/ic_signature.png
2022-05-13 09:18:35 +0000  copying file ./Payload/Onscart.app/assets/src/assets/images/ic_map@2x.png ... 
2022-05-13 09:18:35 +0000  2079 bytes for ./Payload/Onscart.app/assets/src/assets/images/ic_map@2x.png
2022-05-13 09:18:35 +0000  copying file ./Payload/Onscart.app/assets/src/assets/images/ic_photo_blue@3x.png ... 
2022-05-13 09:18:35 +0000  5624 bytes for ./Payload/Onscart.app/assets/src/assets/images/ic_photo_blue@3x.png
2022-05-13 09:18:35 +0000  copying file ./Payload/Onscart.app/assets/src/assets/images/ic_face2.png ... 
2022-05-13 09:18:35 +0000  2305 bytes for ./Payload/Onscart.app/assets/src/assets/images/ic_face2.png
2022-05-13 09:18:35 +0000  copying file ./Payload/Onscart.app/assets/src/assets/images/ic_Logout@2x.png ... 
2022-05-13 09:18:35 +0000  722 bytes for ./Payload/Onscart.app/assets/src/assets/images/ic_Logout@2x.png
2022-05-13 09:18:35 +0000  copying file ./Payload/Onscart.app/assets/src/assets/images/ic_code_grey@3x.png ... 
2022-05-13 09:18:35 +0000  6053 bytes for ./Payload/Onscart.app/assets/src/assets/images/ic_code_grey@3x.png
2022-05-13 09:18:35 +0000  copying file ./Payload/Onscart.app/assets/src/assets/images/ic_cycle@2x.png ... 
2022-05-13 09:18:35 +0000  3643 bytes for ./Payload/Onscart.app/assets/src/assets/images/ic_cycle@2x.png
2022-05-13 09:18:35 +0000  copying file ./Payload/Onscart.app/assets/src/assets/images/ic_support_2@3x.png ... 
2022-05-13 09:18:35 +0000  1700 bytes for ./Payload/Onscart.app/assets/src/assets/images/ic_support_2@3x.png
2022-05-13 09:18:35 +0000  copying file ./Payload/Onscart.app/assets/src/assets/images/ic_car_b.png ... 
2022-05-13 09:18:35 +0000  1197 bytes for ./Payload/Onscart.app/assets/src/assets/images/ic_car_b.png
2022-05-13 09:18:35 +0000  copying file ./Payload/Onscart.app/assets/src/assets/images/ic_radiocheck@2x.png ... 
2022-05-13 09:18:35 +0000  997 bytes for ./Payload/Onscart.app/assets/src/assets/images/ic_radiocheck@2x.png
2022-05-13 09:18:35 +0000  copying file ./Payload/Onscart.app/assets/src/assets/images/ic_path@3x.png ... 
2022-05-13 09:18:35 +0000  5284 bytes for ./Payload/Onscart.app/assets/src/assets/images/ic_path@3x.png
2022-05-13 09:18:35 +0000  copying file ./Payload/Onscart.app/assets/src/assets/images/ic_off_duty@2x.png ... 
2022-05-13 09:18:35 +0000  65345 bytes for ./Payload/Onscart.app/assets/src/assets/images/ic_off_duty@2x.png
2022-05-13 09:18:35 +0000  copying file ./Payload/Onscart.app/assets/src/assets/images/ic_analyctis_selected@2x.png ... 
2022-05-13 09:18:35 +0000  2054 bytes for ./Payload/Onscart.app/assets/src/assets/images/ic_analyctis_selected@2x.png
2022-05-13 09:18:35 +0000  copying file ./Payload/Onscart.app/assets/src/assets/images/ic_wallet@2x.png ... 
2022-05-13 09:18:35 +0000  1121 bytes for ./Payload/Onscart.app/assets/src/assets/images/ic_wallet@2x.png
copying file ./Payload/Onscart.app/assets/src/assets/images/ic_task_2@3x.png ... 
2022-05-13 09:18:35 +0000  2610 bytes for ./Payload/Onscart.app/assets/src/assets/images/ic_task_2@3x.png
2022-05-13 09:18:35 +0000  copying file ./Payload/Onscart.app/assets/src/assets/images/ic_expand@3x.png ... 
2022-05-13 09:18:35 +0000  875 bytes for ./Payload/Onscart.app/assets/src/assets/images/ic_expand@3x.png
2022-05-13 09:18:35 +0000  copying file ./Payload/Onscart.app/assets/src/assets/images/ic_expand@2x.png ... 
2022-05-13 09:18:35 +0000  403 bytes for ./Payload/Onscart.app/assets/src/assets/images/ic_expand@2x.png
2022-05-13 09:18:35 +0000  copying file ./Payload/Onscart.app/assets/src/assets/images/ic_task_2@2x.png ... 
2022-05-13 09:18:35 +0000  1616 bytes for ./Payload/Onscart.app/assets/src/assets/images/ic_task_2@2x.png
2022-05-13 09:18:35 +0000  copying file ./Payload/Onscart.app/assets/src/assets/images/ic_wallet@3x.png ... 
2022-05-13 09:18:35 +0000  1698 bytes for ./Payload/Onscart.app/assets/src/assets/images/ic_wallet@3x.png
2022-05-13 09:18:35 +0000  copying file ./Payload/Onscart.app/assets/src/assets/images/ic_analyctis_selected@3x.png ... 
2022-05-13 09:18:35 +0000  3126 bytes for ./Payload/Onscart.app/assets/src/assets/images/ic_analyctis_selected@3x.png
2022-05-13 09:18:35 +0000  copying file ./Payload/Onscart.app/assets/src/assets/images/ic_delete.png ... 
2022-05-13 09:18:35 +0000  560 bytes for ./Payload/Onscart.app/assets/src/assets/images/ic_delete.png
2022-05-13 09:18:35 +0000  copying file ./Payload/Onscart.app/assets/src/assets/images/ic_off_duty@3x.png ... 
2022-05-13 09:18:35 +0000  103305 bytes for ./Payload/Onscart.app/assets/src/assets/images/ic_off_duty@3x.png
2022-05-13 09:18:35 +0000  copying file ./Payload/Onscart.app/assets/src/assets/images/ic_path@2x.png ... 
2022-05-13 09:18:35 +0000  3059 bytes for ./Payload/Onscart.app/assets/src/assets/images/ic_path@2x.png
2022-05-13 09:18:35 +0000  copying file ./Payload/Onscart.app/assets/src/assets/images/ic_support_2@2x.png ... 
2022-05-13 09:18:35 +0000  1138 bytes for ./Payload/Onscart.app/assets/src/assets/images/ic_support_2@2x.png
2022-05-13 09:18:35 +0000  copying file ./Payload/Onscart.app/assets/src/assets/images/ic_radiocheck@3x.png ... 
2022-05-13 09:18:35 +0000  1650 bytes for ./Payload/Onscart.app/assets/src/assets/images/ic_radiocheck@3x.png
2022-05-13 09:18:35 +0000  copying file ./Payload/Onscart.app/assets/src/assets/images/ic_code_grey@2x.png ... 
2022-05-13 09:18:35 +0000  3816 bytes for ./Payload/Onscart.app/assets/src/assets/images/ic_code_grey@2x.png
2022-05-13 09:18:35 +0000  copying file ./Payload/Onscart.app/assets/src/assets/images/ic_cycle@3x.png ... 
2022-05-13 09:18:35 +0000  5321 bytes for ./Payload/Onscart.app/assets/src/assets/images/ic_cycle@3x.png
2022-05-13 09:18:35 +0000  copying file ./Payload/Onscart.app/assets/src/assets/images/ic_profile.png ... 
2022-05-13 09:18:35 +0000  648 bytes for ./Payload/Onscart.app/assets/src/assets/images/ic_profile.png
2022-05-13 09:18:35 +0000  copying file ./Payload/Onscart.app/assets/src/assets/images/ic_Logout@3x.png ... 
2022-05-13 09:18:35 +0000  954 bytes for ./Payload/Onscart.app/assets/src/assets/images/ic_Logout@3x.png
2022-05-13 09:18:35 +0000  copying file ./Payload/Onscart.app/assets/src/assets/images/ic_pin.png ... 
2022-05-13 09:18:35 +0000  799 bytes for ./Payload/Onscart.app/assets/src/assets/images/ic_pin.png
2022-05-13 09:18:35 +0000  copying file ./Payload/Onscart.app/assets/src/assets/images/ic_photo_blue@2x.png ... 
2022-05-13 09:18:35 +0000  3555 bytes for ./Payload/Onscart.app/assets/src/assets/images/ic_photo_blue@2x.png
2022-05-13 09:18:35 +0000  copying file ./Payload/Onscart.app/assets/src/assets/images/ic_radio1.png ... 
2022-05-13 09:18:35 +0000  901 bytes for ./Payload/Onscart.app/assets/src/assets/images/ic_radio1.png
2022-05-13 09:18:35 +0000  copying file ./Payload/Onscart.app/assets/src/assets/images/ic_map@3x.png ... 
2022-05-13 09:18:35 +0000  3178 bytes for ./Payload/Onscart.app/assets/src/assets/images/ic_map@3x.png
2022-05-13 09:18:35 +0000  copying file ./Payload/Onscart.app/assets/src/assets/images/ic_mail.png ... 
2022-05-13 09:18:35 +0000  534 bytes for ./Payload/Onscart.app/assets/src/assets/images/ic_mail.png
2022-05-13 09:18:35 +0000  copying file ./Payload/Onscart.app/assets/src/assets/images/ic_delete@2x.png ... 
2022-05-13 09:18:35 +0000  1173 bytes for ./Payload/Onscart.app/assets/src/assets/images/ic_delete@2x.png
2022-05-13 09:18:35 +0000  copying file ./Payload/Onscart.app/assets/src/assets/images/ic_currentbalance.png ... 
2022-05-13 09:18:35 +0000  801 bytes for ./Payload/Onscart.app/assets/src/assets/images/ic_currentbalance.png
2022-05-13 09:18:35 +0000  copying file ./Payload/Onscart.app/assets/src/assets/images/ic_cross_red@3x.png ... 
2022-05-13 09:18:35 +0000  2051 bytes for ./Payload/Onscart.app/assets/src/assets/images/ic_cross_red@3x.png
2022-05-13 09:18:35 +0000  copying file ./Payload/Onscart.app/assets/src/assets/images/ic_task_selected@3x.png ... 
2022-05-13 09:18:35 +0000  3379 bytes for ./Payload/Onscart.app/assets/src/assets/images/ic_task_selected@3x.png
2022-05-13 09:18:35 +0000  copying file ./Payload/Onscart.app/assets/src/assets/images/ic_dot.png ... 
2022-05-13 09:18:35 +0000  270 bytes for ./Payload/Onscart.app/assets/src/assets/images/ic_dot.png
2022-05-13 09:18:35 +0000  copying file ./Payload/Onscart.app/assets/src/assets/images/ic_tick_green@2x.png ... 
2022-05-13 09:18:35 +0000  1467 bytes for ./Payload/Onscart.app/assets/src/assets/images/ic_tick_green@2x.png
2022-05-13 09:18:35 +0000  copying file ./Payload/Onscart.app/assets/src/assets/images/ic_notes_blue@3x.png ... 
2022-05-13 09:18:35 +0000  6414 bytes for ./Payload/Onscart.app/assets/src/assets/images/ic_notes_blue@3x.png
2022-05-13 09:18:35 +0000  copying file ./Payload/Onscart.app/assets/src/assets/images/ic_task_no@3x.png ... 
2022-05-13 09:18:35 +0000  75082 bytes for ./Payload/Onscart.app/assets/src/assets/images/ic_task_no@3x.png
2022-05-13 09:18:35 +0000  copying file ./Payload/Onscart.app/assets/src/assets/images/ic_capture@3x.png ... 
2022-05-13 09:18:35 +0000  4578 bytes for ./Payload/Onscart.app/assets/src/assets/images/ic_capture@3x.png
2022-05-13 09:18:35 +0000  copying file ./Payload/Onscart.app/assets/src/assets/images/ic_time.png ... 
2022-05-13 09:18:35 +0000  523 bytes for ./Payload/Onscart.app/assets/src/assets/images/ic_time.png
2022-05-13 09:18:35 +0000  copying file ./Payload/Onscart.app/assets/src/assets/images/ic_walk_b@3x.png ... 
2022-05-13 09:18:35 +0000  3152 bytes for ./Payload/Onscart.app/assets/src/assets/images/ic_walk_b@3x.png
2022-05-13 09:18:35 +0000  copying file ./Payload/Onscart.app/assets/src/assets/images/ic_phone.png ... 
2022-05-13 09:18:35 +0000  534 bytes for ./Payload/Onscart.app/assets/src/assets/images/ic_phone.png
2022-05-13 09:18:35 +0000  copying file ./Payload/Onscart.app/assets/src/assets/images/ic_radio2.png ... 
2022-05-13 09:18:35 +0000  532 bytes for ./Payload/Onscart.app/assets/src/assets/images/ic_radio2.png
2022-05-13 09:18:35 +0000  copying file ./Payload/Onscart.app/assets/src/assets/images/ic_location_off@2x.png ... 
2022-05-13 09:18:35 +0000  1050 bytes for ./Payload/Onscart.app/assets/src/assets/images/ic_location_off@2x.png
2022-05-13 09:18:35 +0000  copying file ./Payload/Onscart.app/assets/src/assets/images/ic_walk@2x.png ... 
2022-05-13 09:18:35 +0000  2612 bytes for ./Payload/Onscart.app/assets/src/assets/images/ic_walk@2x.png
2022-05-13 09:18:35 +0000  copying file ./Payload/Onscart.app/assets/src/assets/images/ic_bike@2x.png ... 
2022-05-13 09:18:35 +0000  3408 bytes for ./Payload/Onscart.app/assets/src/assets/images/ic_bike@2x.png
2022-05-13 09:18:35 +0000  copying file ./Payload/Onscart.app/assets/src/assets/images/ic_tick2@3x.png ... 
2022-05-13 09:18:35 +0000  1728 bytes for ./Payload/Onscart.app/assets/src/assets/images/ic_tick2@3x.png
2022-05-13 09:18:35 +0000  copying file ./Payload/Onscart.app/assets/src/assets/images/ic_tick2.png ... 
2022-05-13 09:18:35 +0000  639 bytes for ./Payload/Onscart.app/assets/src/assets/images/ic_tick2.png
2022-05-13 09:18:35 +0000  copying file ./Payload/Onscart.app/assets/src/assets/images/ic_postal@3x.png ... 
2022-05-13 09:18:35 +0000  2125 bytes for ./Payload/Onscart.app/assets/src/assets/images/ic_postal@3x.png
2022-05-13 09:18:35 +0000  copying file ./Payload/Onscart.app/assets/src/assets/images/ic_face2@2x.png ... 
2022-05-13 09:18:35 +0000  5090 bytes for ./Payload/Onscart.app/assets/src/assets/images/ic_face2@2x.png
2022-05-13 09:18:35 +0000  copying file ./Payload/Onscart.app/assets/src/assets/images/ic_lifetimearning@3x.png ... 
2022-05-13 09:18:35 +0000  2922 bytes for ./Payload/Onscart.app/assets/src/assets/images/ic_lifetimearning@3x.png
2022-05-13 09:18:35 +0000  copying file ./Payload/Onscart.app/assets/src/assets/images/placeholder.png ... 
2022-05-13 09:18:35 +0000  5937 bytes for ./Payload/Onscart.app/assets/src/assets/images/placeholder.png
2022-05-13 09:18:35 +0000  copying file ./Payload/Onscart.app/assets/src/assets/images/ic_car@3x.png ... 
2022-05-13 09:18:35 +0000  4185 bytes for ./Payload/Onscart.app/assets/src/assets/images/ic_car@3x.png
2022-05-13 09:18:35 +0000  copying file ./Payload/Onscart.app/assets/src/assets/images/ic_chat@2x.png ... 
2022-05-13 09:18:35 +0000  2068 bytes for ./Payload/Onscart.app/assets/src/assets/images/ic_chat@2x.png
2022-05-13 09:18:35 +0000  copying file ./Payload/Onscart.app/assets/src/assets/images/ic_list@2x.png ... 
2022-05-13 09:18:35 +0000  1060 bytes for ./Payload/Onscart.app/assets/src/assets/images/ic_list@2x.png
2022-05-13 09:18:35 +0000  copying file ./Payload/Onscart.app/assets/src/assets/images/ic_analytics@3x.png ... 
2022-05-13 09:18:35 +0000  2914 bytes for ./Payload/Onscart.app/assets/src/assets/images/ic_analytics@3x.png
2022-05-13 09:18:35 +0000  copying file ./Payload/Onscart.app/assets/src/assets/images/ic_Logout.png ... 
2022-05-13 09:18:35 +0000  445 bytes for ./Payload/Onscart.app/assets/src/assets/images/ic_Logout.png
2022-05-13 09:18:35 +0000  copying file ./Payload/Onscart.app/assets/src/assets/images/Main_logo@3x.png ... 
2022-05-13 09:18:35 +0000  36601 bytes for ./Payload/Onscart.app/assets/src/assets/images/Main_logo@3x.png
2022-05-13 09:18:35 +0000  copying file ./Payload/Onscart.app/assets/src/assets/images/ic_cycle_b.png ... 
2022-05-13 09:18:35 +0000  1578 bytes for ./Payload/Onscart.app/assets/src/assets/images/ic_cycle_b.png
2022-05-13 09:18:35 +0000  copying file ./Payload/Onscart.app/assets/src/assets/images/ic_pin@3x.png ... 
2022-05-13 09:18:35 +0000  3080 bytes for ./Payload/Onscart.app/assets/src/assets/images/ic_pin@3x.png
2022-05-13 09:18:35 +0000  copying file ./Payload/Onscart.app/assets/src/assets/images/ic_truck_b@2x.png ... 
2022-05-13 09:18:35 +0000  2146 bytes for ./Payload/Onscart.app/assets/src/assets/images/ic_truck_b@2x.png
2022-05-13 09:18:35 +0000  copying file ./Payload/Onscart.app/assets/src/assets/images/ico_pin_blue.png ... 
2022-05-13 09:18:35 +0000  901 bytes for ./Payload/Onscart.app/assets/src/assets/images/ico_pin_blue.png
2022-05-13 09:18:35 +0000  copying file ./Payload/Onscart.app/assets/src/assets/images/ic_map1@2x.png ... 
2022-05-13 09:18:35 +0000  35912 bytes for ./Payload/Onscart.app/assets/src/assets/images/ic_map1@2x.png
2022-05-13 09:18:35 +0000  copying file ./Payload/Onscart.app/assets/src/assets/images/ic_radio1@3x.png ... 
2022-05-13 09:18:35 +0000  2533 bytes for ./Payload/Onscart.app/assets/src/assets/images/ic_radio1@3x.png
2022-05-13 09:18:35 +0000  copying file ./Payload/Onscart.app/assets/src/assets/images/ic_backwd_dark@2x.png ... 
2022-05-13 09:18:35 +0000  507 bytes for ./Payload/Onscart.app/assets/src/assets/images/ic_backwd_dark@2x.png
2022-05-13 09:18:35 +0000  copying file ./Payload/Onscart.app/assets/src/assets/images/ic_tutorial@2x.png ... 
2022-05-13 09:18:35 +0000  1206 bytes for ./Payload/Onscart.app/assets/src/assets/images/ic_tutorial@2x.png
2022-05-13 09:18:35 +0000  copying file ./Payload/Onscart.app/assets/src/assets/images/ic_location_on.png ... 
2022-05-13 09:18:35 +0000  515 bytes for ./Payload/Onscart.app/assets/src/assets/images/ic_location_on.png
2022-05-13 09:18:35 +0000  copying file ./Payload/Onscart.app/assets/src/assets/images/ic_tick@3x.png ... 
2022-05-13 09:18:35 +0000  1270 bytes for ./Payload/Onscart.app/assets/src/assets/images/ic_tick@3x.png
2022-05-13 09:18:35 +0000  copying file ./Payload/Onscart.app/assets/src/assets/images/ic_square@2x.png ... 
2022-05-13 09:18:35 +0000  186 bytes for ./Payload/Onscart.app/assets/src/assets/images/ic_square@2x.png
2022-05-13 09:18:35 +0000  copying file ./Payload/Onscart.app/assets/src/assets/images/ic_details@2x.png ... 
2022-05-13 09:18:35 +0000  558 bytes for ./Payload/Onscart.app/assets/src/assets/images/ic_details@2x.png
2022-05-13 09:18:35 +0000  copying file ./Payload/Onscart.app/assets/src/assets/images/ic_bike_b.png ... 
2022-05-13 09:18:35 +0000  1507 bytes for ./Payload/Onscart.app/assets/src/assets/images/ic_bike_b.png
2022-05-13 09:18:35 +0000  copying file ./Payload/Onscart.app/assets/src/assets/images/ic_bike_b@3x.png ... 
2022-05-13 09:18:35 +0000  4515 bytes for ./Payload/Onscart.app/assets/src/assets/images/ic_bike_b@3x.png
2022-05-13 09:18:35 +0000  copying file ./Payload/Onscart.app/assets/src/assets/images/ic_quantity.png ... 
2022-05-13 09:18:35 +0000  736 bytes for ./Payload/Onscart.app/assets/src/assets/images/ic_quantity.png
2022-05-13 09:18:35 +0000  copying file ./Payload/Onscart.app/assets/src/assets/images/ic_cycle_b@3x.png ... 
2022-05-13 09:18:35 +0000  5154 bytes for ./Payload/Onscart.app/assets/src/assets/images/ic_cycle_b@3x.png
2022-05-13 09:18:35 +0000  copying file ./Payload/Onscart.app/assets/src/assets/images/ic_search@3x.png ... 
2022-05-13 09:18:35 +0000  2644 bytes for ./Payload/Onscart.app/assets/src/assets/images/ic_search@3x.png
2022-05-13 09:18:35 +0000  copying file ./Payload/Onscart.app/assets/src/assets/images/ic_tick_green.png ... 
2022-05-13 09:18:35 +0000  707 bytes for ./Payload/Onscart.app/assets/src/assets/images/ic_tick_green.png
2022-05-13 09:18:35 +0000  copying file ./Payload/Onscart.app/assets/src/assets/images/ic_support@3x.png ... 
2022-05-13 09:18:35 +0000  1467 bytes for ./Payload/Onscart.app/assets/src/assets/images/ic_support@3x.png
2022-05-13 09:18:35 +0000  copying file ./Payload/Onscart.app/assets/src/assets/images/ic_navigate.png ... 
2022-05-13 09:18:35 +0000  493 bytes for ./Payload/Onscart.app/assets/src/assets/images/ic_navigate.png
2022-05-13 09:18:35 +0000  copying file ./Payload/Onscart.app/assets/src/assets/images/ic_search.png ... 
2022-05-13 09:18:35 +0000  906 bytes for ./Payload/Onscart.app/assets/src/assets/images/ic_search.png
2022-05-13 09:18:35 +0000  copying file ./Payload/Onscart.app/assets/src/assets/images/ic_task_no.png ... 
2022-05-13 09:18:35 +0000  20658 bytes for ./Payload/Onscart.app/assets/src/assets/images/ic_task_no.png
2022-05-13 09:18:35 +0000  copying file ./Payload/Onscart.app/assets/src/assets/images/ic_arrow.png ... 
2022-05-13 09:18:35 +0000  334 bytes for ./Payload/Onscart.app/assets/src/assets/images/ic_arrow.png
2022-05-13 09:18:35 +0000  copying file ./Payload/Onscart.app/assets/src/assets/images/ic_settings.png ... 
2022-05-13 09:18:35 +0000  750 bytes for ./Payload/Onscart.app/assets/src/assets/images/ic_settings.png
2022-05-13 09:18:35 +0000  copying file ./Payload/Onscart.app/assets/src/assets/images/ic_support@2x.png ... 
2022-05-13 09:18:35 +0000  958 bytes for ./Payload/Onscart.app/assets/src/assets/images/ic_support@2x.png
2022-05-13 09:18:35 +0000  copying file ./Payload/Onscart.app/assets/src/assets/images/ic_search@2x.png ... 
2022-05-13 09:18:35 +0000  1733 bytes for ./Payload/Onscart.app/assets/src/assets/images/ic_search@2x.png
2022-05-13 09:18:35 +0000  copying file ./Payload/Onscart.app/assets/src/assets/images/ic_cycle_b@2x.png ... 
2022-05-13 09:18:35 +0000  3334 bytes for ./Payload/Onscart.app/assets/src/assets/images/ic_cycle_b@2x.png
2022-05-13 09:18:35 +0000  copying file ./Payload/Onscart.app/assets/src/assets/images/ic_radioActive.png ... 
2022-05-13 09:18:35 +0000  470 bytes for ./Payload/Onscart.app/assets/src/assets/images/ic_radioActive.png
2022-05-13 09:18:35 +0000  copying file ./Payload/Onscart.app/assets/src/assets/images/ic_bike_b@2x.png ... 
2022-05-13 09:18:35 +0000  2947 bytes for ./Payload/Onscart.app/assets/src/assets/images/ic_bike_b@2x.png
2022-05-13 09:18:35 +0000  copying file ./Payload/Onscart.app/assets/src/assets/images/ic_radiobutton.png ... 
2022-05-13 09:18:35 +0000  429 bytes for ./Payload/Onscart.app/assets/src/assets/images/ic_radiobutton.png
2022-05-13 09:18:35 +0000  copying file ./Payload/Onscart.app/assets/src/assets/images/ic_details@3x.png ... 
2022-05-13 09:18:35 +0000  753 bytes for ./Payload/Onscart.app/assets/src/assets/images/ic_details@3x.png
2022-05-13 09:18:35 +0000  copying file ./Payload/Onscart.app/assets/src/assets/images/ic_tutorial@3x.png ... 
2022-05-13 09:18:35 +0000  1902 bytes for ./Payload/Onscart.app/assets/src/assets/images/ic_tutorial@3x.png
2022-05-13 09:18:35 +0000  copying file ./Payload/Onscart.app/assets/src/assets/images/ic_square@3x.png ... 
2022-05-13 09:18:35 +0000  210 bytes for ./Payload/Onscart.app/assets/src/assets/images/ic_square@3x.png
2022-05-13 09:18:35 +0000  copying file ./Payload/Onscart.app/assets/src/assets/images/ic_tick@2x.png ... 
2022-05-13 09:18:35 +0000  835 bytes for ./Payload/Onscart.app/assets/src/assets/images/ic_tick@2x.png
2022-05-13 09:18:35 +0000  copying file ./Payload/Onscart.app/assets/src/assets/images/ic_backwd_dark@3x.png ... 
2022-05-13 09:18:35 +0000  715 bytes for ./Payload/Onscart.app/assets/src/assets/images/ic_backwd_dark@3x.png
2022-05-13 09:18:35 +0000  copying file ./Payload/Onscart.app/assets/src/assets/images/ic_radio1@2x.png ... 
2022-05-13 09:18:35 +0000  1634 bytes for ./Payload/Onscart.app/assets/src/assets/images/ic_radio1@2x.png
2022-05-13 09:18:35 +0000  copying file ./Payload/Onscart.app/assets/src/assets/images/ic_back.png ... 
2022-05-13 09:18:35 +0000  492 bytes for ./Payload/Onscart.app/assets/src/assets/images/ic_back.png
2022-05-13 09:18:35 +0000  copying file ./Payload/Onscart.app/assets/src/assets/images/ic_map1@3x.png ... 
2022-05-13 09:18:35 +0000  70847 bytes for ./Payload/Onscart.app/assets/src/assets/images/ic_map1@3x.png
2022-05-13 09:18:35 +0000  copying file ./Payload/Onscart.app/assets/src/assets/images/ic_truck_b@3x.png ... 
2022-05-13 09:18:35 +0000  3139 bytes for ./Payload/Onscart.app/assets/src/assets/images/ic_truck_b@3x.png
copying file ./Payload/Onscart.app/assets/src/assets/images/ic_map1.png ... 
2022-05-13 09:18:35 +0000  10554 bytes for ./Payload/Onscart.app/assets/src/assets/images/ic_map1.png
2022-05-13 09:18:35 +0000  copying file ./Payload/Onscart.app/assets/src/assets/images/ic_pin@2x.png ... 
2022-05-13 09:18:35 +0000  1707 bytes for ./Payload/Onscart.app/assets/src/assets/images/ic_pin@2x.png
copying file ./Payload/Onscart.app/assets/src/assets/images/Main_logo@2x.png ... 
2022-05-13 09:18:35 +0000  21860 bytes for ./Payload/Onscart.app/assets/src/assets/images/Main_logo@2x.png
2022-05-13 09:18:35 +0000  copying file ./Payload/Onscart.app/assets/src/assets/images/ic_chat_blue.png ... 
2022-05-13 09:18:35 +0000  1873 bytes for ./Payload/Onscart.app/assets/src/assets/images/ic_chat_blue.png
2022-05-13 09:18:35 +0000  copying file ./Payload/Onscart.app/assets/src/assets/images/ic_list@3x.png ... 
2022-05-13 09:18:35 +0000  1395 bytes for ./Payload/Onscart.app/assets/src/assets/images/ic_list@3x.png
2022-05-13 09:18:35 +0000  copying file ./Payload/Onscart.app/assets/src/assets/images/ic_analytics@2x.png ... 
2022-05-13 09:18:35 +0000  1924 bytes for ./Payload/Onscart.app/assets/src/assets/images/ic_analytics@2x.png
2022-05-13 09:18:35 +0000  copying file ./Payload/Onscart.app/assets/src/assets/images/ic_notes.png ... 
2022-05-13 09:18:35 +0000  1617 bytes for ./Payload/Onscart.app/assets/src/assets/images/ic_notes.png
2022-05-13 09:18:35 +0000  copying file ./Payload/Onscart.app/assets/src/assets/images/ic_chat@3x.png ... 
2022-05-13 09:18:35 +0000  3045 bytes for ./Payload/Onscart.app/assets/src/assets/images/ic_chat@3x.png
2022-05-13 09:18:35 +0000  copying file ./Payload/Onscart.app/assets/src/assets/images/ic_chat.png ... 
2022-05-13 09:18:35 +0000  1040 bytes for ./Payload/Onscart.app/assets/src/assets/images/ic_chat.png
2022-05-13 09:18:35 +0000  copying file ./Payload/Onscart.app/assets/src/assets/images/Main_logo.png ... 
2022-05-13 09:18:35 +0000  10020 bytes for ./Payload/Onscart.app/assets/src/assets/images/Main_logo.png
2022-05-13 09:18:35 +0000  copying file ./Payload/Onscart.app/assets/src/assets/images/ic_dollar.png ... 
2022-05-13 09:18:35 +0000  634 bytes for ./Payload/Onscart.app/assets/src/assets/images/ic_dollar.png
2022-05-13 09:18:35 +0000  copying file ./Payload/Onscart.app/assets/src/assets/images/ic_walk_b.png ... 
2022-05-13 09:18:35 +0000  1036 bytes for ./Payload/Onscart.app/assets/src/assets/images/ic_walk_b.png
2022-05-13 09:18:35 +0000  copying file ./Payload/Onscart.app/assets/src/assets/images/ic_car@2x.png ... 
2022-05-13 09:18:35 +0000  2922 bytes for ./Payload/Onscart.app/assets/src/assets/images/ic_car@2x.png
2022-05-13 09:18:35 +0000  copying file ./Payload/Onscart.app/assets/src/assets/images/ic_postal@2x.png ... 
2022-05-13 09:18:35 +0000  1357 bytes for ./Payload/Onscart.app/assets/src/assets/images/ic_postal@2x.png
2022-05-13 09:18:35 +0000  copying file ./Payload/Onscart.app/assets/src/assets/images/ic_face2@3x.png ... 
2022-05-13 09:18:35 +0000  8091 bytes for ./Payload/Onscart.app/assets/src/assets/images/ic_face2@3x.png
2022-05-13 09:18:35 +0000  copying file ./Payload/Onscart.app/assets/src/assets/images/ic_lifetimearning@2x.png ... 
2022-05-13 09:18:35 +0000  1889 bytes for ./Payload/Onscart.app/assets/src/assets/images/ic_lifetimearning@2x.png
2022-05-13 09:18:35 +0000  copying file ./Payload/Onscart.app/assets/src/assets/images/ic_walk.png ... 
2022-05-13 09:18:35 +0000  1622 bytes for ./Payload/Onscart.app/assets/src/assets/images/ic_walk.png
2022-05-13 09:18:35 +0000  copying file ./Payload/Onscart.app/assets/src/assets/images/ico_pin_blue@3x.png ... 
2022-05-13 09:18:35 +0000  2492 bytes for ./Payload/Onscart.app/assets/src/assets/images/ico_pin_blue@3x.png
2022-05-13 09:18:35 +0000  copying file ./Payload/Onscart.app/assets/src/assets/images/ic_call_2.png ... 
2022-05-13 09:18:35 +0000  699 bytes for ./Payload/Onscart.app/assets/src/assets/images/ic_call_2.png
2022-05-13 09:18:35 +0000  copying file ./Payload/Onscart.app/assets/src/assets/images/ic_cross_red.png ... 
2022-05-13 09:18:35 +0000  650 bytes for ./Payload/Onscart.app/assets/src/assets/images/ic_cross_red.png
2022-05-13 09:18:35 +0000  copying file ./Payload/Onscart.app/assets/src/assets/images/ic_chat_selected@3x.png ... 
2022-05-13 09:18:35 +0000  3263 bytes for ./Payload/Onscart.app/assets/src/assets/images/ic_chat_selected@3x.png
2022-05-13 09:18:35 +0000  copying file ./Payload/Onscart.app/assets/src/assets/images/ic_wallet.png ... 
2022-05-13 09:18:35 +0000  567 bytes for ./Payload/Onscart.app/assets/src/assets/images/ic_wallet.png
2022-05-13 09:18:35 +0000  copying file ./Payload/Onscart.app/assets/src/assets/images/ic_location@3x.png ... 
2022-05-13 09:18:35 +0000  1729 bytes for ./Payload/Onscart.app/assets/src/assets/images/ic_location@3x.png
2022-05-13 09:18:35 +0000  copying file ./Payload/Onscart.app/assets/src/assets/images/ic_support.png ... 
2022-05-13 09:18:35 +0000  496 bytes for ./Payload/Onscart.app/assets/src/assets/images/ic_support.png
2022-05-13 09:18:35 +0000  copying file ./Payload/Onscart.app/assets/src/assets/images/ic_radiocheck.png ... 
2022-05-13 09:18:35 +0000  493 bytes for ./Payload/Onscart.app/assets/src/assets/images/ic_radiocheck.png
2022-05-13 09:18:35 +0000  copying file ./Payload/Onscart.app/assets/src/assets/images/ic_phone@3x.png ... 
2022-05-13 09:18:35 +0000  1693 bytes for ./Payload/Onscart.app/assets/src/assets/images/ic_phone@3x.png
2022-05-13 09:18:35 +0000  copying file ./Payload/Onscart.app/assets/src/assets/images/ic_task@3x.png ... 
2022-05-13 09:18:35 +0000  896 bytes for ./Payload/Onscart.app/assets/src/assets/images/ic_task@3x.png
2022-05-13 09:18:35 +0000  copying file ./Payload/Onscart.app/assets/src/assets/images/ic_reimbursement@2x.png ... 
2022-05-13 09:18:35 +0000  1511 bytes for ./Payload/Onscart.app/assets/src/assets/images/ic_reimbursement@2x.png
2022-05-13 09:18:35 +0000  copying file ./Payload/Onscart.app/assets/src/assets/images/ic_location_on@2x.png ... 
2022-05-13 09:18:35 +0000  842 bytes for ./Payload/Onscart.app/assets/src/assets/images/ic_location_on@2x.png
2022-05-13 09:18:35 +0000  copying file ./Payload/Onscart.app/assets/src/assets/images/ic_radioActive@3x.png ... 
2022-05-13 09:18:35 +0000  1315 bytes for ./Payload/Onscart.app/assets/src/assets/images/ic_radioActive@3x.png
2022-05-13 09:18:35 +0000  copying file ./Payload/Onscart.app/assets/src/assets/images/ic_truck@3x.png ... 
2022-05-13 09:18:35 +0000  3595 bytes for ./Payload/Onscart.app/assets/src/assets/images/ic_truck@3x.png
2022-05-13 09:18:35 +0000  copying file ./Payload/Onscart.app/assets/src/assets/images/ic_location_2.png ... 
2022-05-13 09:18:35 +0000  630 bytes for ./Payload/Onscart.app/assets/src/assets/images/ic_location_2.png
2022-05-13 09:18:35 +0000  copying file ./Payload/Onscart.app/assets/src/assets/images/ic_currentbalance@2x.png ... 
2022-05-13 09:18:35 +0000  1564 bytes for ./Payload/Onscart.app/assets/src/assets/images/ic_currentbalance@2x.png
2022-05-13 09:18:35 +0000  copying file ./Payload/Onscart.app/assets/src/assets/images/ic_location_2@3x.png ... 
2022-05-13 09:18:35 +0000  2291 bytes for ./Payload/Onscart.app/assets/src/assets/images/ic_location_2@3x.png
2022-05-13 09:18:35 +0000  copying file ./Payload/Onscart.app/assets/src/assets/images/ic_settings@2x.png ... 
2022-05-13 09:18:35 +0000  1706 bytes for ./Payload/Onscart.app/assets/src/assets/images/ic_settings@2x.png
2022-05-13 09:18:35 +0000  copying file ./Payload/Onscart.app/assets/src/assets/images/ic_back@2x.png ... 
2022-05-13 09:18:35 +0000  841 bytes for ./Payload/Onscart.app/assets/src/assets/images/ic_back@2x.png
2022-05-13 09:18:35 +0000  copying file ./Payload/Onscart.app/assets/src/assets/images/ic_call@3x.png ... 
2022-05-13 09:18:35 +0000  6926 bytes for ./Payload/Onscart.app/assets/src/assets/images/ic_call@3x.png
2022-05-13 09:18:35 +0000  copying file ./Payload/Onscart.app/assets/src/assets/images/ic_menu.png ... 
2022-05-13 09:18:35 +0000  296 bytes for ./Payload/Onscart.app/assets/src/assets/images/ic_menu.png
2022-05-13 09:18:35 +0000  copying file ./Payload/Onscart.app/assets/src/assets/images/ic_payout.png ... 
2022-05-13 09:18:35 +0000  733 bytes for ./Payload/Onscart.app/assets/src/assets/images/ic_payout.png
2022-05-13 09:18:35 +0000  copying file ./Payload/Onscart.app/assets/src/assets/images/ic_placeholderbee@3x.png ... 
2022-05-13 09:18:35 +0000  50246 bytes for ./Payload/Onscart.app/assets/src/assets/images/ic_placeholderbee@3x.png
2022-05-13 09:18:35 +0000  copying file ./Payload/Onscart.app/assets/src/assets/images/ic_payout@3x.png ... 
2022-05-13 09:18:35 +0000  2350 bytes for ./Payload/Onscart.app/assets/src/assets/images/ic_payout@3x.png
2022-05-13 09:18:35 +0000  copying file ./Payload/Onscart.app/assets/src/assets/images/ic_mail@2x.png ... 
2022-05-13 09:18:35 +0000  1126 bytes for ./Payload/Onscart.app/assets/src/assets/images/ic_mail@2x.png
2022-05-13 09:18:35 +0000  copying file ./Payload/Onscart.app/assets/src/assets/images/ic_postal.png ... 
2022-05-13 09:18:35 +0000  627 bytes for ./Payload/Onscart.app/assets/src/assets/images/ic_postal.png
2022-05-13 09:18:35 +0000  copying file ./Payload/Onscart.app/assets/src/assets/images/ic_drpdwn@2x.png ... 
2022-05-13 09:18:35 +0000  272 bytes for ./Payload/Onscart.app/assets/src/assets/images/ic_drpdwn@2x.png
2022-05-13 09:18:35 +0000  copying file ./Payload/Onscart.app/assets/src/assets/images/ic_call_2@2x.png ... 
2022-05-13 09:18:35 +0000  1463 bytes for ./Payload/Onscart.app/assets/src/assets/images/ic_call_2@2x.png
2022-05-13 09:18:35 +0000  copying file ./Payload/Onscart.app/assets/src/assets/images/ic_radio@2x.png ... 
2022-05-13 09:18:35 +0000  802 bytes for ./Payload/Onscart.app/assets/src/assets/images/ic_radio@2x.png
2022-05-13 09:18:35 +0000  copying file ./Payload/Onscart.app/assets/src/assets/images/ic_radio.png ... 
2022-05-13 09:18:35 +0000  422 bytes for ./Payload/Onscart.app/assets/src/assets/images/ic_radio.png
2022-05-13 09:18:35 +0000  copying file ./Payload/Onscart.app/assets/src/assets/images/ic_code@3x.png ... 
2022-05-13 09:18:35 +0000  6323 bytes for ./Payload/Onscart.app/assets/src/assets/images/ic_code@3x.png
2022-05-13 09:18:35 +0000  copying file ./Payload/Onscart.app/assets/src/assets/images/ic_placeholderbee.png ... 
2022-05-13 09:18:35 +0000  12626 bytes for ./Payload/Onscart.app/assets/src/assets/images/ic_placeholderbee.png
2022-05-13 09:18:35 +0000  copying file ./Payload/Onscart.app/assets/src/assets/images/ic_arrow@2x.png ... 
2022-05-13 09:18:35 +0000  534 bytes for ./Payload/Onscart.app/assets/src/assets/images/ic_arrow@2x.png
2022-05-13 09:18:35 +0000  copying file ./Payload/Onscart.app/assets/src/assets/images/ic_arrow@3x.png ... 
2022-05-13 09:18:35 +0000  783 bytes for ./Payload/Onscart.app/assets/src/assets/images/ic_arrow@3x.png
2022-05-13 09:18:35 +0000  copying file ./Payload/Onscart.app/assets/src/assets/images/ic_task_2.png ... 
2022-05-13 09:18:35 +0000  750 bytes for ./Payload/Onscart.app/assets/src/assets/images/ic_task_2.png
2022-05-13 09:18:35 +0000  copying file ./Payload/Onscart.app/assets/src/assets/images/ic_code@2x.png ... 
2022-05-13 09:18:35 +0000  3936 bytes for ./Payload/Onscart.app/assets/src/assets/images/ic_code@2x.png
2022-05-13 09:18:35 +0000  copying file ./Payload/Onscart.app/assets/src/assets/images/ic_location_off.png ... 
2022-05-13 09:18:35 +0000  590 bytes for ./Payload/Onscart.app/assets/src/assets/images/ic_location_off.png
2022-05-13 09:18:35 +0000  copying file ./Payload/Onscart.app/assets/src/assets/images/ic_call.png ... 
2022-05-13 09:18:35 +0000  1700 bytes for ./Payload/Onscart.app/assets/src/assets/images/ic_call.png
2022-05-13 09:18:35 +0000  copying file ./Payload/Onscart.app/assets/src/assets/images/ic_radio@3x.png ... 
2022-05-13 09:18:35 +0000  1186 bytes for ./Payload/Onscart.app/assets/src/assets/images/ic_radio@3x.png
2022-05-13 09:18:35 +0000  copying file ./Payload/Onscart.app/assets/src/assets/images/ic_call_2@3x.png ... 
2022-05-13 09:18:35 +0000  2340 bytes for ./Payload/Onscart.app/assets/src/assets/images/ic_call_2@3x.png
2022-05-13 09:18:35 +0000  copying file ./Payload/Onscart.app/assets/src/assets/images/ic_drpdwn@3x.png ... 
2022-05-13 09:18:35 +0000  336 bytes for ./Payload/Onscart.app/assets/src/assets/images/ic_drpdwn@3x.png
2022-05-13 09:18:35 +0000  copying file ./Payload/Onscart.app/assets/src/assets/images/ic_signature_blue.png ... 
2022-05-13 09:18:35 +0000  2099 bytes for ./Payload/Onscart.app/assets/src/assets/images/ic_signature_blue.png
2022-05-13 09:18:35 +0000  copying file ./Payload/Onscart.app/assets/src/assets/images/ic_mail@3x.png ... 
2022-05-13 09:18:35 +0000  1701 bytes for ./Payload/Onscart.app/assets/src/assets/images/ic_mail@3x.png
2022-05-13 09:18:35 +0000  copying file ./Payload/Onscart.app/assets/src/assets/images/ic_payout@2x.png ... 
2022-05-13 09:18:35 +0000  1567 bytes for ./Payload/Onscart.app/assets/src/assets/images/ic_payout@2x.png
2022-05-13 09:18:35 +0000  copying file ./Payload/Onscart.app/assets/src/assets/images/ic_placeholderbee@2x.png ... 
2022-05-13 09:18:35 +0000  28564 bytes for ./Payload/Onscart.app/assets/src/assets/images/ic_placeholderbee@2x.png
2022-05-13 09:18:35 +0000  copying file ./Payload/Onscart.app/assets/src/assets/images/ripple.gif ... 
2022-05-13 09:18:35 +0000  23786 bytes for ./Payload/Onscart.app/assets/src/assets/images/ripple.gif
2022-05-13 09:18:35 +0000  copying file ./Payload/Onscart.app/assets/src/assets/images/ic_notes_blue.png ... 
2022-05-13 09:18:35 +0000  1689 bytes for ./Payload/Onscart.app/assets/src/assets/images/ic_notes_blue.png
2022-05-13 09:18:35 +0000  copying file ./Payload/Onscart.app/assets/src/assets/images/ic_call@2x.png ... 
2022-05-13 09:18:35 +0000  4046 bytes for ./Payload/Onscart.app/assets/src/assets/images/ic_call@2x.png
2022-05-13 09:18:35 +0000  copying file ./Payload/Onscart.app/assets/src/assets/images/ic_settings@3x.png ... 
2022-05-13 09:18:35 +0000  2690 bytes for ./Payload/Onscart.app/assets/src/assets/images/ic_settings@3x.png
2022-05-13 09:18:35 +0000  copying file ./Payload/Onscart.app/assets/src/assets/images/ic_location_2@2x.png ... 
2022-05-13 09:18:35 +0000  1475 bytes for ./Payload/Onscart.app/assets/src/assets/images/ic_location_2@2x.png
2022-05-13 09:18:35 +0000  copying file ./Payload/Onscart.app/assets/src/assets/images/ic_back@3x.png ... 
1232 bytes for ./Payload/Onscart.app/assets/src/assets/images/ic_back@3x.png
copying file ./Payload/Onscart.app/assets/src/assets/images/ic_lifetimearning.png ... 
2022-05-13 09:18:35 +0000  883 bytes for ./Payload/Onscart.app/assets/src/assets/images/ic_lifetimearning.png
copying file ./Payload/Onscart.app/assets/src/assets/images/ic_truck@2x.png ... 
2022-05-13 09:18:36 +0000  2636 bytes for ./Payload/Onscart.app/assets/src/assets/images/ic_truck@2x.png
copying file ./Payload/Onscart.app/assets/src/assets/images/ic_currentbalance@3x.png ... 
2022-05-13 09:18:36 +0000  2414 bytes for ./Payload/Onscart.app/assets/src/assets/images/ic_currentbalance@3x.png
2022-05-13 09:18:36 +0000  copying file ./Payload/Onscart.app/assets/src/assets/images/ic_location_on@3x.png ... 
1175 bytes for ./Payload/Onscart.app/assets/src/assets/images/ic_location_on@3x.png
copying file ./Payload/Onscart.app/assets/src/assets/images/ic_radioActive@2x.png ... 
2022-05-13 09:18:36 +0000  822 bytes for ./Payload/Onscart.app/assets/src/assets/images/ic_radioActive@2x.png
2022-05-13 09:18:36 +0000  copying file ./Payload/Onscart.app/assets/src/assets/images/ic_phone@2x.png ... 
2022-05-13 09:18:36 +0000  1133 bytes for ./Payload/Onscart.app/assets/src/assets/images/ic_phone@2x.png
2022-05-13 09:18:36 +0000  copying file ./Payload/Onscart.app/assets/src/assets/images/ic_task@2x.png ... 
2022-05-13 09:18:36 +0000  661 bytes for ./Payload/Onscart.app/assets/src/assets/images/ic_task@2x.png
2022-05-13 09:18:36 +0000  copying file ./Payload/Onscart.app/assets/src/assets/images/ic_reimbursement@3x.png ... 
2022-05-13 09:18:36 +0000  2333 bytes for ./Payload/Onscart.app/assets/src/assets/images/ic_reimbursement@3x.png
2022-05-13 09:18:36 +0000  copying file ./Payload/Onscart.app/assets/src/assets/images/ic_location@2x.png ... 
2022-05-13 09:18:36 +0000  1070 bytes for ./Payload/Onscart.app/assets/src/assets/images/ic_location@2x.png
2022-05-13 09:18:36 +0000  copying file ./Payload/Onscart.app/assets/src/assets/images/ic_tutorial.png ... 
2022-05-13 09:18:36 +0000  609 bytes for ./Payload/Onscart.app/assets/src/assets/images/ic_tutorial.png
2022-05-13 09:18:36 +0000  copying file ./Payload/Onscart.app/assets/src/assets/images/ic_car.png ... 
2022-05-13 09:18:36 +0000  1725 bytes for ./Payload/Onscart.app/assets/src/assets/images/ic_car.png
2022-05-13 09:18:36 +0000  copying file ./Payload/Onscart.app/assets/src/assets/images/ic_expand.png ... 
2022-05-13 09:18:36 +0000  343 bytes for ./Payload/Onscart.app/assets/src/assets/images/ic_expand.png
2022-05-13 09:18:36 +0000  copying file ./Payload/Onscart.app/assets/src/assets/images/ic_details.png ... 
2022-05-13 09:18:36 +0000  387 bytes for ./Payload/Onscart.app/assets/src/assets/images/ic_details.png
2022-05-13 09:18:36 +0000  copying file ./Payload/Onscart.app/assets/src/assets/images/ic_off_duty.png ... 
2022-05-13 09:18:36 +0000  28927 bytes for ./Payload/Onscart.app/assets/src/assets/images/ic_off_duty.png
2022-05-13 09:18:36 +0000  copying file ./Payload/Onscart.app/assets/src/assets/images/ic_chat_selected.png ... 
2022-05-13 09:18:36 +0000  1830 bytes for ./Payload/Onscart.app/assets/src/assets/images/ic_chat_selected.png
2022-05-13 09:18:36 +0000  copying file ./Payload/Onscart.app/assets/src/assets/images/ic_chat_selected@2x.png ... 
2022-05-13 09:18:36 +0000  2187 bytes for ./Payload/Onscart.app/assets/src/assets/images/ic_chat_selected@2x.png
2022-05-13 09:18:36 +0000  copying file ./Payload/Onscart.app/assets/src/assets/images/ico_pin_blue@2x.png ... 
2022-05-13 09:18:36 +0000  1721 bytes for ./Payload/Onscart.app/assets/src/assets/images/ico_pin_blue@2x.png
2022-05-13 09:18:36 +0000  copying file ./Payload/Onscart.app/assets/src/assets/images/ic_support_2.png ... 
2022-05-13 09:18:36 +0000  573 bytes for ./Payload/Onscart.app/assets/src/assets/images/ic_support_2.png
2022-05-13 09:18:36 +0000  copying file ./Payload/Onscart.app/Info.plist ... 
2022-05-13 09:18:36 +0000  1951 bytes for ./Payload/Onscart.app/Info.plist
copying file ./Payload/Onscart.app/PkgInfo ... 
2022-05-13 09:18:36 +0000  8 bytes for ./Payload/Onscart.app/PkgInfo
2022-05-13 09:18:36 +0000  copying file ./SwiftSupport/iphoneos/libswiftPhotos.dylib ... 
2022-05-13 09:18:36 +0000  467920 bytes for ./SwiftSupport/iphoneos/libswiftPhotos.dylib
2022-05-13 09:18:36 +0000  copying file ./SwiftSupport/iphoneos/libswiftCoreImage.dylib ... 
2022-05-13 09:18:36 +0000  466448 bytes for ./SwiftSupport/iphoneos/libswiftCoreImage.dylib
2022-05-13 09:18:36 +0000  copying file ./SwiftSupport/iphoneos/libswiftObjectiveC.dylib ... 
2022-05-13 09:18:36 +0000  679568 bytes for ./SwiftSupport/iphoneos/libswiftObjectiveC.dylib
2022-05-13 09:18:36 +0000  copying file ./SwiftSupport/iphoneos/libswiftVision.dylib ... 
2022-05-13 09:18:36 +0000  467728 bytes for ./SwiftSupport/iphoneos/libswiftVision.dylib
2022-05-13 09:18:36 +0000  copying file ./SwiftSupport/iphoneos/libswiftCore.dylib ... 
2022-05-13 09:18:39 +0000  95497472 bytes for ./SwiftSupport/iphoneos/libswiftCore.dylib
2022-05-13 09:18:39 +0000  copying file ./SwiftSupport/iphoneos/libswiftCoreGraphics.dylib ... 
2022-05-13 09:18:39 +0000  2040928 bytes for ./SwiftSupport/iphoneos/libswiftCoreGraphics.dylib
2022-05-13 09:18:39 +0000  copying file ./SwiftSupport/iphoneos/libswiftUIKit.dylib ... 
2022-05-13 09:18:39 +0000  1608688 bytes for ./SwiftSupport/iphoneos/libswiftUIKit.dylib
2022-05-13 09:18:39 +0000  copying file ./SwiftSupport/iphoneos/libswiftMetal.dylib ... 
2022-05-13 09:18:39 +0000  724304 bytes for ./SwiftSupport/iphoneos/libswiftMetal.dylib
2022-05-13 09:18:39 +0000  copying file ./SwiftSupport/iphoneos/libswiftCoreData.dylib ... 
2022-05-13 09:18:39 +0000  994784 bytes for ./SwiftSupport/iphoneos/libswiftCoreData.dylib
2022-05-13 09:18:39 +0000  copying file ./SwiftSupport/iphoneos/libswiftDispatch.dylib ... 
2022-05-13 09:18:40 +0000  4056784 bytes for ./SwiftSupport/iphoneos/libswiftDispatch.dylib
2022-05-13 09:18:40 +0000  copying file ./SwiftSupport/iphoneos/libswiftos.dylib ... 
2022-05-13 09:18:40 +0000  857072 bytes for ./SwiftSupport/iphoneos/libswiftos.dylib
2022-05-13 09:18:40 +0000  copying file ./SwiftSupport/iphoneos/libswiftCoreFoundation.dylib ... 
2022-05-13 09:18:40 +0000  450272 bytes for ./SwiftSupport/iphoneos/libswiftCoreFoundation.dylib
2022-05-13 09:18:40 +0000  copying file ./SwiftSupport/iphoneos/libswiftDarwin.dylib ... 
2022-05-13 09:18:40 +0000  1091328 bytes for ./SwiftSupport/iphoneos/libswiftDarwin.dylib
2022-05-13 09:18:40 +0000  copying file ./SwiftSupport/iphoneos/libswiftContacts.dylib ... 
2022-05-13 09:18:40 +0000  660592 bytes for ./SwiftSupport/iphoneos/libswiftContacts.dylib
2022-05-13 09:18:40 +0000  copying file ./SwiftSupport/iphoneos/libswiftQuartzCore.dylib ... 
2022-05-13 09:18:40 +0000  486224 bytes for ./SwiftSupport/iphoneos/libswiftQuartzCore.dylib
2022-05-13 09:18:40 +0000  copying file ./SwiftSupport/iphoneos/libswiftCoreAudio.dylib ... 
2022-05-13 09:18:40 +0000  835936 bytes for ./SwiftSupport/iphoneos/libswiftCoreAudio.dylib
2022-05-13 09:18:40 +0000  copying file ./SwiftSupport/iphoneos/libswiftAVFoundation.dylib ... 
2022-05-13 09:18:40 +0000  1651984 bytes for ./SwiftSupport/iphoneos/libswiftAVFoundation.dylib
2022-05-13 09:18:40 +0000  copying file ./SwiftSupport/iphoneos/libswiftFoundation.dylib ... 
2022-05-13 09:18:41 +0000  43094208 bytes for ./SwiftSupport/iphoneos/libswiftFoundation.dylib
2022-05-13 09:18:42 +0000  copying file ./SwiftSupport/iphoneos/libswiftCoreMedia.dylib ... 
2022-05-13 09:18:42 +0000  794464 bytes for ./SwiftSupport/iphoneos/libswiftCoreMedia.dylib
2022-05-13 09:18:42 +0000  copying file ./SwiftSupport/iphoneos/libswiftCoreLocation.dylib ... 
2022-05-13 09:18:42 +0000  730112 bytes for ./SwiftSupport/iphoneos/libswiftCoreLocation.dylib
2022-05-13 09:18:42 +0000  copying file ./SwiftSupport/iphoneos/libswiftsimd.dylib ... 
2022-05-13 09:18:42 +0000  4134048 bytes for ./SwiftSupport/iphoneos/libswiftsimd.dylib
2022-05-13 09:18:42 +0000  copying file ./Symbols/4DC8CC49-FC38-3B77-AE99-4AECE05AE320.symbols ... 
2022-05-13 09:18:42 +0000  5861276 bytes for ./Symbols/4DC8CC49-FC38-3B77-AE99-4AECE05AE320.symbols
2022-05-13 09:18:42 +0000  copying file ./Symbols/6D527FB7-5C74-3FB1-B841-6C65A840D3F7.symbols ... 
2022-05-13 09:18:42 +0000  364452 bytes for ./Symbols/6D527FB7-5C74-3FB1-B841-6C65A840D3F7.symbols
2022-05-13 09:18:42 +0000  copying file ./Symbols/CD28E8BF-AEC4-35C6-B4B9-392C3AE72B37.symbols ... 
2022-05-13 09:18:43 +0000  34355340 bytes for ./Symbols/CD28E8BF-AEC4-35C6-B4B9-392C3AE72B37.symbols
2022-05-13 09:18:43 +0000  copying file ./Symbols/3D5C06C1-92F3-3CB4-90FC-AF56E6C1FBD1.symbols ... 
2022-05-13 09:18:43 +0000  397764 bytes for ./Symbols/3D5C06C1-92F3-3CB4-90FC-AF56E6C1FBD1.symbols
2022-05-13 09:18:43 +0000  copying file ./Symbols/2ADE328A-8110-344A-8173-1AEFF88E980A.symbols ... 
2022-05-13 09:18:43 +0000  90980 bytes for ./Symbols/2ADE328A-8110-344A-8173-1AEFF88E980A.symbols
2022-05-13 09:18:43 +0000  copying file ./Symbols/7BA06533-E42E-38AB-83DC-CBE902158950.symbols ... 
2022-05-13 09:18:43 +0000  803332 bytes for ./Symbols/7BA06533-E42E-38AB-83DC-CBE902158950.symbols
2022-05-13 09:18:43 +0000  copying file ./Symbols/40294E0E-480C-30AF-A497-8B9626342686.symbols ... 
2022-05-13 09:18:43 +0000  409260 bytes for ./Symbols/40294E0E-480C-30AF-A497-8B9626342686.symbols
2022-05-13 09:18:43 +0000  copying file ./Symbols/96C6BA3E-5527-32AF-972F-A8B8469F5545.symbols ... 
2022-05-13 09:18:43 +0000  2827844 bytes for ./Symbols/96C6BA3E-5527-32AF-972F-A8B8469F5545.symbols
2022-05-13 09:18:43 +0000  copying file ./Symbols/59AE7E2E-C1BC-36E7-8E30-08833ADFF2EA.symbols ... 
2022-05-13 09:18:43 +0000  2408284 bytes for ./Symbols/59AE7E2E-C1BC-36E7-8E30-08833ADFF2EA.symbols
2022-05-13 09:18:43 +0000  copying file ./Symbols/530758ED-EAFE-300B-8848-B0F112FE4C44.symbols ... 
2022-05-13 09:18:43 +0000  87020 bytes for ./Symbols/530758ED-EAFE-300B-8848-B0F112FE4C44.symbols
2022-05-13 09:18:43 +0000  copying file ./Symbols/0587B157-6008-3E0B-A76A-BABFEB113B67.symbols ... 
2022-05-13 09:18:43 +0000  166772 bytes for ./Symbols/0587B157-6008-3E0B-A76A-BABFEB113B67.symbols
2022-05-13 09:18:43 +0000  copying file ./Symbols/0137E387-2D0F-3095-A27B-10077B01E5E0.symbols ... 
2022-05-13 09:18:43 +0000  399196 bytes for ./Symbols/0137E387-2D0F-3095-A27B-10077B01E5E0.symbols
2022-05-13 09:18:43 +0000  copying file ./Symbols/75FDA087-04F8-318B-9003-E0E9FE260346.symbols ... 
2022-05-13 09:18:43 +0000  402708 bytes for ./Symbols/75FDA087-04F8-318B-9003-E0E9FE260346.symbols
2022-05-13 09:18:43 +0000  copying file ./Symbols/83F43910-C334-31FB-841A-635CE6D5E7CC.symbols ... 
2022-05-13 09:18:44 +0000  5127716 bytes for ./Symbols/83F43910-C334-31FB-841A-635CE6D5E7CC.symbols
2022-05-13 09:18:44 +0000  copying file ./Symbols/A1BACEA3-C53D-3472-92CD-FCEF8A8ED5EA.symbols ... 
2022-05-13 09:18:44 +0000  458476 bytes for ./Symbols/A1BACEA3-C53D-3472-92CD-FCEF8A8ED5EA.symbols
2022-05-13 09:18:44 +0000  copying file ./Symbols/FD2CBF79-0E10-3DAC-83BE-E3C15D8E81C2.symbols ... 
2022-05-13 09:18:44 +0000  454460 bytes for ./Symbols/FD2CBF79-0E10-3DAC-83BE-E3C15D8E81C2.symbols
2022-05-13 09:18:44 +0000  copying file ./Symbols/BFFE580D-EFFE-3F06-8C0B-FA4DDD9AEFA8.symbols ... 
2022-05-13 09:18:44 +0000  188004 bytes for ./Symbols/BFFE580D-EFFE-3F06-8C0B-FA4DDD9AEFA8.symbols
2022-05-13 09:18:44 +0000  copying file ./Symbols/5A50CB9D-99DC-311C-A45F-137A6E387D36.symbols ... 
2022-05-13 09:18:44 +0000  672020 bytes for ./Symbols/5A50CB9D-99DC-311C-A45F-137A6E387D36.symbols
2022-05-13 09:18:44 +0000  copying file ./AppThinning.plist ... 
2022-05-13 09:18:44 +0000  228 bytes for ./AppThinning.plist
2022-05-13 09:18:44 +0000  /usr/bin/ditto exited with 0
2022-05-13 09:18:44 +0000  Processing step: IDEDistributionAppStoreInformationStep
2022-05-13 09:18:44 +0000  Skipping step: IDEDistributionAppStoreInformationStep because it said so
2022-05-13 09:18:44 +0000  Processing step: IDEDistributionGenerateProcessedDistributionItems
2022-05-13 09:18:45 +0000  IDEDistributionItem init <DVTFilePath:0x7fa4e861f390:'/var/folders/ww/sw0d02593_9c001st0kyw4bc0000gn/T/XcodeDistPipeline.~~~p63Lc0/Root/Payload/Onscart.app/Frameworks/libswiftAVFoundation.dylib'>
2022-05-13 09:18:45 +0000  [OPTIONAL] Can't have a profile, not a bundle at <DVTFilePath:0x7fa4e861f390:'/var/folders/ww/sw0d02593_9c001st0kyw4bc0000gn/T/XcodeDistPipeline.~~~p63Lc0/Root/Payload/Onscart.app/Frameworks/libswiftAVFoundation.dylib'>
2022-05-13 09:18:45 +0000  IDEDistributionItem init <DVTFilePath:0x7fa3241538a0:'/var/folders/ww/sw0d02593_9c001st0kyw4bc0000gn/T/XcodeDistPipeline.~~~p63Lc0/Root/Payload/Onscart.app/Frameworks/libswiftCore.dylib'>
2022-05-13 09:18:45 +0000  [OPTIONAL] Can't have a profile, not a bundle at <DVTFilePath:0x7fa3241538a0:'/var/folders/ww/sw0d02593_9c001st0kyw4bc0000gn/T/XcodeDistPipeline.~~~p63Lc0/Root/Payload/Onscart.app/Frameworks/libswiftCore.dylib'>
2022-05-13 09:18:45 +0000  IDEDistributionItem init <DVTFilePath:0x7fa32405dca0:'/var/folders/ww/sw0d02593_9c001st0kyw4bc0000gn/T/XcodeDistPipeline.~~~p63Lc0/Root/Payload/Onscart.app/Frameworks/libswiftos.dylib'>
2022-05-13 09:18:45 +0000  [OPTIONAL] Can't have a profile, not a bundle at <DVTFilePath:0x7fa32405dca0:'/var/folders/ww/sw0d02593_9c001st0kyw4bc0000gn/T/XcodeDistPipeline.~~~p63Lc0/Root/Payload/Onscart.app/Frameworks/libswiftos.dylib'>
2022-05-13 09:18:45 +0000  IDEDistributionItem init <DVTFilePath:0x7fa3241e05e0:'/var/folders/ww/sw0d02593_9c001st0kyw4bc0000gn/T/XcodeDistPipeline.~~~p63Lc0/Root/Payload/Onscart.app/Frameworks/libswiftObjectiveC.dylib'>
2022-05-13 09:18:45 +0000  [OPTIONAL] Can't have a profile, not a bundle at <DVTFilePath:0x7fa3241e05e0:'/var/folders/ww/sw0d02593_9c001st0kyw4bc0000gn/T/XcodeDistPipeline.~~~p63Lc0/Root/Payload/Onscart.app/Frameworks/libswiftObjectiveC.dylib'>
2022-05-13 09:18:45 +0000  IDEDistributionItem init <DVTFilePath:0x7fa3240fcb20:'/var/folders/ww/sw0d02593_9c001st0kyw4bc0000gn/T/XcodeDistPipeline.~~~p63Lc0/Root/Payload/Onscart.app/Frameworks/libswiftCoreData.dylib'>
2022-05-13 09:18:45 +0000  [OPTIONAL] Can't have a profile, not a bundle at <DVTFilePath:0x7fa3240fcb20:'/var/folders/ww/sw0d02593_9c001st0kyw4bc0000gn/T/XcodeDistPipeline.~~~p63Lc0/Root/Payload/Onscart.app/Frameworks/libswiftCoreData.dylib'>
2022-05-13 09:18:45 +0000  IDEDistributionItem init <DVTFilePath:0x7fa3240b4600:'/var/folders/ww/sw0d02593_9c001st0kyw4bc0000gn/T/XcodeDistPipeline.~~~p63Lc0/Root/Payload/Onscart.app/Frameworks/libswiftCoreGraphics.dylib'>
2022-05-13 09:18:45 +0000  [OPTIONAL] Can't have a profile, not a bundle at <DVTFilePath:0x7fa3240b4600:'/var/folders/ww/sw0d02593_9c001st0kyw4bc0000gn/T/XcodeDistPipeline.~~~p63Lc0/Root/Payload/Onscart.app/Frameworks/libswiftCoreGraphics.dylib'>
2022-05-13 09:18:45 +0000  IDEDistributionItem init <DVTFilePath:0x7fa3240d7e90:'/var/folders/ww/sw0d02593_9c001st0kyw4bc0000gn/T/XcodeDistPipeline.~~~p63Lc0/Root/Payload/Onscart.app/Frameworks/RegulaCommon.framework'>
2022-05-13 09:18:45 +0000  IDEDistributionItem init <DVTFilePath:0x7fa324231300:'/var/folders/ww/sw0d02593_9c001st0kyw4bc0000gn/T/XcodeDistPipeline.~~~p63Lc0/Root/Payload/Onscart.app/Frameworks/libswiftFoundation.dylib'>
2022-05-13 09:18:45 +0000  [OPTIONAL] Can't have a profile, not a bundle at <DVTFilePath:0x7fa324231300:'/var/folders/ww/sw0d02593_9c001st0kyw4bc0000gn/T/XcodeDistPipeline.~~~p63Lc0/Root/Payload/Onscart.app/Frameworks/libswiftFoundation.dylib'>
2022-05-13 09:18:45 +0000  IDEDistributionItem init <DVTFilePath:0x7fa324152cd0:'/var/folders/ww/sw0d02593_9c001st0kyw4bc0000gn/T/XcodeDistPipeline.~~~p63Lc0/Root/Payload/Onscart.app/Frameworks/libswiftVision.dylib'>
2022-05-13 09:18:45 +0000  [OPTIONAL] Can't have a profile, not a bundle at <DVTFilePath:0x7fa324152cd0:'/var/folders/ww/sw0d02593_9c001st0kyw4bc0000gn/T/XcodeDistPipeline.~~~p63Lc0/Root/Payload/Onscart.app/Frameworks/libswiftVision.dylib'>
2022-05-13 09:18:45 +0000  IDEDistributionItem init <DVTFilePath:0x7fa33394c6a0:'/var/folders/ww/sw0d02593_9c001st0kyw4bc0000gn/T/XcodeDistPipeline.~~~p63Lc0/Root/Payload/Onscart.app/Frameworks/libswiftQuartzCore.dylib'>
2022-05-13 09:18:45 +0000  [OPTIONAL] Can't have a profile, not a bundle at <DVTFilePath:0x7fa33394c6a0:'/var/folders/ww/sw0d02593_9c001st0kyw4bc0000gn/T/XcodeDistPipeline.~~~p63Lc0/Root/Payload/Onscart.app/Frameworks/libswiftQuartzCore.dylib'>
2022-05-13 09:18:45 +0000  IDEDistributionItem init <DVTFilePath:0x7fa3240111e0:'/var/folders/ww/sw0d02593_9c001st0kyw4bc0000gn/T/XcodeDistPipeline.~~~p63Lc0/Root/Payload/Onscart.app/Frameworks/SDKConfigurations.framework'>
2022-05-13 09:18:45 +0000  IDEDistributionItem init <DVTFilePath:0x7fa3240dc960:'/var/folders/ww/sw0d02593_9c001st0kyw4bc0000gn/T/XcodeDistPipeline.~~~p63Lc0/Root/Payload/Onscart.app/Frameworks/libswiftDispatch.dylib'>
2022-05-13 09:18:45 +0000  [OPTIONAL] Can't have a profile, not a bundle at <DVTFilePath:0x7fa3240dc960:'/var/folders/ww/sw0d02593_9c001st0kyw4bc0000gn/T/XcodeDistPipeline.~~~p63Lc0/Root/Payload/Onscart.app/Frameworks/libswiftDispatch.dylib'>
2022-05-13 09:18:45 +0000  IDEDistributionItem init <DVTFilePath:0x7fa4cf960320:'/var/folders/ww/sw0d02593_9c001st0kyw4bc0000gn/T/XcodeDistPipeline.~~~p63Lc0/Root/Payload/Onscart.app/Frameworks/ChatSDK.framework'>
2022-05-13 09:18:45 +0000  IDEDistributionItem init <DVTFilePath:0x7fa3240c3f90:'/var/folders/ww/sw0d02593_9c001st0kyw4bc0000gn/T/XcodeDistPipeline.~~~p63Lc0/Root/Payload/Onscart.app/Frameworks/libswiftContacts.dylib'>
2022-05-13 09:18:45 +0000  [OPTIONAL] Can't have a profile, not a bundle at <DVTFilePath:0x7fa3240c3f90:'/var/folders/ww/sw0d02593_9c001st0kyw4bc0000gn/T/XcodeDistPipeline.~~~p63Lc0/Root/Payload/Onscart.app/Frameworks/libswiftContacts.dylib'>
2022-05-13 09:18:45 +0000  IDEDistributionItem init <DVTFilePath:0x7fa324233c30:'/var/folders/ww/sw0d02593_9c001st0kyw4bc0000gn/T/XcodeDistPipeline.~~~p63Lc0/Root/Payload/Onscart.app/Frameworks/libswiftsimd.dylib'>
2022-05-13 09:18:45 +0000  [OPTIONAL] Can't have a profile, not a bundle at <DVTFilePath:0x7fa324233c30:'/var/folders/ww/sw0d02593_9c001st0kyw4bc0000gn/T/XcodeDistPipeline.~~~p63Lc0/Root/Payload/Onscart.app/Frameworks/libswiftsimd.dylib'>
2022-05-13 09:18:45 +0000  IDEDistributionItem init <DVTFilePath:0x7fa324231ee0:'/var/folders/ww/sw0d02593_9c001st0kyw4bc0000gn/T/XcodeDistPipeline.~~~p63Lc0/Root/Payload/Onscart.app/Frameworks/libswiftCoreMedia.dylib'>
2022-05-13 09:18:45 +0000  [OPTIONAL] Can't have a profile, not a bundle at <DVTFilePath:0x7fa324231ee0:'/var/folders/ww/sw0d02593_9c001st0kyw4bc0000gn/T/XcodeDistPipeline.~~~p63Lc0/Root/Payload/Onscart.app/Frameworks/libswiftCoreMedia.dylib'>
2022-05-13 09:18:45 +0000  IDEDistributionItem init <DVTFilePath:0x7fa324228290:'/var/folders/ww/sw0d02593_9c001st0kyw4bc0000gn/T/XcodeDistPipeline.~~~p63Lc0/Root/Payload/Onscart.app/Frameworks/ChatProvidersSDK.framework'>
2022-05-13 09:18:45 +0000  IDEDistributionItem init <DVTFilePath:0x7fa3240638a0:'/var/folders/ww/sw0d02593_9c001st0kyw4bc0000gn/T/XcodeDistPipeline.~~~p63Lc0/Root/Payload/Onscart.app/Frameworks/CommonUISDK.framework'>
2022-05-13 09:18:45 +0000  IDEDistributionItem init <DVTFilePath:0x7fa32413d670:'/var/folders/ww/sw0d02593_9c001st0kyw4bc0000gn/T/XcodeDistPipeline.~~~p63Lc0/Root/Payload/Onscart.app/Frameworks/libswiftCoreImage.dylib'>
2022-05-13 09:18:45 +0000  [OPTIONAL] Can't have a profile, not a bundle at <DVTFilePath:0x7fa32413d670:'/var/folders/ww/sw0d02593_9c001st0kyw4bc0000gn/T/XcodeDistPipeline.~~~p63Lc0/Root/Payload/Onscart.app/Frameworks/libswiftCoreImage.dylib'>
2022-05-13 09:18:45 +0000  IDEDistributionItem init <DVTFilePath:0x7fa324232d70:'/var/folders/ww/sw0d02593_9c001st0kyw4bc0000gn/T/XcodeDistPipeline.~~~p63Lc0/Root/Payload/Onscart.app/Frameworks/libswiftCoreLocation.dylib'>
2022-05-13 09:18:45 +0000  [OPTIONAL] Can't have a profile, not a bundle at <DVTFilePath:0x7fa324232d70:'/var/folders/ww/sw0d02593_9c001st0kyw4bc0000gn/T/XcodeDistPipeline.~~~p63Lc0/Root/Payload/Onscart.app/Frameworks/libswiftCoreLocation.dylib'>
2022-05-13 09:18:45 +0000  IDEDistributionItem init <DVTFilePath:0x7fa3240cf090:'/var/folders/ww/sw0d02593_9c001st0kyw4bc0000gn/T/XcodeDistPipeline.~~~p63Lc0/Root/Payload/Onscart.app/Frameworks/libswiftUIKit.dylib'>
2022-05-13 09:18:45 +0000  [OPTIONAL] Can't have a profile, not a bundle at <DVTFilePath:0x7fa3240cf090:'/var/folders/ww/sw0d02593_9c001st0kyw4bc0000gn/T/XcodeDistPipeline.~~~p63Lc0/Root/Payload/Onscart.app/Frameworks/libswiftUIKit.dylib'>
2022-05-13 09:18:45 +0000  IDEDistributionItem init <DVTFilePath:0x7fa3241b2d90:'/var/folders/ww/sw0d02593_9c001st0kyw4bc0000gn/T/XcodeDistPipeline.~~~p63Lc0/Root/Payload/Onscart.app/Frameworks/Razorpay.framework'>
2022-05-13 09:18:45 +0000  IDEDistributionItem init <DVTFilePath:0x7fa3241d2210:'/var/folders/ww/sw0d02593_9c001st0kyw4bc0000gn/T/XcodeDistPipeline.~~~p63Lc0/Root/Payload/Onscart.app/Frameworks/libswiftPhotos.dylib'>
2022-05-13 09:18:45 +0000  [OPTIONAL] Can't have a profile, not a bundle at <DVTFilePath:0x7fa3241d2210:'/var/folders/ww/sw0d02593_9c001st0kyw4bc0000gn/T/XcodeDistPipeline.~~~p63Lc0/Root/Payload/Onscart.app/Frameworks/libswiftPhotos.dylib'>
2022-05-13 09:18:45 +0000  IDEDistributionItem init <DVTFilePath:0x7fa32405e230:'/var/folders/ww/sw0d02593_9c001st0kyw4bc0000gn/T/XcodeDistPipeline.~~~p63Lc0/Root/Payload/Onscart.app/Frameworks/FaceSDK.framework'>
2022-05-13 09:18:45 +0000  IDEDistributionItem init <DVTFilePath:0x7fa4e860a290:'/var/folders/ww/sw0d02593_9c001st0kyw4bc0000gn/T/XcodeDistPipeline.~~~p63Lc0/Root/Payload/Onscart.app/Frameworks/MessagingAPI.framework'>
2022-05-13 09:18:45 +0000  IDEDistributionItem init <DVTFilePath:0x7fa3240769a0:'/var/folders/ww/sw0d02593_9c001st0kyw4bc0000gn/T/XcodeDistPipeline.~~~p63Lc0/Root/Payload/Onscart.app/Frameworks/libswiftDarwin.dylib'>
2022-05-13 09:18:45 +0000  [OPTIONAL] Can't have a profile, not a bundle at <DVTFilePath:0x7fa3240769a0:'/var/folders/ww/sw0d02593_9c001st0kyw4bc0000gn/T/XcodeDistPipeline.~~~p63Lc0/Root/Payload/Onscart.app/Frameworks/libswiftDarwin.dylib'>
2022-05-13 09:18:45 +0000  IDEDistributionItem init <DVTFilePath:0x7fa4e8676a80:'/var/folders/ww/sw0d02593_9c001st0kyw4bc0000gn/T/XcodeDistPipeline.~~~p63Lc0/Root/Payload/Onscart.app/Frameworks/MessagingSDK.framework'>
2022-05-13 09:18:45 +0000  IDEDistributionItem init <DVTFilePath:0x7fa3240cfca0:'/var/folders/ww/sw0d02593_9c001st0kyw4bc0000gn/T/XcodeDistPipeline.~~~p63Lc0/Root/Payload/Onscart.app/Frameworks/libswiftMetal.dylib'>
2022-05-13 09:18:45 +0000  [OPTIONAL] Can't have a profile, not a bundle at <DVTFilePath:0x7fa3240cfca0:'/var/folders/ww/sw0d02593_9c001st0kyw4bc0000gn/T/XcodeDistPipeline.~~~p63Lc0/Root/Payload/Onscart.app/Frameworks/libswiftMetal.dylib'>
2022-05-13 09:18:45 +0000  IDEDistributionItem init <DVTFilePath:0x7fa4e86105e0:'/var/folders/ww/sw0d02593_9c001st0kyw4bc0000gn/T/XcodeDistPipeline.~~~p63Lc0/Root/Payload/Onscart.app/Frameworks/libswiftCoreAudio.dylib'>
2022-05-13 09:18:45 +0000  [OPTIONAL] Can't have a profile, not a bundle at <DVTFilePath:0x7fa4e86105e0:'/var/folders/ww/sw0d02593_9c001st0kyw4bc0000gn/T/XcodeDistPipeline.~~~p63Lc0/Root/Payload/Onscart.app/Frameworks/libswiftCoreAudio.dylib'>
2022-05-13 09:18:45 +0000  IDEDistributionItem init <DVTFilePath:0x7fa3240f9cd0:'/var/folders/ww/sw0d02593_9c001st0kyw4bc0000gn/T/XcodeDistPipeline.~~~p63Lc0/Root/Payload/Onscart.app/Frameworks/libswiftCoreFoundation.dylib'>
2022-05-13 09:18:45 +0000  [OPTIONAL] Can't have a profile, not a bundle at <DVTFilePath:0x7fa3240f9cd0:'/var/folders/ww/sw0d02593_9c001st0kyw4bc0000gn/T/XcodeDistPipeline.~~~p63Lc0/Root/Payload/Onscart.app/Frameworks/libswiftCoreFoundation.dylib'>
2022-05-13 09:18:45 +0000  IDEDistributionItem init <DVTFilePath:0x7fa3294d1ee0:'/var/folders/ww/sw0d02593_9c001st0kyw4bc0000gn/T/XcodeDistPipeline.~~~p63Lc0/Root/Payload/Onscart.app'>
2022-05-13 09:18:45 +0000  Processing step: IDEDistributionCreateManifestStep
2022-05-13 09:18:45 +0000  Skipping step: IDEDistributionCreateManifestStep because it said so
